0	2643	1
0	2763	1
0	197	1
0	1149	1
0	689	1
0	1078	1
1	219	1
1	2857	1
1	118	1
1	741	1
1	655	1
1	1149	1
1	2967	1
1	111	1
1	1197	1
1	2130	1
2	219	1
2	655	1
2	111	1
2	1197	1
2	2130	1
3	1149	1
4	435	1
4	2703	1
4	3085	1
4	1693	1
4	1403	1
5	2857	1
5	653	1
5	1761	1
5	75	1
6	2763	1
6	2701	1
6	1379	1
6	1078	1
6	3119	1
7	85	1
7	2960	1
7	2862	1
7	2763	1
7	104	1
7	1078	1
8	1947	1
8	2735	1
8	2643	1
8	197	1
8	689	1
8	1078	1
9	1294	1
9	767	1
9	230	1
9	802	1
9	2150	1
9	543	1
9	2344	1
9	1654	1
9	936	1
9	2701	1
9	2746	1
9	1400	1
9	2967	1
9	75	1
9	1197	1
9	2827	1
10	2643	1
10	2763	1
10	689	1
10	1078	1
11	920	1
11	1685	1
11	2735	1
11	2862	1
11	3033	1
11	2275	1
11	1567	1
11	526	1
11	1240	1
11	2701	1
11	1643	1
11	1918	1
11	1619	1
11	75	1
11	584	1
12	1145	1
12	7	1
12	2481	1
12	1149	1
12	584	1
12	1078	1
13	920	1
13	2862	1
13	2275	1
13	1567	1
13	1693	1
13	2701	1
13	1149	1
13	1379	1
13	584	1
14	1947	1
14	2275	1
14	2763	1
14	197	1
14	689	1
14	1078	1
15	1790	1
15	2735	1
15	2763	1
15	197	1
15	936	1
15	689	1
15	2852	1
16	299	1
16	2643	1
16	1399	1
16	1314	1
17	1790	1
17	2763	1
17	689	1
17	1078	1
18	1790	1
18	1947	1
18	2643	1
18	197	1
18	1078	1
19	938	1
19	2703	1
19	2959	1
19	1379	1
19	689	1
20	1790	1
20	689	1
20	1078	1
21	2119	1
21	2068	1
21	2338	1
21	1790	1
21	2275	1
21	2643	1
21	2701	1
21	2916	1
21	1149	1
21	75	1
21	2854	1
21	689	1
21	1078	1
21	3119	1
21	1612	1
22	1294	1
22	219	1
22	151	1
22	741	1
22	2331	1
22	2735	1
22	2275	1
22	2702	1
22	2763	1
22	2305	1
22	1853	1
22	540	1
22	1619	1
22	3029	1
22	1197	1
22	584	1
22	1078	1
22	483	1
23	552	1
24	2701	1
24	2967	1
24	584	1
25	1294	1
25	2660	1
25	2791	1
25	540	1
25	1314	1
25	1379	1
25	1197	1
25	1078	1
26	435	1
26	2857	1
26	2611	1
26	2502	1
26	1817	1
26	1149	1
26	75	1
26	1612	1
27	592	1
27	2701	1
27	1149	1
27	2967	1
28	85	1
28	920	1
28	2862	1
28	2275	1
28	2763	1
28	1853	1
29	2960	1
29	2763	1
29	1379	1
29	689	1
29	1078	1
30	592	1
30	1790	1
30	2643	1
30	2916	1
30	689	1
31	85	1
31	1294	1
31	2331	1
31	2660	1
31	2862	1
31	2763	1
31	1853	1
31	1149	1
31	1197	1
31	584	1
31	689	1
32	2331	1
32	2703	1
32	715	1
32	710	1
32	2305	1
32	1078	1
33	1797	1
33	81	1
33	2791	1
33	2763	1
33	772	1
33	1379	1
33	1078	1
34	85	1
34	2660	1
34	2862	1
34	2275	1
34	2763	1
34	1853	1
34	2148	1
34	1078	1
35	920	1
35	1988	1
35	1790	1
35	2331	1
35	2735	1
35	2502	1
35	2573	1
35	2275	1
35	2634	1
35	299	1
35	2763	1
35	104	1
35	2148	1
35	1619	1
35	1379	1
35	584	1
35	689	1
35	2852	1
36	2305	1
36	540	1
37	592	1
37	2735	1
37	2862	1
37	2916	1
37	584	1
37	689	1
37	2852	1
37	1078	1
38	592	1
38	2643	1
38	2758	1
38	2916	1
38	1619	1
38	75	1
38	584	1
38	2544	1
39	2735	1
39	2763	1
39	689	1
39	1078	1
40	1940	1
40	2791	1
40	429	1
40	2763	1
40	689	1
41	1991	1
41	2791	1
41	2492	1
41	1078	1
42	2862	1
42	2275	1
42	1853	1
42	540	1
43	1993	1
43	1790	1
43	2763	1
43	2916	1
43	1668	1
43	1078	1
44	2119	1
44	920	1
44	1790	1
44	1940	1
44	1685	1
44	1991	1
44	2735	1
44	2791	1
44	2890	1
44	526	1
44	2763	1
44	1619	1
44	952	1
44	584	1
44	689	1
44	1078	1
45	1790	1
45	2960	1
45	584	1
45	689	1
45	2852	1
46	592	1
46	2862	1
46	2275	1
46	2791	1
46	2196	1
46	1619	1
46	1314	1
46	1379	1
46	1766	1
46	1078	1
47	2701	1
47	1149	1
47	2967	1
48	592	1
48	435	1
48	1790	1
48	715	1
48	2643	1
48	2758	1
48	2701	1
48	1149	1
48	1619	1
48	226	1
49	1294	1
49	435	1
49	541	1
49	2862	1
49	2703	1
49	2791	1
49	1356	1
49	2305	1
49	1853	1
49	540	1
50	920	1
50	592	1
50	2338	1
50	435	1
50	2573	1
50	224	1
50	57	1
50	2651	1
50	342	1
50	278	1
50	1149	1
50	501	1
50	2544	1
50	3112	1
51	2338	1
51	2857	1
51	2643	1
51	1149	1
51	75	1
52	2701	1
52	1149	1
52	75	1
53	938	1
53	1294	1
53	1993	1
53	1790	1
53	1940	1
53	1947	1
53	2331	1
53	2735	1
53	2862	1
53	2890	1
53	1379	1
53	1078	1
54	2763	1
54	689	1
55	435	1
55	706	1
55	855	1
55	2502	1
55	2862	1
55	2344	1
55	526	1
55	1149	1
55	75	1
55	584	1
55	2299	1
56	1042	1
56	2857	1
56	741	1
56	1345	1
56	1761	1
56	2967	1
56	1314	1
56	2392	1
56	437	1
56	1197	1
56	1351	1
57	119	1
57	219	1
57	1042	1
57	543	1
57	1345	1
57	1761	1
57	2967	1
57	2392	1
57	437	1
57	1197	1
57	535	1
58	3100	1
58	98	1
58	85	1
58	2257	1
58	767	1
58	1433	1
58	2534	1
58	10	1
58	435	1
58	3084	1
58	2735	1
58	116	1
58	543	1
58	2457	1
58	347	1
58	2769	1
58	1772	1
58	405	1
58	936	1
58	2620	1
58	2967	1
58	1283	1
58	75	1
58	1103	1
58	2964	1
58	1197	1
58	1351	1
58	349	1
58	1372	1
58	1612	1
59	3100	1
59	2571	1
59	2970	1
59	435	1
59	1460	1
59	1881	1
59	2457	1
59	459	1
59	1761	1
59	1586	1
59	145	1
59	2348	1
59	1563	1
59	2967	1
59	1314	1
59	2789	1
59	437	1
59	111	1
59	1197	1
59	107	1
60	2485	1
60	580	1
60	1982	1
60	1042	1
60	1608	1
60	194	1
60	1333	1
60	741	1
60	668	1
60	1322	1
60	2776	1
60	2344	1
60	1159	1
60	1265	1
60	1447	1
60	1448	1
60	1093	1
60	1602	1
60	1207	1
60	2520	1
61	1761	1
62	2598	1
62	435	1
62	2857	1
62	2746	1
62	700	1
62	1356	1
62	862	1
62	1400	1
62	1761	1
62	2392	1
62	2176	1
62	1479	1
62	2232	1
62	1783	1
63	1790	1
63	1697	1
63	299	1
63	2643	1
63	1149	1
63	75	1
64	2857	1
64	2643	1
64	1149	1
64	75	1
65	1683	1
65	2976	1
65	767	1
65	232	1
65	219	1
65	2857	1
65	653	1
65	3020	1
65	2457	1
65	2746	1
65	917	1
66	219	1
66	435	1
66	2857	1
66	2486	1
66	2150	1
66	2701	1
66	2620	1
66	2967	1
66	75	1
67	219	1
67	3084	1
67	543	1
67	2344	1
67	2597	1
67	2701	1
67	2746	1
67	2620	1
67	2668	1
67	1400	1
67	2967	1
67	1197	1
68	767	1
68	219	1
68	435	1
68	1042	1
68	2857	1
68	118	1
68	1947	1
68	741	1
68	3084	1
68	2486	1
68	2456	1
68	2457	1
68	1611	1
68	2296	1
68	2746	1
68	2620	1
68	1400	1
68	75	1
68	1314	1
68	1197	1
68	1604	1
69	2857	1
69	3084	1
69	936	1
70	98	1
70	1042	1
70	2857	1
70	1790	1
70	653	1
70	2986	1
70	1947	1
70	3084	1
70	2862	1
70	2344	1
70	2643	1
70	2701	1
70	2296	1
70	2620	1
70	1149	1
70	75	1
70	1314	1
70	2734	1
70	1902	1
70	954	1
71	2970	1
71	551	1
71	119	1
71	219	1
71	435	1
71	1042	1
71	2502	1
71	1345	1
71	1772	1
71	655	1
71	2296	1
71	2253	1
71	1314	1
71	1351	1
71	1783	1
72	2571	1
72	230	1
72	2987	1
72	1186	1
72	2943	1
73	3100	1
73	2976	1
73	2857	1
73	700	1
73	1761	1
73	2967	1
73	2789	1
73	1197	1
73	2520	1
74	1761	1
74	2520	1
74	2176	1
75	2857	1
75	2457	1
75	2643	1
75	1356	1
75	1149	1
76	2763	1
76	689	1
77	1790	1
77	1947	1
77	2643	1
77	197	1
77	936	1
77	689	1
78	920	1
78	592	1
78	2502	1
78	2275	1
78	2763	1
78	1619	1
78	2299	1
78	1078	1
79	767	1
79	1433	1
79	922	1
79	2273	1
79	1345	1
79	1449	1
79	1693	1
79	2987	1
79	630	1
79	1314	1
79	509	1
79	652	1
79	2248	1
79	1604	1
79	359	1
79	1520	1
80	3071	1
80	239	1
80	435	1
80	2703	1
80	2755	1
81	2701	1
81	1425	1
82	219	1
82	1433	1
82	2908	1
82	653	1
82	741	1
82	2200	1
82	2457	1
82	2702	1
82	197	1
82	2746	1
82	2987	1
82	1356	1
82	2967	1
82	387	1
82	3121	1
82	437	1
82	1197	1
82	279	1
83	938	1
83	3033	1
83	2703	1
83	358	1
83	75	1
84	815	1
84	119	1
84	2857	1
84	741	1
84	1460	1
84	3033	1
84	2703	1
84	2597	1
84	358	1
84	1935	1
84	2755	1
85	219	1
85	1162	1
85	2857	1
85	299	1
85	2834	1
85	2701	1
85	2734	1
85	1902	1
85	658	1
86	2857	1
86	2701	1
86	1149	1
86	75	1
87	2119	1
87	219	1
87	1042	1
87	2986	1
87	1460	1
87	655	1
87	279	1
87	1059	1
88	2857	1
88	2701	1
88	1149	1
88	75	1
89	815	1
89	119	1
89	219	1
89	1790	1
89	706	1
89	910	1
89	1947	1
89	1460	1
89	2735	1
89	2862	1
89	2150	1
89	2344	1
89	2643	1
89	820	1
89	2758	1
89	3085	1
89	2196	1
89	2370	1
89	2967	1
89	75	1
89	1314	1
89	952	1
89	349	1
89	1902	1
89	188	1
89	1612	1
90	1790	1
90	1379	1
90	689	1
90	2852	1
90	1078	1
91	767	1
91	2598	1
91	551	1
91	119	1
91	118	1
91	1947	1
91	741	1
91	2486	1
91	2551	1
91	3020	1
91	2457	1
91	2344	1
91	1063	1
91	2701	1
91	2296	1
91	2620	1
91	1217	1
91	75	1
91	917	1
91	349	1
91	644	1
91	2520	1
92	1790	1
92	2643	1
92	197	1
92	936	1
92	689	1
92	1078	1
93	767	1
93	232	1
93	2857	1
93	741	1
93	543	1
93	2296	1
93	700	1
93	75	1
93	777	1
93	1197	1
93	1351	1
93	2130	1
94	219	1
94	1042	1
94	741	1
94	2486	1
94	1460	1
94	2703	1
94	2701	1
94	2296	1
94	1197	1
94	418	1
95	551	1
95	2857	1
95	741	1
95	2701	1
95	1149	1
95	75	1
95	1197	1
95	584	1
96	551	1
96	2857	1
96	1460	1
96	936	1
96	2296	1
96	2746	1
96	75	1
96	1314	1
96	1197	1
97	1947	1
97	2643	1
97	2763	1
97	936	1
97	1078	1
98	1790	1
98	1947	1
98	2763	1
98	689	1
98	2852	1
99	1790	1
99	1947	1
99	2763	1
99	197	1
99	1078	1
100	1042	1
100	2857	1
100	741	1
100	936	1
100	1314	1
101	1947	1
101	2275	1
101	2703	1
101	2763	1
101	936	1
101	1078	1
102	1790	1
102	1947	1
102	197	1
102	1149	1
102	321	1
102	689	1
103	1358	1
103	551	1
103	3008	1
103	1042	1
103	741	1
103	738	1
103	2296	1
103	2967	1
103	75	1
103	111	1
103	1197	1
103	2614	1
103	2654	1
104	920	1
104	2735	1
104	526	1
104	2763	1
104	1668	1
104	584	1
104	689	1
104	2852	1
104	1078	1
105	1947	1
105	2763	1
105	936	1
105	689	1
105	1078	1
106	232	1
106	230	1
106	1042	1
106	2857	1
106	2339	1
106	543	1
106	2457	1
106	2296	1
106	75	1
106	1197	1
107	2730	1
107	767	1
107	230	1
107	1541	1
107	991	1
107	2857	1
107	2339	1
107	543	1
107	2701	1
107	2746	1
107	75	1
107	2246	1
107	1197	1
108	2338	1
108	299	1
108	2481	1
108	2701	1
108	1356	1
108	1149	1
108	2130	1
109	815	1
109	551	1
109	119	1
109	219	1
109	287	1
109	2059	1
109	1042	1
109	672	1
109	741	1
109	2486	1
109	337	1
109	1460	1
109	2703	1
109	2457	1
109	715	1
109	1611	1
109	2115	1
109	2996	1
109	2701	1
109	2296	1
109	1400	1
109	2626	1
109	1314	1
109	221	1
109	777	1
109	1197	1
110	3100	1
110	98	1
110	1294	1
110	920	1
110	2257	1
110	232	1
110	230	1
110	219	1
110	2857	1
110	3084	1
110	2502	1
110	1035	1
110	2150	1
110	543	1
110	347	1
110	1654	1
110	2746	1
110	1400	1
110	2203	1
110	75	1
110	2973	1
110	437	1
110	2441	1
110	1197	1
110	1351	1
110	1902	1
110	903	1
111	3100	1
111	815	1
111	551	1
111	435	1
111	940	1
111	991	1
111	2857	1
111	1296	1
111	1947	1
111	2150	1
111	543	1
111	2703	1
111	2344	1
111	936	1
111	2701	1
111	2746	1
111	1400	1
111	2154	1
111	2967	1
111	1086	1
111	1314	1
111	777	1
111	1197	1
111	253	1
111	954	1
111	903	1
112	920	1
112	1938	1
112	1993	1
112	1947	1
112	2763	1
112	584	1
112	1078	1
113	551	1
113	435	1
113	1947	1
113	543	1
113	2703	1
113	2457	1
113	1768	1
113	2597	1
113	936	1
113	2746	1
113	2967	1
113	75	1
113	1197	1
114	767	1
114	551	1
114	232	1
114	1042	1
114	118	1
114	653	1
114	1947	1
114	741	1
114	3084	1
114	2486	1
114	1768	1
114	2296	1
114	1400	1
114	650	1
114	2967	1
114	437	1
114	2614	1
114	418	1
115	2242	1
115	435	1
115	940	1
115	2857	1
115	1947	1
115	1878	1
115	2703	1
115	2967	1
115	75	1
115	1314	1
115	1197	1
116	767	1
116	435	1
116	2857	1
116	3084	1
116	543	1
116	936	1
116	1314	1
117	1790	1
117	2643	1
117	689	1
117	1078	1
118	1790	1
118	1947	1
118	2643	1
118	2701	1
118	2916	1
118	584	1
118	1078	1
119	767	1
119	741	1
119	936	1
119	2746	1
119	2967	1
119	1197	1
120	85	1
120	2763	1
120	197	1
120	1149	1
120	1379	1
120	954	1
121	2857	1
121	543	1
121	2701	1
121	75	1
121	2130	1
122	3100	1
122	809	1
122	551	1
122	119	1
122	2534	1
122	287	1
122	435	1
122	3048	1
122	1014	1
122	511	1
122	653	1
122	2503	1
122	741	1
122	2551	1
122	543	1
122	2457	1
122	1589	1
122	876	1
122	1265	1
122	2701	1
122	2296	1
122	2746	1
122	2620	1
122	1586	1
122	749	1
122	2515	1
122	2348	1
122	1563	1
122	2967	1
122	75	1
122	1314	1
122	396	1
122	437	1
122	107	1
122	139	1
122	2055	1
122	1351	1
122	267	1
123	2865	1
123	809	1
123	2257	1
123	2915	1
123	767	1
123	815	1
123	551	1
123	353	1
123	2242	1
123	1433	1
123	909	1
123	435	1
123	940	1
123	1014	1
123	2339	1
123	1881	1
123	688	1
123	2643	1
123	876	1
123	2923	1
123	2701	1
123	999	1
123	307	1
123	45	1
123	2620	1
123	1400	1
123	1791	1
123	1563	1
123	2967	1
123	1324	1
123	1197	1
123	1867	1
123	2185	1
123	1480	1
123	2980	1
123	267	1
124	940	1
124	2857	1
124	741	1
124	3084	1
124	1079	1
124	543	1
124	1345	1
124	2746	1
124	2967	1
124	1314	1
124	2789	1
124	954	1
124	1612	1
125	2857	1
125	2967	1
125	1314	1
125	2130	1
126	2763	1
126	1379	1
126	689	1
126	1078	1
127	1379	1
127	689	1
127	1078	1
128	2344	1
128	2763	1
128	689	1
128	1078	1
128	2741	1
129	2865	1
129	219	1
129	287	1
129	1557	1
129	940	1
129	1042	1
129	2857	1
129	1460	1
129	2502	1
129	1345	1
129	2791	1
129	2141	1
129	2597	1
129	655	1
129	730	1
129	2296	1
129	144	1
129	2620	1
129	1400	1
129	3110	1
129	1650	1
129	1234	1
129	563	1
129	2967	1
129	75	1
129	1314	1
129	927	1
129	952	1
129	1344	1
129	1197	1
129	1091	1
129	1902	1
129	1457	1
129	1612	1
130	2598	1
130	551	1
130	909	1
130	2857	1
130	741	1
130	3084	1
130	1460	1
130	543	1
130	1345	1
130	2296	1
130	388	1
130	1314	1
130	323	1
130	218	1
130	644	1
130	497	1
131	2865	1
131	767	1
131	219	1
131	3008	1
131	2857	1
131	653	1
131	1878	1
131	1460	1
131	2502	1
131	1499	1
131	543	1
131	1312	1
131	1345	1
131	1123	1
131	2746	1
131	307	1
131	75	1
131	1197	1
131	2614	1
131	1346	1
132	1947	1
132	2331	1
132	1379	1
132	689	1
132	1078	1
133	1018	1
133	2894	1
133	1947	1
133	2735	1
133	2862	1
133	197	1
133	2872	1
133	2701	1
133	226	1
133	689	1
133	2852	1
133	1078	1
133	2125	1
134	1667	1
134	2735	1
134	2275	1
134	2643	1
134	2701	1
134	1151	1
134	2154	1
134	962	1
134	584	1
134	1612	1
135	435	1
135	1042	1
135	2857	1
135	118	1
135	2296	1
135	2967	1
135	75	1
135	1314	1
135	2130	1
136	767	1
136	2857	1
136	653	1
136	1947	1
136	741	1
136	1460	1
136	1534	1
136	543	1
136	2435	1
136	1611	1
136	2746	1
136	2620	1
136	1314	1
136	952	1
136	1344	1
136	1197	1
136	279	1
136	1612	1
137	619	1
137	2915	1
137	1874	1
137	815	1
137	430	1
137	1042	1
137	48	1
137	2880	1
137	544	1
137	2502	1
137	1791	1
137	1437	1
137	563	1
137	1314	1
137	2974	1
137	2453	1
137	2578	1
137	796	1
138	1294	1
138	809	1
138	119	1
138	1433	1
138	435	1
138	1521	1
138	653	1
138	2502	1
138	543	1
138	1123	1
138	1883	1
138	2643	1
138	2701	1
138	2746	1
138	1400	1
138	2154	1
138	1234	1
138	75	1
138	1197	1
138	253	1
138	2734	1
139	1149	1
139	75	1
139	2130	1
140	219	1
140	1042	1
140	2701	1
140	1078	1
141	1294	1
141	1358	1
141	2257	1
141	419	1
141	767	1
141	1874	1
141	551	1
141	119	1
141	2523	1
141	1183	1
141	1296	1
141	653	1
141	1947	1
141	2551	1
141	2527	1
141	1079	1
141	116	1
141	543	1
141	124	1
141	2344	1
141	1654	1
141	1063	1
141	2296	1
141	3139	1
141	1686	1
141	2639	1
141	2620	1
141	1640	1
141	2967	1
141	1432	1
141	952	1
141	2973	1
141	1511	1
141	2247	1
141	2789	1
141	777	1
141	1197	1
141	584	1
141	349	1
141	2406	1
141	369	1
142	1611	1
142	1693	1
142	1935	1
142	2734	1
143	1993	1
143	1790	1
143	2763	1
143	2916	1
143	952	1
143	1379	1
143	1668	1
143	689	1
143	1078	1
144	1790	1
144	2643	1
144	2763	1
144	936	1
144	689	1
145	767	1
145	232	1
145	2857	1
145	2078	1
145	715	1
145	1400	1
145	2967	1
145	75	1
145	1314	1
145	1197	1
146	98	1
146	2976	1
146	2523	1
146	232	1
146	230	1
146	435	1
146	2502	1
146	2344	1
146	2967	1
146	2789	1
147	3100	1
147	2976	1
147	551	1
147	435	1
147	2857	1
147	653	1
147	2551	1
147	2344	1
147	2789	1
148	435	1
148	2296	1
148	1314	1
148	111	1
148	2980	1
149	3100	1
149	767	1
149	551	1
149	230	1
149	2502	1
149	2551	1
149	1345	1
149	2296	1
149	2967	1
149	2789	1
149	2980	1
149	2520	1
150	3100	1
150	815	1
150	2951	1
150	435	1
150	1042	1
150	2857	1
150	1345	1
150	2457	1
150	2344	1
150	1314	1
150	535	1
150	2520	1
151	2987	1
152	551	1
152	2457	1
152	2296	1
152	2987	1
152	1314	1
153	1294	1
153	1790	1
153	1149	1
153	1078	1
154	219	1
154	435	1
154	2857	1
154	118	1
154	1947	1
154	2703	1
154	2791	1
154	2344	1
154	2597	1
154	936	1
154	1693	1
154	2701	1
154	2746	1
154	45	1
154	1400	1
154	349	1
154	2118	1
155	592	1
155	1790	1
155	2862	1
155	2275	1
155	2703	1
155	1567	1
155	526	1
155	2763	1
155	2701	1
155	2148	1
155	1078	1
156	1667	1
156	2371	1
156	232	1
156	230	1
156	219	1
156	3008	1
156	2857	1
156	1947	1
156	2486	1
156	1460	1
156	2680	1
156	543	1
156	2457	1
156	2643	1
156	1923	1
156	431	1
156	2701	1
156	2296	1
156	2746	1
156	1149	1
156	1314	1
156	437	1
156	1592	1
157	85	1
157	2865	1
157	2371	1
157	435	1
157	1993	1
157	2078	1
157	3084	1
157	2735	1
157	1881	1
157	2791	1
157	347	1
157	1271	1
157	2314	1
157	876	1
157	2597	1
157	2989	1
157	2746	1
157	762	1
157	2154	1
157	2370	1
157	1563	1
157	1338	1
157	75	1
157	952	1
157	2789	1
157	1324	1
157	2614	1
157	349	1
157	2980	1
158	767	1
158	219	1
158	2857	1
158	741	1
158	1345	1
158	1123	1
158	2967	1
158	1197	1
159	920	1
159	2857	1
159	1685	1
159	2862	1
159	2275	1
159	2643	1
159	2701	1
159	335	1
159	1619	1
159	584	1
159	1078	1
160	592	1
160	1947	1
160	2331	1
160	2763	1
160	936	1
160	2916	1
160	1853	1
160	1149	1
160	1619	1
160	952	1
160	1197	1
160	689	1
160	1078	1
161	1790	1
161	2643	1
161	2763	1
162	98	1
162	2204	1
162	2371	1
162	767	1
162	2276	1
162	287	1
162	1042	1
162	2857	1
162	118	1
162	2169	1
162	741	1
162	2486	1
162	649	1
162	1839	1
162	2150	1
162	2551	1
162	281	1
162	2703	1
162	2457	1
162	2141	1
162	600	1
162	2772	1
162	1063	1
162	2701	1
162	2253	1
162	1498	1
162	1935	1
162	2196	1
162	2599	1
162	2967	1
162	1314	1
162	1690	1
162	1592	1
163	767	1
163	2857	1
163	543	1
163	2344	1
163	1063	1
163	2296	1
163	2620	1
163	1314	1
163	111	1
163	1197	1
163	764	1
163	2130	1
164	592	1
164	1790	1
164	1947	1
164	2763	1
164	2916	1
164	952	1
164	584	1
164	2260	1
164	1078	1
165	2119	1
165	230	1
165	219	1
165	287	1
165	2908	1
165	1042	1
165	118	1
165	741	1
165	2699	1
165	1057	1
165	2320	1
165	3020	1
165	2114	1
165	760	1
165	655	1
165	1214	1
165	2967	1
165	1314	1
165	1197	1
165	418	1
165	1351	1
165	1457	1
166	219	1
166	435	1
166	1042	1
166	2857	1
166	414	1
166	1079	1
166	116	1
166	543	1
166	1345	1
166	2457	1
166	124	1
166	738	1
166	2344	1
166	2967	1
166	1314	1
166	437	1
166	349	1
166	2654	1
167	3100	1
167	1294	1
167	283	1
167	2571	1
167	2119	1
167	4	1
167	2970	1
167	419	1
167	767	1
167	119	1
167	1279	1
167	219	1
167	2951	1
167	918	1
167	2059	1
167	435	1
167	3008	1
167	2857	1
167	653	1
167	757	1
167	1565	1
167	1947	1
167	1685	1
167	741	1
167	2486	1
167	277	1
167	2502	1
167	2693	1
167	2551	1
167	543	1
167	2457	1
167	715	1
167	1271	1
167	2344	1
167	2314	1
167	1611	1
167	478	1
167	2701	1
167	2987	1
167	862	1
167	1186	1
167	1314	1
167	387	1
167	952	1
167	2973	1
167	1511	1
167	798	1
167	437	1
167	1197	1
167	279	1
167	1604	1
167	1351	1
167	349	1
167	2520	1
167	1520	1
167	472	1
167	376	1
168	592	1
168	435	1
168	1993	1
168	2735	1
168	818	1
168	1356	1
168	2148	1
168	584	1
168	1078	1
169	98	1
169	4	1
169	1684	1
169	815	1
169	551	1
169	219	1
169	696	1
169	1042	1
169	2857	1
169	741	1
169	2486	1
169	2502	1
169	543	1
169	2457	1
169	2344	1
169	1611	1
169	2296	1
169	2746	1
169	1356	1
169	2620	1
169	1149	1
169	75	1
169	1314	1
169	2440	1
169	1197	1
169	418	1
169	349	1
170	2976	1
170	2068	1
170	2457	1
170	2701	1
170	1761	1
170	2967	1
170	1344	1
170	111	1
171	1294	1
171	555	1
171	2865	1
171	2119	1
171	2538	1
171	2505	1
171	219	1
171	287	1
171	435	1
171	991	1
171	1790	1
171	1947	1
171	1856	1
171	2486	1
171	1460	1
171	2735	1
171	2502	1
171	1035	1
171	2056	1
171	1079	1
171	1817	1
171	124	1
171	715	1
171	2643	1
171	1611	1
171	405	1
171	2959	1
171	1370	1
171	1693	1
171	2296	1
171	862	1
171	1400	1
171	2967	1
171	1338	1
171	2601	1
171	2734	1
171	349	1
171	1902	1
171	1612	1
172	1294	1
172	2865	1
172	1358	1
172	1684	1
172	592	1
172	1162	1
172	435	1
172	77	1
172	706	1
172	653	1
172	3084	1
172	2735	1
172	2502	1
172	2862	1
172	543	1
172	1345	1
172	2703	1
172	2791	1
172	738	1
172	2643	1
172	3085	1
172	1370	1
172	1734	1
172	2746	1
172	1356	1
172	2668	1
172	1400	1
172	2196	1
172	2203	1
172	2593	1
172	1619	1
172	75	1
172	2392	1
172	2052	1
172	2789	1
172	1197	1
172	41	1
172	2734	1
172	349	1
172	2980	1
172	3136	1
173	1358	1
173	1684	1
173	2338	1
173	1162	1
173	77	1
173	706	1
173	741	1
173	1460	1
173	113	1
173	1711	1
173	1202	1
173	3086	1
173	3085	1
173	1693	1
173	1403	1
173	2695	1
173	3124	1
173	1149	1
173	2967	1
173	75	1
173	321	1
173	2734	1
173	268	1
173	2130	1
173	2741	1
174	940	1
174	1382	1
174	2741	1
175	1790	1
175	511	1
175	1345	1
175	1314	1
175	1612	1
176	3100	1
176	1294	1
176	619	1
176	2970	1
176	767	1
176	119	1
176	1920	1
176	1541	1
176	909	1
176	2059	1
176	435	1
176	1042	1
176	194	1
176	910	1
176	1947	1
176	2486	1
176	2456	1
176	2699	1
176	1460	1
176	1534	1
176	2502	1
176	2693	1
176	1389	1
176	116	1
176	543	1
176	2703	1
176	2457	1
176	715	1
176	1611	1
176	655	1
176	826	1
176	2701	1
176	2620	1
176	1400	1
176	1931	1
176	1186	1
176	1443	1
176	1314	1
176	623	1
176	437	1
176	1197	1
176	2055	1
176	383	1
176	1604	1
176	535	1
176	418	1
176	2118	1
176	2578	1
176	2654	1
176	376	1
177	98	1
177	1882	1
177	551	1
177	219	1
177	287	1
177	991	1
177	2857	1
177	118	1
177	1947	1
177	2486	1
177	1688	1
177	3034	1
177	543	1
177	2296	1
177	158	1
177	75	1
177	997	1
177	2973	1
177	1511	1
177	1197	1
178	3100	1
178	767	1
178	1484	1
178	232	1
178	230	1
178	909	1
178	435	1
178	3008	1
178	2857	1
178	802	1
178	3084	1
178	116	1
178	2457	1
178	2133	1
178	2705	1
178	2643	1
178	2765	1
178	2984	1
178	2937	1
178	1772	1
178	2701	1
178	3139	1
178	307	1
178	459	1
178	1400	1
178	1563	1
178	1338	1
178	75	1
178	2440	1
178	952	1
178	535	1
178	1351	1
178	349	1
178	108	1
179	3100	1
179	2696	1
179	741	1
179	543	1
179	2701	1
179	2432	1
179	2067	1
179	272	1
179	188	1
180	1790	1
180	2703	1
180	1734	1
180	2701	1
180	1149	1
180	2154	1
181	1684	1
181	2338	1
181	3008	1
181	77	1
181	543	1
181	2703	1
181	299	1
181	429	1
181	420	1
181	1734	1
181	1693	1
181	1356	1
181	1149	1
181	2734	1
181	1902	1
181	2741	1
182	435	1
182	2701	1
182	1149	1
182	1902	1
183	1149	1
184	1149	1
185	1149	1
186	1149	1
187	1149	1
188	1882	1
188	1162	1
188	435	1
188	2857	1
188	1790	1
188	706	1
188	819	1
188	3085	1
188	2701	1
188	2811	1
188	2154	1
188	2370	1
189	1149	1
190	2857	1
190	3084	1
190	2457	1
190	2701	1
190	75	1
191	2857	1
192	809	1
192	178	1
192	940	1
192	2525	1
192	1014	1
192	1790	1
192	1382	1
192	543	1
192	358	1
192	144	1
192	1400	1
192	129	1
192	1314	1
192	2789	1
192	1197	1
193	3057	1
193	2857	1
193	802	1
193	543	1
193	1345	1
193	876	1
194	2865	1
194	1358	1
194	2970	1
194	767	1
194	232	1
194	230	1
194	435	1
194	1568	1
194	3008	1
194	2078	1
194	2502	1
194	473	1
194	2090	1
194	543	1
194	2791	1
194	2643	1
194	405	1
194	2701	1
194	2746	1
194	2620	1
194	1400	1
194	1586	1
194	2203	1
194	1149	1
194	2440	1
194	952	1
194	2973	1
194	2789	1
194	2614	1
194	1351	1
194	349	1
194	1902	1
194	1612	1
195	2976	1
195	543	1
195	1345	1
195	1825	1
195	700	1
195	1761	1
195	158	1
195	1432	1
196	940	1
196	2268	1
196	1086	1
196	1197	1
196	2980	1
197	767	1
197	1042	1
197	543	1
197	1345	1
197	2703	1
197	2643	1
197	3098	1
197	1356	1
197	1149	1
197	2967	1
197	75	1
197	1314	1
197	2130	1
198	2703	1
198	2959	1
198	1379	1
198	689	1
199	653	1
199	543	1
199	1356	1
199	2348	1
199	1344	1
199	1175	1
199	2130	1
199	2576	1
200	1940	1
200	2791	1
200	2763	1
200	1379	1
200	1078	1
201	809	1
201	940	1
201	2857	1
201	2502	1
201	1356	1
201	2967	1
201	75	1
202	920	1
202	2068	1
202	592	1
202	1790	1
202	2960	1
202	855	1
202	2735	1
202	3105	1
202	2275	1
202	2791	1
202	2627	1
202	715	1
202	2661	1
202	526	1
202	2073	1
202	2701	1
202	1256	1
202	794	1
202	1149	1
202	584	1
202	2299	1
202	1078	1
202	1268	1
203	1028	1
203	2763	1
203	1379	1
203	1078	1
204	1294	1
204	2970	1
204	767	1
204	909	1
204	435	1
204	2857	1
204	3084	1
204	543	1
204	2457	1
204	1356	1
204	1149	1
204	2967	1
204	2575	1
204	1197	1
204	1351	1
204	954	1
205	653	1
205	543	1
205	2457	1
205	2967	1
205	75	1
205	1197	1
206	809	1
206	2534	1
206	1042	1
206	2857	1
206	511	1
206	741	1
206	2669	1
206	543	1
206	1789	1
206	129	1
206	1086	1
206	1314	1
206	997	1
206	437	1
206	1351	1
207	982	1
207	2857	1
207	543	1
207	650	1
207	2967	1
207	75	1
207	917	1
207	2980	1
208	98	1
208	1192	1
208	2865	1
208	2828	1
208	767	1
208	194	1
208	910	1
208	653	1
208	3084	1
208	2150	1
208	116	1
208	543	1
208	2457	1
208	836	1
208	2344	1
208	2643	1
208	928	1
208	2959	1
208	3139	1
208	1400	1
208	1447	1
208	2967	1
208	75	1
208	1314	1
208	2990	1
208	2973	1
208	437	1
208	1604	1
208	2093	1
208	1612	1
209	2976	1
209	2457	1
209	1314	1
209	2734	1
210	2068	1
210	2857	1
210	1790	1
210	2701	1
210	1149	1
210	2734	1
210	2130	1
211	2068	1
211	1271	1
211	1356	1
211	1149	1
211	722	1
211	75	1
211	2789	1
211	2130	1
212	2068	1
212	2857	1
212	2457	1
212	2701	1
212	2987	1
212	1356	1
212	1149	1
212	75	1
212	1363	1
212	584	1
212	2130	1
213	1693	1
213	1149	1
213	2967	1
213	75	1
213	2734	1
214	2457	1
214	1693	1
214	1356	1
214	1149	1
214	1314	1
214	2130	1
215	2857	1
215	2568	1
215	2701	1
215	2296	1
215	1149	1
215	75	1
215	1314	1
215	1197	1
215	2130	1
216	1294	1
216	2970	1
216	2068	1
216	2857	1
216	1693	1
216	2701	1
216	2987	1
216	1149	1
216	2967	1
216	75	1
216	2734	1
217	2857	1
217	706	1
217	1693	1
217	2701	1
217	1149	1
217	2154	1
217	1314	1
217	2734	1
218	119	1
218	1711	1
218	2457	1
218	715	1
218	1551	1
218	1356	1
218	1403	1
218	2585	1
218	722	1
218	2967	1
218	321	1
218	1622	1
219	1790	1
219	1345	1
219	2701	1
219	3098	1
219	2602	1
219	1761	1
219	2967	1
219	1363	1
219	3117	1
219	2734	1
219	2130	1
220	2701	1
220	1356	1
220	1149	1
220	75	1
220	1314	1
221	2571	1
221	1790	1
221	2502	1
221	2150	1
221	2457	1
221	1123	1
221	1449	1
221	1149	1
221	2967	1
221	75	1
221	1314	1
221	509	1
221	2973	1
221	2734	1
221	1520	1
222	2857	1
222	1345	1
222	1693	1
222	2701	1
222	2746	1
222	1149	1
222	584	1
222	2734	1
223	2068	1
223	2701	1
223	1149	1
223	75	1
223	2734	1
224	2857	1
224	2701	1
224	2967	1
224	75	1
224	1314	1
224	2734	1
225	2970	1
225	119	1
225	264	1
225	2059	1
225	435	1
225	696	1
225	2857	1
225	2502	1
225	2987	1
225	2620	1
225	1400	1
225	1186	1
225	1314	1
225	952	1
225	2973	1
225	424	1
225	1604	1
225	359	1
226	1693	1
226	2967	1
226	75	1
226	2734	1
227	1294	1
227	2119	1
227	435	1
227	910	1
227	653	1
227	2502	1
227	2150	1
227	2701	1
227	1356	1
227	2967	1
227	1314	1
228	98	1
228	2068	1
228	2857	1
228	1149	1
228	75	1
228	2734	1
229	1294	1
229	1790	1
229	2502	1
229	1345	1
229	2568	1
229	1693	1
229	1761	1
229	1149	1
229	2967	1
229	75	1
229	1622	1
230	1294	1
230	2857	1
230	2502	1
230	2457	1
230	2967	1
230	1314	1
230	2734	1
231	85	1
231	2331	1
231	2862	1
231	2763	1
231	2254	1
231	689	1
231	1078	1
232	2857	1
232	543	1
232	2457	1
232	2967	1
233	1294	1
233	1149	1
233	2967	1
233	75	1
233	2734	1
233	2130	1
234	2068	1
234	2857	1
234	2967	1
234	75	1
235	2857	1
235	1149	1
235	75	1
235	2734	1
236	98	1
236	2502	1
236	2701	1
236	2154	1
236	75	1
236	1314	1
236	2734	1
236	1902	1
236	2130	1
237	2857	1
237	1693	1
237	2746	1
237	1356	1
237	1149	1
237	75	1
237	1314	1
238	1693	1
238	2967	1
238	75	1
238	2734	1
239	98	1
239	1667	1
239	2970	1
239	2538	1
239	2338	1
239	910	1
239	2078	1
239	3084	1
239	1856	1
239	2735	1
239	543	1
239	1345	1
239	2791	1
239	299	1
239	2643	1
239	936	1
239	1356	1
239	2620	1
239	2154	1
239	2967	1
239	1314	1
239	1511	1
239	2789	1
239	1197	1
239	2734	1
239	954	1
240	2857	1
240	1345	1
240	1761	1
240	75	1
240	1314	1
240	1902	1
241	1294	1
241	2857	1
241	2701	1
241	1149	1
241	2967	1
241	75	1
241	1197	1
242	551	1
242	2502	1
242	2296	1
242	1902	1
243	2976	1
243	551	1
243	2153	1
243	1042	1
243	2857	1
243	741	1
243	2502	1
243	1345	1
243	1547	1
243	2703	1
243	715	1
243	400	1
243	3086	1
243	1551	1
243	2772	1
243	1403	1
243	617	1
243	1725	1
243	1101	1
243	2695	1
243	2585	1
243	1149	1
243	1640	1
243	1314	1
243	321	1
243	2789	1
243	525	1
243	1902	1
243	2421	1
244	2538	1
244	2857	1
244	1149	1
244	75	1
244	2734	1
245	1149	1
245	75	1
245	2734	1
245	1902	1
246	98	1
246	75	1
246	2734	1
247	98	1
247	2502	1
247	715	1
247	1356	1
247	1149	1
247	2689	1
247	1314	1
248	2568	1
248	2457	1
249	551	1
249	2692	1
249	2857	1
249	2703	1
249	2215	1
249	1693	1
249	2701	1
249	1149	1
249	2154	1
249	1314	1
249	1622	1
249	2734	1
249	1902	1
250	767	1
250	2857	1
250	1271	1
250	2967	1
250	75	1
250	1902	1
251	1790	1
251	1345	1
251	1693	1
251	1761	1
251	1149	1
251	2967	1
251	1314	1
251	1902	1
252	98	1
252	1149	1
252	75	1
252	2734	1
252	1902	1
253	2857	1
253	1790	1
253	1693	1
253	1149	1
253	2967	1
253	1314	1
253	2734	1
253	1902	1
253	2130	1
254	2857	1
254	75	1
254	1902	1
254	2130	1
255	1667	1
255	2538	1
255	2857	1
255	1790	1
255	2078	1
255	936	1
255	1400	1
255	1149	1
255	2967	1
255	1078	1
255	2130	1
255	3136	1
256	2857	1
256	3084	1
256	75	1
256	2734	1
256	1902	1
257	1294	1
257	2857	1
257	1790	1
257	2701	1
257	1761	1
257	2967	1
257	111	1
257	73	1
257	1902	1
257	2130	1
258	2538	1
258	2857	1
258	1149	1
258	2967	1
258	1902	1
259	2371	1
259	767	1
259	2534	1
259	2078	1
259	1856	1
259	2735	1
259	2038	1
259	2457	1
259	1063	1
259	936	1
259	2746	1
259	2620	1
259	1400	1
259	1935	1
259	2967	1
259	1197	1
259	2614	1
259	2248	1
259	1351	1
259	2980	1
259	1612	1
260	2857	1
260	1149	1
260	75	1
261	2857	1
261	1149	1
262	1667	1
262	2538	1
262	2857	1
262	1856	1
262	2945	1
262	1400	1
262	2967	1
262	75	1
262	1314	1
263	85	1
263	2857	1
263	1790	1
263	2331	1
263	2763	1
263	1149	1
263	952	1
263	689	1
263	1078	1
264	2857	1
264	2862	1
264	2746	1
264	1149	1
264	1314	1
264	1324	1
264	2130	1
265	1356	1
265	2689	1
265	75	1
265	1314	1
265	2734	1
266	98	1
266	551	1
266	219	1
266	2857	1
266	543	1
266	876	1
266	2296	1
266	1400	1
266	2967	1
266	75	1
266	2973	1
266	418	1
267	2381	1
267	2059	1
267	409	1
267	2857	1
267	347	1
267	2701	1
267	1314	1
267	2786	1
267	2973	1
267	1197	1
267	2248	1
268	2068	1
268	119	1
268	511	1
268	2502	1
268	1693	1
268	1356	1
268	2695	1
268	438	1
268	2585	1
268	1149	1
268	722	1
268	830	1
268	2789	1
269	853	1
269	720	1
269	2204	1
269	1294	1
269	4	1
269	815	1
269	2328	1
269	230	1
269	3008	1
269	1042	1
269	2857	1
269	3048	1
269	1947	1
269	2917	1
269	1366	1
269	741	1
269	3084	1
269	2486	1
269	2502	1
269	1035	1
269	2304	1
269	1345	1
269	2703	1
269	2457	1
269	2791	1
269	715	1
269	489	1
269	2296	1
269	2746	1
269	862	1
269	563	1
269	75	1
269	1314	1
269	952	1
269	2973	1
269	437	1
269	1197	1
269	2248	1
269	418	1
269	359	1
269	2578	1
270	1991	1
270	134	1
270	2148	1
270	2154	1
270	584	1
271	2763	1
271	689	1
272	2338	1
272	2026	1
272	715	1
272	2597	1
272	1611	1
272	2613	1
272	2585	1
272	1314	1
272	1379	1
273	2857	1
273	1149	1
273	2967	1
273	75	1
274	2857	1
274	2703	1
274	2296	1
274	1149	1
274	1314	1
275	2857	1
275	2791	1
275	75	1
276	2371	1
276	2078	1
276	2701	1
276	1149	1
276	1314	1
276	1324	1
277	98	1
277	2857	1
277	75	1
278	2502	1
278	1693	1
278	2967	1
278	75	1
278	2130	1
279	1790	1
279	2746	1
279	2967	1
279	75	1
279	954	1
279	2130	1
280	98	1
280	219	1
280	435	1
280	1042	1
280	2857	1
280	1790	1
280	741	1
280	2568	1
280	299	1
280	655	1
280	1693	1
280	1356	1
280	722	1
280	2967	1
280	75	1
280	584	1
280	2130	1
281	1042	1
281	2857	1
281	1790	1
281	77	1
281	741	1
281	2703	1
281	1149	1
281	2734	1
281	1902	1
281	2130	1
282	219	1
282	2857	1
282	741	1
282	2746	1
282	75	1
282	2130	1
283	2857	1
283	2701	1
283	1400	1
283	1149	1
283	1314	1
283	903	1
284	2970	1
284	1565	1
284	2693	1
284	715	1
284	1449	1
284	1064	1
284	2746	1
284	2987	1
284	1186	1
284	1563	1
284	2967	1
284	1314	1
284	1511	1
284	2789	1
284	535	1
284	1351	1
285	2571	1
285	2970	1
285	419	1
285	219	1
285	1042	1
285	2857	1
285	194	1
285	1565	1
285	741	1
285	2502	1
285	2693	1
285	668	1
285	2457	1
285	1123	1
285	715	1
285	1449	1
285	1064	1
285	2987	1
285	1400	1
285	630	1
285	1447	1
285	2040	1
285	1186	1
285	2348	1
285	1563	1
285	952	1
285	1197	1
285	2355	1
285	535	1
285	1351	1
285	1696	1
286	2552	1
286	1294	1
286	2970	1
286	2059	1
286	435	1
286	2857	1
286	1014	1
286	2457	1
286	1449	1
286	1064	1
286	2987	1
286	1400	1
286	2154	1
286	2564	1
286	952	1
286	2789	1
286	1197	1
286	2943	1
286	535	1
286	359	1
287	98	1
287	1294	1
287	2571	1
287	619	1
287	119	1
287	2059	1
287	2857	1
287	1565	1
287	2502	1
287	149	1
287	2457	1
287	1611	1
287	2701	1
287	2296	1
287	1314	1
287	952	1
287	2789	1
287	2943	1
287	535	1
287	1351	1
287	300	1
287	2301	1
288	1294	1
288	2970	1
288	767	1
288	219	1
288	1565	1
288	364	1
288	543	1
288	2457	1
288	2643	1
288	1998	1
288	1064	1
288	2701	1
288	2987	1
288	233	1
288	1400	1
288	1186	1
288	2967	1
288	2786	1
288	1511	1
288	437	1
288	1197	1
288	535	1
289	1294	1
289	2502	1
289	543	1
289	2703	1
289	2457	1
289	2959	1
289	1693	1
289	1356	1
289	1400	1
289	2967	1
289	952	1
289	1511	1
289	1197	1
289	2734	1
290	1294	1
290	619	1
290	767	1
290	435	1
290	543	1
290	2703	1
290	2457	1
290	2344	1
290	2959	1
290	1400	1
290	2967	1
290	2564	1
290	952	1
290	349	1
291	1294	1
291	767	1
291	435	1
291	2857	1
291	2150	1
291	2703	1
291	2344	1
291	2959	1
291	1400	1
291	2967	1
291	1314	1
291	2564	1
291	1511	1
291	349	1
291	903	1
292	1294	1
292	619	1
292	767	1
292	435	1
292	2857	1
292	2502	1
292	2457	1
292	1693	1
292	1356	1
292	1314	1
292	952	1
292	1511	1
292	1197	1
292	349	1
293	2068	1
293	767	1
293	2857	1
293	2402	1
293	1790	1
293	77	1
293	2502	1
293	1345	1
293	1693	1
293	2701	1
293	722	1
293	1197	1
293	2734	1
293	2130	1
294	767	1
294	1400	1
294	1761	1
294	2203	1
294	2967	1
294	1314	1
295	2538	1
295	2857	1
295	1693	1
295	2701	1
295	75	1
295	1344	1
296	2571	1
296	1449	1
296	750	1
296	2643	1
296	378	1
296	2987	1
296	2620	1
296	1186	1
296	2967	1
296	75	1
296	1604	1
297	2857	1
297	2502	1
297	2701	1
297	1149	1
297	75	1
297	1314	1
298	98	1
298	2068	1
298	1790	1
298	1345	1
298	1693	1
298	2701	1
298	1400	1
298	1761	1
298	1149	1
298	75	1
298	1197	1
298	1902	1
299	1149	1
299	2967	1
299	2734	1
299	1902	1
299	2130	1
300	2857	1
300	1149	1
301	2857	1
301	2967	1
301	2130	1
302	2703	1
302	1693	1
302	1935	1
302	1314	1
303	2857	1
303	1345	1
303	2989	1
303	1149	1
303	2967	1
303	75	1
303	1314	1
303	1523	1
304	2571	1
304	2457	1
304	1449	1
304	2987	1
304	1400	1
304	2967	1
304	1314	1
305	2857	1
305	1149	1
305	2967	1
306	2857	1
306	1356	1
306	2967	1
306	75	1
306	2130	1
307	2945	1
307	2701	1
307	1356	1
307	1149	1
307	2967	1
307	1314	1
307	2734	1
308	2857	1
308	1356	1
308	1761	1
308	1149	1
308	2967	1
308	2734	1
308	1902	1
309	2538	1
309	2857	1
309	2862	1
309	2275	1
309	2945	1
309	2701	1
309	1149	1
309	1314	1
309	1902	1
310	2857	1
310	1149	1
310	2967	1
310	75	1
310	2130	1
311	2735	1
311	2967	1
311	75	1
311	1324	1
311	2734	1
311	2130	1
312	2538	1
312	2857	1
312	1790	1
312	2701	1
312	2746	1
312	75	1
312	1902	1
312	2130	1
313	219	1
313	2857	1
313	3084	1
313	299	1
313	936	1
313	1356	1
313	75	1
313	1479	1
314	2857	1
314	2862	1
314	1400	1
314	1149	1
314	2967	1
314	75	1
314	1324	1
314	1902	1
315	2538	1
315	2967	1
315	1314	1
315	2734	1
316	2857	1
316	653	1
316	2457	1
316	2701	1
316	2987	1
316	1149	1
316	2967	1
316	75	1
316	1363	1
316	2734	1
317	98	1
317	2857	1
317	1790	1
317	543	1
317	2945	1
317	1693	1
317	2701	1
317	2620	1
317	2967	1
317	75	1
317	1197	1
317	1902	1
317	2130	1
318	98	1
318	2970	1
318	2381	1
318	119	1
318	2059	1
318	435	1
318	3008	1
318	2857	1
318	1790	1
318	2502	1
318	2150	1
318	543	1
318	1345	1
318	2457	1
318	715	1
318	1155	1
318	2620	1
318	1400	1
318	630	1
318	1186	1
318	2967	1
318	1314	1
318	2973	1
318	1197	1
318	2248	1
318	2975	1
318	359	1
318	1572	1
319	1403	1
320	2701	1
320	1149	1
320	2967	1
320	75	1
321	2701	1
321	1356	1
321	2967	1
321	954	1
322	2538	1
322	767	1
322	2857	1
322	2862	1
322	1711	1
322	1345	1
322	299	1
322	1654	1
322	3085	1
322	1356	1
322	1149	1
322	2370	1
322	73	1
322	1622	1
322	2734	1
322	1902	1
322	954	1
323	2857	1
323	653	1
323	1356	1
323	1149	1
323	75	1
324	1149	1
324	2734	1
324	1902	1
325	2857	1
325	655	1
325	1356	1
325	1149	1
325	2967	1
325	75	1
326	299	1
326	762	1
326	1425	1
327	219	1
327	1042	1
327	2857	1
327	1790	1
327	1697	1
327	1356	1
327	762	1
327	1149	1
327	722	1
328	1149	1
329	2857	1
329	75	1
329	2130	1
330	98	1
330	2068	1
330	2857	1
330	653	1
330	1697	1
330	1356	1
330	1761	1
330	1149	1
330	2967	1
330	75	1
330	1314	1
330	2734	1
330	1902	1
331	2502	1
331	1345	1
331	2457	1
331	1693	1
331	1400	1
331	952	1
332	920	1
332	592	1
332	1938	1
332	1790	1
332	2862	1
332	2703	1
332	2763	1
332	2701	1
332	1379	1
332	2260	1
332	1078	1
332	1612	1
333	1294	1
333	2857	1
333	2502	1
333	2457	1
333	1611	1
333	1149	1
333	2967	1
333	75	1
333	2973	1
334	1940	1
334	1379	1
334	1078	1
335	98	1
335	551	1
335	219	1
335	287	1
335	2857	1
335	741	1
335	1856	1
335	1460	1
335	967	1
335	1711	1
335	1547	1
335	2568	1
335	2703	1
335	1693	1
335	2296	1
335	2746	1
335	252	1
335	588	1
335	528	1
335	1149	1
335	2370	1
335	2967	1
335	321	1
335	1622	1
335	2941	1
335	796	1
336	809	1
336	3008	1
336	1042	1
336	757	1
336	543	1
336	2344	1
336	2701	1
336	1314	1
336	952	1
336	1438	1
336	1197	1
336	1612	1
337	920	1
337	592	1
337	77	1
337	2862	1
337	2791	1
337	2643	1
337	2763	1
337	1619	1
337	2852	1
337	2260	1
338	1947	1
338	3085	1
338	1149	1
338	2967	1
338	584	1
339	2857	1
339	1149	1
339	75	1
340	2643	1
340	2701	1
340	2967	1
340	75	1
341	2571	1
341	592	1
341	2857	1
341	2701	1
341	3098	1
341	2602	1
341	335	1
341	2967	1
341	1314	1
341	1197	1
341	1612	1
342	219	1
342	543	1
342	2987	1
342	3098	1
342	335	1
342	1149	1
342	75	1
342	1197	1
343	1874	1
343	3071	1
343	1790	1
343	2340	1
343	2275	1
343	2703	1
343	1611	1
343	1704	1
344	2257	1
344	767	1
344	435	1
344	2857	1
344	116	1
344	2643	1
344	2937	1
344	2701	1
344	2620	1
344	1149	1
344	1563	1
344	2967	1
344	75	1
344	1314	1
344	952	1
344	2973	1
344	1197	1
344	690	1
344	349	1
344	2980	1
345	1993	1
345	1940	1
345	2791	1
345	2763	1
345	689	1
345	1078	1
346	2857	1
346	2701	1
346	75	1
347	2857	1
347	1356	1
347	1149	1
347	75	1
347	1902	1
348	3100	1
348	991	1
348	2857	1
348	1014	1
348	2703	1
348	2746	1
348	1356	1
348	1149	1
348	75	1
348	1314	1
348	1197	1
348	1933	1
349	940	1
349	118	1
349	1149	1
349	75	1
349	1314	1
350	682	1
350	352	1
350	3060	1
350	2857	1
350	2220	1
350	2862	1
350	2457	1
350	2643	1
350	951	1
350	1149	1
350	1486	1
350	2967	1
350	75	1
350	1314	1
350	1966	1
351	2857	1
351	1149	1
351	75	1
352	2068	1
352	2857	1
352	2701	1
352	2734	1
352	1902	1
352	2130	1
353	1356	1
353	1400	1
353	2967	1
353	1314	1
354	98	1
354	435	1
354	2502	1
354	2701	1
354	2296	1
354	2967	1
354	75	1
354	1314	1
355	619	1
355	809	1
355	767	1
355	723	1
355	232	1
355	909	1
355	287	1
355	435	1
355	3008	1
355	940	1
355	991	1
355	1042	1
355	2857	1
355	118	1
355	511	1
355	1878	1
355	741	1
355	1462	1
355	2901	1
355	2457	1
355	715	1
355	688	1
355	1611	1
355	2701	1
355	307	1
355	144	1
355	2359	1
355	1400	1
355	1210	1
355	563	1
355	1086	1
355	1314	1
355	437	1
355	777	1
355	2614	1
355	418	1
355	1351	1
355	349	1
355	1457	1
356	2344	1
356	2763	1
356	1078	1
357	2571	1
357	2857	1
357	2701	1
357	378	1
357	2987	1
357	1186	1
357	2967	1
357	2325	1
358	1790	1
358	1940	1
358	2643	1
358	197	1
358	689	1
358	1078	1
359	1667	1
359	2457	1
359	2643	1
359	2701	1
359	1149	1
359	2154	1
359	2967	1
359	75	1
359	1324	1
359	584	1
359	1461	1
360	1790	1
360	1947	1
360	2275	1
360	2763	1
360	689	1
361	85	1
361	1609	1
361	2331	1
361	1379	1
361	689	1
361	1078	1
362	98	1
362	240	1
362	75	1
362	1314	1
362	1363	1
362	1902	1
363	2068	1
363	1162	1
363	1345	1
363	2701	1
363	700	1
363	1356	1
363	2108	1
363	75	1
363	2130	1
364	1345	1
364	299	1
364	1149	1
364	75	1
365	2068	1
365	1042	1
365	1790	1
365	1697	1
365	299	1
365	1796	1
365	3085	1
365	1693	1
365	2701	1
365	700	1
365	1562	1
365	762	1
365	2967	1
365	1652	1
365	2734	1
365	2130	1
365	1971	1
366	2701	1
366	1149	1
366	2967	1
366	75	1
366	1314	1
367	2701	1
367	1149	1
367	75	1
368	98	1
368	1294	1
368	555	1
368	1358	1
368	2970	1
368	920	1
368	767	1
368	1938	1
368	1328	1
368	219	1
368	1162	1
368	435	1
368	1042	1
368	2857	1
368	1790	1
368	77	1
368	1947	1
368	1534	1
368	1079	1
368	1345	1
368	2457	1
368	124	1
368	715	1
368	299	1
368	400	1
368	429	1
368	420	1
368	2643	1
368	1796	1
368	7	1
368	133	1
368	2959	1
368	1693	1
368	2701	1
368	2746	1
368	1356	1
368	252	1
368	1403	1
368	1935	1
368	1149	1
368	722	1
368	75	1
368	952	1
368	437	1
368	1363	1
368	1652	1
368	2734	1
368	2941	1
368	349	1
368	2299	1
368	2130	1
369	767	1
369	435	1
369	543	1
369	2967	1
369	75	1
369	1197	1
370	2763	1
370	2701	1
370	689	1
371	2791	1
371	2763	1
371	1379	1
371	1078	1
372	2857	1
372	2296	1
372	1149	1
372	75	1
373	1667	1
373	2865	1
373	119	1
373	2857	1
373	2735	1
373	2275	1
373	2643	1
373	236	1
373	2989	1
373	693	1
373	2203	1
373	1149	1
373	2154	1
373	3130	1
373	2967	1
373	465	1
373	1142	1
373	1438	1
373	1197	1
373	584	1
373	2734	1
373	349	1
373	2617	1
373	1612	1
374	2371	1
374	2970	1
374	767	1
374	551	1
374	219	1
374	2857	1
374	2402	1
374	3084	1
374	2502	1
374	543	1
374	2296	1
374	1149	1
374	2967	1
374	75	1
374	1197	1
374	2734	1
374	1604	1
374	535	1
375	3008	1
375	2857	1
375	543	1
375	936	1
375	75	1
375	1314	1
375	437	1
375	1197	1
375	2734	1
376	551	1
376	1042	1
376	2857	1
376	741	1
376	2701	1
376	2296	1
376	1400	1
376	2967	1
376	75	1
376	1197	1
376	535	1
377	1667	1
377	767	1
377	2857	1
377	910	1
377	2150	1
377	414	1
377	543	1
377	2945	1
377	738	1
377	2701	1
377	2620	1
377	1149	1
377	75	1
377	73	1
377	1902	1
378	3100	1
378	2970	1
378	767	1
378	2857	1
378	1790	1
378	910	1
378	1856	1
378	2735	1
378	2457	1
378	2643	1
378	1063	1
378	2701	1
378	1400	1
378	2154	1
378	2370	1
378	2967	1
378	584	1
378	349	1
378	1902	1
379	98	1
379	1667	1
379	767	1
379	232	1
379	2857	1
379	910	1
379	2078	1
379	2735	1
379	2502	1
379	2150	1
379	3133	1
379	543	1
379	1345	1
379	2457	1
379	2945	1
379	2643	1
379	3139	1
379	2370	1
379	2967	1
379	75	1
379	2973	1
379	253	1
379	349	1
379	1902	1
380	809	1
380	2976	1
380	767	1
380	551	1
380	178	1
380	287	1
380	239	1
380	940	1
380	409	1
380	991	1
380	2857	1
380	511	1
380	706	1
380	741	1
380	771	1
380	1345	1
380	2457	1
380	715	1
380	2344	1
380	1259	1
380	358	1
380	2268	1
380	256	1
380	75	1
380	1314	1
380	1182	1
380	1704	1
380	2789	1
380	1351	1
380	2520	1
381	2976	1
381	767	1
381	1433	1
381	909	1
381	435	1
381	2502	1
381	2457	1
381	2746	1
381	2392	1
381	2789	1
382	2976	1
382	909	1
382	2857	1
382	543	1
382	2597	1
382	2296	1
382	1314	1
382	2789	1
383	98	1
383	2970	1
383	2976	1
383	2068	1
383	1684	1
383	2338	1
383	178	1
383	909	1
383	696	1
383	1790	1
383	706	1
383	220	1
383	2502	1
383	2862	1
383	2703	1
383	299	1
383	1488	1
383	2643	1
383	358	1
383	1693	1
383	2701	1
383	1356	1
383	1149	1
383	75	1
383	2789	1
383	349	1
383	2130	1
383	2741	1
383	1612	1
384	435	1
384	2789	1
384	2980	1
385	119	1
385	232	1
385	230	1
385	909	1
385	287	1
385	435	1
385	1042	1
385	2857	1
385	910	1
385	741	1
385	1460	1
385	2588	1
385	2703	1
385	2457	1
385	2268	1
385	2982	1
385	1400	1
385	1432	1
385	2789	1
385	2827	1
386	2538	1
386	2402	1
386	1790	1
386	1685	1
386	2703	1
386	2344	1
386	2643	1
386	358	1
386	1693	1
386	2701	1
386	1400	1
386	1761	1
386	1444	1
386	2440	1
386	1511	1
386	2441	1
386	1592	1
386	2734	1
386	1902	1
386	954	1
386	2406	1
387	767	1
387	909	1
387	2789	1
388	1345	1
388	1063	1
389	2976	1
389	119	1
389	178	1
389	1433	1
389	909	1
389	940	1
389	2857	1
389	543	1
389	1345	1
389	950	1
389	1351	1
390	1079	1
390	2643	1
390	2701	1
390	2734	1
390	1902	1
391	551	1
391	2857	1
391	2486	1
391	1586	1
391	535	1
392	119	1
392	435	1
392	116	1
392	1123	1
392	2967	1
393	2970	1
393	551	1
393	2857	1
393	511	1
393	2502	1
393	543	1
393	1693	1
393	2967	1
393	2973	1
393	917	1
393	1351	1
394	1667	1
394	2976	1
394	1684	1
394	2523	1
394	230	1
394	219	1
394	435	1
394	653	1
394	741	1
394	1035	1
394	2551	1
394	543	1
394	1693	1
394	2296	1
394	1400	1
394	2196	1
394	2154	1
394	75	1
394	952	1
394	2247	1
394	1592	1
394	359	1
395	2976	1
395	1761	1
396	98	1
396	2068	1
396	767	1
396	2735	1
396	543	1
396	2457	1
396	1356	1
397	98	1
397	809	1
397	767	1
397	2857	1
397	802	1
397	1915	1
397	543	1
397	1149	1
397	1210	1
397	2967	1
397	75	1
397	1314	1
398	3057	1
398	1294	1
398	2709	1
398	230	1
398	219	1
398	435	1
398	2857	1
398	3084	1
398	2150	1
398	543	1
398	2457	1
398	2344	1
398	1449	1
398	2643	1
398	2701	1
398	1381	1
398	2390	1
398	2967	1
398	1314	1
398	2789	1
398	1197	1
398	349	1
398	903	1
399	767	1
399	706	1
399	802	1
399	741	1
399	2457	1
399	2746	1
399	834	1
399	2967	1
399	75	1
399	1314	1
399	1197	1
399	1351	1
400	809	1
400	767	1
400	287	1
400	435	1
400	940	1
400	741	1
400	2502	1
400	2457	1
400	715	1
400	2643	1
400	936	1
400	2701	1
400	2296	1
400	1400	1
400	2124	1
400	2967	1
400	75	1
400	952	1
400	1689	1
400	1457	1
401	78	1
401	2502	1
401	527	1
401	2791	1
401	1693	1
401	2746	1
401	1356	1
401	743	1
401	1314	1
401	952	1
402	2571	1
402	1433	1
402	2857	1
402	3084	1
402	543	1
402	2967	1
402	1511	1
402	1351	1
403	767	1
403	706	1
403	802	1
403	741	1
403	1881	1
403	2457	1
403	2746	1
403	834	1
403	1640	1
403	2967	1
403	75	1
403	1314	1
403	952	1
403	1351	1
404	230	1
404	2857	1
404	543	1
404	2457	1
404	715	1
404	2701	1
404	2296	1
404	2620	1
404	2967	1
404	359	1
405	230	1
405	219	1
405	2857	1
405	741	1
405	2344	1
405	1449	1
405	2701	1
405	2296	1
405	2987	1
405	1314	1
405	359	1
406	1684	1
406	435	1
406	706	1
406	2502	1
406	113	1
406	1611	1
406	1356	1
406	252	1
406	1400	1
406	2967	1
406	75	1
406	1314	1
406	952	1
407	2886	1
407	1684	1
407	119	1
407	1790	1
407	113	1
407	1611	1
407	1403	1
408	1874	1
408	119	1
408	219	1
408	1254	1
408	741	1
408	1460	1
408	1534	1
408	2296	1
408	1314	1
408	535	1
408	418	1
408	1008	1
409	1294	1
409	920	1
409	119	1
409	543	1
409	836	1
409	2643	1
409	75	1
409	1197	1
409	349	1
409	1612	1
410	119	1
410	435	1
410	2908	1
410	2502	1
410	543	1
410	2296	1
410	2967	1
410	437	1
410	1197	1
410	1612	1
411	1294	1
411	2865	1
411	435	1
411	2857	1
411	1035	1
411	2746	1
411	1356	1
411	2501	1
411	75	1
411	1314	1
411	2789	1
411	349	1
412	2865	1
412	2119	1
412	2857	1
412	543	1
412	2791	1
412	2643	1
412	2989	1
412	2608	1
412	2296	1
412	1356	1
412	2501	1
412	2196	1
412	2203	1
412	75	1
412	1314	1
412	952	1
412	1197	1
412	1689	1
413	555	1
413	1667	1
413	2857	1
413	118	1
413	715	1
413	2967	1
413	1314	1
413	952	1
413	1197	1
413	349	1
413	903	1
414	2538	1
414	2857	1
414	706	1
414	2989	1
414	75	1
414	2734	1
414	903	1
415	435	1
415	543	1
415	75	1
415	1103	1
415	2441	1
415	1612	1
416	2980	1
417	2865	1
417	2970	1
417	2976	1
417	767	1
417	435	1
417	2857	1
417	511	1
417	2486	1
417	967	1
417	543	1
417	2344	1
417	1488	1
417	2643	1
417	1753	1
417	1314	1
417	917	1
417	1197	1
417	1351	1
418	2865	1
418	2970	1
418	2598	1
418	2851	1
418	1639	1
418	2857	1
418	2551	1
418	2296	1
418	2197	1
418	2196	1
418	2789	1
418	1197	1
418	1592	1
418	2400	1
418	1612	1
419	1294	1
419	1667	1
419	1882	1
419	2851	1
419	3008	1
419	2857	1
419	2735	1
419	2150	1
419	1389	1
419	2703	1
419	2344	1
419	358	1
419	45	1
419	1149	1
419	1432	1
419	2789	1
419	1197	1
419	960	1
419	639	1
419	349	1
419	1612	1
420	2851	1
420	231	1
420	2857	1
420	1079	1
420	527	1
420	2989	1
420	2789	1
420	1197	1
420	1592	1
421	2857	1
421	511	1
421	2699	1
421	1314	1
421	1351	1
422	1294	1
422	2970	1
422	1947	1
422	741	1
422	2486	1
422	2457	1
422	2344	1
422	2643	1
422	1400	1
422	1432	1
422	75	1
422	1314	1
422	952	1
422	2789	1
422	349	1
422	1612	1
423	1790	1
423	2502	1
423	2862	1
423	715	1
423	2597	1
423	722	1
423	465	1
423	1314	1
423	2827	1
424	2970	1
424	2857	1
424	715	1
424	2344	1
424	824	1
424	2967	1
424	1314	1
424	2789	1
424	2734	1
425	1784	1
425	1328	1
425	435	1
425	2502	1
425	2693	1
425	2150	1
425	967	1
425	543	1
425	783	1
425	782	1
425	715	1
425	1271	1
425	824	1
425	1693	1
425	2296	1
425	2396	1
425	2967	1
425	952	1
425	2589	1
425	2941	1
426	98	1
426	2976	1
426	1790	1
426	653	1
426	515	1
426	2551	1
426	543	1
426	1345	1
426	715	1
426	2643	1
426	7	1
426	1032	1
426	2987	1
426	2620	1
426	2967	1
426	1314	1
426	1742	1
426	1363	1
426	584	1
426	349	1
426	2130	1
426	1612	1
427	3057	1
427	767	1
427	551	1
427	119	1
427	647	1
427	162	1
427	2851	1
427	232	1
427	219	1
427	1433	1
427	435	1
427	1651	1
427	910	1
427	653	1
427	802	1
427	187	1
427	1801	1
427	2621	1
427	1979	1
427	2693	1
427	2150	1
427	543	1
427	2720	1
427	863	1
427	2457	1
427	2451	1
427	715	1
427	1970	1
427	1449	1
427	3083	1
427	2051	1
427	290	1
427	1923	1
427	1654	1
427	2953	1
427	2296	1
427	2746	1
427	2620	1
427	2196	1
427	2390	1
427	1149	1
427	2154	1
427	1803	1
427	2370	1
427	1760	1
427	2967	1
427	1755	1
427	1670	1
427	437	1
427	1197	1
427	2614	1
427	2248	1
427	535	1
427	349	1
427	1612	1
428	1667	1
428	1684	1
428	219	1
428	435	1
428	2611	1
428	2502	1
428	2150	1
428	2457	1
428	1488	1
428	2643	1
428	2701	1
428	1400	1
428	145	1
428	722	1
428	1314	1
428	952	1
428	2973	1
428	1344	1
428	2734	1
428	1479	1
428	2130	1
428	3091	1
428	903	1
429	2976	1
429	1874	1
429	1639	1
429	435	1
429	2502	1
429	2551	1
429	543	1
429	1883	1
429	1794	1
429	2967	1
429	1314	1
429	2789	1
429	1457	1
430	2976	1
430	1761	1
431	98	1
431	1294	1
431	2865	1
431	2068	1
431	2915	1
431	1684	1
431	767	1
431	287	1
431	435	1
431	1042	1
431	706	1
431	2611	1
431	2735	1
431	1534	1
431	2502	1
431	113	1
431	2862	1
431	2275	1
431	2703	1
431	124	1
431	2344	1
431	2643	1
431	1693	1
431	2296	1
431	2148	1
431	2370	1
431	2967	1
431	75	1
431	952	1
431	2973	1
431	2734	1
431	418	1
431	2389	1
431	349	1
431	2406	1
431	2130	1
432	767	1
432	219	1
432	2857	1
432	543	1
432	2296	1
432	2967	1
433	3100	1
433	3057	1
433	1294	1
433	2865	1
433	2970	1
433	2976	1
433	1684	1
433	767	1
433	731	1
433	230	1
433	1639	1
433	435	1
433	1568	1
433	940	1
433	741	1
433	2502	1
433	1881	1
433	2457	1
433	1123	1
433	2344	1
433	1063	1
433	936	1
433	1693	1
433	2701	1
433	1381	1
433	3037	1
433	1563	1
433	1512	1
433	1314	1
433	952	1
433	2789	1
433	437	1
433	111	1
433	1197	1
433	2614	1
433	107	1
433	535	1
433	1351	1
433	349	1
433	2878	1
434	1294	1
434	2414	1
434	2571	1
434	809	1
434	1684	1
434	551	1
434	219	1
434	287	1
434	2857	1
434	3084	1
434	2486	1
434	875	1
434	2150	1
434	543	1
434	2457	1
434	2643	1
434	2597	1
434	3009	1
434	936	1
434	2296	1
434	2987	1
434	2620	1
434	862	1
434	1400	1
434	1235	1
434	1227	1
434	158	1
434	2967	1
434	1086	1
434	75	1
434	1314	1
434	2973	1
434	1511	1
434	1396	1
434	1689	1
434	418	1
434	954	1
434	1457	1
434	1612	1
435	2571	1
435	435	1
435	696	1
435	2857	1
435	706	1
435	2150	1
435	543	1
435	2457	1
435	715	1
435	2344	1
435	1449	1
435	1611	1
435	2620	1
435	1400	1
435	743	1
435	2967	1
435	437	1
435	1197	1
436	2857	1
436	2701	1
436	2967	1
436	75	1
437	2976	1
437	435	1
437	2344	1
437	1563	1
437	2967	1
437	917	1
437	111	1
437	1351	1
438	98	1
438	1079	1
438	1693	1
438	2746	1
438	1356	1
438	1761	1
438	2196	1
438	1314	1
439	98	1
439	1790	1
439	1356	1
439	1149	1
439	2967	1
440	2865	1
440	809	1
440	1684	1
440	551	1
440	119	1
440	178	1
440	219	1
440	940	1
440	116	1
440	527	1
440	1883	1
440	2296	1
440	2006	1
440	144	1
440	2359	1
440	2967	1
440	2247	1
440	1197	1
441	2257	1
441	767	1
441	1433	1
441	2534	1
441	2857	1
441	653	1
441	741	1
441	543	1
441	2457	1
441	347	1
441	1197	1
441	1351	1
441	2980	1
442	2119	1
442	2068	1
442	119	1
442	435	1
442	696	1
442	2502	1
442	1079	1
442	1356	1
442	1400	1
442	2967	1
442	1314	1
442	1197	1
443	767	1
443	232	1
443	653	1
443	2502	1
443	2344	1
443	2701	1
443	2746	1
443	1586	1
443	1563	1
443	2967	1
443	952	1
443	1197	1
443	535	1
443	2520	1
444	1356	1
445	1356	1
445	1197	1
446	2970	1
446	767	1
446	909	1
446	287	1
446	2857	1
446	2551	1
446	543	1
446	2296	1
446	158	1
446	2973	1
446	2789	1
447	1684	1
447	551	1
447	119	1
447	219	1
447	435	1
447	696	1
447	511	1
447	2486	1
447	875	1
447	2502	1
447	2551	1
447	2791	1
447	715	1
447	2296	1
447	2746	1
447	1753	1
447	2006	1
447	1101	1
447	158	1
447	75	1
447	1314	1
447	2975	1
447	1008	1
447	1457	1
448	219	1
448	2857	1
448	2502	1
448	2551	1
448	715	1
448	535	1
449	1549	1
449	2502	1
449	1345	1
449	1314	1
449	823	1
449	80	1
450	2119	1
450	2915	1
450	551	1
450	2486	1
450	875	1
450	2551	1
450	543	1
450	715	1
450	1488	1
450	3009	1
450	2296	1
450	158	1
450	1314	1
450	2246	1
451	2976	1
451	1684	1
451	2637	1
451	119	1
451	219	1
451	287	1
451	940	1
451	2857	1
451	511	1
451	741	1
451	2502	1
451	2551	1
451	1345	1
451	2703	1
451	1972	1
451	3009	1
451	1056	1
451	2296	1
451	1356	1
451	1101	1
451	80	1
451	1689	1
452	555	1
452	2976	1
452	2915	1
452	1684	1
452	1874	1
452	551	1
452	119	1
452	219	1
452	940	1
452	2857	1
452	2486	1
452	875	1
452	2502	1
452	281	1
452	543	1
452	2568	1
452	715	1
452	1488	1
452	3009	1
452	1056	1
452	1904	1
452	1640	1
452	158	1
452	1314	1
452	623	1
452	823	1
452	80	1
452	2975	1
452	535	1
452	1008	1
453	1294	1
453	2976	1
453	947	1
453	767	1
453	551	1
453	868	1
453	1920	1
453	2242	1
453	232	1
453	219	1
453	287	1
453	435	1
453	696	1
453	940	1
453	1042	1
453	2857	1
453	511	1
453	1201	1
453	741	1
453	1460	1
453	2502	1
453	2551	1
453	2840	1
453	543	1
453	1345	1
453	715	1
453	1972	1
453	2268	1
453	1693	1
453	2022	1
453	1442	1
453	516	1
453	1101	1
453	722	1
453	158	1
453	2967	1
453	2789	1
453	437	1
453	1197	1
453	2248	1
453	2055	1
453	535	1
453	1008	1
454	809	1
454	551	1
454	119	1
454	435	1
454	696	1
454	940	1
454	2857	1
454	511	1
454	1048	1
454	543	1
454	2703	1
454	715	1
454	3009	1
454	2268	1
454	1693	1
454	2296	1
454	1400	1
454	1101	1
454	158	1
454	1314	1
454	1344	1
454	80	1
454	535	1
454	1008	1
455	119	1
455	219	1
455	940	1
455	2857	1
455	875	1
455	2502	1
455	2551	1
455	1048	1
455	543	1
455	2703	1
455	3009	1
455	1693	1
455	1753	1
455	2006	1
455	588	1
455	1101	1
455	722	1
455	158	1
455	535	1
456	3100	1
456	2976	1
456	1684	1
456	287	1
456	435	1
456	118	1
456	511	1
456	1947	1
456	741	1
456	2456	1
456	875	1
456	1460	1
456	2693	1
456	1345	1
456	1421	1
456	429	1
456	1693	1
456	2296	1
456	2746	1
456	2022	1
456	1753	1
456	1356	1
456	516	1
456	2463	1
456	2967	1
456	1314	1
456	340	1
456	1344	1
456	1197	1
456	80	1
456	535	1
456	418	1
457	555	1
457	2976	1
457	1684	1
457	551	1
457	287	1
457	1254	1
457	118	1
457	511	1
457	2486	1
457	875	1
457	2502	1
457	2551	1
457	1345	1
457	2703	1
457	1488	1
457	1693	1
457	894	1
457	1101	1
457	1904	1
457	1344	1
457	80	1
457	1008	1
457	736	1
458	2970	1
458	2976	1
458	1684	1
458	1874	1
458	287	1
458	435	1
458	1042	1
458	511	1
458	741	1
458	2486	1
458	875	1
458	2502	1
458	2703	1
458	3009	1
458	1056	1
458	2296	1
458	2022	1
458	1753	1
458	2006	1
458	1356	1
458	1761	1
458	1586	1
458	1101	1
458	158	1
458	2789	1
458	437	1
458	1197	1
459	2976	1
459	219	1
459	435	1
459	2857	1
459	543	1
459	2296	1
459	2967	1
459	1197	1
459	1902	1
460	2571	1
460	2598	1
460	2478	1
460	2059	1
460	2857	1
460	511	1
460	741	1
460	116	1
460	657	1
460	543	1
460	1345	1
460	2457	1
460	1693	1
460	2746	1
460	1753	1
460	2006	1
460	2620	1
460	1640	1
460	3037	1
460	2967	1
460	2392	1
460	952	1
460	917	1
460	1197	1
460	1050	1
460	2176	1
460	497	1
461	2976	1
461	767	1
461	119	1
461	2857	1
461	1345	1
461	2006	1
461	1314	1
461	2789	1
461	1351	1
462	2857	1
462	1345	1
462	1693	1
463	2857	1
463	224	1
463	1149	1
463	1314	1
464	219	1
464	2857	1
464	224	1
464	2701	1
465	1451	1
465	1583	1
465	920	1
465	1684	1
465	119	1
465	435	1
465	1752	1
465	2857	1
465	1685	1
465	541	1
465	2735	1
465	1172	1
465	543	1
465	651	1
465	979	1
465	715	1
465	699	1
465	591	1
465	738	1
465	2344	1
465	2597	1
465	1436	1
465	2701	1
465	2746	1
465	2757	1
465	2501	1
465	908	1
465	2861	1
465	134	1
465	2124	1
465	2605	1
465	1149	1
465	1459	1
465	2967	1
465	75	1
465	1314	1
465	2804	1
465	974	1
465	1561	1
465	952	1
465	1300	1
465	1324	1
465	1197	1
465	2642	1
465	168	1
465	904	1
465	2260	1
466	1294	1
466	1583	1
466	920	1
466	1684	1
466	1988	1
466	592	1
466	119	1
466	1975	1
466	1162	1
466	435	1
466	529	1
466	2857	1
466	1941	1
466	118	1
466	2078	1
466	1685	1
466	541	1
466	771	1
466	2862	1
466	1926	1
466	543	1
466	2634	1
466	651	1
466	979	1
466	2791	1
466	124	1
466	1208	1
466	818	1
466	2643	1
466	2597	1
466	843	1
466	1263	1
466	1436	1
466	3040	1
466	2701	1
466	2296	1
466	2746	1
466	2590	1
466	862	1
466	2861	1
466	134	1
466	1935	1
466	674	1
466	1476	1
466	2196	1
466	1497	1
466	1918	1
466	2148	1
466	39	1
466	850	1
466	2967	1
466	2108	1
466	1314	1
466	2223	1
466	974	1
466	952	1
466	2854	1
466	1143	1
466	2284	1
466	530	1
466	2789	1
466	1668	1
466	1475	1
466	2975	1
466	2642	1
466	168	1
466	369	1
466	472	1
466	1301	1
467	2865	1
467	809	1
467	2970	1
467	1500	1
467	119	1
467	731	1
467	2242	1
467	1639	1
467	982	1
467	2857	1
467	934	1
467	1345	1
467	1123	1
467	2344	1
467	1449	1
467	2643	1
467	2274	1
467	307	1
467	1640	1
467	1655	1
467	2967	1
467	1086	1
467	75	1
467	1314	1
467	1561	1
467	952	1
467	917	1
467	980	1
467	1197	1
468	1583	1
468	767	1
468	119	1
468	435	1
468	2857	1
468	910	1
468	3023	1
468	2502	1
468	2703	1
468	2296	1
468	2746	1
468	2196	1
468	2967	1
468	75	1
468	1314	1
468	2789	1
468	2975	1
469	1583	1
469	920	1
469	1684	1
469	592	1
469	435	1
469	118	1
469	2078	1
469	651	1
469	979	1
469	2791	1
469	420	1
469	522	1
469	2643	1
469	2701	1
469	2501	1
469	3101	1
469	2196	1
469	1497	1
469	850	1
469	2967	1
469	1314	1
469	2804	1
469	1668	1
469	584	1
469	2389	1
469	168	1
469	2260	1
469	2714	1
469	16	1
470	767	1
470	2524	1
470	551	1
470	287	1
470	940	1
470	2857	1
470	741	1
470	2486	1
470	2502	1
470	1123	1
470	950	1
470	1314	1
470	2789	1
470	1197	1
470	1351	1
471	1294	1
471	419	1
471	947	1
471	435	1
471	1079	1
471	543	1
471	2344	1
471	1883	1
471	2597	1
471	1063	1
471	1693	1
471	2701	1
471	1356	1
471	2620	1
471	2967	1
471	75	1
471	1314	1
471	1511	1
471	2789	1
471	2734	1
471	535	1
471	349	1
471	2980	1
471	1612	1
472	98	1
472	2524	1
472	1433	1
472	435	1
472	940	1
472	2857	1
472	2502	1
472	2150	1
472	347	1
472	715	1
472	1883	1
472	950	1
472	307	1
472	1400	1
472	2967	1
472	75	1
472	1314	1
472	777	1
472	1689	1
472	2980	1
472	1612	1
473	2976	1
473	767	1
473	551	1
473	119	1
473	287	1
473	991	1
473	430	1
473	1790	1
473	511	1
473	2486	1
473	2456	1
473	875	1
473	2502	1
473	2320	1
473	2791	1
473	715	1
473	2344	1
473	2597	1
473	1693	1
473	2296	1
473	2746	1
473	2006	1
473	862	1
473	2967	1
473	1432	1
473	1314	1
473	1182	1
473	1852	1
473	584	1
473	594	1
473	2130	1
473	1612	1
474	2976	1
474	2068	1
474	1684	1
474	2338	1
474	529	1
474	1790	1
474	77	1
474	299	1
474	522	1
474	1654	1
474	655	1
474	1693	1
474	2701	1
474	700	1
474	1476	1
474	1149	1
474	2108	1
474	2440	1
474	1511	1
474	1197	1
474	1652	1
474	2734	1
474	2299	1
475	1294	1
475	1667	1
475	767	1
475	1162	1
475	435	1
475	2857	1
475	706	1
475	1654	1
475	700	1
475	1356	1
475	1400	1
475	2967	1
475	2789	1
475	349	1
476	1790	1
476	77	1
476	2701	1
476	2108	1
477	2976	1
477	1684	1
477	1500	1
477	767	1
477	551	1
477	232	1
477	230	1
477	219	1
477	287	1
477	435	1
477	1254	1
477	2857	1
477	653	1
477	1947	1
477	2486	1
477	875	1
477	2502	1
477	2693	1
477	1345	1
477	2457	1
477	715	1
477	2255	1
477	2296	1
477	1101	1
477	1904	1
477	75	1
477	1523	1
477	535	1
477	1008	1
478	1684	1
478	706	1
478	2282	1
478	1947	1
478	2150	1
478	299	1
478	2701	1
478	1017	1
478	1356	1
478	1149	1
478	1314	1
478	1902	1
479	4	1
479	551	1
479	230	1
479	219	1
479	2857	1
479	118	1
479	1947	1
479	741	1
479	2486	1
479	2457	1
479	2344	1
479	2296	1
479	2967	1
479	2422	1
479	418	1
479	1059	1
480	435	1
480	2563	1
480	1345	1
480	862	1
480	1444	1
480	75	1
480	1314	1
480	2440	1
480	1103	1
480	2441	1
480	594	1
481	2976	1
482	119	1
482	435	1
482	1035	1
482	543	1
482	2703	1
482	358	1
482	2746	1
482	2967	1
482	1314	1
482	952	1
482	1197	1
482	2248	1
482	2975	1
483	435	1
483	2857	1
483	2402	1
483	706	1
483	543	1
483	2989	1
483	1400	1
483	2967	1
483	1443	1
483	1197	1
483	2980	1
484	98	1
484	2068	1
484	1684	1
484	2186	1
484	1162	1
484	1947	1
484	2502	1
484	2862	1
484	2275	1
484	2791	1
484	715	1
484	2344	1
484	429	1
484	420	1
484	2643	1
484	1412	1
484	1693	1
484	2701	1
484	1642	1
484	1149	1
484	2967	1
484	1314	1
484	952	1
484	1902	1
485	2015	1
485	3060	1
485	2120	1
485	1145	1
485	2457	1
485	969	1
485	7	1
485	2710	1
485	899	1
485	2481	1
485	240	1
485	368	1
485	437	1
485	1363	1
485	2083	1
486	3100	1
486	1684	1
486	767	1
486	119	1
486	1433	1
486	435	1
486	2857	1
486	653	1
486	2486	1
486	2502	1
486	543	1
486	2703	1
486	2457	1
486	2344	1
486	876	1
486	307	1
486	75	1
486	1314	1
486	952	1
486	437	1
486	1197	1
486	535	1
486	418	1
486	472	1
487	2970	1
487	2551	1
487	2789	1
488	1667	1
488	1684	1
488	435	1
488	2502	1
488	116	1
488	543	1
488	2791	1
488	1370	1
488	1693	1
488	2746	1
488	1400	1
488	2196	1
488	2967	1
488	75	1
488	1314	1
488	952	1
488	2789	1
489	809	1
489	767	1
489	1874	1
489	435	1
489	2857	1
489	2486	1
489	2502	1
489	543	1
489	2703	1
489	2457	1
489	715	1
489	75	1
489	1314	1
489	2789	1
489	359	1
489	1351	1
490	1294	1
490	1684	1
490	119	1
490	435	1
490	2857	1
490	511	1
490	2791	1
490	715	1
490	2344	1
490	2701	1
490	2296	1
490	2967	1
490	2789	1
490	1351	1
491	2970	1
491	2563	1
491	1345	1
491	2296	1
491	862	1
491	1444	1
491	75	1
491	2440	1
491	2441	1
491	1197	1
491	1902	1
491	2520	1
492	1294	1
492	2119	1
492	551	1
492	119	1
492	1433	1
492	435	1
492	2857	1
492	1079	1
492	116	1
492	2344	1
492	3021	1
492	2701	1
492	2746	1
492	2757	1
492	1356	1
492	1400	1
492	1149	1
492	164	1
492	2967	1
492	1314	1
492	952	1
492	2247	1
492	561	1
493	1583	1
493	1684	1
493	3071	1
493	435	1
493	696	1
493	2857	1
493	1790	1
493	2502	1
493	2150	1
493	2344	1
493	2746	1
493	1356	1
493	2668	1
493	2196	1
493	2967	1
493	1314	1
493	168	1
494	2970	1
494	419	1
494	767	1
494	1433	1
494	909	1
494	2534	1
494	435	1
494	543	1
494	2451	1
494	2344	1
494	1728	1
494	2984	1
494	1761	1
494	1586	1
494	2160	1
494	2967	1
494	1314	1
494	1197	1
494	1351	1
494	690	1
494	644	1
495	947	1
495	767	1
495	706	1
495	1345	1
495	1314	1
495	1689	1
496	717	1
496	2865	1
496	767	1
496	119	1
496	435	1
496	2857	1
496	653	1
496	715	1
496	2705	1
496	950	1
496	2643	1
496	2296	1
496	1563	1
496	75	1
496	952	1
496	2980	1
497	429	1
497	1356	1
497	2967	1
498	157	1
498	2563	1
498	1079	1
498	2344	1
498	2420	1
498	2937	1
498	887	1
498	1586	1
498	1338	1
498	1314	1
498	2440	1
498	1523	1
498	2539	1
498	1726	1
498	2441	1
499	435	1
499	2611	1
499	2735	1
499	208	1
499	1149	1
499	1390	1
499	2406	1
500	1481	1
500	555	1
500	1140	1
500	551	1
500	119	1
500	287	1
500	1042	1
500	118	1
500	1354	1
500	653	1
500	2486	1
500	875	1
500	1462	1
500	3033	1
500	2568	1
500	2703	1
500	2344	1
500	1488	1
500	950	1
500	2597	1
500	2315	1
500	3009	1
500	2296	1
500	2746	1
500	144	1
500	3037	1
500	158	1
500	2967	1
500	823	1
500	1704	1
500	997	1
500	952	1
500	2246	1
500	437	1
500	1197	1
500	2180	1
500	80	1
500	535	1
500	2604	1
500	2453	1
500	1008	1
500	2849	1
500	2232	1
501	555	1
501	2976	1
501	1684	1
501	551	1
501	940	1
501	991	1
501	1042	1
501	2857	1
501	118	1
501	1354	1
501	1947	1
501	741	1
501	2486	1
501	875	1
501	2502	1
501	2551	1
501	715	1
501	2344	1
501	2296	1
501	144	1
501	1101	1
501	158	1
501	2967	1
501	1314	1
501	823	1
501	997	1
501	2246	1
501	437	1
501	2237	1
501	535	1
502	809	1
502	2976	1
502	1684	1
502	551	1
502	219	1
502	118	1
502	741	1
502	875	1
502	1460	1
502	2502	1
502	1462	1
502	543	1
502	1123	1
502	1551	1
502	3009	1
502	2268	1
502	2296	1
502	2746	1
502	1181	1
502	145	1
502	158	1
502	2348	1
502	2967	1
502	1314	1
502	823	1
502	777	1
503	1481	1
503	1684	1
503	435	1
503	2857	1
503	679	1
503	1333	1
503	2486	1
503	2693	1
503	2588	1
503	543	1
503	715	1
503	1056	1
503	455	1
503	2296	1
503	158	1
503	1344	1
503	2489	1
503	535	1
503	1351	1
503	1479	1
503	1346	1
504	3100	1
504	2976	1
504	551	1
504	219	1
504	909	1
504	2857	1
504	653	1
504	741	1
504	2551	1
504	1079	1
504	543	1
504	715	1
504	2620	1
504	1563	1
504	2967	1
504	1314	1
504	1197	1
504	1689	1
504	1351	1
505	767	1
505	232	1
505	230	1
505	543	1
505	936	1
505	2746	1
505	2967	1
505	1314	1
506	767	1
506	1433	1
506	2857	1
506	1079	1
506	2791	1
506	2746	1
506	862	1
506	2967	1
506	1314	1
506	952	1
506	1197	1
506	1612	1
507	936	1
508	2857	1
508	653	1
508	1460	1
508	936	1
508	2746	1
508	2967	1
508	75	1
508	1197	1
509	809	1
509	1684	1
509	767	1
509	232	1
509	219	1
509	287	1
509	1042	1
509	1790	1
509	741	1
509	1460	1
509	2502	1
509	543	1
509	2703	1
509	715	1
509	3009	1
509	2296	1
509	2746	1
509	158	1
509	1432	1
509	1314	1
509	952	1
509	2789	1
509	1197	1
509	2489	1
509	1351	1
509	472	1
510	2119	1
510	868	1
510	219	1
510	2857	1
510	741	1
510	1397	1
510	715	1
510	2344	1
510	1972	1
510	655	1
510	1693	1
510	1356	1
510	952	1
510	2789	1
510	1351	1
511	1345	1
511	2967	1
511	1314	1
512	592	1
512	2857	1
512	910	1
512	2643	1
512	3035	1
512	75	1
512	952	1
512	903	1
513	1993	1
513	1790	1
513	1947	1
513	2763	1
513	1078	1
514	1667	1
514	232	1
514	219	1
514	1042	1
514	2857	1
514	910	1
514	1460	1
514	2150	1
514	2457	1
514	2344	1
514	1972	1
514	2701	1
514	2967	1
514	75	1
514	1314	1
514	2973	1
514	2614	1
514	903	1
515	1294	1
515	551	1
515	119	1
515	232	1
515	435	1
515	1254	1
515	2857	1
515	118	1
515	2486	1
515	1460	1
515	2502	1
515	2551	1
515	281	1
515	543	1
515	2568	1
515	1611	1
515	144	1
515	1904	1
515	2967	1
515	1314	1
515	80	1
515	535	1
516	767	1
516	1042	1
516	1947	1
516	741	1
516	3084	1
516	543	1
516	2703	1
516	2457	1
516	358	1
516	75	1
516	2980	1
517	653	1
517	1947	1
517	3084	1
517	543	1
517	1345	1
517	2703	1
517	2457	1
517	75	1
517	1351	1
517	2980	1
518	98	1
518	2068	1
518	706	1
518	124	1
518	617	1
518	349	1
518	2406	1
519	767	1
519	230	1
519	1079	1
519	1345	1
519	1693	1
519	1400	1
519	1101	1
519	1314	1
519	2789	1
520	1874	1
520	287	1
520	2857	1
520	741	1
520	543	1
520	2296	1
520	2967	1
520	75	1
520	1314	1
520	2789	1
520	777	1
520	1197	1
521	1874	1
521	119	1
521	287	1
521	435	1
521	1254	1
521	875	1
521	2551	1
521	715	1
521	2296	1
521	1101	1
521	823	1
521	1344	1
521	80	1
521	1008	1
522	85	1
522	1294	1
522	1790	1
522	1940	1
522	1991	1
522	2275	1
522	2791	1
522	2763	1
522	146	1
522	693	1
522	562	1
522	2305	1
522	540	1
522	974	1
522	952	1
522	1379	1
522	1197	1
523	1479	1
524	2160	1
525	2331	1
525	2791	1
525	2763	1
525	2701	1
525	1379	1
525	689	1
526	1790	1
526	2763	1
526	689	1
526	2852	1
526	1078	1
527	592	1
527	1947	1
527	3084	1
527	2643	1
527	2701	1
527	1619	1
527	952	1
527	689	1
527	2260	1
527	1078	1
528	1790	1
528	1947	1
528	2763	1
528	689	1
529	920	1
529	1619	1
529	689	1
529	2260	1
529	1078	1
530	562	1
530	2968	1
530	2714	1
531	1684	1
531	119	1
531	435	1
531	2857	1
531	2502	1
531	543	1
531	2967	1
531	1314	1
531	628	1
531	1344	1
531	1197	1
532	2857	1
532	2699	1
532	2502	1
533	1294	1
533	2709	1
533	1042	1
533	2857	1
533	910	1
533	653	1
533	1947	1
533	543	1
533	1449	1
533	2701	1
533	2746	1
533	2620	1
533	1400	1
533	1989	1
533	2370	1
533	952	1
533	2973	1
533	1197	1
533	359	1
533	2093	1
534	940	1
534	2857	1
534	950	1
534	2296	1
534	2746	1
534	2967	1
534	1086	1
534	1314	1
534	777	1
534	2648	1
535	2886	1
535	809	1
535	2598	1
535	551	1
535	353	1
535	2952	1
535	940	1
535	1878	1
535	741	1
535	771	1
535	1409	1
535	702	1
535	543	1
535	2703	1
535	2114	1
535	688	1
535	2597	1
535	1094	1
535	2569	1
535	29	1
535	1400	1
535	2967	1
535	1086	1
535	70	1
535	2690	1
535	1867	1
535	1689	1
535	1255	1
535	1457	1
536	2371	1
536	809	1
536	2952	1
536	430	1
536	1254	1
536	706	1
536	653	1
536	1333	1
536	1947	1
536	2549	1
536	771	1
536	2486	1
536	1490	1
536	2456	1
536	277	1
536	2699	1
536	1915	1
536	1389	1
536	543	1
536	2457	1
536	715	1
536	2643	1
536	1470	1
536	2996	1
536	2701	1
536	2296	1
536	2746	1
536	2987	1
536	2620	1
536	1217	1
536	233	1
536	1637	1
536	1640	1
536	1210	1
536	158	1
536	563	1
536	2967	1
536	1443	1
536	75	1
536	1197	1
536	1867	1
536	1689	1
536	424	1
536	1604	1
536	418	1
536	644	1
536	2453	1
536	1706	1
536	2510	1
536	796	1
536	2654	1
536	2849	1
536	1457	1
536	472	1
537	1947	1
537	2735	1
537	2643	1
537	2763	1
537	689	1
537	1078	1
538	3008	1
538	1079	1
538	2967	1
538	1314	1
538	1523	1
538	2789	1
538	2614	1
538	1351	1
539	2976	1
539	2857	1
539	1345	1
539	252	1
539	1761	1
540	119	1
540	2523	1
540	2486	1
540	1079	1
540	2701	1
540	2967	1
540	952	1
540	2965	1
541	1345	1
541	2789	1
542	767	1
542	116	1
542	1345	1
542	1400	1
542	743	1
543	3100	1
543	551	1
543	435	1
543	543	1
543	1123	1
543	715	1
543	1825	1
543	1611	1
543	2296	1
543	700	1
543	459	1
543	2348	1
543	107	1
543	535	1
544	1123	1
544	1825	1
544	107	1
544	2055	1
544	535	1
545	543	1
545	75	1
545	2789	1
545	2980	1
546	3100	1
546	1669	1
546	619	1
546	1187	1
546	230	1
546	3008	1
546	48	1
546	1296	1
546	2549	1
546	1737	1
546	2038	1
546	2090	1
546	1345	1
546	2435	1
546	2032	1
546	778	1
546	876	1
546	2597	1
546	2268	1
546	930	1
546	2746	1
546	1400	1
546	332	1
546	2196	1
546	2846	1
546	1564	1
546	2967	1
546	75	1
546	952	1
546	1511	1
546	2964	1
546	1197	1
546	361	1
546	2578	1
546	796	1
547	3100	1
547	619	1
547	1225	1
547	3008	1
547	1042	1
547	2857	1
547	741	1
547	2699	1
547	2150	1
547	2090	1
547	2344	1
547	2597	1
547	489	1
547	928	1
547	2746	1
547	2378	1
547	2987	1
547	2668	1
547	1400	1
547	1210	1
547	2967	1
547	1314	1
547	2900	1
547	2614	1
547	488	1
547	2248	1
547	361	1
548	2371	1
548	230	1
548	1433	1
548	3008	1
548	1042	1
548	2857	1
548	741	1
548	2351	1
548	2150	1
548	1079	1
548	1881	1
548	543	1
548	2703	1
548	2451	1
548	2344	1
548	876	1
548	2597	1
548	489	1
548	3135	1
548	2746	1
548	2378	1
548	2757	1
548	2987	1
548	2785	1
548	1400	1
548	2933	1
548	1232	1
548	2967	1
548	2789	1
548	1324	1
548	2614	1
548	535	1
548	1351	1
548	2714	1
548	1572	1
549	3100	1
549	2523	1
549	232	1
549	230	1
549	435	1
549	3008	1
549	741	1
549	2351	1
549	2150	1
549	2090	1
549	543	1
549	2451	1
549	715	1
549	2597	1
549	3135	1
549	2746	1
549	2757	1
549	459	1
549	1400	1
549	2203	1
549	2933	1
549	1234	1
549	1210	1
549	1563	1
549	75	1
549	1314	1
549	3059	1
549	952	1
549	2900	1
549	1197	1
549	2614	1
549	488	1
549	1689	1
549	1351	1
549	2167	1
549	1572	1
550	2663	1
550	800	1
550	555	1
550	1684	1
550	119	1
550	219	1
550	659	1
550	2261	1
550	2857	1
550	242	1
550	741	1
550	1104	1
550	3068	1
550	2	1
550	2540	1
550	2457	1
550	2791	1
550	2425	1
550	715	1
550	812	1
550	2344	1
550	711	1
550	358	1
550	2701	1
550	554	1
550	1400	1
550	2725	1
550	3096	1
550	890	1
550	810	1
550	2967	1
550	1314	1
550	2745	1
550	952	1
550	1438	1
550	2789	1
550	349	1
550	1331	1
550	203	1
550	1372	1
550	1612	1
551	809	1
551	119	1
551	435	1
551	940	1
551	2261	1
551	2857	1
551	2703	1
551	2344	1
551	2427	1
551	1447	1
551	1314	1
551	1438	1
551	1093	1
551	1457	1
552	1874	1
552	2141	1
552	2197	1
553	2976	1
553	435	1
553	1345	1
553	1063	1
554	552	1
554	2763	1
554	1379	1
554	1078	1
555	1874	1
555	219	1
555	2141	1
555	2197	1
555	1314	1
556	617	1
556	2194	1
556	584	1
557	3100	1
557	3065	1
557	774	1
557	909	1
557	925	1
557	116	1
557	543	1
557	1345	1
557	2457	1
557	930	1
557	1564	1
557	145	1
557	1563	1
557	1523	1
557	2964	1
557	2789	1
557	437	1
557	777	1
557	107	1
557	2248	1
557	1351	1
557	508	1
558	1790	1
558	2735	1
558	2763	1
558	689	1
558	1078	1
559	1294	1
559	2828	1
559	2857	1
559	2150	1
559	543	1
559	2620	1
559	1400	1
559	1314	1
559	1742	1
559	1363	1
559	1197	1
560	2857	1
560	2701	1
560	1149	1
560	75	1
561	435	1
561	2857	1
561	741	1
561	2703	1
561	2643	1
561	2701	1
561	2746	1
561	588	1
561	2967	1
561	75	1
561	1314	1
562	2857	1
562	2701	1
562	1149	1
562	75	1
563	2701	1
563	1400	1
563	1149	1
563	75	1
564	2857	1
564	653	1
564	2457	1
564	1449	1
564	2987	1
564	2602	1
564	1149	1
564	75	1
565	1790	1
565	1345	1
565	7	1
565	700	1
565	2602	1
565	75	1
565	2545	1
565	1363	1
566	741	1
566	543	1
566	2457	1
566	2643	1
566	2746	1
566	1400	1
566	1149	1
566	2967	1
566	75	1
566	952	1
566	2973	1
566	1197	1
567	2068	1
567	2857	1
567	2220	1
567	2703	1
567	969	1
567	2701	1
567	3098	1
567	335	1
567	1149	1
567	2154	1
567	2967	1
567	2130	1
568	1790	1
568	77	1
568	543	1
568	2703	1
568	969	1
568	1611	1
568	2481	1
568	3085	1
568	1693	1
568	862	1
568	3080	1
568	2196	1
568	2593	1
568	1149	1
568	1314	1
568	1394	1
569	2571	1
569	4	1
569	1042	1
569	741	1
569	3084	1
569	1460	1
569	1534	1
569	2643	1
569	2701	1
569	2296	1
569	2987	1
569	75	1
570	2857	1
570	120	1
570	1345	1
570	2602	1
570	1149	1
570	1486	1
570	2967	1
570	75	1
570	1363	1
571	1683	1
571	1042	1
571	2857	1
571	653	1
571	83	1
571	543	1
571	2457	1
571	299	1
571	1032	1
571	2341	1
571	2424	1
571	2811	1
571	1149	1
571	2944	1
571	2967	1
571	1344	1
571	1363	1
571	1388	1
572	1790	1
572	2763	1
572	689	1
573	1294	1
573	1790	1
573	2275	1
573	2703	1
573	2763	1
573	689	1
573	1078	1
574	2338	1
574	1790	1
574	2735	1
574	2763	1
574	2916	1
574	1149	1
574	2852	1
575	767	1
575	2857	1
575	2457	1
575	1149	1
575	1314	1
576	2763	1
576	1379	1
576	689	1
576	1078	1
577	1940	1
577	2763	1
577	1379	1
578	767	1
578	119	1
578	2857	1
578	1790	1
578	2435	1
578	2457	1
578	299	1
578	2481	1
578	862	1
578	1197	1
578	2734	1
578	1091	1
579	1790	1
579	1947	1
579	2735	1
579	689	1
579	1078	1
580	2119	1
580	435	1
580	21	1
580	2791	1
580	1271	1
580	2643	1
580	2763	1
580	3040	1
580	1693	1
580	2701	1
580	1356	1
580	474	1
580	67	1
580	2783	1
580	2287	1
580	1149	1
580	305	1
580	75	1
580	952	1
580	1636	1
580	369	1
580	159	1
581	1790	1
581	2735	1
581	197	1
581	936	1
581	1078	1
582	2763	1
582	75	1
582	1379	1
582	689	1
583	1790	1
583	1149	1
583	1619	1
583	689	1
583	1078	1
584	219	1
584	3008	1
584	2857	1
584	771	1
584	1856	1
584	2937	1
584	2556	1
584	3110	1
584	256	1
584	2967	1
584	1432	1
584	1444	1
584	75	1
584	1103	1
584	1344	1
584	2441	1
584	2734	1
584	2358	1
584	168	1
585	1294	1
585	2851	1
585	1450	1
585	45	1
585	1400	1
585	1761	1
585	1314	1
585	1511	1
585	2734	1
585	568	1
585	1612	1
586	98	1
586	767	1
586	232	1
586	653	1
586	2457	1
586	2344	1
586	2643	1
586	7	1
586	1032	1
586	2701	1
586	2746	1
586	2987	1
586	2075	1
586	75	1
586	1197	1
586	2734	1
586	349	1
586	1902	1
586	954	1
586	2130	1
587	1947	1
587	2643	1
587	2763	1
587	197	1
587	936	1
588	619	1
588	1938	1
588	119	1
588	2673	1
588	2549	1
588	116	1
588	2703	1
588	1374	1
588	527	1
588	1123	1
588	2597	1
588	1400	1
588	256	1
588	1149	1
588	2154	1
588	164	1
588	1432	1
588	1443	1
588	1314	1
588	1300	1
588	1197	1
588	2969	1
588	2520	1
588	2827	1
588	472	1
588	1612	1
589	767	1
589	2857	1
589	543	1
589	1345	1
589	2457	1
589	2344	1
589	2643	1
589	2701	1
589	1400	1
589	2967	1
589	75	1
589	1314	1
589	2973	1
589	2248	1
590	1790	1
590	2916	1
590	689	1
591	1790	1
591	2735	1
591	1078	1
592	2414	1
592	2857	1
592	910	1
592	414	1
592	2415	1
592	543	1
592	2344	1
592	1449	1
592	2701	1
592	1400	1
592	2148	1
592	2967	1
592	1338	1
592	75	1
592	1314	1
592	952	1
592	1344	1
592	1091	1
592	349	1
592	2520	1
593	1294	1
593	3008	1
593	2857	1
593	543	1
593	2457	1
593	2344	1
593	1449	1
593	2701	1
593	1356	1
593	1400	1
593	2148	1
593	2967	1
593	952	1
593	1344	1
593	1197	1
593	349	1
593	2520	1
593	1479	1
594	1294	1
594	653	1
594	2150	1
594	2701	1
594	1356	1
594	2620	1
594	2967	1
594	437	1
594	2520	1
594	1479	1
595	98	1
595	1294	1
595	2049	1
595	1790	1
595	910	1
595	1856	1
595	2275	1
595	384	1
595	1149	1
595	2967	1
595	1363	1
595	1902	1
595	188	1
596	3100	1
596	98	1
596	2119	1
596	352	1
596	119	1
596	3060	1
596	2908	1
596	1042	1
596	194	1
596	741	1
596	2549	1
596	771	1
596	277	1
596	2213	1
596	543	1
596	2791	1
596	2344	1
596	820	1
596	384	1
596	711	1
596	2307	1
596	2701	1
596	1442	1
596	1969	1
596	1356	1
596	1400	1
596	2234	1
596	1149	1
596	454	1
596	2967	1
596	75	1
596	1314	1
596	1704	1
596	952	1
596	2441	1
596	2767	1
596	2734	1
596	1703	1
596	349	1
596	472	1
597	98	1
597	287	1
597	2857	1
597	118	1
597	3084	1
597	1035	1
597	1079	1
597	2457	1
597	2643	1
597	2996	1
597	2701	1
597	2967	1
597	75	1
597	1314	1
597	2614	1
598	1294	1
598	435	1
598	1042	1
598	2857	1
598	653	1
598	2986	1
598	1947	1
598	741	1
598	1460	1
598	2150	1
598	116	1
598	2457	1
598	2791	1
598	2945	1
598	2643	1
598	2701	1
598	2967	1
598	75	1
598	437	1
598	1612	1
599	1294	1
599	230	1
599	2986	1
599	3084	1
599	116	1
599	2457	1
599	2945	1
599	2344	1
599	2643	1
599	2620	1
599	1400	1
599	1149	1
599	75	1
599	253	1
599	349	1
600	1294	1
600	706	1
600	2150	1
600	2643	1
600	936	1
600	2701	1
600	1400	1
600	2967	1
600	75	1
601	2763	1
601	689	1
602	1790	1
602	2735	1
602	2763	1
602	134	1
602	689	1
603	2735	1
603	2763	1
603	1149	1
603	689	1
603	1078	1
604	1988	1
604	696	1
604	2857	1
604	1149	1
604	952	1
604	584	1
605	2735	1
605	224	1
605	2275	1
605	2791	1
605	2763	1
605	2852	1
606	1790	1
606	2735	1
606	1078	1
607	2763	1
607	2916	1
607	1078	1
608	938	1
608	1828	1
608	206	1
608	2703	1
608	299	1
608	2344	1
608	1739	1
608	2763	1
608	1149	1
608	321	1
608	2852	1
608	1078	1
609	1294	1
609	1790	1
609	1947	1
609	2735	1
609	2643	1
609	2763	1
609	197	1
609	936	1
609	1149	1
610	2275	1
610	2763	1
610	2852	1
611	1790	1
611	2735	1
611	689	1
611	1078	1
612	1790	1
612	3127	1
612	1145	1
612	969	1
612	1149	1
612	1486	1
613	1790	1
613	2735	1
613	2763	1
613	1078	1
614	3100	1
614	1790	1
614	543	1
614	1972	1
614	7	1
614	2481	1
614	1761	1
614	1149	1
614	2967	1
614	2067	1
614	2130	1
615	592	1
615	2015	1
615	3060	1
615	1790	1
615	2220	1
615	1145	1
615	969	1
615	2643	1
615	820	1
615	2701	1
615	933	1
615	951	1
615	454	1
615	75	1
615	642	1
616	119	1
616	435	1
616	940	1
616	543	1
616	2296	1
616	722	1
616	2967	1
616	1314	1
616	1197	1
617	3100	1
617	1294	1
617	435	1
617	77	1
617	2703	1
617	2457	1
617	2701	1
617	1356	1
617	1400	1
617	454	1
617	1314	1
617	437	1
618	1667	1
618	2538	1
618	1790	1
618	706	1
618	1947	1
618	818	1
618	2643	1
618	1356	1
618	2811	1
618	1149	1
618	454	1
618	2967	1
618	349	1
618	1612	1
619	767	1
619	2857	1
619	653	1
619	1345	1
619	75	1
619	1197	1
619	1351	1
620	3100	1
620	619	1
620	2119	1
620	2915	1
620	119	1
620	230	1
620	2059	1
620	435	1
620	1042	1
620	118	1
620	194	1
620	1947	1
620	741	1
620	277	1
620	2699	1
620	1460	1
620	515	1
620	2693	1
620	116	1
620	543	1
620	2703	1
620	155	1
620	1123	1
620	2344	1
620	1449	1
620	1611	1
620	936	1
620	2701	1
620	2296	1
620	2746	1
620	1400	1
620	630	1
620	1447	1
620	75	1
620	1344	1
620	437	1
620	1361	1
620	1197	1
620	383	1
620	535	1
620	359	1
620	2654	1
620	376	1
621	98	1
621	1294	1
621	2119	1
621	551	1
621	2908	1
621	1042	1
621	2857	1
621	1201	1
621	741	1
621	2486	1
621	1460	1
621	2150	1
621	2703	1
621	2457	1
621	715	1
621	2344	1
621	2643	1
621	2296	1
621	2967	1
621	952	1
621	2248	1
621	1532	1
621	359	1
621	1479	1
622	551	1
622	219	1
622	653	1
622	543	1
622	2457	1
622	2344	1
622	1611	1
622	655	1
622	2701	1
622	2296	1
622	1356	1
622	2620	1
622	1400	1
622	2967	1
622	1197	1
623	119	1
623	232	1
623	230	1
623	219	1
623	1042	1
623	1057	1
623	116	1
623	543	1
623	2457	1
623	2701	1
623	2746	1
623	1400	1
623	2967	1
623	1197	1
623	535	1
623	359	1
624	3057	1
624	1294	1
624	283	1
624	2970	1
624	2144	1
624	551	1
624	119	1
624	232	1
624	320	1
624	219	1
624	435	1
624	1042	1
624	2857	1
624	653	1
624	741	1
624	2502	1
624	1057	1
624	1881	1
624	543	1
624	2344	1
624	1449	1
624	1611	1
624	1654	1
624	2701	1
624	2746	1
624	3098	1
624	335	1
624	2646	1
624	1400	1
624	1447	1
624	611	1
624	1149	1
624	145	1
624	1563	1
624	2967	1
624	75	1
624	2392	1
624	952	1
624	437	1
624	107	1
624	2325	1
624	424	1
624	1351	1
624	2520	1
624	2654	1
625	1481	1
625	2976	1
625	441	1
625	1366	1
625	2551	1
625	1598	1
625	144	1
625	1008	1
626	3100	1
626	809	1
626	2119	1
626	2976	1
626	1684	1
626	551	1
626	868	1
626	119	1
626	1920	1
626	219	1
626	909	1
626	1042	1
626	2857	1
626	511	1
626	653	1
626	2486	1
626	2699	1
626	1460	1
626	1057	1
626	116	1
626	2791	1
626	715	1
626	1883	1
626	1611	1
626	358	1
626	2296	1
626	1442	1
626	2006	1
626	459	1
626	144	1
626	1418	1
626	3124	1
626	1181	1
626	145	1
626	1563	1
626	1512	1
626	75	1
626	1314	1
626	2392	1
626	997	1
626	2589	1
626	1344	1
626	777	1
626	1197	1
626	107	1
626	535	1
626	1351	1
626	2980	1
626	2654	1
627	1294	1
627	1667	1
627	1358	1
627	767	1
627	119	1
627	2150	1
627	2701	1
627	2620	1
627	1400	1
627	1314	1
627	952	1
627	1511	1
627	2441	1
627	1351	1
627	2980	1
628	1790	1
628	2735	1
628	2763	1
628	1149	1
628	2852	1
629	1940	1
629	2331	1
629	2763	1
629	1197	1
629	1078	1
629	3119	1
630	1790	1
630	2735	1
630	2643	1
630	197	1
630	2701	1
630	1314	1
630	689	1
630	1078	1
631	1294	1
631	767	1
631	219	1
631	936	1
631	2967	1
631	75	1
631	1314	1
631	1197	1
632	1790	1
632	1947	1
632	2763	1
632	197	1
632	584	1
632	689	1
633	2862	1
633	2763	1
633	1197	1
633	2852	1
633	1078	1
634	2068	1
634	2908	1
634	2857	1
634	3084	1
634	2502	1
634	2340	1
634	2435	1
634	2703	1
634	299	1
634	1611	1
634	2701	1
634	2668	1
634	75	1
634	584	1
634	2734	1
635	2960	1
635	2331	1
635	1991	1
635	2791	1
635	2763	1
635	2701	1
635	2305	1
635	104	1
635	1314	1
635	1142	1
635	689	1
635	2260	1
636	1294	1
636	1993	1
636	2643	1
636	2916	1
636	1379	1
636	1078	1
637	1993	1
637	2643	1
637	2763	1
637	2916	1
637	689	1
638	1684	1
638	1162	1
638	435	1
638	706	1
638	2502	1
638	848	1
638	2372	1
638	543	1
638	1693	1
638	1400	1
638	3124	1
638	1149	1
638	2967	1
638	383	1
639	1790	1
639	1947	1
639	197	1
639	2916	1
639	689	1
639	1078	1
640	2538	1
640	2068	1
640	2150	1
640	1400	1
640	762	1
640	1149	1
640	2967	1
640	75	1
640	2734	1
641	98	1
641	2857	1
641	1991	1
641	2735	1
641	116	1
641	543	1
641	2203	1
641	1149	1
641	2967	1
641	75	1
642	2068	1
642	1162	1
642	1790	1
642	77	1
642	706	1
642	910	1
642	3085	1
642	1693	1
642	2701	1
642	1149	1
642	2967	1
643	435	1
643	940	1
643	2735	1
643	2502	1
643	543	1
643	2703	1
643	2344	1
643	2893	1
643	2967	1
643	1086	1
643	75	1
643	777	1
643	341	1
643	1197	1
643	2734	1
643	3002	1
644	2857	1
644	1149	1
644	75	1
645	2828	1
645	1790	1
645	653	1
645	1856	1
645	637	1
645	1345	1
645	969	1
645	2989	1
645	2746	1
645	3098	1
645	335	1
645	1761	1
645	1149	1
645	722	1
645	878	1
645	2967	1
645	75	1
645	1363	1
645	1592	1
645	424	1
645	1604	1
645	1078	1
646	299	1
646	1356	1
646	2967	1
646	75	1
646	1314	1
646	658	1
647	2338	1
647	3085	1
647	2701	1
648	1294	1
648	2360	1
648	2970	1
648	748	1
648	592	1
648	1938	1
648	1068	1
648	696	1
648	2673	1
648	2889	1
648	24	1
648	2735	1
648	2502	1
648	495	1
648	2372	1
648	543	1
648	527	1
648	1262	1
648	1348	1
648	2701	1
648	1149	1
648	2967	1
648	75	1
648	1314	1
648	1142	1
648	2975	1
648	1091	1
648	71	1
649	98	1
649	2534	1
649	435	1
649	2857	1
649	1947	1
649	2735	1
649	2150	1
649	543	1
649	1345	1
649	124	1
649	738	1
649	836	1
649	2701	1
649	1686	1
649	2620	1
649	1400	1
649	762	1
649	2370	1
649	75	1
649	1314	1
649	952	1
649	1363	1
649	359	1
649	349	1
649	1902	1
649	2406	1
649	369	1
650	98	1
650	767	1
650	230	1
650	2857	1
650	910	1
650	653	1
650	741	1
650	2735	1
650	2150	1
650	1345	1
650	124	1
650	738	1
650	836	1
650	1923	1
650	2701	1
650	3139	1
650	2967	1
650	1314	1
650	1523	1
650	2973	1
650	349	1
650	2406	1
650	369	1
651	551	1
651	219	1
651	2908	1
651	2857	1
651	3084	1
651	2150	1
651	2457	1
651	715	1
651	2344	1
651	1356	1
651	2620	1
651	2967	1
651	952	1
652	2701	1
652	1149	1
652	75	1
652	1078	1
653	3100	1
653	2865	1
653	809	1
653	2257	1
653	1684	1
653	1922	1
653	1433	1
653	435	1
653	2857	1
653	3084	1
653	1035	1
653	967	1
653	1881	1
653	715	1
653	2344	1
653	1654	1
653	307	1
653	1586	1
653	2203	1
653	145	1
653	1563	1
653	1512	1
653	75	1
653	777	1
653	1197	1
653	3022	1
654	1294	1
654	2857	1
654	116	1
654	2643	1
654	1356	1
654	1149	1
654	2967	1
654	75	1
654	1197	1
654	2130	1
655	2857	1
655	1149	1
655	75	1
656	77	1
656	2502	1
656	2275	1
656	2344	1
656	3085	1
656	2701	1
656	2746	1
656	1149	1
656	2967	1
656	75	1
656	2130	1
657	2857	1
657	1149	1
657	75	1
658	98	1
658	2950	1
658	653	1
658	1565	1
658	2457	1
658	2701	1
658	2746	1
658	3098	1
658	1356	1
658	1400	1
658	75	1
658	437	1
658	1363	1
658	3117	1
658	2797	1
658	2130	1
659	2703	1
659	2702	1
659	2344	1
659	2643	1
659	2701	1
659	1149	1
659	2967	1
659	75	1
659	1314	1
659	584	1
659	2734	1
659	1902	1
660	1790	1
660	936	1
660	2701	1
660	1149	1
660	2967	1
661	3100	1
661	98	1
661	2828	1
661	2857	1
661	1790	1
661	2701	1
661	2746	1
661	525	1
661	1197	1
661	2734	1
661	2130	1
662	283	1
662	2571	1
662	2381	1
662	219	1
662	2078	1
662	3084	1
662	2735	1
662	2502	1
662	2150	1
662	1881	1
662	347	1
662	2989	1
662	1400	1
662	2967	1
662	75	1
662	1197	1
662	1592	1
662	2707	1
662	2325	1
662	2734	1
662	1351	1
662	1902	1
663	2857	1
663	1149	1
663	2967	1
663	75	1
664	2538	1
664	3084	1
664	2275	1
664	2701	1
664	1149	1
664	2154	1
664	2967	1
664	2130	1
665	98	1
665	1667	1
665	2538	1
665	2703	1
665	2701	1
665	2746	1
665	1149	1
665	2154	1
665	75	1
665	1902	1
665	2130	1
666	1790	1
666	543	1
666	2643	1
666	2701	1
666	2746	1
666	1149	1
666	2967	1
666	1197	1
666	172	1
667	98	1
667	2538	1
667	2857	1
667	1790	1
667	2735	1
667	2275	1
667	1345	1
667	2457	1
667	2945	1
667	778	1
667	2643	1
667	7	1
667	2763	1
667	1032	1
667	240	1
667	3098	1
667	45	1
667	1761	1
667	1149	1
667	2154	1
667	2370	1
667	2967	1
667	1314	1
667	1324	1
667	1197	1
667	584	1
667	3117	1
667	1902	1
667	903	1
668	1149	1
668	2967	1
668	2130	1
669	2857	1
669	2701	1
669	75	1
669	1314	1
669	2130	1
670	3084	1
670	1345	1
670	3085	1
670	936	1
670	2701	1
670	700	1
670	1149	1
670	75	1
670	1197	1
670	2130	1
671	2857	1
671	1149	1
671	2967	1
672	2701	1
672	2967	1
672	75	1
673	2857	1
673	2643	1
673	2701	1
673	1761	1
673	1149	1
674	2857	1
674	2344	1
674	1761	1
674	1149	1
674	75	1
674	2130	1
675	3060	1
675	2857	1
675	1460	1
675	120	1
675	543	1
675	2457	1
675	1449	1
675	969	1
675	1032	1
675	2701	1
675	700	1
675	335	1
675	1287	1
675	2967	1
675	75	1
675	2545	1
675	1885	1
675	1363	1
675	2514	1
676	2119	1
676	2820	1
676	2333	1
676	2857	1
676	1743	1
676	673	1
676	2382	1
676	1688	1
676	2502	1
676	2344	1
676	2681	1
676	135	1
676	3056	1
676	1693	1
676	2296	1
676	45	1
676	1418	1
676	1597	1
676	758	1
676	995	1
676	2967	1
676	1289	1
676	798	1
676	1197	1
676	664	1
676	1636	1
676	1807	1
676	2640	1
676	851	1
676	687	1
677	2735	1
677	2643	1
677	2916	1
677	689	1
677	2852	1
677	1078	1
678	592	1
678	2857	1
678	1685	1
678	3084	1
678	818	1
678	2701	1
679	3100	1
679	2571	1
679	232	1
679	2534	1
679	435	1
679	2857	1
679	1685	1
679	120	1
679	543	1
679	818	1
679	397	1
679	2378	1
679	1356	1
679	89	1
679	1149	1
679	2967	1
679	75	1
679	2614	1
679	2083	1
679	1520	1
680	1790	1
680	2481	1
680	2701	1
680	1149	1
680	2154	1
680	272	1
681	2534	1
681	3008	1
681	194	1
681	1565	1
681	3084	1
681	2457	1
681	347	1
681	2643	1
681	307	1
681	3054	1
681	1563	1
681	2967	1
681	75	1
681	1314	1
681	952	1
681	1197	1
681	2614	1
681	107	1
681	535	1
681	1351	1
681	2093	1
682	2976	1
682	435	1
682	1947	1
682	2551	1
682	1345	1
682	2344	1
682	2643	1
682	1356	1
682	1400	1
682	2967	1
682	1314	1
682	2392	1
682	437	1
682	2130	1
683	1790	1
683	2481	1
683	2701	1
683	1356	1
683	1149	1
683	454	1
684	2857	1
684	1149	1
684	75	1
685	2338	1
685	2857	1
685	1790	1
685	1947	1
685	299	1
685	2811	1
686	1294	1
686	2857	1
686	741	1
686	2150	1
686	2597	1
686	1063	1
686	2701	1
686	2746	1
686	2967	1
686	2392	1
686	1372	1
687	419	1
687	2857	1
687	3084	1
687	543	1
687	2703	1
687	2643	1
687	2746	1
687	1149	1
687	2967	1
687	1314	1
687	1197	1
688	419	1
688	435	1
688	2857	1
688	3084	1
688	2150	1
688	2703	1
688	2643	1
688	1063	1
688	2701	1
688	1400	1
688	2967	1
688	75	1
688	1197	1
689	1667	1
689	2857	1
689	2862	1
689	2150	1
689	1079	1
689	2344	1
689	2643	1
689	1761	1
689	1197	1
689	349	1
689	1612	1
690	767	1
690	232	1
690	435	1
690	2502	1
690	543	1
690	2344	1
690	1761	1
690	2967	1
690	2392	1
690	1523	1
690	1351	1
691	3100	1
691	767	1
691	232	1
691	230	1
691	2857	1
691	543	1
691	1197	1
691	2520	1
692	3100	1
692	767	1
692	232	1
692	2502	1
692	1057	1
692	543	1
692	2344	1
692	2378	1
692	1761	1
692	2967	1
692	1314	1
692	1523	1
692	111	1
692	1351	1
693	3100	1
693	767	1
693	551	1
693	2709	1
693	232	1
693	230	1
693	1183	1
693	219	1
693	1042	1
693	2857	1
693	653	1
693	2502	1
693	1057	1
693	2551	1
693	543	1
693	2701	1
693	700	1
693	1761	1
693	1381	1
693	1181	1
693	145	1
693	2967	1
693	75	1
693	1314	1
693	1523	1
693	2789	1
693	437	1
693	1197	1
693	2248	1
694	119	1
694	77	1
694	1991	1
694	2862	1
694	2150	1
694	2643	1
694	2989	1
694	465	1
694	75	1
694	584	1
694	2734	1
695	2976	1
695	2502	1
695	1761	1
695	2392	1
696	98	1
696	223	1
696	1294	1
696	2414	1
696	2976	1
696	592	1
696	232	1
696	2857	1
696	653	1
696	1460	1
696	2502	1
696	2150	1
696	1079	1
696	1825	1
696	1356	1
696	1761	1
696	1149	1
696	2967	1
696	1314	1
696	2392	1
696	952	1
696	437	1
696	2734	1
697	2976	1
697	232	1
697	435	1
697	2392	1
698	767	1
698	230	1
698	2534	1
698	2857	1
698	679	1
698	653	1
698	2551	1
698	2588	1
698	543	1
698	3020	1
698	1449	1
698	1063	1
698	2296	1
698	1761	1
698	1181	1
698	1314	1
698	1523	1
698	437	1
698	1197	1
698	1351	1
698	2520	1
699	3100	1
699	767	1
699	230	1
699	219	1
699	2534	1
699	1042	1
699	2857	1
699	3084	1
699	1881	1
699	284	1
699	1063	1
699	2701	1
699	1442	1
699	1761	1
699	722	1
699	2967	1
699	1432	1
699	1314	1
699	2392	1
699	1523	1
699	111	1
699	1197	1
699	1351	1
700	3100	1
700	219	1
700	435	1
700	741	1
700	116	1
700	2296	1
700	1761	1
700	422	1
700	2520	1
701	3100	1
701	767	1
701	219	1
701	1042	1
701	2857	1
701	679	1
701	653	1
701	741	1
701	2551	1
701	543	1
701	3020	1
701	284	1
701	1063	1
701	2620	1
701	1761	1
701	2967	1
701	1432	1
701	1314	1
701	111	1
701	2055	1
701	1351	1
701	2520	1
702	767	1
702	435	1
702	1856	1
702	2150	1
702	543	1
702	2701	1
702	1149	1
702	75	1
702	1314	1
702	1197	1
702	1592	1
703	2571	1
703	2257	1
703	767	1
703	1433	1
703	909	1
703	2059	1
703	435	1
703	3008	1
703	679	1
703	2014	1
703	543	1
703	2703	1
703	2457	1
703	347	1
703	876	1
703	2296	1
703	2746	1
703	307	1
703	1400	1
703	75	1
703	2786	1
703	2964	1
703	1197	1
703	2980	1
703	1572	1
704	811	1
704	219	1
704	435	1
704	991	1
704	1042	1
704	194	1
704	2502	1
704	2551	1
704	543	1
704	2435	1
704	683	1
704	2344	1
704	1611	1
704	2772	1
704	2982	1
704	2746	1
704	2065	1
704	890	1
704	2348	1
704	2967	1
704	1432	1
704	2392	1
704	2055	1
704	2642	1
704	535	1
705	2857	1
705	543	1
705	2457	1
705	722	1
705	2967	1
705	75	1
705	1197	1
706	435	1
706	2275	1
706	2758	1
706	2701	1
706	1149	1
706	75	1
707	1451	1
707	223	1
707	1992	1
707	3014	1
707	2193	1
707	1790	1
707	77	1
707	2502	1
707	1079	1
707	2344	1
707	2643	1
707	843	1
707	1436	1
707	1348	1
707	45	1
707	1400	1
707	134	1
707	2154	1
707	914	1
707	792	1
707	2967	1
707	1300	1
707	1197	1
707	584	1
707	349	1
707	1612	1
708	1988	1
708	2338	1
708	2628	1
708	1042	1
708	1790	1
708	2282	1
708	2275	1
708	2344	1
708	2643	1
708	936	1
708	514	1
708	762	1
708	906	1
708	1149	1
708	75	1
708	952	1
708	2299	1
708	658	1
709	2857	1
709	2701	1
709	2746	1
709	1149	1
709	75	1
710	435	1
710	2150	1
710	120	1
710	2457	1
710	1969	1
710	2602	1
710	2967	1
710	75	1
710	1314	1
710	2545	1
710	2514	1
711	1294	1
711	2571	1
711	767	1
711	2059	1
711	2857	1
711	653	1
711	2986	1
711	116	1
711	738	1
711	1063	1
711	2620	1
711	2967	1
711	2973	1
711	1604	1
711	349	1
711	2520	1
711	472	1
712	98	1
712	1667	1
712	1433	1
712	909	1
712	2534	1
712	2857	1
712	802	1
712	741	1
712	3084	1
712	2150	1
712	2680	1
712	543	1
712	2457	1
712	347	1
712	2146	1
712	1728	1
712	307	1
712	45	1
712	2620	1
712	1563	1
712	1314	1
712	2789	1
712	2441	1
712	2614	1
712	1592	1
712	107	1
712	1248	1
712	1351	1
712	954	1
712	1612	1
713	2660	1
713	474	1
713	2148	1
713	2154	1
713	584	1
714	1790	1
714	1149	1
714	2148	1
714	2967	1
714	952	1
714	2544	1
715	1149	1
715	75	1
715	1197	1
716	1991	1
716	1149	1
717	1790	1
717	2763	1
717	197	1
717	936	1
717	1078	1
718	3100	1
718	1294	1
718	2970	1
718	219	1
718	2059	1
718	435	1
718	2502	1
718	2150	1
718	543	1
718	1611	1
718	357	1
718	1761	1
718	2348	1
718	2392	1
718	437	1
718	1197	1
718	535	1
718	1351	1
719	2701	1
719	2967	1
719	75	1
719	2130	1
720	287	1
720	1697	1
720	299	1
720	1149	1
720	75	1
720	2130	1
721	2857	1
721	1790	1
721	77	1
721	2703	1
721	299	1
721	3021	1
721	2701	1
721	2967	1
722	2857	1
722	1697	1
722	2791	1
722	299	1
722	700	1
722	1356	1
722	2967	1
722	75	1
723	98	1
723	1294	1
723	767	1
723	1187	1
723	232	1
723	230	1
723	1982	1
723	2908	1
723	3008	1
723	1042	1
723	2857	1
723	1296	1
723	1201	1
723	741	1
723	1460	1
723	1035	1
723	2339	1
723	2693	1
723	2150	1
723	668	1
723	2213	1
723	83	1
723	116	1
723	2919	1
723	936	1
723	2022	1
723	459	1
723	1761	1
723	2967	1
723	75	1
723	2440	1
723	952	1
723	2973	1
723	1511	1
723	437	1
723	2614	1
723	488	1
723	107	1
723	2734	1
723	535	1
723	1351	1
723	2484	1
723	1479	1
723	1244	1
723	472	1
724	2857	1
724	1790	1
724	2701	1
724	1356	1
724	2967	1
725	2857	1
725	2502	1
725	2344	1
725	2643	1
725	1693	1
725	2701	1
725	2620	1
725	1400	1
725	1314	1
725	952	1
725	2734	1
726	767	1
726	2457	1
726	1356	1
726	2967	1
727	98	1
727	1294	1
727	2970	1
727	219	1
727	435	1
727	2857	1
727	2150	1
727	2344	1
727	2620	1
727	1400	1
727	1314	1
727	1197	1
727	535	1
728	3100	1
728	98	1
728	767	1
728	2857	1
728	1565	1
728	2502	1
728	543	1
728	1345	1
728	2457	1
728	347	1
728	876	1
728	1356	1
728	1149	1
728	2967	1
728	75	1
728	1314	1
728	1351	1
728	2980	1
728	2909	1
729	2857	1
729	653	1
729	2457	1
729	3128	1
729	1149	1
729	1314	1
729	952	1
729	1351	1
730	3100	1
730	2059	1
730	1345	1
730	2457	1
730	1449	1
730	1186	1
730	1314	1
730	952	1
730	1197	1
730	2943	1
731	767	1
731	219	1
731	1433	1
731	1881	1
731	2273	1
731	543	1
731	2344	1
731	936	1
731	2701	1
731	1563	1
731	75	1
731	107	1
731	1351	1
731	1046	1
732	3100	1
732	98	1
732	119	1
732	219	1
732	1042	1
732	2857	1
732	1947	1
732	3084	1
732	2502	1
732	2344	1
732	1032	1
732	936	1
732	1693	1
732	335	1
732	1149	1
732	2967	1
732	75	1
732	1197	1
732	2734	1
732	349	1
732	1902	1
732	1479	1
732	2130	1
733	3054	1
733	749	1
733	2967	1
733	75	1
733	1197	1
733	1351	1
734	98	1
734	2371	1
734	767	1
734	435	1
734	1790	1
734	2150	1
734	1345	1
734	2701	1
734	1149	1
734	75	1
734	1314	1
734	2973	1
734	1197	1
734	1902	1
734	267	1
735	352	1
735	1661	1
735	3060	1
735	2857	1
735	969	1
735	1276	1
735	89	1
735	1149	1
735	75	1
735	1083	1
736	1294	1
736	1859	1
736	2150	1
736	2344	1
736	969	1
736	384	1
736	2961	1
736	2701	1
736	240	1
736	2602	1
736	611	1
736	1151	1
736	1027	1
736	75	1
736	2083	1
736	2734	1
736	841	1
736	1966	1
736	1902	1
736	915	1
737	706	1
737	910	1
737	2699	1
737	2150	1
737	2701	1
737	252	1
737	2194	1
737	1363	1
737	2441	1
737	2734	1
738	1938	1
738	435	1
738	498	1
738	2502	1
738	116	1
738	2701	1
738	45	1
738	1149	1
738	2148	1
738	75	1
738	1314	1
739	1667	1
739	2976	1
739	2857	1
739	653	1
739	2038	1
739	2344	1
739	655	1
739	2701	1
739	75	1
740	381	1
740	219	1
740	2857	1
740	2502	1
740	2150	1
740	543	1
740	2703	1
740	2344	1
740	2701	1
740	3098	1
740	1400	1
740	1314	1
740	2789	1
740	1344	1
740	437	1
740	2325	1
740	2797	1
741	1684	1
741	435	1
741	2857	1
741	1790	1
741	741	1
741	2344	1
741	936	1
741	2967	1
741	75	1
741	1363	1
741	1351	1
741	2130	1
742	2857	1
742	1149	1
742	2967	1
742	75	1
743	2857	1
743	1149	1
743	75	1
744	435	1
744	2857	1
744	2701	1
744	1149	1
744	2967	1
744	75	1
744	2734	1
745	435	1
745	2857	1
745	969	1
745	1065	1
745	1370	1
745	2701	1
745	1149	1
745	2154	1
745	2967	1
745	75	1
745	349	1
746	85	1
746	2791	1
746	2763	1
746	1853	1
746	1379	1
746	1078	1
747	2857	1
747	653	1
747	7	1
747	1149	1
747	2967	1
747	75	1
748	2571	1
748	232	1
748	3008	1
748	2857	1
748	543	1
748	2457	1
748	2643	1
748	936	1
748	2602	1
748	1356	1
748	335	1
748	438	1
748	2967	1
748	75	1
748	1314	1
748	1363	1
748	1197	1
748	2130	1
749	2828	1
749	767	1
749	2857	1
749	653	1
749	7	1
749	2701	1
749	2746	1
749	1149	1
749	75	1
749	1197	1
749	2093	1
750	2857	1
750	653	1
750	1149	1
750	2967	1
750	75	1
750	1197	1
751	543	1
751	1356	1
751	2967	1
752	767	1
752	653	1
752	3084	1
752	543	1
752	2701	1
752	1149	1
752	1363	1
752	1197	1
753	2828	1
753	2857	1
753	653	1
753	543	1
753	1449	1
753	2701	1
753	1149	1
753	2967	1
753	75	1
753	1363	1
753	2093	1
754	98	1
754	1294	1
754	2857	1
754	2150	1
754	414	1
754	1032	1
754	3098	1
754	2602	1
754	1356	1
754	2797	1
755	1294	1
755	2857	1
755	2150	1
755	543	1
755	2701	1
755	75	1
755	1314	1
755	1197	1
755	2130	1
756	2571	1
756	2828	1
756	767	1
756	2857	1
756	653	1
756	2150	1
756	2457	1
756	969	1
756	2643	1
756	7	1
756	1032	1
756	2701	1
756	2746	1
756	397	1
756	3098	1
756	2602	1
756	1356	1
756	335	1
756	1400	1
756	1761	1
756	438	1
756	1314	1
756	952	1
756	1363	1
756	1197	1
756	2325	1
757	2857	1
757	1345	1
757	1761	1
757	722	1
757	75	1
758	2828	1
758	767	1
758	2857	1
758	2643	1
758	2701	1
758	2987	1
758	3098	1
758	2602	1
758	1149	1
758	75	1
758	1363	1
758	1197	1
758	2130	1
759	2857	1
759	653	1
759	1149	1
759	2967	1
759	437	1
759	1197	1
760	2857	1
760	1345	1
760	2701	1
760	2746	1
760	700	1
760	252	1
760	2967	1
760	75	1
760	1197	1
761	2457	1
761	2602	1
761	1363	1
762	1294	1
762	2976	1
762	578	1
762	381	1
762	230	1
762	219	1
762	435	1
762	2857	1
762	2486	1
762	1460	1
762	2150	1
762	120	1
762	543	1
762	1345	1
762	2457	1
762	2791	1
762	1825	1
762	2597	1
762	2602	1
762	2620	1
762	617	1
762	1761	1
762	1149	1
762	2194	1
762	437	1
762	1363	1
762	1197	1
762	3117	1
762	1689	1
762	535	1
762	2130	1
762	2654	1
763	2571	1
763	2828	1
763	2857	1
763	653	1
763	543	1
763	969	1
763	7	1
763	700	1
763	1761	1
763	438	1
763	1149	1
763	1363	1
763	2614	1
763	2093	1
763	1520	1
764	2976	1
764	2828	1
764	543	1
764	1345	1
764	2457	1
764	2701	1
764	2746	1
764	1356	1
764	2620	1
764	1761	1
764	1149	1
764	722	1
764	2967	1
764	75	1
764	1363	1
764	1197	1
764	2130	1
765	2746	1
765	1149	1
765	75	1
766	1294	1
766	543	1
766	1345	1
766	2643	1
766	700	1
766	2987	1
766	1400	1
766	1761	1
766	1149	1
766	2967	1
766	75	1
767	435	1
767	2857	1
767	653	1
767	3084	1
767	2150	1
767	543	1
767	1345	1
767	1449	1
767	969	1
767	7	1
767	2746	1
767	700	1
767	2602	1
767	1356	1
767	1761	1
767	2967	1
767	75	1
767	1363	1
767	2093	1
767	2130	1
768	2857	1
768	2701	1
768	75	1
768	1197	1
768	2130	1
769	767	1
769	2857	1
769	2967	1
769	75	1
770	219	1
770	1042	1
770	2857	1
770	741	1
770	1449	1
770	2701	1
770	2987	1
770	3098	1
770	1447	1
771	2571	1
771	2857	1
771	120	1
771	2457	1
771	969	1
771	2701	1
771	397	1
771	2602	1
771	512	1
771	438	1
771	1149	1
771	2967	1
771	75	1
771	437	1
771	1197	1
772	2857	1
772	2701	1
772	1149	1
772	75	1
772	1197	1
773	2857	1
773	2701	1
773	1149	1
773	2967	1
773	1197	1
774	1449	1
774	2643	1
774	2987	1
774	3098	1
774	335	1
774	1149	1
774	2093	1
775	435	1
775	543	1
775	2701	1
775	1149	1
775	1197	1
776	2828	1
776	2857	1
776	2643	1
776	655	1
776	1149	1
776	722	1
776	2967	1
776	75	1
777	2857	1
777	1449	1
777	1149	1
777	75	1
777	2093	1
778	98	1
778	2571	1
778	320	1
778	219	1
778	435	1
778	2857	1
778	21	1
778	3084	1
778	2150	1
778	120	1
778	2457	1
778	1449	1
778	2701	1
778	397	1
778	2987	1
778	3098	1
778	2602	1
778	2620	1
778	512	1
778	1149	1
778	1283	1
778	1197	1
778	2614	1
778	1520	1
779	3100	1
779	2571	1
779	2828	1
779	2857	1
779	2150	1
779	543	1
779	476	1
779	2457	1
779	2643	1
779	1032	1
779	2701	1
779	3098	1
779	335	1
779	1314	1
779	952	1
779	437	1
779	1885	1
779	1363	1
779	2614	1
779	2093	1
779	2130	1
780	98	1
780	2857	1
780	543	1
780	2457	1
780	1449	1
780	2701	1
780	2602	1
780	335	1
780	1149	1
780	2967	1
780	75	1
780	1314	1
780	1363	1
780	1197	1
781	3131	1
781	2701	1
781	335	1
781	1149	1
781	1314	1
782	3098	1
782	1149	1
782	75	1
782	2325	1
783	2571	1
783	219	1
783	120	1
783	3126	1
783	1449	1
783	936	1
783	1356	1
783	335	1
783	512	1
783	438	1
783	2248	1
784	1294	1
784	1042	1
784	2857	1
784	706	1
784	2502	1
784	1345	1
784	2344	1
784	862	1
784	1149	1
784	2967	1
784	75	1
785	1825	1
785	2643	1
785	2701	1
785	1149	1
785	2967	1
785	75	1
785	1197	1
786	2857	1
786	3084	1
786	2643	1
786	2701	1
786	1356	1
786	2967	1
786	1197	1
787	435	1
787	3008	1
787	653	1
787	515	1
787	120	1
787	543	1
787	1449	1
787	1032	1
787	2701	1
787	3098	1
787	512	1
787	89	1
787	438	1
787	1149	1
787	2967	1
787	75	1
787	437	1
787	2545	1
787	1363	1
787	1197	1
787	2325	1
787	2093	1
787	2130	1
788	1149	1
788	2967	1
788	75	1
789	2828	1
789	219	1
789	2857	1
789	3084	1
789	1149	1
789	75	1
789	1197	1
790	2857	1
790	653	1
790	3084	1
790	1149	1
790	75	1
790	2130	1
791	2857	1
791	1947	1
791	3084	1
791	543	1
791	1449	1
791	2701	1
791	1149	1
791	2967	1
791	2093	1
792	2828	1
792	232	1
792	2857	1
792	653	1
792	3084	1
792	120	1
792	543	1
792	1345	1
792	1449	1
792	2643	1
792	7	1
792	2602	1
792	2620	1
792	438	1
792	1149	1
792	1656	1
792	2967	1
792	75	1
792	1363	1
792	1197	1
792	2083	1
792	1604	1
792	359	1
793	98	1
793	1667	1
793	2571	1
793	2828	1
793	232	1
793	2534	1
793	2857	1
793	1790	1
793	653	1
793	3084	1
793	2551	1
793	116	1
793	1345	1
793	2979	1
793	2344	1
793	2643	1
793	1923	1
793	2378	1
793	2602	1
793	1400	1
793	438	1
793	952	1
793	437	1
793	1197	1
793	2614	1
793	2734	1
793	359	1
793	349	1
793	1902	1
793	1612	1
794	543	1
794	2643	1
794	2746	1
794	2967	1
794	1314	1
795	653	1
795	543	1
795	2701	1
795	2746	1
795	1149	1
795	2967	1
795	75	1
795	1314	1
795	1197	1
796	3100	1
796	320	1
796	219	1
796	3008	1
796	194	1
796	653	1
796	543	1
796	1345	1
796	1449	1
796	2701	1
796	2746	1
796	2602	1
796	1356	1
796	2967	1
796	437	1
796	1363	1
796	1081	1
796	359	1
796	2093	1
796	2130	1
797	219	1
797	3098	1
797	1447	1
797	1344	1
797	437	1
797	1197	1
798	2857	1
798	2643	1
798	2701	1
798	3098	1
798	2602	1
798	1356	1
798	1149	1
798	1363	1
798	1197	1
798	2093	1
798	2130	1
799	2857	1
799	2746	1
799	1149	1
799	75	1
799	1314	1
800	2857	1
800	741	1
800	1032	1
800	2701	1
800	3098	1
800	2602	1
800	2967	1
800	75	1
800	1314	1
800	2797	1
800	2130	1
801	1294	1
801	2414	1
801	2970	1
801	767	1
801	2328	1
801	219	1
801	2502	1
801	2814	1
801	2457	1
801	2344	1
801	2643	1
801	2701	1
801	862	1
801	1149	1
801	2130	1
802	2257	1
802	774	1
802	2967	1
802	2248	1
802	535	1
802	1351	1
803	653	1
803	120	1
803	543	1
803	1345	1
803	2457	1
803	1449	1
803	969	1
803	2643	1
803	2701	1
803	700	1
803	2987	1
803	1761	1
803	438	1
803	75	1
803	1363	1
803	1197	1
803	3117	1
803	1604	1
804	2857	1
804	653	1
804	1149	1
804	75	1
805	2857	1
805	2643	1
805	1356	1
805	75	1
806	2857	1
806	1149	1
806	75	1
807	2857	1
807	2344	1
807	2967	1
808	98	1
808	320	1
808	3008	1
808	2857	1
808	194	1
808	741	1
808	1057	1
808	2150	1
808	2344	1
808	2882	1
808	2378	1
808	2987	1
808	2602	1
808	1356	1
808	335	1
808	1149	1
808	722	1
808	2967	1
808	75	1
808	1885	1
808	1363	1
808	1197	1
808	359	1
808	2654	1
809	98	1
809	2552	1
809	1036	1
809	2857	1
809	515	1
809	2150	1
809	1449	1
809	2643	1
809	1032	1
809	975	1
809	2882	1
809	3098	1
809	335	1
809	722	1
809	2967	1
809	1314	1
809	349	1
810	1345	1
810	700	1
810	3098	1
810	1761	1
810	1604	1
811	839	1
811	1294	1
811	2571	1
811	2119	1
811	2257	1
811	419	1
811	767	1
811	2381	1
811	119	1
811	1784	1
811	774	1
811	909	1
811	2059	1
811	511	1
811	194	1
811	2553	1
811	2672	1
811	347	1
811	876	1
811	2987	1
811	45	1
811	2620	1
811	2040	1
811	2832	1
811	1876	1
811	2154	1
811	2967	1
811	75	1
811	1507	1
811	49	1
811	2973	1
811	437	1
811	139	1
811	2248	1
811	535	1
811	2721	1
811	1572	1
812	2119	1
812	2257	1
812	419	1
812	767	1
812	2381	1
812	219	1
812	1042	1
812	511	1
812	2656	1
812	1382	1
812	926	1
812	116	1
812	543	1
812	2672	1
812	1345	1
812	2457	1
812	482	1
812	2989	1
812	1400	1
812	2203	1
812	2832	1
812	2967	1
812	1507	1
812	49	1
812	2973	1
812	2589	1
812	1197	1
812	2248	1
812	1351	1
812	72	1
812	1572	1
813	98	1
813	435	1
813	2857	1
813	1790	1
813	2150	1
813	2457	1
813	124	1
813	1356	1
813	2620	1
813	2370	1
813	952	1
813	1344	1
813	1197	1
813	1390	1
813	1612	1
814	98	1
814	1859	1
814	1661	1
814	592	1
814	2404	1
814	2857	1
814	2049	1
814	653	1
814	391	1
814	1460	1
814	515	1
814	120	1
814	1449	1
814	969	1
814	2643	1
814	1032	1
814	869	1
814	3108	1
814	240	1
814	1137	1
814	700	1
814	1276	1
814	1969	1
814	2602	1
814	335	1
814	879	1
814	512	1
814	2170	1
814	1392	1
814	951	1
814	611	1
814	994	1
814	89	1
814	1149	1
814	1486	1
814	1287	1
814	722	1
814	368	1
814	1083	1
814	437	1
814	2545	1
814	2514	1
814	2325	1
814	2734	1
814	2991	1
814	2671	1
814	2595	1
814	916	1
814	642	1
815	3055	1
815	1859	1
815	3060	1
815	2857	1
815	391	1
815	820	1
815	384	1
815	899	1
815	240	1
815	1276	1
815	335	1
815	86	1
815	1083	1
815	2514	1
815	1388	1
815	642	1
816	2857	1
816	936	1
816	75	1
816	2130	1
817	2857	1
817	2602	1
817	1149	1
817	1486	1
817	2967	1
817	2130	1
818	2857	1
818	2457	1
818	2701	1
818	3098	1
818	722	1
818	75	1
819	2857	1
819	1149	1
819	2967	1
819	75	1
820	98	1
820	920	1
820	767	1
820	219	1
820	2857	1
820	1345	1
820	2457	1
820	2643	1
820	384	1
820	1032	1
820	1063	1
820	2701	1
820	2746	1
820	2987	1
820	335	1
820	1761	1
820	2967	1
820	75	1
820	437	1
820	111	1
820	1363	1
820	1197	1
820	2083	1
820	2514	1
821	1294	1
821	2538	1
821	592	1
821	2857	1
821	2150	1
821	2275	1
821	2457	1
821	2643	1
821	384	1
821	1032	1
821	2701	1
821	2746	1
821	3098	1
821	1356	1
821	335	1
821	611	1
821	1619	1
821	1344	1
821	1363	1
821	1197	1
821	584	1
821	2514	1
821	2130	1
821	903	1
822	98	1
822	920	1
822	2068	1
822	435	1
822	2150	1
822	2701	1
822	1356	1
822	1400	1
822	2967	1
822	75	1
822	903	1
823	1042	1
823	2857	1
823	1947	1
823	1426	1
823	2150	1
823	437	1
824	98	1
824	2571	1
824	219	1
824	435	1
824	741	1
824	1460	1
824	2150	1
824	543	1
824	2457	1
824	1449	1
824	2643	1
824	384	1
824	1032	1
824	2701	1
824	240	1
824	1969	1
824	1400	1
824	1761	1
824	1149	1
824	2967	1
824	2789	1
824	1363	1
824	2797	1
825	2857	1
825	3084	1
825	936	1
825	2967	1
825	75	1
826	2857	1
826	2967	1
826	1314	1
826	525	1
826	2130	1
827	3100	1
827	2538	1
827	1938	1
827	119	1
827	2404	1
827	2857	1
827	1947	1
827	1716	1
827	714	1
827	543	1
827	2151	1
827	2703	1
827	2791	1
827	299	1
827	1972	1
827	2111	1
827	7	1
827	899	1
827	1032	1
827	2602	1
827	1356	1
827	75	1
827	1314	1
827	509	1
827	437	1
827	2545	1
827	1363	1
827	2734	1
827	1966	1
827	1388	1
827	1902	1
827	2130	1
827	94	1
827	2407	1
828	98	1
828	1294	1
828	1859	1
828	592	1
828	219	1
828	1042	1
828	543	1
828	384	1
828	2701	1
828	2987	1
828	2602	1
828	89	1
828	1149	1
828	1344	1
828	1569	1
828	1885	1
828	2083	1
829	1661	1
829	219	1
829	2857	1
829	21	1
829	1449	1
829	969	1
829	1032	1
829	2701	1
829	86	1
829	1149	1
829	2967	1
829	75	1
829	1569	1
829	2545	1
829	2514	1
829	1388	1
829	642	1
830	1661	1
830	2857	1
830	2220	1
830	120	1
830	2457	1
830	820	1
830	1032	1
830	1276	1
830	2602	1
830	879	1
830	611	1
830	2967	1
830	1083	1
830	1363	1
830	1388	1
831	2976	1
831	119	1
831	2534	1
831	435	1
831	2857	1
831	2502	1
831	2551	1
831	543	1
831	715	1
831	2746	1
831	1761	1
831	2967	1
831	1314	1
831	2440	1
831	111	1
831	1197	1
831	1351	1
832	98	1
832	1294	1
832	435	1
832	2857	1
832	653	1
832	926	1
832	2457	1
832	1449	1
832	2643	1
832	1032	1
832	655	1
832	936	1
832	2701	1
832	3098	1
832	1447	1
832	1197	1
832	2083	1
833	3057	1
833	2976	1
833	435	1
833	653	1
833	2551	1
833	2457	1
833	437	1
833	111	1
833	1197	1
834	435	1
834	2857	1
834	653	1
834	2502	1
834	158	1
834	2967	1
834	1314	1
834	1523	1
835	3100	1
835	85	1
835	232	1
835	2502	1
835	1393	1
835	1063	1
835	2746	1
835	2348	1
835	2967	1
835	1314	1
835	1523	1
835	2789	1
835	111	1
835	1197	1
835	1351	1
835	2980	1
836	1683	1
836	2976	1
836	232	1
836	230	1
836	1042	1
836	653	1
836	2502	1
836	2551	1
836	1881	1
836	445	1
836	2746	1
836	700	1
836	1563	1
836	75	1
836	1314	1
836	1523	1
836	1344	1
836	1197	1
836	107	1
837	232	1
837	2857	1
837	2502	1
837	543	1
837	1761	1
837	2967	1
837	1314	1
837	2392	1
837	437	1
837	1197	1
837	1902	1
838	3100	1
838	767	1
838	2857	1
838	543	1
838	1761	1
838	437	1
838	111	1
839	2502	1
839	1761	1
839	1314	1
839	1523	1
839	111	1
840	767	1
840	219	1
840	2857	1
840	741	1
840	543	1
840	2791	1
840	2701	1
840	1761	1
840	2348	1
840	1563	1
840	2967	1
840	75	1
840	1314	1
840	952	1
840	437	1
840	1197	1
840	1351	1
840	2576	1
841	435	1
841	700	1
841	437	1
841	111	1
842	2534	1
842	435	1
842	2339	1
842	543	1
842	1761	1
842	437	1
842	111	1
842	107	1
843	1874	1
843	551	1
843	2296	1
843	158	1
843	75	1
844	3100	1
844	1294	1
844	767	1
844	1549	1
844	2857	1
844	2502	1
844	2150	1
844	2551	1
844	543	1
844	2967	1
844	111	1
844	1197	1
844	107	1
845	232	1
845	435	1
845	2339	1
845	1761	1
845	437	1
845	111	1
845	1351	1
846	419	1
846	767	1
846	435	1
846	2857	1
846	2953	1
846	1314	1
846	1523	1
846	111	1
847	3100	1
847	435	1
847	2339	1
847	2457	1
847	2643	1
847	75	1
847	1314	1
847	111	1
847	1197	1
848	3100	1
848	767	1
848	435	1
848	653	1
848	2502	1
848	2339	1
848	1345	1
848	715	1
848	1063	1
848	1563	1
848	2967	1
848	1523	1
848	437	1
848	111	1
848	1197	1
848	107	1
848	1351	1
848	2980	1
849	232	1
849	435	1
849	2857	1
849	1761	1
849	2967	1
849	437	1
849	111	1
849	1197	1
850	767	1
850	219	1
850	2502	1
850	543	1
850	2701	1
850	1442	1
850	1761	1
850	145	1
850	2348	1
850	2967	1
850	75	1
850	437	1
850	1197	1
850	2055	1
850	1351	1
850	2654	1
851	2976	1
851	232	1
851	287	1
851	435	1
851	2857	1
851	653	1
851	769	1
851	543	1
851	1063	1
851	2160	1
851	111	1
852	767	1
852	2534	1
852	2857	1
852	653	1
852	2502	1
852	2551	1
852	1761	1
852	2967	1
852	111	1
853	2976	1
853	653	1
853	543	1
853	1345	1
853	1761	1
853	2160	1
853	1314	1
853	111	1
853	1197	1
853	2980	1
854	435	1
854	2551	1
854	543	1
854	2378	1
854	1761	1
854	2967	1
854	111	1
854	1351	1
855	2551	1
855	769	1
855	1063	1
855	1761	1
855	2493	1
855	2392	1
855	111	1
856	2976	1
856	653	1
856	2339	1
856	2551	1
856	1351	1
857	2976	1
857	1183	1
857	2551	1
857	1523	1
857	917	1
857	437	1
858	3100	1
858	2976	1
858	1874	1
858	435	1
858	706	1
858	2551	1
858	3085	1
858	1314	1
858	437	1
858	1008	1
859	435	1
859	543	1
859	2348	1
859	1563	1
859	2967	1
859	107	1
860	2534	1
860	435	1
860	2344	1
860	1655	1
860	437	1
861	2976	1
861	232	1
861	287	1
861	2857	1
861	653	1
861	2502	1
861	543	1
861	2703	1
861	1761	1
861	2599	1
861	1314	1
861	2392	1
861	111	1
862	232	1
862	1761	1
862	1523	1
863	232	1
863	1761	1
863	1523	1
863	111	1
864	283	1
864	767	1
864	2857	1
864	1761	1
864	1523	1
864	437	1
864	111	1
864	41	1
864	1351	1
865	3100	1
865	232	1
865	2551	1
865	1761	1
865	437	1
866	3100	1
866	283	1
866	767	1
866	435	1
866	2857	1
866	2339	1
866	543	1
866	1345	1
866	715	1
866	1563	1
866	2967	1
866	75	1
866	2392	1
866	1523	1
866	437	1
866	111	1
866	1197	1
867	2534	1
867	435	1
867	2857	1
867	653	1
867	2502	1
867	2967	1
867	437	1
867	111	1
867	1197	1
868	1761	1
868	437	1
869	3057	1
869	767	1
869	1882	1
869	232	1
869	435	1
869	2857	1
869	2551	1
869	543	1
869	2953	1
869	1761	1
869	145	1
869	1314	1
869	1523	1
869	2561	1
869	1197	1
870	3100	1
870	2976	1
870	551	1
870	232	1
870	219	1
870	653	1
870	2551	1
870	2296	1
870	1761	1
870	1523	1
870	437	1
871	2976	1
871	2857	1
871	2339	1
871	1761	1
871	2348	1
871	1563	1
871	1314	1
871	917	1
871	111	1
872	2534	1
872	435	1
872	653	1
872	1761	1
872	1563	1
872	2967	1
872	437	1
873	232	1
873	435	1
873	2150	1
873	1400	1
873	1761	1
873	437	1
874	232	1
874	2857	1
874	653	1
874	543	1
874	1761	1
874	2348	1
874	1563	1
874	437	1
874	107	1
875	232	1
875	435	1
875	2857	1
875	653	1
875	2502	1
875	1761	1
875	437	1
875	111	1
876	232	1
876	435	1
876	437	1
877	437	1
877	111	1
878	1761	1
878	1314	1
878	1523	1
878	111	1
879	1523	1
879	437	1
879	111	1
880	2551	1
880	1761	1
880	111	1
881	435	1
881	1761	1
881	111	1
882	2976	1
882	551	1
882	232	1
882	219	1
882	435	1
882	2551	1
882	2296	1
882	1761	1
882	437	1
883	232	1
883	435	1
883	653	1
883	2551	1
883	700	1
883	1761	1
883	2160	1
883	437	1
884	232	1
884	435	1
884	2857	1
884	653	1
884	1761	1
884	437	1
885	3100	1
885	232	1
885	219	1
885	2857	1
885	653	1
885	1761	1
886	3100	1
886	435	1
886	2551	1
886	2344	1
886	3009	1
886	2701	1
886	1761	1
886	158	1
886	1314	1
887	435	1
887	2551	1
887	437	1
887	111	1
888	435	1
888	437	1
888	111	1
889	435	1
889	1761	1
889	437	1
890	435	1
890	1761	1
890	437	1
890	111	1
891	119	1
891	2857	1
891	653	1
891	2551	1
891	2967	1
891	1523	1
891	437	1
891	111	1
892	1761	1
892	1523	1
892	437	1
892	111	1
893	3100	1
893	232	1
893	653	1
893	2150	1
893	2551	1
893	2344	1
893	1761	1
893	2348	1
893	2967	1
893	111	1
893	2576	1
894	119	1
894	435	1
894	653	1
894	437	1
894	111	1
895	435	1
895	2502	1
895	1063	1
895	2392	1
895	437	1
896	435	1
896	1761	1
896	437	1
896	111	1
897	3100	1
897	2976	1
897	435	1
897	2857	1
897	653	1
897	543	1
897	1345	1
897	2344	1
897	2160	1
897	2392	1
897	437	1
897	111	1
898	3100	1
898	2857	1
898	1761	1
898	2392	1
899	232	1
899	435	1
899	437	1
899	111	1
900	3100	1
900	1761	1
900	437	1
901	551	1
901	219	1
901	2534	1
901	2857	1
901	2296	1
901	2967	1
901	437	1
901	111	1
902	3100	1
902	232	1
902	219	1
902	2534	1
902	653	1
902	2967	1
902	1314	1
902	437	1
903	767	1
903	232	1
903	435	1
903	1761	1
903	437	1
904	1683	1
904	2976	1
904	219	1
904	435	1
904	374	1
904	1042	1
904	543	1
904	2720	1
904	1356	1
904	1761	1
904	1181	1
904	145	1
904	2348	1
904	1563	1
904	2392	1
904	1523	1
904	111	1
904	107	1
905	232	1
905	2857	1
905	2344	1
905	1761	1
906	543	1
906	1314	1
906	437	1
907	2976	1
907	232	1
907	1761	1
907	2160	1
907	2392	1
908	2976	1
908	437	1
908	111	1
909	653	1
909	2339	1
909	2551	1
909	2160	1
909	1523	1
909	437	1
909	111	1
910	767	1
910	232	1
910	435	1
910	2502	1
910	1761	1
910	2967	1
911	3100	1
911	2976	1
911	551	1
911	2150	1
911	2551	1
911	2703	1
911	1761	1
911	437	1
911	111	1
912	435	1
912	2857	1
912	1063	1
912	437	1
912	111	1
913	2571	1
913	2059	1
913	2857	1
913	2457	1
913	2967	1
913	1314	1
914	2571	1
914	435	1
914	2857	1
914	543	1
914	2344	1
914	2987	1
914	2620	1
914	1314	1
915	2571	1
915	2059	1
915	2857	1
915	1565	1
915	543	1
915	2457	1
915	2344	1
915	2987	1
915	1314	1
916	2571	1
916	435	1
916	2857	1
916	1565	1
916	2457	1
916	1449	1
916	2987	1
916	2203	1
916	1197	1
916	2943	1
916	2734	1
917	119	1
917	435	1
917	2857	1
917	543	1
917	2457	1
917	2791	1
917	2344	1
917	2987	1
917	1186	1
917	1197	1
918	2857	1
918	543	1
918	1345	1
918	876	1
918	2967	1
918	1314	1
918	1197	1
918	535	1
919	1294	1
919	1684	1
919	767	1
919	435	1
919	2857	1
919	2402	1
919	706	1
919	2457	1
919	2643	1
919	2701	1
919	1356	1
919	1314	1
919	2973	1
919	2671	1
919	349	1
920	2857	1
920	2551	1
920	2344	1
920	1523	1
920	111	1
921	2857	1
921	299	1
921	2701	1
921	1356	1
921	1149	1
921	2967	1
922	2857	1
922	2701	1
922	1356	1
922	1149	1
922	75	1
923	2538	1
923	2857	1
923	3085	1
923	2701	1
923	1149	1
923	1652	1
924	1358	1
924	252	1
924	2967	1
924	2734	1
924	1902	1
924	2130	1
925	2282	1
925	1710	1
925	2599	1
925	1149	1
926	232	1
926	230	1
926	435	1
926	2857	1
926	116	1
926	2457	1
926	1356	1
926	1400	1
926	2967	1
926	1314	1
927	2414	1
927	2571	1
927	119	1
927	435	1
927	2150	1
927	116	1
927	543	1
927	2457	1
927	1449	1
927	2620	1
927	862	1
927	1400	1
927	1186	1
927	952	1
927	2973	1
927	1197	1
927	349	1
927	1612	1
928	543	1
928	2457	1
928	2620	1
928	2967	1
928	1314	1
929	98	1
929	2828	1
929	1565	1
929	836	1
929	1449	1
929	936	1
929	2701	1
929	2620	1
929	1149	1
929	2967	1
929	75	1
929	1604	1
930	767	1
930	2857	1
930	2457	1
930	2945	1
930	2746	1
930	1197	1
931	1294	1
931	543	1
931	2457	1
931	1149	1
931	75	1
931	1314	1
932	98	1
932	1294	1
932	767	1
932	435	1
932	1790	1
932	2502	1
932	2457	1
932	347	1
932	2643	1
932	1149	1
932	2967	1
933	1294	1
933	2857	1
933	2150	1
933	543	1
933	2457	1
933	2987	1
933	1314	1
933	952	1
933	1197	1
933	2734	1
934	2381	1
934	435	1
934	2857	1
934	953	1
934	364	1
934	543	1
934	1345	1
934	2457	1
934	2643	1
934	1186	1
934	1314	1
934	2973	1
934	349	1
935	98	1
935	2516	1
935	2857	1
935	653	1
935	1856	1
935	2150	1
935	2457	1
935	2627	1
935	2945	1
935	738	1
935	208	1
935	936	1
935	2701	1
935	2866	1
935	1400	1
935	75	1
935	1197	1
935	253	1
935	1604	1
936	543	1
936	2457	1
936	1064	1
936	2967	1
936	1197	1
936	359	1
937	2119	1
937	2344	1
937	2987	1
937	2967	1
937	952	1
938	2371	1
938	2538	1
938	435	1
938	2857	1
938	2735	1
938	2680	1
938	45	1
938	1400	1
938	2967	1
938	1314	1
938	437	1
938	1197	1
939	2571	1
939	2059	1
939	2857	1
939	1565	1
939	741	1
939	2457	1
939	2987	1
939	1400	1
939	1186	1
939	2967	1
939	1197	1
939	1604	1
940	3008	1
940	194	1
940	653	1
940	543	1
940	2457	1
940	928	1
940	2701	1
940	2746	1
940	2967	1
940	75	1
940	1314	1
940	1197	1
941	2857	1
941	3131	1
941	335	1
941	1149	1
941	75	1
941	1314	1
942	2857	1
942	543	1
942	715	1
942	2746	1
942	1149	1
942	158	1
942	75	1
942	1314	1
942	1561	1
942	1197	1
942	2130	1
943	1294	1
943	767	1
943	774	1
943	2534	1
943	2857	1
943	679	1
943	1790	1
943	543	1
943	2703	1
943	347	1
943	876	1
943	45	1
943	862	1
943	2668	1
943	1149	1
943	75	1
943	2436	1
943	241	1
943	1197	1
943	2489	1
943	2248	1
943	2980	1
943	1346	1
943	1612	1
944	2538	1
944	435	1
944	2502	1
944	116	1
944	2703	1
944	2370	1
944	1652	1
944	2389	1
945	98	1
945	1203	1
945	1358	1
945	2538	1
945	2068	1
945	1162	1
945	1790	1
945	77	1
945	706	1
945	910	1
945	2150	1
945	819	1
945	420	1
945	3085	1
945	2701	1
945	700	1
945	45	1
945	3101	1
945	1476	1
945	1314	1
945	1670	1
945	3143	1
945	1620	1
945	2389	1
945	349	1
945	2520	1
945	764	1
945	903	1
946	2338	1
946	219	1
946	435	1
946	529	1
946	1042	1
946	1947	1
946	2735	1
946	2862	1
946	543	1
946	124	1
946	299	1
946	2344	1
946	906	1
946	2967	1
946	1902	1
947	2338	1
947	1947	1
947	2481	1
948	98	1
948	1294	1
948	2865	1
948	551	1
948	287	1
948	1639	1
948	1042	1
948	2857	1
948	1296	1
948	2402	1
948	684	1
948	2150	1
948	543	1
948	2457	1
948	715	1
948	2701	1
948	2296	1
948	144	1
948	2620	1
948	1400	1
948	1149	1
948	1314	1
948	952	1
948	1197	1
948	2734	1
948	349	1
948	1902	1
948	472	1
948	1612	1
949	1294	1
949	2068	1
949	2735	1
949	124	1
949	1883	1
949	2701	1
949	2370	1
949	1314	1
949	903	1
950	98	1
950	1294	1
950	1203	1
950	1358	1
950	1684	1
950	435	1
950	77	1
950	2735	1
950	2862	1
950	124	1
950	3085	1
950	2701	1
950	45	1
950	3101	1
950	906	1
950	1670	1
950	2406	1
950	369	1
951	435	1
951	2735	1
951	299	1
951	2701	1
951	2406	1
952	2628	1
952	820	1
952	2481	1
953	2015	1
953	1790	1
953	2120	1
953	1145	1
953	124	1
953	299	1
953	354	1
953	2701	1
953	1076	1
953	1388	1
953	2406	1
954	2068	1
954	2338	1
954	435	1
954	1790	1
954	299	1
954	2701	1
954	1670	1
955	2865	1
955	2068	1
955	435	1
955	77	1
955	299	1
956	555	1
956	2068	1
956	767	1
956	551	1
956	435	1
956	1790	1
956	1947	1
956	544	1
956	2502	1
956	543	1
956	1345	1
956	2703	1
956	2344	1
956	3085	1
956	1063	1
956	2701	1
956	2296	1
956	2746	1
956	1356	1
956	1400	1
956	1149	1
956	75	1
956	2789	1
956	1197	1
956	2734	1
956	535	1
957	2571	1
957	2857	1
957	1032	1
957	2701	1
957	1149	1
957	2797	1
958	1294	1
958	2791	1
958	1149	1
958	75	1
958	1314	1
959	1294	1
959	1790	1
959	299	1
959	2643	1
959	1693	1
959	1149	1
959	2370	1
959	2441	1
960	1358	1
960	767	1
960	435	1
960	1790	1
960	2502	1
960	2150	1
960	124	1
960	700	1
960	45	1
960	1356	1
960	2585	1
960	2370	1
960	1902	1
961	3100	1
961	98	1
961	1294	1
961	2414	1
961	663	1
961	1992	1
961	2068	1
961	1684	1
961	2186	1
961	815	1
961	2338	1
961	119	1
961	219	1
961	1162	1
961	2653	1
961	435	1
961	696	1
961	1042	1
961	1296	1
961	910	1
961	2282	1
961	1947	1
961	1685	1
961	1856	1
961	2486	1
961	277	1
961	2735	1
961	649	1
961	1118	1
961	2862	1
961	543	1
961	2703	1
961	2457	1
961	2791	1
961	124	1
961	112	1
961	420	1
961	2314	1
961	1796	1
961	2939	1
961	1063	1
961	1734	1
961	1693	1
961	2296	1
961	2982	1
961	2677	1
961	2620	1
961	862	1
961	2668	1
961	1400	1
961	209	1
961	2203	1
961	2154	1
961	329	1
961	165	1
961	952	1
961	1511	1
961	830	1
961	437	1
961	532	1
961	1197	1
961	253	1
961	268	1
961	349	1
961	1390	1
961	2406	1
961	369	1
961	1612	1
962	2338	1
962	2701	1
963	98	1
963	2970	1
963	551	1
963	2534	1
963	435	1
963	2857	1
963	1296	1
963	741	1
963	3084	1
963	1534	1
963	543	1
963	2296	1
963	1761	1
963	2160	1
963	75	1
963	1314	1
963	2392	1
963	1523	1
963	1197	1
963	1351	1
963	1902	1
964	2976	1
964	1711	1
964	1345	1
964	299	1
964	1693	1
964	700	1
964	1761	1
965	2857	1
965	1149	1
965	75	1
966	1657	1
966	3100	1
966	32	1
966	1451	1
966	223	1
966	2475	1
966	85	1
966	2414	1
966	2865	1
966	2360	1
966	809	1
966	2976	1
966	1992	1
966	2257	1
966	2915	1
966	748	1
966	2557	1
966	260	1
966	592	1
966	1938	1
966	1732	1
966	3014	1
966	2328	1
966	647	1
966	608	1
966	1187	1
966	162	1
966	2851	1
966	565	1
966	2242	1
966	3071	1
966	1154	1
966	2823	1
966	262	1
966	1626	1
966	219	1
966	2610	1
966	918	1
966	1068	1
966	1799	1
966	2352	1
966	2816	1
966	1373	1
966	2278	1
966	435	1
966	2448	1
966	288	1
966	2089	1
966	892	1
966	1585	1
966	941	1
966	374	1
966	940	1
966	1752	1
966	2139	1
966	1865	1
966	2142	1
966	1002	1
966	2722	1
966	1790	1
966	2960	1
966	382	1
966	653	1
966	2078	1
966	1685	1
966	2817	1
966	771	1
966	477	1
966	3034	1
966	2712	1
966	2502	1
966	2835	1
966	3030	1
966	1035	1
966	395	1
966	2016	1
966	2007	1
966	2150	1
966	3066	1
966	2551	1
966	2472	1
966	2609	1
966	2442	1
966	224	1
966	2533	1
966	638	1
966	414	1
966	1740	1
966	953	1
966	1868	1
966	1079	1
966	1758	1
966	1170	1
966	116	1
966	2728	1
966	473	1
966	2275	1
966	1808	1
966	543	1
966	1009	1
966	1099	1
966	539	1
966	1345	1
966	2435	1
966	2132	1
966	344	1
966	2413	1
966	2703	1
966	2416	1
966	2791	1
966	1123	1
966	2702	1
966	2618	1
966	864	1
966	2705	1
966	738	1
966	2769	1
966	2344	1
966	1883	1
966	818	1
966	1449	1
966	2410	1
966	1177	1
966	1814	1
966	2199	1
966	585	1
966	778	1
966	856	1
966	797	1
966	2733	1
966	82	1
966	950	1
966	2643	1
966	1903	1
966	1611	1
966	2920	1
966	2033	1
966	3042	1
966	313	1
966	692	1
966	2426	1
966	55	1
966	76	1
966	1129	1
966	1285	1
966	3094	1
966	988	1
966	1550	1
966	2419	1
966	358	1
966	721	1
966	1485	1
966	1582	1
966	3085	1
966	1063	1
966	201	1
966	1348	1
966	1925	1
966	2281	1
966	2807	1
966	1780	1
966	2296	1
966	2594	1
966	593	1
966	1171	1
966	1211	1
966	3125	1
966	1122	1
966	2746	1
966	2560	1
966	2756	1
966	237	1
966	2757	1
966	1543	1
966	2044	1
966	1356	1
966	144	1
966	1570	1
966	2411	1
966	2620	1
966	1039	1
966	2668	1
966	2501	1
966	40	1
966	1400	1
966	1666	1
966	1823	1
966	3070	1
966	285	1
966	2437	1
966	3101	1
966	1299	1
966	1770	1
966	2450	1
966	3110	1
966	1303	1
966	1761	1
966	1100	1
966	3039	1
966	333	1
966	1935	1
966	1206	1
966	2124	1
966	1493	1
966	2265	1
966	2203	1
966	2240	1
966	3088	1
966	1134	1
966	643	1
966	61	1
966	1627	1
966	906	1
966	1251	1
966	292	1
966	1320	1
966	1459	1
966	601	1
966	2131	1
966	1253	1
966	158	1
966	1709	1
966	11	1
966	2967	1
966	1432	1
966	75	1
966	602	1
966	1205	1
966	1673	1
966	1754	1
966	1901	1
966	3043	1
966	2374	1
966	2601	1
966	2440	1
966	1307	1
966	621	1
966	2422	1
966	2168	1
966	1204	1
966	387	1
966	1561	1
966	952	1
966	1300	1
966	2854	1
966	1408	1
966	1566	1
966	5	1
966	583	1
966	2973	1
966	1928	1
966	1511	1
966	603	1
966	2247	1
966	471	1
966	355	1
966	557	1
966	852	1
966	2789	1
966	2531	1
966	2971	1
966	2330	1
966	1668	1
966	532	1
966	2441	1
966	1471	1
966	2521	1
966	1043	1
966	1427	1
966	2103	1
966	1689	1
966	745	1
966	2642	1
966	535	1
966	1292	1
966	1351	1
966	832	1
966	2941	1
966	2897	1
966	944	1
966	2455	1
966	1703	1
966	222	1
966	349	1
966	1902	1
966	724	1
966	646	1
966	2129	1
966	2867	1
966	1434	1
966	2885	1
966	712	1
966	835	1
966	2980	1
966	2544	1
966	2927	1
966	1625	1
966	2827	1
966	2406	1
966	195	1
966	2470	1
966	1158	1
966	2329	1
966	1073	1
966	16	1
966	858	1
966	1727	1
967	98	1
967	1294	1
967	1684	1
967	435	1
967	2712	1
967	2735	1
967	116	1
967	1611	1
967	1356	1
967	75	1
967	952	1
967	349	1
967	1612	1
968	1294	1
968	1993	1
968	1790	1
968	1947	1
968	2763	1
968	689	1
968	1078	1
969	592	1
969	435	1
969	2735	1
969	2660	1
969	1079	1
969	2275	1
969	2701	1
969	474	1
969	1149	1
969	2148	1
969	2154	1
970	1451	1
970	1294	1
970	1667	1
970	1583	1
970	2865	1
970	2970	1
970	1938	1
970	119	1
970	435	1
970	696	1
970	1790	1
970	2817	1
970	2712	1
970	2502	1
970	1439	1
970	169	1
970	116	1
970	1808	1
970	543	1
970	122	1
970	2435	1
970	2703	1
970	2791	1
970	715	1
970	2114	1
970	2344	1
970	1114	1
970	13	1
970	2079	1
970	1611	1
970	2620	1
970	2668	1
970	1260	1
970	2501	1
970	67	1
970	588	1
970	2154	1
970	2522	1
970	2967	1
970	1314	1
970	2245	1
970	2854	1
970	2975	1
970	884	1
970	745	1
970	2941	1
970	30	1
970	2136	1
970	1612	1
971	2360	1
971	119	1
971	435	1
971	2712	1
971	2502	1
971	169	1
971	638	1
971	116	1
971	2311	1
971	2703	1
971	2344	1
971	2643	1
971	2758	1
971	3125	1
971	2746	1
971	2501	1
971	3101	1
971	2842	1
971	75	1
971	2789	1
971	1668	1
971	2975	1
971	349	1
971	1545	1
972	1790	1
972	2457	1
972	2701	1
972	1149	1
972	2967	1
972	1314	1
973	2857	1
973	2150	1
973	1345	1
973	2457	1
973	2701	1
973	1400	1
973	2967	1
974	1294	1
974	767	1
974	592	1
974	435	1
974	1042	1
974	2857	1
974	1947	1
974	2150	1
974	2643	1
974	2701	1
974	1400	1
974	75	1
974	1314	1
974	952	1
974	2789	1
974	1197	1
974	349	1
975	219	1
975	435	1
975	1460	1
975	2457	1
975	299	1
975	2643	1
975	2701	1
975	2620	1
975	1149	1
975	2967	1
975	1314	1
975	952	1
975	2973	1
975	253	1
976	435	1
976	2857	1
976	2967	1
976	1314	1
977	1294	1
977	2857	1
977	194	1
977	706	1
977	741	1
977	543	1
977	2703	1
977	2344	1
977	2987	1
977	1400	1
977	1314	1
978	2857	1
978	1149	1
978	75	1
978	1363	1
979	435	1
979	2857	1
979	2502	1
979	1149	1
979	1314	1
979	1363	1
980	767	1
980	435	1
980	2857	1
980	1790	1
980	2502	1
980	2457	1
980	2701	1
980	2987	1
980	1149	1
980	2967	1
980	1363	1
980	2734	1
980	1902	1
980	2980	1
981	2857	1
981	653	1
981	2701	1
981	397	1
981	700	1
981	3098	1
981	1149	1
981	75	1
981	1363	1
981	2797	1
981	1902	1
982	2571	1
982	2857	1
982	653	1
982	543	1
982	2457	1
982	1449	1
982	2701	1
982	1363	1
982	1197	1
982	3117	1
982	1237	1
983	98	1
983	2857	1
983	2735	1
983	2275	1
983	1149	1
983	2967	1
983	75	1
983	584	1
983	1902	1
984	219	1
984	2857	1
984	653	1
984	757	1
984	2078	1
984	1035	1
984	3020	1
984	2344	1
984	2746	1
984	1400	1
984	1761	1
984	2967	1
984	2392	1
984	2789	1
984	1197	1
984	2081	1
985	2857	1
985	653	1
985	2967	1
985	75	1
986	435	1
986	2150	1
986	2791	1
986	1611	1
986	2746	1
986	1356	1
986	2620	1
986	1761	1
986	2967	1
986	75	1
986	1314	1
986	2392	1
986	2194	1
986	2789	1
986	1197	1
986	349	1
987	757	1
987	1345	1
987	2703	1
987	2791	1
987	2344	1
987	2160	1
987	2967	1
987	2789	1
987	1197	1
988	2643	1
988	2392	1
988	349	1
988	2520	1
988	1612	1
989	2865	1
989	694	1
989	2367	1
989	757	1
989	2502	1
989	543	1
989	826	1
989	1693	1
989	2746	1
989	2668	1
989	75	1
989	1314	1
989	2734	1
989	2520	1
989	1457	1
990	653	1
990	757	1
990	2078	1
990	741	1
990	2699	1
990	543	1
990	1345	1
990	2791	1
990	1611	1
990	1400	1
990	1761	1
990	1314	1
990	2789	1
990	1324	1
990	111	1
990	1197	1
990	2520	1
990	764	1
990	1479	1
990	1612	1
991	2857	1
991	757	1
991	1345	1
991	1356	1
991	1761	1
991	2967	1
991	2532	1
991	1671	1
991	1197	1
991	764	1
992	219	1
992	435	1
992	194	1
992	757	1
992	2502	1
992	1345	1
992	2667	1
992	1063	1
992	1314	1
992	437	1
992	1093	1
993	250	1
993	435	1
993	2261	1
993	2857	1
993	2296	1
993	2427	1
993	2983	1
993	2967	1
993	1602	1
993	1207	1
993	2520	1
994	250	1
994	194	1
994	711	1
994	2967	1
994	1314	1
994	1602	1
995	435	1
995	2857	1
995	802	1
995	2502	1
995	120	1
995	2457	1
995	2344	1
995	1761	1
995	2623	1
995	2495	1
995	2967	1
995	2392	1
995	1093	1
996	2261	1
996	2296	1
996	1602	1
997	1269	1
997	250	1
997	219	1
997	194	1
997	2457	1
997	2344	1
997	711	1
997	1400	1
997	2967	1
997	1314	1
997	437	1
997	2520	1
998	2763	1
998	689	1
999	757	1
999	543	1
999	1345	1
999	2344	1
999	2620	1
999	2520	1
1000	1947	1
1000	2457	1
1000	2344	1
1000	2701	1
1000	2746	1
1000	1149	1
1000	2967	1
1000	437	1
1001	2857	1
1001	3084	1
1001	2862	1
1001	2275	1
1001	2791	1
1001	1032	1
1001	2701	1
1001	2602	1
1001	1149	1
1001	1363	1
1001	2130	1
1002	2190	1
1002	2275	1
1002	2916	1
1002	1379	1
1002	689	1
1002	3112	1
1003	2338	1
1004	2857	1
1004	1079	1
1004	543	1
1004	1883	1
1004	2620	1
1004	722	1
1004	75	1
1004	1351	1
1004	1372	1
1005	2857	1
1005	1693	1
1005	2746	1
1005	1356	1
1005	722	1
1005	449	1
1005	1314	1
1005	584	1
1006	1358	1
1006	552	1
1006	435	1
1006	1991	1
1006	2735	1
1006	2862	1
1006	2791	1
1006	715	1
1006	526	1
1006	2763	1
1006	2701	1
1006	2148	1
1006	75	1
1006	2854	1
1006	2734	1
1007	287	1
1007	2857	1
1007	715	1
1007	1149	1
1007	2967	1
1007	1561	1
1007	1197	1
1007	903	1
1008	2571	1
1008	767	1
1008	119	1
1008	2857	1
1008	1790	1
1008	741	1
1008	1012	1
1008	2457	1
1008	1449	1
1008	969	1
1008	2643	1
1008	354	1
1008	820	1
1008	2987	1
1008	1969	1
1008	2602	1
1008	335	1
1008	1761	1
1008	1756	1
1008	75	1
1008	952	1
1008	1344	1
1008	2545	1
1008	1197	1
1008	2083	1
1008	3117	1
1008	1388	1
1008	2980	1
1009	1947	1
1009	2701	1
1009	1356	1
1009	1149	1
1009	75	1
1010	1358	1
1010	592	1
1010	2862	1
1010	224	1
1010	738	1
1010	1343	1
1010	2701	1
1010	134	1
1010	1149	1
1010	584	1
1011	767	1
1011	2457	1
1011	1449	1
1011	2967	1
1011	75	1
1011	1197	1
1012	552	1
1012	1790	1
1012	2763	1
1012	689	1
1012	2852	1
1013	920	1
1013	1684	1
1013	1938	1
1013	435	1
1013	1947	1
1013	2703	1
1013	2791	1
1013	2643	1
1013	2701	1
1013	2869	1
1013	1619	1
1013	952	1
1013	689	1
1013	2852	1
1013	2260	1
1013	1078	1
1013	1612	1
1014	1790	1
1014	1947	1
1014	2344	1
1014	2763	1
1014	197	1
1014	1078	1
1015	2976	1
1015	947	1
1015	711	1
1016	2976	1
1016	1874	1
1016	111	1
1017	3100	1
1017	3041	1
1017	2119	1
1017	2121	1
1017	815	1
1017	119	1
1017	1279	1
1017	2321	1
1017	511	1
1017	1616	1
1017	543	1
1017	2702	1
1017	715	1
1017	1611	1
1017	2772	1
1017	1063	1
1017	1686	1
1017	2277	1
1017	2040	1
1017	2599	1
1017	1314	1
1017	2392	1
1017	1507	1
1017	952	1
1017	1197	1
1017	1689	1
1017	535	1
1017	1783	1
1018	98	1
1018	1481	1
1018	1684	1
1018	419	1
1018	767	1
1018	815	1
1018	2164	1
1018	551	1
1018	2637	1
1018	439	1
1018	178	1
1018	1782	1
1018	1014	1
1018	118	1
1018	2880	1
1018	1333	1
1018	2486	1
1018	2735	1
1018	2502	1
1018	1462	1
1018	769	1
1018	1079	1
1018	543	1
1018	2703	1
1018	3074	1
1018	2772	1
1018	1063	1
1018	2224	1
1018	2982	1
1018	186	1
1018	964	1
1018	588	1
1018	1101	1
1018	2196	1
1018	834	1
1018	2599	1
1018	1904	1
1018	1640	1
1018	1432	1
1018	75	1
1018	1704	1
1018	2892	1
1018	952	1
1018	2458	1
1018	917	1
1018	437	1
1018	1471	1
1018	1850	1
1018	1351	1
1018	349	1
1018	168	1
1018	1008	1
1018	2100	1
1018	736	1
1019	419	1
1019	767	1
1019	909	1
1019	543	1
1019	2344	1
1019	2348	1
1019	1563	1
1019	2392	1
1019	1197	1
1019	2248	1
1019	1351	1
1020	2976	1
1021	1947	1
1021	1063	1
1021	1314	1
1022	435	1
1022	653	1
1022	2551	1
1022	2141	1
1022	1063	1
1023	1874	1
1023	653	1
1023	2141	1
1023	1063	1
1024	435	1
1024	940	1
1024	2857	1
1024	543	1
1024	2344	1
1024	1523	1
1025	767	1
1025	1874	1
1025	219	1
1025	2857	1
1025	653	1
1025	2551	1
1025	2701	1
1025	75	1
1026	1379	1
1027	2119	1
1027	419	1
1027	767	1
1027	119	1
1027	1328	1
1027	1889	1
1027	678	1
1027	2857	1
1027	1190	1
1027	1166	1
1027	672	1
1027	2704	1
1027	2156	1
1027	2171	1
1027	2150	1
1027	1593	1
1027	2818	1
1027	2228	1
1027	783	1
1027	715	1
1027	1271	1
1027	1488	1
1027	3109	1
1027	248	1
1027	1070	1
1027	1376	1
1027	1959	1
1027	2701	1
1027	2868	1
1027	2982	1
1027	1845	1
1027	2620	1
1027	1004	1
1027	588	1
1027	2459	1
1027	2076	1
1027	2599	1
1027	2779	1
1027	1314	1
1027	1477	1
1027	917	1
1027	628	1
1027	2248	1
1027	1689	1
1027	1229	1
1027	1351	1
1027	168	1
1027	1804	1
1027	2100	1
1028	767	1
1028	653	1
1028	2150	1
1028	1063	1
1028	1314	1
1028	2392	1
1028	1523	1
1028	2654	1
1029	1294	1
1029	2970	1
1029	119	1
1029	435	1
1029	2857	1
1029	543	1
1029	2344	1
1029	1611	1
1029	2620	1
1029	2967	1
1029	1314	1
1029	1197	1
1030	2970	1
1030	2598	1
1030	119	1
1030	435	1
1030	653	1
1030	2502	1
1030	116	1
1030	543	1
1030	2620	1
1030	1761	1
1030	2967	1
1030	111	1
1030	1197	1
1030	2520	1
1030	764	1
1031	592	1
1031	1993	1
1031	1790	1
1031	2960	1
1031	1947	1
1031	1685	1
1031	541	1
1031	2502	1
1031	2862	1
1031	2791	1
1031	2763	1
1031	2203	1
1031	1149	1
1031	1619	1
1031	689	1
1031	1078	1
1031	582	1
1031	3112	1
1031	0	1
1032	767	1
1032	219	1
1032	543	1
1032	2457	1
1032	2344	1
1032	1611	1
1032	2701	1
1032	2620	1
1032	1400	1
1032	75	1
1032	1344	1
1032	1197	1
1033	1790	1
1033	2344	1
1033	689	1
1033	1078	1
1034	3100	1
1034	232	1
1034	435	1
1034	2857	1
1034	653	1
1034	1947	1
1034	2502	1
1034	543	1
1034	1345	1
1034	2457	1
1034	1449	1
1034	1611	1
1034	2967	1
1034	1314	1
1034	437	1
1034	111	1
1035	230	1
1035	1825	1
1035	700	1
1035	438	1
1036	2857	1
1036	1356	1
1036	75	1
1036	1362	1
1037	2970	1
1037	119	1
1037	219	1
1037	909	1
1037	435	1
1037	696	1
1037	940	1
1037	2857	1
1037	679	1
1037	653	1
1037	1565	1
1037	1947	1
1037	2502	1
1037	1312	1
1037	2457	1
1037	715	1
1037	2344	1
1037	1611	1
1037	358	1
1037	2987	1
1037	1400	1
1037	2353	1
1037	762	1
1037	2440	1
1037	952	1
1037	2973	1
1037	2789	1
1037	1197	1
1037	2248	1
1037	1351	1
1038	767	1
1038	250	1
1038	435	1
1038	1042	1
1038	2857	1
1038	511	1
1038	194	1
1038	2966	1
1038	741	1
1038	2699	1
1038	543	1
1038	1345	1
1038	2703	1
1038	2457	1
1038	715	1
1038	1611	1
1038	2092	1
1038	357	1
1038	2746	1
1038	2006	1
1038	2620	1
1038	2040	1
1038	722	1
1038	75	1
1038	437	1
1038	535	1
1038	1351	1
1038	1093	1
1038	644	1
1038	1479	1
1038	2827	1
1039	98	1
1039	2571	1
1039	2068	1
1039	767	1
1039	232	1
1039	219	1
1039	435	1
1039	2857	1
1039	706	1
1039	910	1
1039	653	1
1039	2735	1
1039	2660	1
1039	2862	1
1039	1345	1
1039	2457	1
1039	1449	1
1039	7	1
1039	1032	1
1039	936	1
1039	1693	1
1039	2701	1
1039	2746	1
1039	397	1
1039	2987	1
1039	3098	1
1039	2602	1
1039	335	1
1039	1151	1
1039	1149	1
1039	454	1
1039	437	1
1039	525	1
1039	1363	1
1039	584	1
1039	3117	1
1039	2734	1
1039	424	1
1039	1902	1
1039	954	1
1039	2130	1
1040	920	1
1040	592	1
1040	1162	1
1040	2857	1
1040	2643	1
1040	1693	1
1040	1400	1
1040	75	1
1040	2789	1
1040	2734	1
1040	349	1
1041	98	1
1041	435	1
1041	2643	1
1041	2597	1
1041	2701	1
1041	2296	1
1041	1400	1
1041	2370	1
1041	1314	1
1041	2194	1
1041	584	1
1041	2734	1
1041	1902	1
1041	2130	1
1042	1294	1
1042	2970	1
1042	767	1
1042	119	1
1042	435	1
1042	1521	1
1042	2365	1
1042	2502	1
1042	1881	1
1042	1345	1
1042	2457	1
1042	1400	1
1042	145	1
1042	1563	1
1042	2967	1
1042	1314	1
1042	2248	1
1043	1874	1
1043	771	1
1043	2703	1
1043	2215	1
1044	219	1
1044	2908	1
1044	1042	1
1044	2857	1
1044	1947	1
1044	2631	1
1044	992	1
1044	2701	1
1044	1314	1
1044	1344	1
1044	1197	1
1044	2055	1
1044	535	1
1044	1351	1
1044	2648	1
1044	2654	1
1045	1790	1
1045	2275	1
1045	372	1
1045	81	1
1045	2763	1
1045	1078	1
1046	2976	1
1046	940	1
1046	543	1
1046	2296	1
1046	1086	1
1046	1197	1
1047	2970	1
1047	219	1
1047	435	1
1047	757	1
1047	2502	1
1047	116	1
1047	2746	1
1047	1356	1
1047	2967	1
1047	1314	1
1047	2973	1
1047	437	1
1047	1197	1
1047	535	1
1048	592	1
1048	2338	1
1048	910	1
1048	653	1
1048	1693	1
1048	2701	1
1048	2746	1
1048	2967	1
1048	75	1
1048	1197	1
1048	2130	1
1049	653	1
1049	1345	1
1049	2746	1
1049	1761	1
1049	1149	1
1049	2967	1
1049	2130	1
1050	653	1
1050	1345	1
1050	2746	1
1050	1761	1
1050	2967	1
1050	1197	1
1050	2130	1
1051	767	1
1051	232	1
1051	230	1
1051	909	1
1051	3008	1
1051	347	1
1051	3054	1
1051	1381	1
1051	75	1
1051	1314	1
1051	1197	1
1051	2614	1
1051	2035	1
1051	690	1
1052	2791	1
1052	2763	1
1052	1016	1
1052	689	1
1052	1078	1
1053	2791	1
1053	2763	1
1053	772	1
1053	689	1
1053	1078	1
1054	2828	1
1055	511	1
1055	1356	1
1055	2967	1
1055	1197	1
1056	1790	1
1056	2643	1
1056	2701	1
1056	1149	1
1056	75	1
1057	2643	1
1057	2701	1
1057	2746	1
1057	2967	1
1057	1902	1
1058	2857	1
1058	2643	1
1058	2701	1
1058	1149	1
1058	1902	1
1059	2857	1
1059	1790	1
1059	653	1
1059	3084	1
1059	1345	1
1059	655	1
1059	1693	1
1059	1149	1
1059	952	1
1059	2734	1
1060	2857	1
1060	1790	1
1060	653	1
1060	2643	1
1060	1693	1
1060	2701	1
1060	2967	1
1060	75	1
1060	952	1
1060	2083	1
1060	2734	1
1061	1294	1
1061	767	1
1061	2857	1
1061	116	1
1061	2746	1
1061	1149	1
1061	75	1
1061	1314	1
1061	1197	1
1061	349	1
1062	98	1
1062	2828	1
1062	767	1
1062	435	1
1062	3008	1
1062	653	1
1062	3084	1
1062	116	1
1062	543	1
1062	2643	1
1062	1611	1
1062	2701	1
1062	1400	1
1062	1149	1
1062	75	1
1062	1314	1
1062	1197	1
1062	2734	1
1063	2763	1
1063	2967	1
1063	1379	1
1063	689	1
1063	1078	1
1064	767	1
1064	119	1
1064	909	1
1064	2534	1
1064	2857	1
1064	2693	1
1064	116	1
1064	1881	1
1064	1345	1
1064	2296	1
1064	1400	1
1064	2967	1
1064	75	1
1064	1314	1
1064	1197	1
1064	2248	1
1064	2980	1
1065	727	1
1065	2598	1
1065	551	1
1065	1042	1
1065	757	1
1065	2502	1
1065	543	1
1065	2703	1
1065	2296	1
1065	2620	1
1065	1400	1
1065	1314	1
1065	1197	1
1065	535	1
1065	2980	1
1066	2857	1
1066	511	1
1066	194	1
1066	1322	1
1066	2344	1
1066	1761	1
1066	2040	1
1066	2967	1
1066	1314	1
1066	2248	1
1066	1093	1
1066	2130	1
1067	219	1
1067	151	1
1067	2960	1
1067	2331	1
1067	1991	1
1067	2660	1
1067	2275	1
1067	2702	1
1067	1972	1
1067	2763	1
1067	693	1
1067	794	1
1067	1853	1
1067	974	1
1067	525	1
1067	1197	1
1067	584	1
1067	2260	1
1068	767	1
1068	2523	1
1068	435	1
1068	2857	1
1068	2699	1
1068	2502	1
1068	543	1
1068	715	1
1068	1611	1
1068	2040	1
1068	75	1
1068	1314	1
1068	1197	1
1068	2248	1
1069	119	1
1069	2951	1
1069	435	1
1069	2857	1
1069	741	1
1069	2502	1
1069	715	1
1069	2746	1
1069	1356	1
1069	1400	1
1069	722	1
1069	2967	1
1069	952	1
1069	1852	1
1069	1344	1
1069	1197	1
1069	1532	1
1069	1093	1
1069	1479	1
1069	954	1
1069	2130	1
1070	756	1
1070	1356	1
1070	438	1
1070	722	1
1071	1294	1
1071	119	1
1071	1400	1
1071	1197	1
1071	1479	1
1072	98	1
1072	1294	1
1072	2119	1
1072	435	1
1072	2908	1
1072	1559	1
1072	1042	1
1072	653	1
1072	2986	1
1072	2735	1
1072	2502	1
1072	2150	1
1072	715	1
1072	2344	1
1072	655	1
1072	2296	1
1072	2746	1
1072	2378	1
1072	1761	1
1072	1149	1
1072	2154	1
1072	2967	1
1072	75	1
1072	1314	1
1072	2789	1
1072	2734	1
1072	1351	1
1072	1902	1
1072	2980	1
1072	2130	1
1073	214	1
1073	232	1
1073	230	1
1073	435	1
1073	543	1
1073	2457	1
1073	836	1
1073	2643	1
1073	1506	1
1073	3135	1
1073	1989	1
1073	2967	1
1073	75	1
1073	1314	1
1073	437	1
1073	1197	1
1073	1604	1
1073	2980	1
1073	1047	1
1074	1294	1
1074	2857	1
1074	706	1
1074	2150	1
1074	2643	1
1074	3040	1
1074	2701	1
1074	1400	1
1074	1149	1
1074	2967	1
1074	75	1
1075	98	1
1075	2220	1
1075	2150	1
1075	2457	1
1075	384	1
1075	2701	1
1075	1149	1
1075	2967	1
1075	75	1
1075	1363	1
1075	349	1
1075	642	1
1076	1790	1
1076	1	1
1076	2643	1
1076	2763	1
1076	2959	1
1076	2701	1
1076	689	1
1076	2675	1
1076	1612	1
1077	1358	1
1077	219	1
1077	2857	1
1077	498	1
1077	2735	1
1077	2502	1
1077	2150	1
1077	116	1
1077	2275	1
1077	2703	1
1077	2344	1
1077	3040	1
1077	2701	1
1077	1400	1
1077	2154	1
1078	2908	1
1078	2701	1
1078	933	1
1078	335	1
1078	1149	1
1078	454	1
1079	1294	1
1079	767	1
1079	2735	1
1079	2150	1
1079	543	1
1079	2457	1
1079	2344	1
1079	1611	1
1079	2701	1
1079	2746	1
1079	1356	1
1079	2967	1
1079	584	1
1079	107	1
1079	2734	1
1080	767	1
1080	2857	1
1080	1079	1
1080	1345	1
1080	2643	1
1080	2701	1
1080	1400	1
1080	75	1
1080	1314	1
1080	2441	1
1080	1197	1
1081	3100	1
1081	767	1
1081	1042	1
1081	2857	1
1081	741	1
1081	543	1
1081	1761	1
1081	1314	1
1081	1197	1
1081	2943	1
1081	1351	1
1082	98	1
1082	219	1
1082	2857	1
1082	2701	1
1082	1400	1
1082	1149	1
1082	75	1
1082	2789	1
1082	1363	1
1082	2083	1
1082	2734	1
1082	954	1
1083	98	1
1083	767	1
1083	230	1
1083	2857	1
1083	543	1
1083	2457	1
1083	2344	1
1083	655	1
1083	2620	1
1083	1400	1
1083	2967	1
1083	75	1
1083	1314	1
1083	1344	1
1083	1197	1
1084	2862	1
1084	2763	1
1084	689	1
1085	119	1
1085	543	1
1085	2457	1
1085	1611	1
1085	2987	1
1085	1400	1
1085	2967	1
1085	1314	1
1085	2943	1
1086	1294	1
1086	2571	1
1086	809	1
1086	2970	1
1086	551	1
1086	2059	1
1086	940	1
1086	2857	1
1086	1565	1
1086	1947	1
1086	116	1
1086	543	1
1086	2344	1
1086	1449	1
1086	2733	1
1086	1611	1
1086	2296	1
1086	2620	1
1086	1400	1
1086	1186	1
1086	2967	1
1086	75	1
1086	1314	1
1086	2789	1
1086	437	1
1086	424	1
1086	1351	1
1087	2862	1
1087	2275	1
1087	1149	1
1087	75	1
1087	2734	1
1088	2338	1
1088	2857	1
1088	2409	1
1088	1947	1
1088	3084	1
1088	2735	1
1088	2275	1
1088	2643	1
1088	1772	1
1088	2701	1
1088	1149	1
1088	2154	1
1088	2967	1
1088	465	1
1088	2214	1
1088	2130	1
1089	2701	1
1089	689	1
1089	1078	1
1090	1018	1
1090	23	1
1090	2857	1
1090	1993	1
1090	1947	1
1090	2862	1
1090	2275	1
1090	634	1
1090	2643	1
1090	2763	1
1090	2872	1
1090	2916	1
1090	2148	1
1090	75	1
1090	1653	1
1090	2125	1
1090	19	1
1090	3119	1
1091	767	1
1091	435	1
1091	2435	1
1091	715	1
1091	3126	1
1091	2344	1
1091	394	1
1091	1611	1
1091	2296	1
1091	2620	1
1091	1400	1
1091	2967	1
1091	1314	1
1091	644	1
1091	2520	1
1091	2526	1
1091	2578	1
1091	695	1
1091	1783	1
1092	3100	1
1092	219	1
1092	435	1
1092	940	1
1092	1042	1
1092	2857	1
1092	2699	1
1092	2735	1
1092	2150	1
1092	116	1
1092	2457	1
1092	1123	1
1092	2344	1
1092	2746	1
1092	1400	1
1092	1181	1
1092	2348	1
1092	75	1
1092	1314	1
1092	437	1
1092	777	1
1092	1197	1
1092	535	1
1092	2406	1
1092	2648	1
1093	1294	1
1093	2257	1
1093	1684	1
1093	2381	1
1093	551	1
1093	219	1
1093	1433	1
1093	435	1
1093	1042	1
1093	741	1
1093	3084	1
1093	2486	1
1093	2502	1
1093	543	1
1093	1345	1
1093	2703	1
1093	2457	1
1093	2791	1
1093	358	1
1093	2757	1
1093	2006	1
1093	2967	1
1093	1443	1
1093	1314	1
1093	1197	1
1093	2614	1
1093	2489	1
1093	1351	1
1093	1346	1
1094	2763	1
1094	1379	1
1094	689	1
1095	727	1
1095	757	1
1095	2502	1
1095	116	1
1095	2746	1
1095	1356	1
1095	2620	1
1095	1400	1
1095	2040	1
1095	1314	1
1095	2248	1
1095	2980	1
1095	2520	1
1095	2130	1
1096	767	1
1096	119	1
1096	219	1
1096	435	1
1096	2502	1
1096	228	1
1096	1345	1
1096	2457	1
1096	1149	1
1096	722	1
1096	2967	1
1096	1314	1
1096	1532	1
1096	1093	1
1096	1479	1
1096	2130	1
1097	98	1
1097	232	1
1097	230	1
1097	2857	1
1097	653	1
1097	2150	1
1097	2643	1
1097	2701	1
1097	1761	1
1097	1149	1
1097	75	1
1097	1314	1
1097	1523	1
1097	2734	1
1097	349	1
1098	98	1
1098	1149	1
1098	2967	1
1098	1902	1
1099	194	1
1099	1322	1
1099	890	1
1099	2967	1
1099	1314	1
1100	1294	1
1100	2571	1
1100	2970	1
1100	119	1
1100	219	1
1100	696	1
1100	1042	1
1100	116	1
1100	543	1
1100	2701	1
1100	2746	1
1100	2987	1
1100	45	1
1100	2967	1
1100	75	1
1100	1197	1
1100	424	1
1100	1457	1
1101	2970	1
1101	767	1
1101	230	1
1101	1183	1
1101	940	1
1101	741	1
1101	2339	1
1101	2150	1
1101	543	1
1101	2703	1
1101	358	1
1101	2296	1
1101	2987	1
1101	45	1
1101	2620	1
1101	1400	1
1101	2203	1
1101	1186	1
1101	2789	1
1101	2943	1
1101	349	1
1102	219	1
1102	2735	1
1102	2150	1
1102	1149	1
1102	1363	1
1103	2150	1
1103	1149	1
1103	2967	1
1103	75	1
1104	2857	1
1104	2967	1
1104	903	1
1105	1693	1
1105	1149	1
1105	2967	1
1105	75	1
1106	767	1
1106	2059	1
1106	2857	1
1106	2502	1
1106	543	1
1106	2457	1
1106	2344	1
1106	1449	1
1106	2701	1
1106	2987	1
1106	2620	1
1106	1186	1
1106	1314	1
1106	2789	1
1107	98	1
1107	920	1
1107	551	1
1107	2857	1
1107	653	1
1107	2220	1
1107	741	1
1107	2486	1
1107	2150	1
1107	2344	1
1107	335	1
1107	1400	1
1107	1149	1
1107	75	1
1107	1314	1
1107	1902	1
1107	2130	1
1108	1790	1
1108	2457	1
1108	1032	1
1108	312	1
1108	3098	1
1108	1356	1
1108	512	1
1108	2593	1
1108	1149	1
1108	2967	1
1108	1363	1
1108	2248	1
1108	2130	1
1109	3100	1
1109	1294	1
1109	1358	1
1109	767	1
1109	219	1
1109	10	1
1109	143	1
1109	802	1
1109	934	1
1109	2735	1
1109	2150	1
1109	543	1
1109	2457	1
1109	1970	1
1109	738	1
1109	208	1
1109	1393	1
1109	3135	1
1109	3139	1
1109	1400	1
1109	1563	1
1109	2967	1
1109	1314	1
1109	777	1
1109	1197	1
1109	2614	1
1109	369	1
1109	903	1
1110	2763	1
1110	689	1
1111	1294	1
1111	1358	1
1111	551	1
1111	230	1
1111	435	1
1111	1042	1
1111	2857	1
1111	1460	1
1111	2735	1
1111	2150	1
1111	116	1
1111	543	1
1111	2769	1
1111	2959	1
1111	2296	1
1111	2746	1
1111	1400	1
1111	2967	1
1111	75	1
1111	2973	1
1111	1197	1
1111	2406	1
1111	369	1
1111	2833	1
1111	903	1
1112	920	1
1112	2916	1
1112	689	1
1112	2260	1
1112	1078	1
1113	1451	1
1113	1358	1
1113	2409	1
1113	2611	1
1113	1699	1
1113	1947	1
1113	2735	1
1113	2150	1
1113	2457	1
1113	2763	1
1113	2701	1
1113	1400	1
1113	762	1
1113	3035	1
1113	2967	1
1113	349	1
1113	903	1
1114	1685	1
1114	1675	1
1114	1896	1
1114	2275	1
1114	299	1
1114	1370	1
1114	713	1
1114	2677	1
1114	2154	1
1114	465	1
1114	952	1
1114	903	1
1115	3057	1
1115	1358	1
1115	219	1
1115	3038	1
1115	2334	1
1115	2457	1
1115	124	1
1115	2344	1
1115	3072	1
1115	2953	1
1115	2746	1
1115	1400	1
1115	2390	1
1115	2967	1
1115	1314	1
1115	1197	1
1115	2654	1
1116	1790	1
1116	2763	1
1116	689	1
1116	1078	1
1117	1018	1
1117	1790	1
1117	541	1
1117	2862	1
1117	2872	1
1117	138	1
1117	2916	1
1117	226	1
1117	582	1
1117	3119	1
1118	1294	1
1118	119	1
1118	2951	1
1118	435	1
1118	2857	1
1118	757	1
1118	3084	1
1118	2150	1
1118	543	1
1118	1345	1
1118	2746	1
1118	1356	1
1118	2620	1
1118	1400	1
1118	2967	1
1118	1314	1
1118	1523	1
1118	1197	1
1118	1091	1
1118	1703	1
1118	2520	1
1118	2578	1
1119	1294	1
1119	2865	1
1119	2951	1
1119	435	1
1119	2857	1
1119	3084	1
1119	2150	1
1119	543	1
1119	2344	1
1119	1611	1
1119	1356	1
1119	1400	1
1119	2967	1
1119	437	1
1119	1197	1
1119	1091	1
1119	2520	1
1119	2578	1
1120	1294	1
1120	2865	1
1120	2371	1
1120	2119	1
1120	435	1
1120	2857	1
1120	741	1
1120	2502	1
1120	2150	1
1120	715	1
1120	1449	1
1120	1502	1
1120	2643	1
1120	1654	1
1120	2296	1
1120	2987	1
1120	2620	1
1120	1400	1
1120	1186	1
1120	2967	1
1120	75	1
1120	1314	1
1120	1197	1
1120	535	1
1120	359	1
1120	1351	1
1121	119	1
1121	250	1
1121	219	1
1121	2857	1
1121	1296	1
1121	741	1
1121	1460	1
1121	2150	1
1121	543	1
1121	2457	1
1121	2344	1
1121	2643	1
1121	1611	1
1121	2701	1
1121	2378	1
1121	2987	1
1121	2203	1
1121	2967	1
1121	1314	1
1121	952	1
1121	2789	1
1121	1197	1
1121	535	1
1121	359	1
1121	349	1
1122	1294	1
1122	2119	1
1122	219	1
1122	435	1
1122	1042	1
1122	2857	1
1122	2150	1
1122	2457	1
1122	2620	1
1122	1400	1
1122	2967	1
1122	535	1
1123	2857	1
1123	3084	1
1123	1149	1
1124	2865	1
1124	2970	1
1124	435	1
1124	653	1
1124	2502	1
1124	1400	1
1124	75	1
1124	1344	1
1124	1197	1
1125	1294	1
1125	2857	1
1125	1790	1
1125	541	1
1125	2735	1
1125	2763	1
1125	2203	1
1125	1619	1
1125	2967	1
1125	1314	1
1125	952	1
1125	1379	1
1125	2789	1
1125	689	1
1125	1902	1
1125	1078	1
1126	3100	1
1126	219	1
1126	435	1
1126	1042	1
1126	543	1
1126	1345	1
1126	2457	1
1126	2344	1
1126	2643	1
1126	1611	1
1126	2701	1
1126	1356	1
1126	1400	1
1126	1149	1
1126	2967	1
1126	75	1
1126	1351	1
1127	1149	1
1127	2967	1
1127	75	1
1128	2857	1
1128	75	1
1129	920	1
1129	2857	1
1129	1356	1
1129	1761	1
1129	1149	1
1129	2154	1
1129	2967	1
1129	75	1
1129	952	1
1129	1078	1
1130	767	1
1130	219	1
1130	1042	1
1130	2150	1
1130	543	1
1130	1345	1
1130	655	1
1130	2620	1
1130	1400	1
1130	2967	1
1130	75	1
1130	1507	1
1130	111	1
1130	1197	1
1130	535	1
1131	2857	1
1131	1149	1
1131	75	1
1132	219	1
1132	1042	1
1132	706	1
1132	543	1
1132	2457	1
1132	2643	1
1132	2701	1
1132	3098	1
1132	1356	1
1132	2154	1
1132	75	1
1132	1314	1
1132	1363	1
1132	1197	1
1132	1689	1
1132	1902	1
1132	954	1
1132	1612	1
1133	2857	1
1133	1149	1
1133	2967	1
1133	75	1
1134	2857	1
1134	1149	1
1134	2967	1
1134	75	1
1135	98	1
1135	2970	1
1135	2059	1
1135	435	1
1135	1042	1
1135	2857	1
1135	2150	1
1135	543	1
1135	1356	1
1135	2967	1
1135	75	1
1136	1162	1
1136	498	1
1136	2611	1
1136	2735	1
1136	2502	1
1136	2275	1
1136	405	1
1136	1693	1
1136	2154	1
1136	2967	1
1136	587	1
1136	2734	1
1137	2746	1
1137	1356	1
1137	1400	1
1137	1149	1
1137	2967	1
1137	75	1
1137	1363	1
1137	1197	1
1137	349	1
1138	2857	1
1138	2746	1
1138	1149	1
1138	75	1
1139	2857	1
1139	543	1
1139	715	1
1139	1611	1
1139	1149	1
1139	75	1
1139	1314	1
1139	1197	1
1140	3100	1
1140	2371	1
1140	947	1
1140	551	1
1140	2523	1
1140	232	1
1140	230	1
1140	1183	1
1140	435	1
1140	1042	1
1140	2857	1
1140	1947	1
1140	741	1
1140	2502	1
1140	2150	1
1140	2551	1
1140	116	1
1140	1345	1
1140	2457	1
1140	124	1
1140	738	1
1140	2701	1
1140	2296	1
1140	1217	1
1140	474	1
1140	2154	1
1140	2370	1
1140	2967	1
1140	75	1
1140	1314	1
1140	437	1
1140	1197	1
1140	1471	1
1140	2248	1
1140	2734	1
1140	1351	1
1140	1902	1
1140	2406	1
1140	903	1
1141	2344	1
1141	936	1
1141	2701	1
1141	1149	1
1141	75	1
1141	584	1
1142	2970	1
1142	767	1
1142	219	1
1142	2908	1
1142	1559	1
1142	2857	1
1142	2986	1
1142	1035	1
1142	2597	1
1142	655	1
1142	2701	1
1142	1400	1
1142	75	1
1142	2789	1
1142	1344	1
1143	219	1
1143	2857	1
1143	511	1
1143	2643	1
1143	2296	1
1143	75	1
1143	1507	1
1143	584	1
1144	98	1
1144	1294	1
1144	2119	1
1144	2970	1
1144	119	1
1144	2059	1
1144	2078	1
1144	2699	1
1144	1035	1
1144	116	1
1144	543	1
1144	2457	1
1144	715	1
1144	1449	1
1144	2643	1
1144	655	1
1144	2701	1
1144	1149	1
1144	2154	1
1144	722	1
1144	2967	1
1144	75	1
1144	1314	1
1144	952	1
1144	1511	1
1144	2789	1
1144	1197	1
1144	1604	1
1144	1351	1
1145	435	1
1145	2857	1
1145	2502	1
1145	543	1
1145	1356	1
1145	1400	1
1145	1314	1
1145	952	1
1145	2248	1
1146	1294	1
1146	219	1
1146	435	1
1146	2150	1
1146	543	1
1146	2457	1
1146	2701	1
1146	2746	1
1146	2620	1
1146	75	1
1146	1314	1
1146	952	1
1146	2789	1
1146	1344	1
1147	767	1
1147	2857	1
1147	2502	1
1147	1693	1
1147	2967	1
1147	75	1
1147	1314	1
1147	2734	1
1147	1351	1
1148	767	1
1148	435	1
1148	2857	1
1148	1790	1
1148	77	1
1148	2502	1
1148	543	1
1148	1345	1
1148	1697	1
1148	2344	1
1148	1693	1
1148	2701	1
1148	1400	1
1148	1761	1
1148	2040	1
1148	1149	1
1148	722	1
1148	2967	1
1148	75	1
1148	2854	1
1148	2789	1
1148	525	1
1148	584	1
1148	2734	1
1148	1351	1
1148	2130	1
1148	903	1
1149	901	1
1149	592	1
1149	2338	1
1149	435	1
1149	1993	1
1149	2735	1
1149	2502	1
1149	2275	1
1149	2634	1
1149	1817	1
1149	738	1
1149	526	1
1149	936	1
1149	2701	1
1149	293	1
1149	134	1
1149	1619	1
1149	1314	1
1149	952	1
1149	1668	1
1149	584	1
1149	658	1
1149	369	1
1150	1294	1
1150	767	1
1150	435	1
1150	706	1
1150	2735	1
1150	2502	1
1150	543	1
1150	2643	1
1150	1611	1
1150	2620	1
1150	1149	1
1150	75	1
1150	1314	1
1150	1197	1
1151	1294	1
1151	2976	1
1151	2857	1
1151	1761	1
1152	767	1
1152	551	1
1152	1042	1
1152	2857	1
1152	2502	1
1152	2296	1
1152	2746	1
1152	1400	1
1152	2040	1
1152	2967	1
1152	1507	1
1152	1344	1
1152	437	1
1152	1197	1
1152	535	1
1152	1351	1
1153	1294	1
1153	767	1
1153	119	1
1153	1433	1
1153	940	1
1153	2857	1
1153	2502	1
1153	543	1
1153	2791	1
1153	2344	1
1153	45	1
1153	1400	1
1153	2967	1
1153	1314	1
1153	1507	1
1153	1197	1
1153	535	1
1153	1346	1
1154	2763	1
1154	1379	1
1154	689	1
1155	1294	1
1155	2571	1
1155	767	1
1155	1469	1
1155	219	1
1155	435	1
1155	1565	1
1155	1947	1
1155	741	1
1155	2502	1
1155	116	1
1155	2457	1
1155	2763	1
1155	1611	1
1155	1998	1
1155	1064	1
1155	2701	1
1155	2296	1
1155	2746	1
1155	2987	1
1155	1400	1
1155	2203	1
1155	1186	1
1155	2967	1
1155	1314	1
1155	437	1
1155	1197	1
1155	424	1
1155	1604	1
1155	1351	1
1155	1093	1
1155	1696	1
1156	435	1
1156	1790	1
1156	2409	1
1156	1699	1
1156	1991	1
1156	2763	1
1156	613	1
1156	2154	1
1156	722	1
1156	465	1
1156	1266	1
1156	212	1
1157	3100	1
1157	3057	1
1157	1294	1
1157	767	1
1157	1042	1
1157	2486	1
1157	2735	1
1157	2502	1
1157	2150	1
1157	116	1
1157	543	1
1157	2703	1
1157	124	1
1157	738	1
1157	2344	1
1157	2643	1
1157	284	1
1157	2746	1
1157	1381	1
1157	145	1
1157	2967	1
1157	1314	1
1157	1344	1
1157	437	1
1157	1197	1
1157	1604	1
1157	418	1
1157	1351	1
1157	1902	1
1157	2406	1
1157	2654	1
1157	369	1
1158	2857	1
1158	2735	1
1158	2701	1
1158	2967	1
1158	1314	1
1159	3100	1
1159	2976	1
1159	767	1
1159	232	1
1159	219	1
1159	1559	1
1159	2857	1
1159	757	1
1159	1947	1
1159	741	1
1159	3084	1
1159	1460	1
1159	2150	1
1159	2551	1
1159	543	1
1159	1345	1
1159	2703	1
1159	2457	1
1159	1449	1
1159	3135	1
1159	655	1
1159	936	1
1159	2296	1
1159	2746	1
1159	2987	1
1159	1356	1
1159	1217	1
1159	1761	1
1159	2160	1
1159	1181	1
1159	1314	1
1159	437	1
1159	1197	1
1159	1604	1
1159	2130	1
1159	1696	1
1159	2654	1
1160	3100	1
1160	230	1
1160	435	1
1160	2908	1
1160	1559	1
1160	1042	1
1160	653	1
1160	2986	1
1160	757	1
1160	741	1
1160	3084	1
1160	2486	1
1160	1460	1
1160	2502	1
1160	2150	1
1160	2551	1
1160	543	1
1160	1345	1
1160	2703	1
1160	2344	1
1160	1449	1
1160	655	1
1160	2701	1
1160	2296	1
1160	2746	1
1160	2987	1
1160	2620	1
1160	1217	1
1160	1400	1
1160	1761	1
1160	1181	1
1160	1989	1
1160	2967	1
1160	952	1
1160	1197	1
1160	2130	1
1160	2654	1
1161	2457	1
1161	936	1
1161	2154	1
1161	75	1
1161	1314	1
1161	2520	1
1162	2970	1
1162	1042	1
1162	2857	1
1162	653	1
1162	741	1
1162	2150	1
1162	543	1
1162	2344	1
1162	2643	1
1162	2701	1
1162	2296	1
1162	1400	1
1162	75	1
1162	1314	1
1162	952	1
1162	2614	1
1162	1351	1
1163	98	1
1163	1294	1
1163	809	1
1163	767	1
1163	230	1
1163	219	1
1163	1433	1
1163	435	1
1163	2857	1
1163	741	1
1163	2502	1
1163	2150	1
1163	116	1
1163	543	1
1163	2720	1
1163	1345	1
1163	2703	1
1163	2457	1
1163	358	1
1163	2701	1
1163	2296	1
1163	1400	1
1163	1563	1
1163	1314	1
1163	917	1
1163	2789	1
1163	437	1
1163	2614	1
1163	1902	1
1163	903	1
1164	3008	1
1164	2857	1
1164	741	1
1164	543	1
1164	2703	1
1164	2457	1
1164	2344	1
1164	2378	1
1164	2967	1
1164	75	1
1164	1314	1
1164	2614	1
1164	535	1
1164	1351	1
1165	2857	1
1165	1149	1
1165	2734	1
1166	2857	1
1166	1149	1
1166	2734	1
1167	2857	1
1167	1149	1
1167	2734	1
1168	2857	1
1168	2734	1
1169	2857	1
1169	2735	1
1169	2150	1
1169	2643	1
1169	2701	1
1169	75	1
1169	2734	1
1170	435	1
1170	2735	1
1170	2150	1
1170	543	1
1170	75	1
1170	1314	1
1170	1197	1
1170	1902	1
1171	98	1
1171	2735	1
1171	2150	1
1171	543	1
1171	2643	1
1171	2701	1
1171	1149	1
1171	2967	1
1171	1363	1
1171	1197	1
1171	2734	1
1171	1902	1
1171	2130	1
1171	903	1
1172	1294	1
1172	2970	1
1172	767	1
1172	1042	1
1172	2857	1
1172	1947	1
1172	1345	1
1172	2457	1
1172	762	1
1172	2967	1
1172	1197	1
1172	2248	1
1173	119	1
1173	392	1
1173	157	1
1173	435	1
1173	2502	1
1173	543	1
1173	683	1
1173	2937	1
1173	2701	1
1173	2982	1
1173	165	1
1173	2440	1
1173	1344	1
1174	767	1
1174	435	1
1174	3008	1
1174	1042	1
1174	2857	1
1174	1345	1
1174	1400	1
1174	75	1
1174	1197	1
1174	1351	1
1175	543	1
1175	2967	1
1175	2440	1
1175	1344	1
1175	1197	1
1176	2950	1
1176	2857	1
1176	1947	1
1176	1460	1
1176	2296	1
1176	3098	1
1176	1149	1
1176	454	1
1176	2967	1
1176	75	1
1176	1363	1
1177	98	1
1177	1294	1
1177	551	1
1177	1042	1
1177	653	1
1177	2502	1
1177	2150	1
1177	116	1
1177	2457	1
1177	2344	1
1177	1063	1
1177	2959	1
1177	2701	1
1177	2620	1
1177	1400	1
1177	1989	1
1177	2967	1
1177	1314	1
1177	952	1
1177	1344	1
1177	1197	1
1178	2857	1
1178	1149	1
1178	584	1
1179	98	1
1179	1294	1
1179	119	1
1179	219	1
1179	435	1
1179	1042	1
1179	2857	1
1179	2486	1
1179	1460	1
1179	2502	1
1179	2150	1
1179	116	1
1179	2344	1
1179	2643	1
1179	1772	1
1179	2296	1
1179	722	1
1179	1314	1
1179	952	1
1179	1197	1
1179	349	1
1180	119	1
1180	157	1
1180	435	1
1180	2502	1
1180	543	1
1180	2703	1
1180	2701	1
1180	1314	1
1180	2440	1
1180	1344	1
1180	1197	1
1181	119	1
1181	2857	1
1181	756	1
1181	1356	1
1181	1314	1
1181	1197	1
1181	2248	1
1181	1532	1
1181	535	1
1182	194	1
1182	741	1
1182	543	1
1182	1345	1
1182	2457	1
1182	2092	1
1182	357	1
1182	2746	1
1182	890	1
1182	722	1
1182	2967	1
1182	75	1
1182	1507	1
1182	1197	1
1182	2248	1
1182	1351	1
1182	2471	1
1183	119	1
1183	435	1
1183	1042	1
1183	2857	1
1183	1356	1
1183	1314	1
1183	1197	1
1183	644	1
1183	2520	1
1184	920	1
1184	2857	1
1184	2275	1
1184	2701	1
1184	1149	1
1184	2154	1
1184	2967	1
1184	369	1
1185	2571	1
1185	219	1
1185	1790	1
1185	2150	1
1185	2275	1
1185	1449	1
1185	2481	1
1185	2701	1
1185	3098	1
1185	2602	1
1185	1761	1
1185	1149	1
1185	2967	1
1185	1314	1
1185	1344	1
1185	1363	1
1185	3117	1
1186	592	1
1186	2857	1
1186	1790	1
1186	3084	1
1186	2481	1
1186	2701	1
1186	75	1
1186	1363	1
1186	2130	1
1187	2857	1
1187	3084	1
1187	2967	1
1187	2734	1
1187	1902	1
1188	392	1
1188	435	1
1188	2908	1
1188	1952	1
1188	706	1
1188	2502	1
1188	543	1
1188	683	1
1188	2701	1
1188	2556	1
1188	165	1
1188	1432	1
1188	1314	1
1188	2440	1
1188	1344	1
1189	157	1
1189	2502	1
1189	543	1
1189	2703	1
1189	683	1
1189	2344	1
1189	2556	1
1189	2967	1
1189	165	1
1189	1432	1
1189	1314	1
1190	2950	1
1190	2857	1
1190	454	1
1190	2967	1
1190	75	1
1190	1363	1
1191	3100	1
1191	1294	1
1191	1358	1
1191	232	1
1191	219	1
1191	435	1
1191	3008	1
1191	2078	1
1191	2735	1
1191	2150	1
1191	1079	1
1191	1345	1
1191	2296	1
1191	2378	1
1191	75	1
1191	1314	1
1191	1197	1
1191	2614	1
1191	1902	1
1191	369	1
1192	3055	1
1192	2409	1
1192	543	1
1192	7	1
1192	2481	1
1192	1063	1
1192	2701	1
1192	2746	1
1192	1356	1
1192	2620	1
1192	2075	1
1192	2593	1
1192	75	1
1192	1363	1
1193	1042	1
1193	2857	1
1193	1149	1
1193	584	1
1194	767	1
1194	219	1
1194	435	1
1194	2857	1
1194	741	1
1194	2735	1
1194	2150	1
1194	2701	1
1194	2296	1
1194	1400	1
1194	1149	1
1194	2967	1
1194	437	1
1194	1902	1
1195	1460	1
1195	299	1
1195	7	1
1195	2763	1
1195	1734	1
1195	1356	1
1196	1685	1
1196	1991	1
1196	543	1
1196	2643	1
1196	2701	1
1196	693	1
1196	1149	1
1196	2967	1
1196	1197	1
1196	1351	1
1197	1699	1
1197	2989	1
1197	1422	1
1197	53	1
1197	470	1
1197	675	1
1197	2043	1
1197	64	1
1198	1451	1
1198	1294	1
1198	119	1
1198	435	1
1198	2857	1
1198	77	1
1198	2735	1
1198	2502	1
1198	1079	1
1198	2967	1
1198	75	1
1198	2734	1
1198	2130	1
1198	1612	1
1199	2857	1
1199	2701	1
1199	1149	1
1199	75	1
1199	584	1
1200	2857	1
1200	2296	1
1200	1149	1
1201	592	1
1201	2857	1
1201	2701	1
1201	2296	1
1201	1356	1
1201	1761	1
1201	2154	1
1201	584	1
1201	2734	1
1201	1902	1
1201	954	1
1202	435	1
1202	2857	1
1202	741	1
1202	3084	1
1202	2735	1
1202	2150	1
1202	2791	1
1202	2344	1
1202	358	1
1202	1400	1
1202	1761	1
1202	1149	1
1202	454	1
1202	2967	1
1202	75	1
1202	1314	1
1202	1363	1
1202	2130	1
1203	1790	1
1203	2275	1
1203	689	1
1203	1078	1
1203	3112	1
1204	2331	1
1204	2763	1
1204	689	1
1205	920	1
1205	815	1
1205	551	1
1205	1042	1
1205	1790	1
1205	653	1
1205	1947	1
1205	2735	1
1205	1926	1
1205	1345	1
1205	2643	1
1205	1370	1
1205	2296	1
1205	1400	1
1205	1151	1
1205	2967	1
1205	75	1
1205	1314	1
1205	1078	1
1206	1042	1
1206	2857	1
1206	1400	1
1206	1149	1
1206	2967	1
1207	2976	1
1207	815	1
1207	435	1
1207	1042	1
1207	2857	1
1207	1947	1
1207	741	1
1207	2597	1
1207	2296	1
1207	2746	1
1207	1149	1
1207	2154	1
1207	75	1
1207	952	1
1207	2789	1
1207	2734	1
1207	418	1
1207	349	1
1208	2857	1
1208	1149	1
1208	75	1
1209	2857	1
1209	2967	1
1209	75	1
1209	1314	1
1209	2734	1
1209	2130	1
1210	936	1
1210	2154	1
1210	75	1
1210	2734	1
1210	2130	1
1211	767	1
1211	219	1
1211	1790	1
1211	741	1
1211	3084	1
1211	299	1
1211	2643	1
1211	1772	1
1211	936	1
1211	2746	1
1211	1761	1
1211	722	1
1211	2967	1
1211	75	1
1211	1344	1
1211	1363	1
1211	2980	1
1211	2544	1
1211	1479	1
1211	954	1
1211	2130	1
1212	2857	1
1212	1149	1
1212	2967	1
1213	592	1
1213	2967	1
1213	75	1
1213	1314	1
1213	2734	1
1214	1294	1
1214	435	1
1214	2857	1
1214	2150	1
1214	1611	1
1214	2701	1
1214	1149	1
1214	349	1
1214	1902	1
1215	1294	1
1215	551	1
1215	435	1
1215	2857	1
1215	1790	1
1215	653	1
1215	2150	1
1215	2275	1
1215	2643	1
1215	1400	1
1215	1149	1
1215	75	1
1215	2734	1
1215	1902	1
1215	2130	1
1216	920	1
1216	1975	1
1216	435	1
1216	991	1
1216	2857	1
1216	653	1
1216	3084	1
1216	2150	1
1216	543	1
1216	1345	1
1216	2344	1
1216	2597	1
1216	936	1
1216	2757	1
1216	1400	1
1216	1761	1
1216	1149	1
1216	2148	1
1216	1989	1
1216	2967	1
1216	1314	1
1216	2789	1
1216	1197	1
1216	2734	1
1216	903	1
1217	767	1
1217	551	1
1217	991	1
1217	2857	1
1217	543	1
1217	1345	1
1217	2296	1
1217	1400	1
1217	2967	1
1217	1314	1
1217	1523	1
1217	1197	1
1218	2119	1
1218	435	1
1218	696	1
1218	2857	1
1218	2502	1
1218	2551	1
1218	543	1
1218	2701	1
1218	2746	1
1218	2967	1
1218	1197	1
1219	2857	1
1219	2296	1
1219	1149	1
1219	2967	1
1220	1940	1
1220	2331	1
1220	1379	1
1220	689	1
1221	98	1
1221	219	1
1221	2457	1
1221	2701	1
1221	2296	1
1221	1400	1
1221	75	1
1221	1314	1
1221	1197	1
1222	2331	1
1222	2890	1
1222	3119	1
1223	98	1
1223	920	1
1223	2068	1
1223	2257	1
1223	2828	1
1223	592	1
1223	2534	1
1223	991	1
1223	118	1
1223	1947	1
1223	741	1
1223	3084	1
1223	2735	1
1223	2551	1
1223	543	1
1223	1012	1
1223	2703	1
1223	2457	1
1223	1449	1
1223	2643	1
1223	2597	1
1223	2701	1
1223	2296	1
1223	2746	1
1223	2987	1
1223	335	1
1223	1400	1
1223	1761	1
1223	512	1
1223	951	1
1223	1149	1
1223	1186	1
1223	2370	1
1223	75	1
1223	2194	1
1223	509	1
1223	2734	1
1223	349	1
1223	2130	1
1223	1520	1
1223	188	1
1223	903	1
1224	1856	1
1224	2862	1
1224	1149	1
1224	2967	1
1224	952	1
1224	349	1
1225	98	1
1225	1294	1
1225	767	1
1225	219	1
1225	435	1
1225	653	1
1225	741	1
1225	1345	1
1225	2457	1
1225	2344	1
1225	2643	1
1225	2597	1
1225	2701	1
1225	2296	1
1225	1400	1
1225	75	1
1225	1314	1
1225	2406	1
1226	98	1
1226	1294	1
1226	419	1
1226	767	1
1226	232	1
1226	230	1
1226	2857	1
1226	2150	1
1226	2457	1
1226	2643	1
1226	2296	1
1226	2746	1
1226	2967	1
1226	1314	1
1226	952	1
1226	2789	1
1226	2489	1
1226	1351	1
1227	767	1
1227	2857	1
1227	1345	1
1227	2597	1
1227	1611	1
1227	2701	1
1227	2967	1
1227	75	1
1227	2248	1
1228	98	1
1228	1358	1
1228	435	1
1228	124	1
1228	818	1
1228	2643	1
1228	936	1
1228	1356	1
1228	1400	1
1228	1149	1
1228	2370	1
1228	2967	1
1228	75	1
1228	1314	1
1228	584	1
1228	1052	1
1228	2406	1
1229	2970	1
1229	435	1
1229	2857	1
1229	1790	1
1229	543	1
1229	1400	1
1229	2967	1
1229	1314	1
1229	952	1
1229	1197	1
1229	584	1
1230	2857	1
1231	3100	1
1231	3057	1
1231	119	1
1231	2059	1
1231	435	1
1231	1057	1
1231	2457	1
1231	1449	1
1231	1611	1
1231	2953	1
1231	2701	1
1231	2378	1
1231	2203	1
1231	1431	1
1231	3093	1
1231	1314	1
1231	1197	1
1231	359	1
1231	349	1
1231	2093	1
1232	3100	1
1232	592	1
1232	232	1
1232	219	1
1232	2857	1
1232	1790	1
1232	2409	1
1232	653	1
1232	2220	1
1232	1947	1
1232	2457	1
1232	2643	1
1232	820	1
1232	1032	1
1232	655	1
1232	2746	1
1232	3098	1
1232	335	1
1232	2593	1
1232	89	1
1232	1149	1
1232	454	1
1232	2967	1
1232	75	1
1232	1083	1
1232	1344	1
1232	1363	1
1232	1955	1
1232	1388	1
1233	119	1
1233	653	1
1233	1345	1
1233	2344	1
1233	1314	1
1233	2789	1
1234	98	1
1234	1294	1
1234	2571	1
1234	2828	1
1234	767	1
1234	1856	1
1234	120	1
1234	543	1
1234	1345	1
1234	836	1
1234	2643	1
1234	936	1
1234	2701	1
1234	1149	1
1234	2967	1
1234	1314	1
1234	2734	1
1234	349	1
1234	954	1
1234	903	1
1235	2857	1
1235	543	1
1235	2457	1
1235	1356	1
1235	1400	1
1235	2967	1
1235	1314	1
1235	2789	1
1235	2943	1
1236	2970	1
1236	2976	1
1236	435	1
1236	2502	1
1236	2551	1
1236	1345	1
1237	3100	1
1237	2970	1
1237	551	1
1237	119	1
1237	696	1
1237	2857	1
1237	653	1
1237	2502	1
1237	2150	1
1237	2551	1
1237	1345	1
1237	2765	1
1237	1400	1
1237	2967	1
1237	1314	1
1237	1344	1
1237	1197	1
1237	2975	1
1237	535	1
1237	1351	1
1237	2654	1
1238	119	1
1238	435	1
1238	2502	1
1238	543	1
1238	2205	1
1238	2040	1
1238	1314	1
1238	1507	1
1239	2820	1
1239	1247	1
1239	2502	1
1239	783	1
1239	715	1
1239	2344	1
1239	1788	1
1239	2004	1
1239	1391	1
1239	1693	1
1239	1400	1
1239	2967	1
1239	1314	1
1239	2685	1
1239	1636	1
1239	2941	1
1240	3100	1
1240	2534	1
1240	435	1
1240	2857	1
1240	2213	1
1240	1345	1
1240	2457	1
1240	3140	1
1240	2344	1
1240	1693	1
1240	2701	1
1240	2746	1
1240	2668	1
1240	1400	1
1240	2196	1
1240	145	1
1240	2967	1
1240	75	1
1240	1314	1
1240	2392	1
1240	1344	1
1240	1351	1
1240	2356	1
1240	2980	1
1240	1479	1
1241	767	1
1241	435	1
1241	1345	1
1241	2154	1
1241	2967	1
1241	1314	1
1241	2248	1
1241	1351	1
1241	1479	1
1242	119	1
1242	219	1
1242	741	1
1242	2502	1
1242	2457	1
1242	756	1
1242	2746	1
1242	1356	1
1242	1314	1
1242	1197	1
1242	1532	1
1242	535	1
1242	954	1
1243	1042	1
1243	2857	1
1243	1611	1
1243	1403	1
1243	1935	1
1243	75	1
1244	551	1
1244	219	1
1244	1042	1
1244	653	1
1244	2551	1
1244	543	1
1244	1345	1
1244	2141	1
1244	2296	1
1244	2967	1
1244	1314	1
1244	2614	1
1244	1351	1
1245	767	1
1245	219	1
1245	1042	1
1245	2502	1
1245	2551	1
1245	1345	1
1245	2141	1
1245	2296	1
1245	1314	1
1245	1197	1
1245	1351	1
1246	435	1
1246	543	1
1246	1345	1
1246	756	1
1246	2296	1
1246	2620	1
1246	2967	1
1246	1314	1
1246	1197	1
1246	535	1
1246	1457	1
1247	1790	1
1247	2763	1
1247	689	1
1247	1078	1
1248	2763	1
1248	689	1
1248	1078	1
1249	219	1
1249	2735	1
1249	116	1
1249	1345	1
1249	756	1
1249	2701	1
1249	1356	1
1249	2620	1
1249	1400	1
1249	438	1
1249	1902	1
1250	551	1
1250	119	1
1250	435	1
1250	2857	1
1250	543	1
1250	2620	1
1250	2967	1
1250	1314	1
1250	1197	1
1250	535	1
1250	1479	1
1251	119	1
1251	435	1
1251	2502	1
1251	1356	1
1251	2967	1
1251	1314	1
1251	1457	1
1252	1790	1
1252	2763	1
1252	1078	1
1253	219	1
1253	1162	1
1253	435	1
1253	1790	1
1253	2486	1
1253	299	1
1253	2593	1
1253	1149	1
1253	722	1
1253	2967	1
1253	408	1
1253	525	1
1253	2482	1
1253	689	1
1253	2734	1
1253	2130	1
1254	1947	1
1254	2763	1
1254	197	1
1254	936	1
1254	1379	1
1255	592	1
1255	1993	1
1255	2735	1
1255	2763	1
1255	2916	1
1255	1619	1
1255	584	1
1255	689	1
1255	1078	1
1256	3008	1
1256	1042	1
1256	2857	1
1256	741	1
1256	543	1
1256	1345	1
1256	2703	1
1256	1356	1
1256	2967	1
1256	1314	1
1256	2589	1
1256	2789	1
1256	1197	1
1256	2614	1
1257	2331	1
1257	1379	1
1257	689	1
1257	1078	1
1257	3119	1
1258	2857	1
1258	1296	1
1258	1790	1
1258	3084	1
1258	2481	1
1258	75	1
1258	349	1
1258	1612	1
1258	94	1
1259	1790	1
1259	2275	1
1259	2703	1
1259	2215	1
1259	2959	1
1259	2701	1
1260	2338	1
1260	1790	1
1260	1356	1
1260	2811	1
1261	219	1
1261	2857	1
1261	1790	1
1261	1947	1
1261	2120	1
1261	299	1
1261	1356	1
1261	1149	1
1262	1790	1
1262	700	1
1262	1356	1
1263	2696	1
1263	2857	1
1263	653	1
1263	1345	1
1263	2701	1
1263	475	1
1263	1149	1
1263	1197	1
1263	954	1
1264	219	1
1264	741	1
1264	2486	1
1264	2456	1
1264	2177	1
1264	1972	1
1264	2597	1
1264	2701	1
1264	554	1
1264	475	1
1264	1176	1
1264	2967	1
1264	75	1
1264	1314	1
1264	1229	1
1264	72	1
1265	1583	1
1265	3101	1
1265	75	1
1266	809	1
1266	419	1
1266	2502	1
1266	543	1
1267	2970	1
1267	119	1
1267	2857	1
1267	2699	1
1267	715	1
1267	1611	1
1267	1356	1
1267	1197	1
1268	2257	1
1268	119	1
1268	774	1
1268	2857	1
1268	2712	1
1268	2502	1
1268	543	1
1268	876	1
1268	2967	1
1268	2964	1
1268	2248	1
1268	1572	1
1269	119	1
1269	1356	1
1269	1837	1
1270	3100	1
1270	2552	1
1270	119	1
1270	250	1
1270	219	1
1270	435	1
1270	653	1
1270	3068	1
1270	1322	1
1270	2213	1
1270	849	1
1270	2703	1
1270	2457	1
1270	2344	1
1270	154	1
1270	2667	1
1270	711	1
1270	2029	1
1270	1136	1
1270	388	1
1270	2967	1
1270	1314	1
1270	1851	1
1270	367	1
1270	2991	1
1270	1351	1
1270	1093	1
1270	1602	1
1270	1207	1
1270	2520	1
1270	2526	1
1271	2275	1
1271	2763	1
1271	689	1
1271	1078	1
1272	3100	1
1272	2257	1
1272	940	1
1272	2857	1
1272	2705	1
1272	3009	1
1272	2268	1
1272	1761	1
1272	2824	1
1272	1234	1
1272	1563	1
1272	2967	1
1272	1086	1
1272	1314	1
1272	2246	1
1272	2789	1
1272	437	1
1272	2248	1
1272	1351	1
1273	2534	1
1273	2339	1
1273	2255	1
1273	1314	1
1274	219	1
1274	287	1
1274	435	1
1274	940	1
1274	1042	1
1274	2502	1
1274	715	1
1274	1053	1
1274	3009	1
1274	2268	1
1274	1356	1
1274	144	1
1274	145	1
1274	2967	1
1274	1314	1
1274	1005	1
1274	107	1
1275	767	1
1275	230	1
1275	543	1
1275	2457	1
1275	836	1
1275	1506	1
1275	1063	1
1275	3139	1
1275	2620	1
1275	2967	1
1275	1314	1
1275	2973	1
1275	1197	1
1275	1604	1
1275	359	1
1275	1612	1
1276	1684	1
1276	2524	1
1276	96	1
1276	435	1
1276	940	1
1276	991	1
1276	1333	1
1276	1947	1
1276	741	1
1276	2486	1
1276	543	1
1276	1883	1
1276	950	1
1276	1794	1
1276	1367	1
1276	1772	1
1276	2679	1
1276	358	1
1276	2268	1
1276	2630	1
1276	2701	1
1276	894	1
1276	2064	1
1276	1215	1
1276	129	1
1276	2408	1
1276	1005	1
1276	241	1
1276	2246	1
1276	777	1
1276	1689	1
1276	2714	1
1277	1874	1
1277	771	1
1277	1326	1
1277	1259	1
1278	3100	1
1278	419	1
1278	909	1
1278	2857	1
1278	2551	1
1278	2746	1
1278	1761	1
1278	1563	1
1278	2967	1
1278	1512	1
1278	2392	1
1278	2789	1
1278	111	1
1278	1197	1
1278	107	1
1278	139	1
1278	2520	1
1278	2576	1
1279	2121	1
1279	219	1
1279	1974	1
1279	116	1
1279	543	1
1279	2776	1
1279	711	1
1279	2255	1
1279	2998	1
1279	1063	1
1279	1761	1
1279	2761	1
1279	2160	1
1279	1463	1
1279	2967	1
1279	1523	1
1279	111	1
1280	1947	1
1280	2331	1
1280	2763	1
1280	1379	1
1280	1078	1
1281	2166	1
1281	2598	1
1281	232	1
1281	1430	1
1281	1909	1
1281	2527	1
1281	1621	1
1281	2457	1
1281	2903	1
1281	1488	1
1281	972	1
1281	144	1
1281	1498	1
1281	1097	1
1281	1314	1
1281	2194	1
1281	1793	1
1281	644	1
1281	2520	1
1281	2716	1
1281	2322	1
1281	497	1
1282	1379	1
1282	689	1
1282	1078	1
1283	1667	1
1283	1358	1
1283	694	1
1283	423	1
1283	430	1
1283	2139	1
1283	1296	1
1283	2402	1
1283	511	1
1283	1888	1
1283	741	1
1283	1534	1
1283	1035	1
1283	2339	1
1283	2693	1
1283	769	1
1283	83	1
1283	2275	1
1283	863	1
1283	1398	1
1283	290	1
1283	1339	1
1283	1436	1
1283	2022	1
1283	862	1
1283	2668	1
1283	1779	1
1283	650	1
1283	1960	1
1283	2362	1
1283	927	1
1283	2469	1
1283	2784	1
1283	1300	1
1283	2973	1
1283	2787	1
1283	980	1
1283	139	1
1283	2897	1
1283	724	1
1283	2335	1
1283	1824	1
1284	767	1
1284	232	1
1284	2551	1
1284	972	1
1284	1586	1
1285	3100	1
1285	3057	1
1285	1294	1
1285	1683	1
1285	2976	1
1285	232	1
1285	230	1
1285	118	1
1285	2502	1
1285	2551	1
1285	2527	1
1285	2615	1
1285	715	1
1285	154	1
1285	1794	1
1285	2772	1
1285	2841	1
1285	1575	1
1285	2296	1
1285	2378	1
1285	416	1
1285	1890	1
1285	2929	1
1285	3037	1
1285	2731	1
1285	886	1
1285	2392	1
1285	367	1
1285	2286	1
1285	1197	1
1285	644	1
1285	2526	1
1285	2105	1
1285	497	1
1286	1864	1
1286	2139	1
1286	2723	1
1286	1809	1
1286	154	1
1286	1498	1
1286	644	1
1286	2520	1
1286	2322	1
1286	497	1
1287	232	1
1287	230	1
1287	438	1
1288	98	1
1288	1358	1
1288	2970	1
1288	592	1
1288	119	1
1288	232	1
1288	230	1
1288	287	1
1288	435	1
1288	3008	1
1288	991	1
1288	1042	1
1288	1296	1
1288	2402	1
1288	118	1
1288	706	1
1288	653	1
1288	3084	1
1288	2486	1
1288	2502	1
1288	2150	1
1288	2551	1
1288	3133	1
1288	1881	1
1288	2680	1
1288	782	1
1288	2457	1
1288	2791	1
1288	715	1
1288	2643	1
1288	876	1
1288	1611	1
1288	2701	1
1288	1400	1
1288	1563	1
1288	2967	1
1288	75	1
1288	1314	1
1288	1511	1
1288	2789	1
1288	253	1
1288	418	1
1288	1351	1
1288	349	1
1288	2980	1
1289	1790	1
1289	2791	1
1289	1379	1
1289	1078	1
1290	2970	1
1290	767	1
1290	435	1
1290	2502	1
1290	116	1
1290	2702	1
1290	715	1
1290	13	1
1290	2746	1
1290	2967	1
1290	917	1
1290	2789	1
1291	2741	1
1292	2970	1
1292	435	1
1292	2551	1
1292	543	1
1292	2344	1
1292	459	1
1292	1761	1
1292	1181	1
1292	145	1
1292	2348	1
1292	2967	1
1292	1314	1
1292	1523	1
1292	437	1
1292	111	1
1292	1197	1
1292	107	1
1292	535	1
1292	2520	1
1293	809	1
1293	2970	1
1293	1988	1
1293	2504	1
1293	1282	1
1293	665	1
1293	767	1
1293	1874	1
1293	2598	1
1293	1179	1
1293	119	1
1293	1019	1
1293	654	1
1293	3008	1
1293	1559	1
1293	940	1
1293	991	1
1293	2857	1
1293	661	1
1293	968	1
1293	511	1
1293	653	1
1293	757	1
1293	220	1
1293	242	1
1293	741	1
1293	2549	1
1293	2502	1
1293	2339	1
1293	1389	1
1293	2682	1
1293	1745	1
1293	116	1
1293	543	1
1293	1345	1
1293	1374	1
1293	527	1
1293	347	1
1293	818	1
1293	1259	1
1293	394	1
1293	756	1
1293	1611	1
1293	1063	1
1293	2411	1
1293	2620	1
1293	862	1
1293	3080	1
1293	2668	1
1293	1447	1
1293	1761	1
1293	2061	1
1293	1730	1
1293	2196	1
1293	1181	1
1293	650	1
1293	164	1
1293	2967	1
1293	75	1
1293	1507	1
1293	480	1
1293	2589	1
1293	2789	1
1293	437	1
1293	111	1
1293	1592	1
1293	107	1
1293	745	1
1293	2895	1
1293	2642	1
1293	1229	1
1293	1351	1
1293	3022	1
1293	2520	1
1293	2526	1
1293	1479	1
1293	2332	1
1293	1457	1
1293	1612	1
1294	2598	1
1294	2637	1
1294	2523	1
1294	232	1
1294	1183	1
1294	380	1
1294	1384	1
1294	2502	1
1294	2551	1
1294	1053	1
1294	2841	1
1294	2569	1
1294	2197	1
1294	1761	1
1294	1026	1
1294	2967	1
1294	75	1
1294	1671	1
1294	644	1
1294	2212	1
1294	2520	1
1294	764	1
1294	2322	1
1295	1294	1
1295	543	1
1295	2457	1
1295	2643	1
1295	1314	1
1295	952	1
1296	1790	1
1296	2275	1
1296	2763	1
1296	689	1
1296	1078	1
1297	1356	1
1298	2877	1
1298	2763	1
1298	1379	1
1299	2331	1
1299	2763	1
1299	1149	1
1299	689	1
1300	219	1
1300	435	1
1300	2857	1
1300	194	1
1300	741	1
1300	1460	1
1300	1534	1
1300	1761	1
1300	1523	1
1301	809	1
1301	940	1
1301	2857	1
1301	118	1
1301	194	1
1301	757	1
1301	2551	1
1301	657	1
1301	543	1
1301	2344	1
1301	1883	1
1301	3009	1
1301	2296	1
1301	2856	1
1301	2569	1
1301	2197	1
1301	2359	1
1301	626	1
1301	1086	1
1301	1314	1
1301	2392	1
1301	1197	1
1301	1050	1
1301	644	1
1301	2520	1
1301	2400	1
1302	3100	1
1302	98	1
1302	1667	1
1302	2371	1
1302	4	1
1302	2976	1
1302	1684	1
1302	1269	1
1302	592	1
1302	2598	1
1302	2478	1
1302	250	1
1302	232	1
1302	320	1
1302	219	1
1302	909	1
1302	435	1
1302	1042	1
1302	2261	1
1302	118	1
1302	441	1
1302	653	1
1302	757	1
1302	2880	1
1302	1947	1
1302	2078	1
1302	2994	1
1302	1522	1
1302	752	1
1302	1384	1
1302	2502	1
1302	2551	1
1302	2527	1
1302	657	1
1302	543	1
1302	1345	1
1302	2703	1
1302	2791	1
1302	1595	1
1302	715	1
1302	2923	1
1302	2989	1
1302	928	1
1302	1654	1
1302	358	1
1302	2841	1
1302	2307	1
1302	1063	1
1302	2701	1
1302	2746	1
1302	2569	1
1302	2197	1
1302	1518	1
1302	2253	1
1302	144	1
1302	1761	1
1302	1586	1
1302	626	1
1302	1813	1
1302	1655	1
1302	1712	1
1302	2370	1
1302	1086	1
1302	75	1
1302	1314	1
1302	2392	1
1302	1523	1
1302	1438	1
1302	777	1
1302	139	1
1302	41	1
1302	2734	1
1302	168	1
1302	644	1
1302	3022	1
1302	1008	1
1302	764	1
1302	2400	1
1302	2526	1
1302	2176	1
1302	1933	1
1302	203	1
1302	1365	1
1302	1783	1
1303	1790	1
1303	511	1
1303	1947	1
1303	1685	1
1303	2275	1
1303	526	1
1303	2763	1
1303	2701	1
1303	2916	1
1303	134	1
1303	1619	1
1303	75	1
1303	952	1
1303	584	1
1303	689	1
1303	2852	1
1303	1078	1
1304	767	1
1304	940	1
1304	1296	1
1304	543	1
1304	1312	1
1304	1449	1
1304	2479	1
1304	542	1
1304	1356	1
1304	2922	1
1304	1071	1
1304	2967	1
1304	75	1
1304	1831	1
1304	1238	1
1304	2789	1
1304	1197	1
1304	2520	1
1305	98	1
1305	85	1
1305	682	1
1305	619	1
1305	573	1
1305	1684	1
1305	2070	1
1305	767	1
1305	119	1
1305	435	1
1305	58	1
1305	706	1
1305	910	1
1305	220	1
1305	1856	1
1305	1302	1
1305	1150	1
1305	1409	1
1305	2502	1
1305	1035	1
1305	415	1
1305	2150	1
1305	224	1
1305	2177	1
1305	715	1
1305	2114	1
1305	2769	1
1305	614	1
1305	778	1
1305	257	1
1305	413	1
1305	2937	1
1305	3095	1
1305	2746	1
1305	314	1
1305	1356	1
1305	2967	1
1305	1432	1
1305	1444	1
1305	2440	1
1305	952	1
1305	2441	1
1305	1197	1
1305	253	1
1305	2799	1
1305	2734	1
1305	349	1
1305	594	1
1305	2714	1
1306	98	1
1306	691	1
1306	2682	1
1306	1745	1
1306	3080	1
1306	1213	1
1306	1234	1
1306	1314	1
1306	1532	1
1307	551	1
1307	287	1
1307	2857	1
1307	1794	1
1307	2296	1
1307	1761	1
1307	2967	1
1307	2392	1
1307	1197	1
1308	2976	1
1308	419	1
1308	947	1
1308	219	1
1308	1042	1
1308	2502	1
1308	2551	1
1308	1488	1
1308	1063	1
1308	2746	1
1308	2466	1
1308	1655	1
1308	2348	1
1308	1314	1
1308	2392	1
1308	111	1
1308	1197	1
1308	41	1
1308	2520	1
1309	2865	1
1309	419	1
1309	767	1
1309	1269	1
1309	250	1
1309	232	1
1309	230	1
1309	301	1
1309	435	1
1309	1042	1
1309	2857	1
1309	706	1
1309	741	1
1309	2994	1
1309	1460	1
1309	2150	1
1309	3068	1
1309	1322	1
1309	543	1
1309	2776	1
1309	1063	1
1309	2746	1
1309	1447	1
1309	1761	1
1309	2348	1
1309	2967	1
1309	2392	1
1309	952	1
1309	437	1
1309	111	1
1309	840	1
1309	1197	1
1309	1351	1
1309	1093	1
1309	1207	1
1309	2520	1
1309	2152	1
1310	2980	1
1311	1150	1
1311	715	1
1311	1356	1
1312	2791	1
1312	2763	1
1312	1379	1
1313	2828	1
1313	2857	1
1313	75	1
1314	2862	1
1314	2275	1
1314	689	1
1315	219	1
1315	2857	1
1315	118	1
1315	741	1
1315	2502	1
1315	543	1
1315	1654	1
1315	2701	1
1315	438	1
1315	2370	1
1315	2967	1
1315	349	1
1316	1684	1
1316	2857	1
1316	1790	1
1316	2502	1
1316	543	1
1316	2703	1
1316	2344	1
1316	2643	1
1316	1693	1
1316	2967	1
1316	75	1
1316	1314	1
1316	1652	1
1316	2734	1
1317	435	1
1317	1790	1
1317	3085	1
1317	3046	1
1317	2196	1
1317	1314	1
1318	2857	1
1318	2643	1
1318	2987	1
1318	3098	1
1318	1363	1
1318	2093	1
1319	1938	1
1319	2857	1
1319	1790	1
1319	2457	1
1319	2643	1
1319	2701	1
1319	1149	1
1319	75	1
1319	1363	1
1319	790	1
1319	2130	1
1320	3100	1
1320	98	1
1320	1358	1
1320	2976	1
1320	419	1
1320	947	1
1320	767	1
1320	232	1
1320	230	1
1320	2857	1
1320	1014	1
1320	2735	1
1320	2502	1
1320	1035	1
1320	2551	1
1320	1345	1
1320	715	1
1320	738	1
1320	2597	1
1320	1063	1
1320	2701	1
1320	2746	1
1320	2378	1
1320	1400	1
1320	1761	1
1320	1586	1
1320	1181	1
1320	1655	1
1320	2348	1
1320	1563	1
1320	75	1
1320	1314	1
1320	2392	1
1320	1523	1
1320	111	1
1320	1902	1
1321	1294	1
1321	2976	1
1321	2523	1
1321	1183	1
1321	1057	1
1321	116	1
1321	1662	1
1321	1794	1
1321	1498	1
1321	2620	1
1321	2203	1
1321	808	1
1321	2531	1
1321	309	1
1321	1824	1
1322	809	1
1322	419	1
1322	947	1
1322	551	1
1322	119	1
1322	59	1
1322	2242	1
1322	232	1
1322	230	1
1322	435	1
1322	982	1
1322	2857	1
1322	1014	1
1322	118	1
1322	194	1
1322	757	1
1322	1366	1
1322	741	1
1322	1460	1
1322	1057	1
1322	2693	1
1322	543	1
1322	2703	1
1322	2344	1
1322	1611	1
1322	2841	1
1322	2296	1
1322	1498	1
1322	2668	1
1322	1400	1
1322	1447	1
1322	1935	1
1322	1340	1
1322	2203	1
1322	1181	1
1322	1026	1
1322	2348	1
1322	1563	1
1322	2967	1
1322	1432	1
1322	75	1
1322	1314	1
1322	2392	1
1322	1341	1
1322	952	1
1322	1523	1
1322	1511	1
1322	2789	1
1322	437	1
1322	111	1
1322	1197	1
1322	202	1
1322	2980	1
1322	2520	1
1322	1457	1
1322	2576	1
1322	2741	1
1322	1824	1
1323	3084	1
1323	2701	1
1323	1149	1
1323	75	1
1323	1197	1
1323	954	1
1324	1790	1
1324	2331	1
1324	1379	1
1324	1078	1
1325	2538	1
1325	435	1
1325	77	1
1325	1079	1
1325	1403	1
1325	2196	1
1325	2247	1
1325	2734	1
1325	2827	1
1326	1269	1
1326	1974	1
1326	1042	1
1326	2857	1
1326	194	1
1326	1822	1
1326	2502	1
1326	3068	1
1326	668	1
1326	1322	1
1326	2776	1
1326	711	1
1326	1159	1
1326	2746	1
1326	2582	1
1326	810	1
1326	1351	1
1327	2552	1
1327	2598	1
1327	1542	1
1327	1974	1
1327	194	1
1327	3068	1
1327	1322	1
1327	2929	1
1327	1602	1
1327	764	1
1327	2526	1
1327	2163	1
1328	1993	1
1328	1790	1
1328	2763	1
1329	98	1
1329	1294	1
1329	2414	1
1329	1667	1
1329	2857	1
1329	1790	1
1329	2078	1
1329	2735	1
1329	2150	1
1329	124	1
1329	1761	1
1329	2203	1
1329	2370	1
1329	75	1
1329	1511	1
1329	2520	1
1329	369	1
1330	2371	1
1330	1842	1
1330	119	1
1330	694	1
1330	2485	1
1330	1974	1
1330	1864	1
1330	1042	1
1330	2857	1
1330	194	1
1330	757	1
1330	1822	1
1330	2502	1
1330	3068	1
1330	668	1
1330	1322	1
1330	2213	1
1330	2201	1
1330	2457	1
1330	715	1
1330	2705	1
1330	2344	1
1330	2061	1
1330	2582	1
1330	2967	1
1330	75	1
1330	907	1
1330	367	1
1330	1602	1
1330	1207	1
1330	1906	1
1331	250	1
1331	435	1
1331	2857	1
1331	1460	1
1331	1534	1
1331	711	1
1331	2789	1
1331	1602	1
1331	1207	1
1332	1790	1
1332	2643	1
1332	2701	1
1332	1149	1
1332	1379	1
1332	584	1
1332	689	1
1332	1078	1
1333	2338	1
1333	3001	1
1333	3084	1
1333	2660	1
1333	1643	1
1333	1379	1
1333	805	1
1333	1197	1
1333	1078	1
1334	1451	1
1334	748	1
1334	2534	1
1334	3089	1
1334	543	1
1334	347	1
1334	45	1
1334	862	1
1334	3101	1
1334	1303	1
1334	1761	1
1334	906	1
1334	111	1
1334	1197	1
1334	172	1
1335	2701	1
1335	1149	1
1335	2967	1
1335	75	1
1335	2789	1
1336	1790	1
1336	1940	1
1336	224	1
1336	2701	1
1336	2967	1
1336	1379	1
1336	830	1
1336	1078	1
1336	3119	1
1337	119	1
1337	2701	1
1337	1149	1
1338	3100	1
1338	1594	1
1338	1133	1
1338	767	1
1338	119	1
1338	232	1
1338	230	1
1338	262	1
1338	1433	1
1338	1714	1
1338	345	1
1338	3008	1
1338	696	1
1338	1042	1
1338	757	1
1338	802	1
1338	2817	1
1338	3073	1
1338	3084	1
1338	277	1
1338	1057	1
1338	2693	1
1338	2038	1
1338	116	1
1338	1881	1
1338	543	1
1338	251	1
1338	2457	1
1338	2451	1
1338	715	1
1338	2344	1
1338	1449	1
1338	2657	1
1338	1844	1
1338	2134	1
1338	358	1
1338	2701	1
1338	45	1
1338	2620	1
1338	2203	1
1338	2933	1
1338	2719	1
1338	1931	1
1338	2967	1
1338	1314	1
1338	952	1
1338	1511	1
1338	437	1
1338	2614	1
1338	2071	1
1338	1703	1
1338	2118	1
1338	2739	1
1338	1520	1
1338	932	1
1338	2654	1
1339	1451	1
1339	748	1
1339	456	1
1339	592	1
1339	2857	1
1339	224	1
1339	414	1
1339	1405	1
1339	2643	1
1339	2701	1
1339	1612	1
1340	98	1
1340	219	1
1340	2857	1
1340	1790	1
1340	3084	1
1340	2735	1
1340	2150	1
1340	2457	1
1340	2344	1
1340	969	1
1340	820	1
1340	1032	1
1340	1486	1
1340	75	1
1340	1363	1
1340	2130	1
1341	2068	1
1341	2857	1
1341	2434	1
1341	2502	1
1341	543	1
1341	299	1
1341	883	1
1341	655	1
1341	1693	1
1341	2701	1
1341	1149	1
1341	75	1
1341	1314	1
1341	1197	1
1341	1902	1
1342	1667	1
1342	2857	1
1342	2457	1
1342	1449	1
1342	2643	1
1342	2987	1
1342	1149	1
1342	1314	1
1342	111	1
1343	2857	1
1343	2701	1
1343	2967	1
1344	506	1
1344	3047	1
1345	855	1
1345	1991	1
1345	2275	1
1345	526	1
1345	1149	1
1345	75	1
1345	584	1
1346	1790	1
1346	2763	1
1346	1149	1
1346	689	1
1346	1078	1
1347	1790	1
1347	2703	1
1347	2344	1
1347	2959	1
1347	1314	1
1348	2338	1
1348	2015	1
1348	1790	1
1348	2481	1
1349	2338	1
1349	1162	1
1349	1216	1
1349	2703	1
1349	2481	1
1349	3085	1
1349	2701	1
1349	1403	1
1349	2585	1
1349	1149	1
1349	1314	1
1349	584	1
1349	2734	1
1349	316	1
1349	2821	1
1350	119	1
1350	2908	1
1350	2857	1
1350	2502	1
1350	2296	1
1350	1761	1
1350	2087	1
1350	1314	1
1350	2037	1
1351	2119	1
1351	1684	1
1351	2478	1
1351	250	1
1351	1723	1
1351	435	1
1351	2908	1
1351	1559	1
1351	2857	1
1351	194	1
1351	706	1
1351	1947	1
1351	402	1
1351	741	1
1351	69	1
1351	2913	1
1351	875	1
1351	1460	1
1351	649	1
1351	2502	1
1351	1079	1
1351	657	1
1351	983	1
1351	2457	1
1351	2077	1
1351	1829	1
1351	2141	1
1351	2597	1
1351	1053	1
1351	711	1
1351	740	1
1351	1646	1
1351	2841	1
1351	655	1
1351	2296	1
1351	2856	1
1351	3098	1
1351	937	1
1351	416	1
1351	328	1
1351	2197	1
1351	981	1
1351	1356	1
1351	2620	1
1351	252	1
1351	1403	1
1351	951	1
1351	1638	1
1351	626	1
1351	890	1
1351	1149	1
1351	1368	1
1351	1712	1
1351	454	1
1351	722	1
1351	2438	1
1351	1086	1
1351	3018	1
1351	1530	1
1351	2532	1
1351	952	1
1351	323	1
1351	2802	1
1351	1519	1
1351	218	1
1351	919	1
1351	1854	1
1351	1671	1
1351	1471	1
1351	553	1
1351	1050	1
1351	2734	1
1351	644	1
1351	1207	1
1351	2179	1
1351	2520	1
1351	764	1
1351	1479	1
1351	1117	1
1351	2578	1
1351	2163	1
1351	1457	1
1351	1707	1
1352	1542	1
1352	2913	1
1352	1384	1
1352	715	1
1352	2344	1
1352	1919	1
1352	3085	1
1352	2296	1
1352	2197	1
1352	1344	1
1352	1671	1
1352	1050	1
1352	2520	1
1352	764	1
1353	1542	1
1353	118	1
1353	2994	1
1353	2913	1
1353	1693	1
1353	2296	1
1353	563	1
1353	1314	1
1353	919	1
1353	2734	1
1353	2554	1
1353	1706	1
1354	1874	1
1354	1432	1
1354	1592	1
1355	955	1
1355	1382	1
1355	1829	1
1355	1053	1
1355	563	1
1355	2285	1
1355	1671	1
1355	644	1
1355	1479	1
1356	1269	1
1356	119	1
1356	2478	1
1356	1542	1
1356	435	1
1356	2908	1
1356	1042	1
1356	2261	1
1356	118	1
1356	190	1
1356	1947	1
1356	2994	1
1356	2913	1
1356	1460	1
1356	2502	1
1356	507	1
1356	156	1
1356	2457	1
1356	2077	1
1356	2344	1
1356	2647	1
1356	1648	1
1356	196	1
1356	2996	1
1356	1899	1
1356	3098	1
1356	1498	1
1356	2359	1
1356	25	1
1356	86	1
1356	951	1
1356	2234	1
1356	2087	1
1356	829	1
1356	563	1
1356	2967	1
1356	1314	1
1356	882	1
1356	2532	1
1356	323	1
1356	919	1
1356	2789	1
1356	1671	1
1356	1050	1
1356	418	1
1356	644	1
1356	1331	1
1356	1602	1
1356	764	1
1356	1706	1
1356	1457	1
1357	2204	1
1357	551	1
1357	1042	1
1357	118	1
1357	2486	1
1357	126	1
1357	2344	1
1357	2996	1
1357	2359	1
1357	2495	1
1357	86	1
1357	2087	1
1357	563	1
1357	2967	1
1357	1314	1
1357	952	1
1357	2031	1
1357	1706	1
1358	1790	1
1358	1947	1
1358	2763	1
1358	2701	1
1358	689	1
1359	1790	1
1359	2643	1
1359	584	1
1359	689	1
1360	2857	1
1360	299	1
1360	2481	1
1360	1761	1
1360	1149	1
1360	584	1
1361	1947	1
1361	2331	1
1361	562	1
1361	1379	1
1361	1078	1
1362	1790	1
1362	689	1
1362	1078	1
1363	592	1
1363	2735	1
1363	2862	1
1363	818	1
1363	2763	1
1363	584	1
1363	689	1
1363	1078	1
1364	767	1
1364	2857	1
1364	741	1
1364	543	1
1364	1345	1
1364	2703	1
1364	2457	1
1364	2791	1
1364	2746	1
1364	2967	1
1364	75	1
1365	2865	1
1365	767	1
1365	435	1
1365	2857	1
1365	1790	1
1365	543	1
1365	2746	1
1365	1400	1
1365	75	1
1365	952	1
1366	767	1
1366	2643	1
1366	2701	1
1366	1149	1
1366	2967	1
1366	1314	1
1367	2857	1
1367	2735	1
1367	1449	1
1367	936	1
1367	1370	1
1367	1693	1
1367	2701	1
1367	2296	1
1367	2746	1
1367	2987	1
1367	2602	1
1367	1149	1
1367	75	1
1367	584	1
1368	2571	1
1368	2857	1
1368	3084	1
1368	1345	1
1368	1449	1
1368	1370	1
1368	2987	1
1368	3098	1
1368	1761	1
1368	75	1
1368	1314	1
1368	952	1
1368	1197	1
1368	424	1
1368	954	1
1369	1294	1
1369	2068	1
1369	767	1
1369	435	1
1369	1296	1
1369	77	1
1369	706	1
1369	543	1
1369	2457	1
1369	2791	1
1369	2344	1
1369	2643	1
1369	2701	1
1369	2967	1
1369	75	1
1369	1314	1
1369	1197	1
1369	1689	1
1369	2734	1
1369	349	1
1369	1902	1
1370	1790	1
1370	2701	1
1370	2967	1
1370	75	1
1370	1902	1
1371	767	1
1371	2857	1
1371	2457	1
1371	1400	1
1371	2967	1
1371	1314	1
1372	767	1
1372	1042	1
1372	2857	1
1372	706	1
1372	741	1
1372	2502	1
1372	2791	1
1372	2967	1
1372	1314	1
1372	952	1
1372	1197	1
1373	1667	1
1373	2571	1
1373	920	1
1373	2538	1
1373	287	1
1373	991	1
1373	2857	1
1373	3084	1
1373	120	1
1373	1012	1
1373	2703	1
1373	2344	1
1373	1449	1
1373	2296	1
1373	2620	1
1373	1149	1
1373	2967	1
1373	75	1
1373	1197	1
1373	1592	1
1373	3117	1
1373	954	1
1373	2130	1
1374	98	1
1374	1345	1
1374	1400	1
1374	1149	1
1374	2967	1
1374	1314	1
1375	2970	1
1375	2857	1
1375	1697	1
1375	2703	1
1375	2457	1
1375	2344	1
1375	1798	1
1375	2296	1
1375	1149	1
1375	2967	1
1375	75	1
1376	1790	1
1376	2643	1
1376	2763	1
1376	2916	1
1376	689	1
1377	224	1
1377	2703	1
1377	2344	1
1377	2763	1
1377	3119	1
1378	2331	1
1378	2862	1
1378	1853	1
1378	104	1
1378	1149	1
1378	2254	1
1378	1197	1
1378	2260	1
1379	2976	1
1379	230	1
1379	1162	1
1379	3008	1
1379	2857	1
1379	706	1
1379	653	1
1379	1035	1
1379	2680	1
1379	2457	1
1379	354	1
1379	2989	1
1379	1734	1
1379	1693	1
1379	2701	1
1379	1356	1
1379	39	1
1379	2967	1
1379	1314	1
1379	2067	1
1379	272	1
1379	952	1
1379	1363	1
1379	1592	1
1379	1390	1
1379	1612	1
1380	592	1
1380	2857	1
1380	1790	1
1380	3084	1
1380	2735	1
1380	2457	1
1380	969	1
1380	7	1
1380	820	1
1380	2481	1
1380	2083	1
1380	1681	1
1381	2338	1
1381	2857	1
1381	2643	1
1381	2701	1
1381	1149	1
1382	2828	1
1382	909	1
1382	435	1
1382	2857	1
1382	1345	1
1382	2457	1
1382	1449	1
1382	2620	1
1382	1400	1
1382	1761	1
1382	1149	1
1382	2967	1
1382	75	1
1382	1314	1
1382	2325	1
1382	1351	1
1382	1902	1
1383	2571	1
1383	2970	1
1383	767	1
1383	731	1
1383	435	1
1383	2857	1
1383	1565	1
1383	515	1
1383	2150	1
1383	1449	1
1383	2643	1
1383	1064	1
1383	2746	1
1383	2987	1
1383	1400	1
1383	630	1
1383	1447	1
1383	1181	1
1383	1186	1
1383	2348	1
1383	2967	1
1383	1432	1
1383	75	1
1383	1314	1
1383	1507	1
1383	2325	1
1383	2943	1
1383	535	1
1383	1351	1
1384	3100	1
1384	219	1
1384	3008	1
1384	2857	1
1384	653	1
1384	741	1
1384	543	1
1384	1345	1
1384	2457	1
1384	2791	1
1384	2451	1
1384	2344	1
1384	2643	1
1384	2746	1
1384	2378	1
1384	1563	1
1384	2967	1
1384	75	1
1384	917	1
1384	437	1
1384	1197	1
1384	107	1
1384	2520	1
1385	2194	1
1386	671	1
1386	2344	1
1386	2643	1
1386	2967	1
1386	75	1
1386	1344	1
1386	349	1
1386	2544	1
1387	232	1
1387	2857	1
1387	2457	1
1387	3139	1
1387	1149	1
1387	75	1
1387	1197	1
1388	85	1
1388	2791	1
1388	2620	1
1388	2967	1
1388	1314	1
1388	1197	1
1388	2980	1
1388	2130	1
1389	2538	1
1389	435	1
1389	1790	1
1389	77	1
1389	2791	1
1389	2643	1
1389	2701	1
1389	1400	1
1389	1149	1
1389	2154	1
1389	2967	1
1389	75	1
1389	1902	1
1390	85	1
1390	2857	1
1390	2791	1
1390	1149	1
1390	2967	1
1390	1197	1
1390	2614	1
1390	2980	1
1390	2520	1
1391	435	1
1391	2857	1
1391	1790	1
1391	653	1
1391	3084	1
1391	2457	1
1391	2643	1
1391	2701	1
1391	1149	1
1391	75	1
1391	2734	1
1391	2130	1
1392	1947	1
1392	2486	1
1392	543	1
1392	2701	1
1392	2296	1
1392	762	1
1392	418	1
1393	2571	1
1393	2059	1
1393	2857	1
1393	2150	1
1393	364	1
1393	543	1
1393	1449	1
1393	2643	1
1393	1063	1
1393	1186	1
1393	75	1
1393	952	1
1393	1604	1
1393	349	1
1393	1520	1
1393	1612	1
1394	1790	1
1394	197	1
1394	689	1
1395	1451	1
1395	1294	1
1395	1667	1
1395	592	1
1395	2078	1
1395	2735	1
1395	2275	1
1395	2643	1
1395	2677	1
1395	1400	1
1395	1151	1
1395	1324	1
1395	584	1
1396	2486	1
1396	2344	1
1396	2643	1
1396	2763	1
1396	2701	1
1396	862	1
1396	952	1
1396	1363	1
1396	1612	1
1397	98	1
1397	1294	1
1397	435	1
1397	2857	1
1397	77	1
1397	706	1
1397	2735	1
1397	2862	1
1397	2344	1
1397	2643	1
1397	2481	1
1397	2701	1
1397	2593	1
1397	2154	1
1397	2967	1
1397	75	1
1397	952	1
1398	1294	1
1398	119	1
1398	2857	1
1398	1790	1
1398	1345	1
1398	2344	1
1398	2967	1
1398	1314	1
1398	952	1
1398	2734	1
1399	2970	1
1399	767	1
1399	219	1
1399	909	1
1399	1042	1
1399	2857	1
1399	1790	1
1399	2150	1
1399	543	1
1399	1345	1
1399	2457	1
1399	1400	1
1399	2967	1
1399	1314	1
1399	2789	1
1399	1197	1
1399	1362	1
1399	349	1
1399	1612	1
1400	1294	1
1400	767	1
1400	435	1
1400	1345	1
1400	2791	1
1400	2344	1
1400	1400	1
1400	1314	1
1400	1197	1
1401	2970	1
1401	767	1
1401	2857	1
1401	653	1
1401	2986	1
1401	1345	1
1401	2457	1
1401	936	1
1401	2701	1
1401	2746	1
1401	1149	1
1401	75	1
1401	1314	1
1401	2520	1
1402	2970	1
1402	230	1
1402	435	1
1402	653	1
1402	2502	1
1402	2457	1
1402	2791	1
1402	1400	1
1402	2967	1
1402	75	1
1402	1314	1
1402	952	1
1402	1689	1
1402	2734	1
1403	98	1
1403	1294	1
1403	2970	1
1403	2828	1
1403	767	1
1403	435	1
1403	2502	1
1403	2150	1
1403	2457	1
1403	2643	1
1403	1400	1
1403	1149	1
1403	2967	1
1403	1314	1
1403	952	1
1403	1197	1
1403	349	1
1404	767	1
1404	435	1
1404	2857	1
1404	1345	1
1404	2457	1
1404	2791	1
1404	1693	1
1404	2967	1
1404	1314	1
1404	952	1
1404	2980	1
1404	1479	1
1405	2970	1
1405	767	1
1405	2857	1
1405	802	1
1405	543	1
1405	2457	1
1405	1693	1
1405	1356	1
1405	1400	1
1405	2967	1
1405	75	1
1405	2130	1
1406	1790	1
1406	653	1
1406	1947	1
1406	2457	1
1406	1449	1
1406	1032	1
1406	2701	1
1406	2746	1
1406	2987	1
1406	3098	1
1406	2602	1
1406	1149	1
1406	75	1
1406	1197	1
1406	2130	1
1407	592	1
1407	653	1
1407	543	1
1407	969	1
1407	240	1
1407	3098	1
1407	611	1
1407	1149	1
1407	2967	1
1407	75	1
1407	1363	1
1407	1197	1
1408	2220	1
1408	1032	1
1408	2701	1
1408	3098	1
1408	1149	1
1408	75	1
1408	1363	1
1408	2083	1
1409	98	1
1409	920	1
1409	1938	1
1409	3060	1
1409	1790	1
1409	1460	1
1409	2457	1
1409	7	1
1409	899	1
1409	1617	1
1409	2373	1
1409	2481	1
1409	933	1
1409	1569	1
1409	1703	1
1409	349	1
1409	642	1
1409	2407	1
1410	2857	1
1410	1149	1
1410	75	1
1411	2571	1
1411	2857	1
1411	384	1
1411	1032	1
1411	2701	1
1411	2602	1
1411	2620	1
1411	89	1
1411	2967	1
1411	2545	1
1411	1363	1
1411	1197	1
1411	2520	1
1411	764	1
1412	1859	1
1412	2857	1
1412	969	1
1412	240	1
1412	1392	1
1412	89	1
1412	1149	1
1412	1486	1
1412	1363	1
1412	642	1
1413	219	1
1413	1042	1
1413	2857	1
1413	653	1
1413	1123	1
1413	1449	1
1413	1356	1
1413	1149	1
1413	1197	1
1414	1859	1
1414	3060	1
1414	1790	1
1414	194	1
1414	543	1
1414	1345	1
1414	1356	1
1414	1149	1
1414	2514	1
1414	2130	1
1415	1451	1
1415	1358	1
1415	592	1
1415	219	1
1415	2448	1
1415	1972	1
1415	2643	1
1415	2701	1
1415	700	1
1415	3101	1
1415	1761	1
1415	906	1
1415	1344	1
1415	1668	1
1415	2825	1
1415	2946	1
1415	2406	1
1416	1451	1
1416	1294	1
1416	592	1
1416	119	1
1416	2908	1
1416	1079	1
1416	543	1
1416	2701	1
1416	1338	1
1416	1197	1
1416	349	1
1417	98	1
1417	1859	1
1417	1790	1
1417	1012	1
1417	384	1
1417	2701	1
1417	3098	1
1417	1149	1
1417	2967	1
1417	1314	1
1418	98	1
1418	1294	1
1418	435	1
1418	2857	1
1418	2150	1
1418	936	1
1418	2967	1
1418	1314	1
1418	952	1
1418	1604	1
1419	98	1
1419	2338	1
1419	3060	1
1419	2857	1
1419	2220	1
1419	1079	1
1419	1012	1
1419	2791	1
1419	1611	1
1419	899	1
1419	2989	1
1419	2481	1
1419	936	1
1419	2701	1
1419	700	1
1419	3098	1
1419	1969	1
1419	335	1
1419	2967	1
1419	75	1
1419	2545	1
1419	1363	1
1419	2083	1
1419	2734	1
1419	1078	1
1419	642	1
1420	98	1
1420	2338	1
1420	551	1
1420	119	1
1420	219	1
1420	3060	1
1420	2857	1
1420	1993	1
1420	2220	1
1420	741	1
1420	3084	1
1420	1856	1
1420	515	1
1420	1145	1
1420	1079	1
1420	543	1
1420	2457	1
1420	2344	1
1420	2643	1
1420	7	1
1420	820	1
1420	899	1
1420	2481	1
1420	936	1
1420	2701	1
1420	2296	1
1420	2746	1
1420	397	1
1420	2987	1
1420	1356	1
1420	2620	1
1420	335	1
1420	1761	1
1420	1149	1
1420	1819	1
1420	1554	1
1420	75	1
1420	1314	1
1420	1083	1
1420	1363	1
1420	1197	1
1420	2734	1
1420	349	1
1420	2520	1
1420	642	1
1420	94	1
1421	98	1
1421	2970	1
1421	119	1
1421	435	1
1421	2857	1
1421	1790	1
1421	2457	1
1421	2643	1
1421	2701	1
1421	1356	1
1421	2967	1
1421	1314	1
1421	952	1
1421	2789	1
1421	2734	1
1421	1902	1
1421	2130	1
1422	2857	1
1422	2457	1
1422	7	1
1422	3098	1
1422	335	1
1422	2353	1
1422	2967	1
1422	1197	1
1423	435	1
1423	2735	1
1423	2457	1
1423	2620	1
1423	1149	1
1423	2967	1
1423	75	1
1423	1314	1
1423	2973	1
1423	359	1
1423	349	1
1423	1612	1
1424	98	1
1424	2571	1
1424	2371	1
1424	767	1
1424	435	1
1424	2857	1
1424	1460	1
1424	2735	1
1424	2502	1
1424	543	1
1424	2457	1
1424	2791	1
1424	2644	1
1424	3139	1
1424	704	1
1424	2967	1
1424	75	1
1424	1197	1
1425	2828	1
1425	767	1
1425	232	1
1425	2857	1
1425	2150	1
1425	2457	1
1425	936	1
1425	2967	1
1425	75	1
1425	1314	1
1425	952	1
1425	349	1
1425	1078	1
1425	1612	1
1426	767	1
1426	232	1
1426	2457	1
1426	836	1
1426	2643	1
1426	936	1
1426	2746	1
1426	2620	1
1426	1400	1
1426	2967	1
1426	75	1
1426	2973	1
1426	1197	1
1426	2093	1
1427	2571	1
1427	767	1
1427	232	1
1427	2857	1
1427	3084	1
1427	2150	1
1427	1449	1
1427	2643	1
1427	936	1
1427	2620	1
1427	1400	1
1427	1149	1
1427	952	1
1427	2973	1
1427	1197	1
1427	1604	1
1427	2093	1
1428	1294	1
1428	435	1
1428	2150	1
1428	543	1
1428	2457	1
1428	2620	1
1428	1400	1
1428	2967	1
1428	1314	1
1428	2973	1
1428	1197	1
1429	2571	1
1429	2381	1
1429	232	1
1429	2059	1
1429	435	1
1429	2857	1
1429	2150	1
1429	364	1
1429	543	1
1429	2457	1
1429	2344	1
1429	1449	1
1429	2643	1
1429	936	1
1429	2701	1
1429	704	1
1429	2788	1
1429	1149	1
1429	509	1
1429	952	1
1429	2973	1
1429	424	1
1429	1351	1
1429	1902	1
1429	2093	1
1429	1520	1
1430	1294	1
1430	767	1
1430	232	1
1430	435	1
1430	2857	1
1430	3084	1
1430	2150	1
1430	836	1
1430	1149	1
1430	2967	1
1430	1314	1
1430	952	1
1430	2789	1
1430	349	1
1431	435	1
1431	3008	1
1431	3084	1
1431	116	1
1431	543	1
1431	2457	1
1431	2643	1
1431	2701	1
1431	1400	1
1431	2967	1
1431	75	1
1431	2789	1
1431	1197	1
1431	1592	1
1431	1902	1
1432	543	1
1432	1849	1
1432	2643	1
1432	2746	1
1432	1149	1
1432	75	1
1433	98	1
1433	706	1
1433	2150	1
1433	1693	1
1433	1149	1
1433	75	1
1433	1314	1
1434	2763	1
1434	689	1
1434	1078	1
1435	2735	1
1435	75	1
1435	1902	1
1436	2995	1
1436	3085	1
1436	700	1
1436	1149	1
1437	2857	1
1437	2986	1
1437	2457	1
1437	2791	1
1437	2643	1
1437	2701	1
1437	1149	1
1437	2967	1
1437	75	1
1437	1314	1
1437	952	1
1437	437	1
1437	2734	1
1437	1902	1
1438	85	1
1438	1790	1
1438	77	1
1438	653	1
1438	2862	1
1438	543	1
1438	2643	1
1438	3085	1
1438	2701	1
1438	2620	1
1438	1149	1
1438	2967	1
1438	1314	1
1438	1197	1
1438	2614	1
1438	2734	1
1438	1902	1
1438	1390	1
1439	2701	1
1439	1149	1
1439	75	1
1439	1197	1
1440	2857	1
1440	75	1
1440	1314	1
1440	1197	1
1440	1902	1
1441	2857	1
1441	1149	1
1441	2967	1
1441	1314	1
1441	1197	1
1442	3084	1
1442	1345	1
1442	3098	1
1442	2967	1
1442	1363	1
1443	1790	1
1443	7	1
1443	2481	1
1443	2075	1
1443	2734	1
1444	2828	1
1444	232	1
1444	2857	1
1444	706	1
1444	2986	1
1444	3084	1
1444	3105	1
1444	543	1
1444	2791	1
1444	936	1
1444	2701	1
1444	2746	1
1444	700	1
1444	2620	1
1444	2967	1
1444	1314	1
1444	2854	1
1444	2614	1
1444	1902	1
1444	1390	1
1445	2068	1
1445	435	1
1445	2857	1
1445	77	1
1445	2735	1
1445	2502	1
1445	1400	1
1445	2154	1
1445	2967	1
1445	75	1
1445	1902	1
1446	2857	1
1446	1079	1
1446	2643	1
1446	2701	1
1446	75	1
1446	1314	1
1446	952	1
1446	253	1
1446	2734	1
1446	1902	1
1446	1612	1
1447	2257	1
1447	767	1
1447	2735	1
1447	2150	1
1447	2457	1
1447	347	1
1447	1400	1
1447	75	1
1447	952	1
1447	2973	1
1447	2980	1
1448	2970	1
1448	767	1
1448	435	1
1448	2857	1
1448	1790	1
1448	2986	1
1448	2502	1
1448	2643	1
1448	1314	1
1448	1197	1
1449	98	1
1449	2059	1
1449	2857	1
1449	2402	1
1449	653	1
1449	2986	1
1449	2038	1
1449	543	1
1449	2701	1
1449	2620	1
1449	1400	1
1449	2967	1
1449	1314	1
1449	2973	1
1449	424	1
1449	1902	1
1449	2520	1
1450	1294	1
1450	2571	1
1450	2059	1
1450	2857	1
1450	194	1
1450	2986	1
1450	364	1
1450	543	1
1450	2457	1
1450	2643	1
1450	378	1
1450	2987	1
1450	2620	1
1450	1400	1
1450	75	1
1450	1314	1
1450	509	1
1451	1294	1
1451	2865	1
1451	435	1
1451	2857	1
1451	1322	1
1451	543	1
1451	2457	1
1451	2643	1
1451	1053	1
1451	2658	1
1451	2092	1
1451	655	1
1451	1987	1
1451	2987	1
1451	1356	1
1451	965	1
1451	722	1
1451	2967	1
1451	2392	1
1451	952	1
1451	102	1
1451	1479	1
1451	65	1
1452	1294	1
1452	1667	1
1452	230	1
1452	435	1
1452	2857	1
1452	2986	1
1452	2502	1
1452	2038	1
1452	2457	1
1452	836	1
1452	2834	1
1452	655	1
1452	2701	1
1452	3139	1
1452	75	1
1452	1314	1
1452	952	1
1452	2973	1
1452	349	1
1453	98	1
1453	1294	1
1453	435	1
1453	2402	1
1453	653	1
1453	741	1
1453	2457	1
1453	2701	1
1453	1400	1
1453	1149	1
1453	2967	1
1453	75	1
1453	1314	1
1453	952	1
1453	2973	1
1453	2734	1
1453	1902	1
1454	219	1
1454	2059	1
1454	2857	1
1454	194	1
1454	2986	1
1454	741	1
1454	2150	1
1454	2457	1
1454	2643	1
1454	2746	1
1454	2987	1
1454	2620	1
1454	75	1
1454	1314	1
1454	952	1
1454	1604	1
1454	1902	1
1454	2520	1
1455	2068	1
1455	2857	1
1455	1790	1
1455	194	1
1455	653	1
1455	3084	1
1455	543	1
1455	2791	1
1455	7	1
1455	2137	1
1455	936	1
1455	2701	1
1455	438	1
1455	2154	1
1455	1989	1
1455	2967	1
1455	75	1
1455	1363	1
1455	2734	1
1455	37	1
1455	1604	1
1455	1078	1
1455	2520	1
1456	767	1
1456	2857	1
1456	543	1
1456	2457	1
1456	1063	1
1456	75	1
1456	1314	1
1456	1197	1
1457	219	1
1457	435	1
1457	653	1
1457	741	1
1457	1079	1
1457	543	1
1457	1449	1
1457	2643	1
1457	2041	1
1457	2701	1
1457	2987	1
1457	3098	1
1457	2602	1
1457	1149	1
1457	2830	1
1457	2967	1
1457	75	1
1457	1363	1
1457	1604	1
1457	2130	1
1458	1252	1
1458	774	1
1458	1433	1
1458	909	1
1458	1521	1
1458	3084	1
1458	116	1
1458	2680	1
1458	2791	1
1458	347	1
1458	1449	1
1458	2375	1
1458	2701	1
1458	2620	1
1458	1761	1
1458	2154	1
1458	1563	1
1458	2967	1
1458	75	1
1458	1830	1
1458	1197	1
1458	2614	1
1458	1532	1
1458	535	1
1458	1351	1
1458	1902	1
1458	2980	1
1458	2520	1
1458	954	1
1458	269	1
1459	592	1
1459	1042	1
1459	2857	1
1459	2643	1
1459	2746	1
1459	1356	1
1459	1149	1
1459	2967	1
1459	1314	1
1459	1197	1
1459	2734	1
1460	232	1
1460	219	1
1460	1433	1
1460	3008	1
1460	1947	1
1460	741	1
1460	2339	1
1460	2703	1
1460	2457	1
1460	347	1
1460	2344	1
1460	2643	1
1460	489	1
1460	2746	1
1460	1400	1
1460	1314	1
1460	437	1
1460	1197	1
1460	2614	1
1461	1035	1
1461	1149	1
1462	1358	1
1462	219	1
1462	1856	1
1462	2643	1
1462	936	1
1462	2701	1
1462	1356	1
1462	2967	1
1462	75	1
1462	1078	1
1462	1461	1
1463	2857	1
1463	2643	1
1463	936	1
1463	2701	1
1463	1149	1
1463	2967	1
1463	75	1
1463	584	1
1463	1078	1
1463	2520	1
1464	2857	1
1464	2344	1
1464	2643	1
1464	2701	1
1464	2967	1
1464	1314	1
1464	437	1
1464	2130	1
1465	2571	1
1465	2828	1
1465	2534	1
1465	653	1
1465	3084	1
1465	2275	1
1465	543	1
1465	1345	1
1465	2791	1
1465	2602	1
1465	2620	1
1465	1761	1
1465	1989	1
1465	2248	1
1465	2980	1
1466	232	1
1466	230	1
1466	3008	1
1466	836	1
1466	1506	1
1466	3139	1
1466	1149	1
1466	2871	1
1466	2967	1
1466	75	1
1466	1314	1
1466	952	1
1466	2973	1
1466	2520	1
1467	3084	1
1467	543	1
1467	2457	1
1467	2620	1
1467	1761	1
1467	1149	1
1467	437	1
1467	1197	1
1467	37	1
1468	767	1
1468	1790	1
1468	2457	1
1468	2643	1
1468	2701	1
1468	1149	1
1468	2973	1
1468	954	1
1468	2130	1
1469	2571	1
1469	2381	1
1469	909	1
1469	543	1
1469	2457	1
1469	347	1
1469	1449	1
1469	1400	1
1469	2967	1
1469	75	1
1469	952	1
1469	1197	1
1469	535	1
1470	767	1
1470	119	1
1470	435	1
1470	653	1
1470	3084	1
1470	2150	1
1470	1345	1
1470	2457	1
1470	1449	1
1470	2643	1
1470	2701	1
1470	1217	1
1470	1197	1
1470	349	1
1470	954	1
1471	767	1
1471	3008	1
1471	2857	1
1471	2643	1
1471	1063	1
1471	936	1
1471	2701	1
1471	2378	1
1471	2967	1
1471	75	1
1471	437	1
1471	1197	1
1471	1248	1
1471	2520	1
1472	2828	1
1472	767	1
1472	232	1
1472	219	1
1472	435	1
1472	543	1
1472	952	1
1472	304	1
1472	437	1
1472	2614	1
1472	472	1
1473	1294	1
1473	1940	1
1473	2862	1
1473	2791	1
1473	2763	1
1473	1379	1
1473	1197	1
1473	689	1
1473	2260	1
1473	1078	1
1474	2735	1
1474	543	1
1474	836	1
1474	1923	1
1474	1063	1
1474	2701	1
1474	2746	1
1474	1989	1
1474	2967	1
1474	75	1
1474	1314	1
1474	2973	1
1474	1604	1
1474	359	1
1474	2093	1
1474	2980	1
1475	767	1
1475	2381	1
1475	2857	1
1475	543	1
1475	2643	1
1475	1063	1
1475	3139	1
1475	2967	1
1475	75	1
1475	2973	1
1475	1197	1
1476	1790	1
1476	2643	1
1476	2763	1
1476	1619	1
1476	2260	1
1477	2976	1
1477	2857	1
1477	1345	1
1477	2344	1
1477	2746	1
1477	1149	1
1477	75	1
1477	1197	1
1477	2130	1
1478	2381	1
1478	774	1
1478	1433	1
1478	2534	1
1478	2857	1
1478	3128	1
1478	1063	1
1478	1400	1
1478	1590	1
1478	75	1
1478	1314	1
1478	1435	1
1478	1197	1
1478	2248	1
1478	1351	1
1478	1346	1
1478	1572	1
1479	2571	1
1479	767	1
1479	2381	1
1479	774	1
1479	2857	1
1479	2791	1
1479	347	1
1479	2996	1
1479	2746	1
1479	2515	1
1479	2154	1
1479	2967	1
1479	1314	1
1479	952	1
1479	241	1
1479	1197	1
1479	1351	1
1479	172	1
1480	2534	1
1480	2857	1
1480	2457	1
1480	347	1
1480	876	1
1480	1063	1
1480	2967	1
1480	75	1
1480	2973	1
1480	1197	1
1481	85	1
1481	498	1
1481	224	1
1481	1926	1
1481	2275	1
1481	2791	1
1481	2945	1
1481	844	1
1481	574	1
1481	936	1
1481	3110	1
1481	2967	1
1481	500	1
1481	1444	1
1481	1314	1
1481	2440	1
1481	1103	1
1481	1726	1
1481	2441	1
1481	1902	1
1482	2857	1
1482	1345	1
1482	2791	1
1482	2701	1
1482	1356	1
1482	1761	1
1482	1149	1
1482	75	1
1483	2857	1
1483	543	1
1483	2344	1
1483	2701	1
1483	164	1
1483	2967	1
1483	437	1
1483	1197	1
1484	1358	1
1484	219	1
1484	435	1
1484	2857	1
1484	655	1
1484	936	1
1484	2701	1
1484	1356	1
1484	2967	1
1484	75	1
1484	1314	1
1484	349	1
1485	2857	1
1485	543	1
1485	2701	1
1485	2746	1
1485	1149	1
1485	2130	1
1486	2828	1
1486	2857	1
1486	2986	1
1486	655	1
1486	1063	1
1486	1149	1
1486	2967	1
1486	75	1
1486	1197	1
1486	2734	1
1487	767	1
1487	232	1
1487	2857	1
1487	2457	1
1487	2643	1
1487	1063	1
1487	2973	1
1488	232	1
1488	909	1
1488	2857	1
1488	543	1
1488	2457	1
1488	489	1
1488	1063	1
1488	2620	1
1488	2967	1
1488	75	1
1488	952	1
1488	437	1
1488	466	1
1488	1197	1
1489	2174	1
1489	1790	1
1489	2331	1
1489	2791	1
1489	2492	1
1489	1619	1
1489	1379	1
1489	1078	1
1490	2257	1
1490	767	1
1490	232	1
1490	2534	1
1490	446	1
1490	543	1
1490	1312	1
1490	347	1
1490	2643	1
1490	1923	1
1490	1523	1
1490	2973	1
1490	2980	1
1491	767	1
1491	2857	1
1491	2791	1
1491	2643	1
1491	2701	1
1491	1149	1
1491	2967	1
1491	75	1
1492	2970	1
1492	1938	1
1492	119	1
1492	230	1
1492	435	1
1492	696	1
1492	940	1
1492	2857	1
1492	757	1
1492	2643	1
1492	45	1
1492	2620	1
1492	862	1
1492	1400	1
1492	3124	1
1492	1149	1
1492	2967	1
1492	75	1
1492	1314	1
1492	1197	1
1492	2520	1
1493	1790	1
1493	1947	1
1493	2735	1
1493	2643	1
1493	197	1
1493	936	1
1493	584	1
1493	689	1
1493	1078	1
1494	767	1
1494	1345	1
1494	2746	1
1494	1314	1
1495	1647	1
1495	2376	1
1495	1379	1
1496	767	1
1496	2857	1
1496	741	1
1496	3084	1
1496	543	1
1496	936	1
1496	1563	1
1496	2967	1
1496	2614	1
1497	2960	1
1497	2331	1
1497	2735	1
1497	2862	1
1497	2763	1
1497	540	1
1497	1564	1
1497	1379	1
1498	2068	1
1498	767	1
1498	2338	1
1498	551	1
1498	435	1
1498	77	1
1498	706	1
1498	2735	1
1498	2502	1
1498	2275	1
1498	421	1
1498	299	1
1498	818	1
1498	2264	1
1498	3085	1
1498	1370	1
1498	2746	1
1498	2967	1
1498	75	1
1498	1314	1
1498	1902	1
1499	2068	1
1499	232	1
1499	1790	1
1499	2275	1
1499	1345	1
1499	2701	1
1499	75	1
1499	1314	1
1499	1902	1
1500	767	1
1500	1433	1
1500	940	1
1500	741	1
1500	1460	1
1500	2502	1
1500	543	1
1500	1345	1
1500	1972	1
1500	284	1
1500	1181	1
1500	1314	1
1500	2789	1
1500	437	1
1500	2055	1
1500	535	1
1500	1351	1
1501	98	1
1501	435	1
1501	1356	1
1501	1314	1
1501	2734	1
1501	2827	1
1502	2068	1
1502	435	1
1502	1790	1
1502	77	1
1502	2703	1
1502	2344	1
1502	1693	1
1502	2701	1
1502	2196	1
1502	2734	1
1502	2130	1
1503	767	1
1503	2242	1
1503	2857	1
1503	679	1
1503	2502	1
1503	2791	1
1503	3128	1
1503	2967	1
1503	1314	1
1503	2248	1
1503	1689	1
1503	1351	1
1504	2970	1
1504	2257	1
1504	767	1
1504	774	1
1504	909	1
1504	435	1
1504	2502	1
1504	543	1
1504	347	1
1504	2643	1
1504	1611	1
1504	655	1
1504	2701	1
1504	2746	1
1504	2967	1
1504	1314	1
1504	1511	1
1504	2247	1
1504	1197	1
1504	2248	1
1504	2734	1
1504	1612	1
1505	98	1
1505	2068	1
1505	767	1
1505	2857	1
1505	2862	1
1505	2703	1
1505	936	1
1505	2701	1
1505	2734	1
1506	3100	1
1506	767	1
1506	119	1
1506	909	1
1506	287	1
1506	435	1
1506	2857	1
1506	741	1
1506	3084	1
1506	543	1
1506	2457	1
1506	2451	1
1506	2344	1
1506	1611	1
1506	655	1
1506	2296	1
1506	1400	1
1506	1314	1
1506	952	1
1506	2789	1
1506	1197	1
1507	1297	1
1507	809	1
1507	767	1
1507	178	1
1507	1433	1
1507	909	1
1507	435	1
1507	741	1
1507	1460	1
1507	2588	1
1507	116	1
1507	1881	1
1507	590	1
1507	543	1
1507	2720	1
1507	1345	1
1507	2791	1
1507	2746	1
1507	307	1
1507	1400	1
1507	1564	1
1507	1234	1
1507	1314	1
1507	298	1
1507	2805	1
1507	952	1
1507	2789	1
1507	745	1
1507	1351	1
1508	2703	1
1508	2643	1
1508	2967	1
1508	75	1
1508	952	1
1508	349	1
1508	2130	1
1509	767	1
1509	2857	1
1509	2643	1
1509	2746	1
1509	2967	1
1509	1314	1
1509	1197	1
1509	2248	1
1510	2538	1
1510	2338	1
1510	435	1
1510	706	1
1510	2502	1
1510	2862	1
1510	2275	1
1510	2791	1
1510	299	1
1510	2344	1
1510	2264	1
1510	1370	1
1510	1693	1
1510	2701	1
1510	2746	1
1510	1356	1
1510	1151	1
1510	2154	1
1510	75	1
1510	1314	1
1510	2789	1
1510	2734	1
1511	98	1
1511	1294	1
1511	2371	1
1511	2068	1
1511	435	1
1511	1685	1
1511	2862	1
1511	2150	1
1511	421	1
1511	2701	1
1511	1356	1
1511	1314	1
1511	1324	1
1511	2827	1
1512	98	1
1512	2068	1
1512	435	1
1512	1790	1
1512	77	1
1512	2862	1
1512	421	1
1512	1259	1
1512	1502	1
1512	936	1
1512	1693	1
1512	2701	1
1512	2746	1
1512	2967	1
1512	1902	1
1512	1612	1
1513	2865	1
1513	767	1
1513	2857	1
1513	741	1
1513	934	1
1513	116	1
1513	1881	1
1513	2597	1
1513	1400	1
1513	2967	1
1513	75	1
1513	1314	1
1513	952	1
1513	1197	1
1514	2865	1
1514	767	1
1514	551	1
1514	119	1
1514	219	1
1514	1042	1
1514	2857	1
1514	741	1
1514	1460	1
1514	1345	1
1514	455	1
1514	2746	1
1514	2967	1
1514	75	1
1514	1314	1
1515	77	1
1515	421	1
1515	2344	1
1515	2701	1
1515	1149	1
1516	767	1
1516	774	1
1516	435	1
1516	2857	1
1516	1314	1
1516	2248	1
1517	1294	1
1517	1667	1
1517	2970	1
1517	2538	1
1517	767	1
1517	2338	1
1517	435	1
1517	77	1
1517	706	1
1517	2735	1
1517	2862	1
1517	299	1
1517	2344	1
1517	818	1
1517	1502	1
1517	2264	1
1517	2701	1
1517	1356	1
1517	584	1
1517	2734	1
1517	349	1
1517	1902	1
1517	2827	1
1518	3100	1
1518	809	1
1518	2976	1
1518	2257	1
1518	419	1
1518	119	1
1518	232	1
1518	435	1
1518	2857	1
1518	1014	1
1518	2502	1
1518	2339	1
1518	2150	1
1518	2551	1
1518	543	1
1518	2457	1
1518	715	1
1518	3128	1
1518	2967	1
1518	1523	1
1518	1511	1
1518	241	1
1518	437	1
1518	111	1
1518	139	1
1518	2248	1
1518	2734	1
1518	2770	1
1518	2980	1
1518	1346	1
1518	1457	1
1519	2970	1
1519	2370	1
1519	2967	1
1519	1314	1
1519	2575	1
1519	2789	1
1519	1197	1
1520	543	1
1520	2789	1
1520	1351	1
1520	2980	1
1521	2976	1
1521	2951	1
1521	2457	1
1522	1294	1
1522	2538	1
1522	2068	1
1522	767	1
1522	2338	1
1522	435	1
1522	2078	1
1522	2862	1
1522	299	1
1522	2344	1
1522	2264	1
1522	3085	1
1522	1370	1
1522	1693	1
1522	2701	1
1522	45	1
1522	2154	1
1522	2967	1
1522	75	1
1522	1902	1
1523	1790	1
1523	2763	1
1523	2701	1
1523	2916	1
1523	1078	1
1524	551	1
1524	543	1
1524	2344	1
1524	936	1
1524	2296	1
1524	1197	1
1525	119	1
1525	2534	1
1526	909	1
1526	2339	1
1526	543	1
1526	2734	1
1526	954	1
1527	920	1
1527	592	1
1527	2402	1
1527	1685	1
1527	2735	1
1527	2862	1
1527	2344	1
1527	526	1
1527	2763	1
1527	2677	1
1527	134	1
1527	1149	1
1527	689	1
1527	1078	1
1528	98	1
1528	2643	1
1528	1149	1
1528	2967	1
1528	75	1
1528	952	1
1528	2789	1
1528	2441	1
1528	1902	1
1528	1612	1
1529	543	1
1529	1586	1
1529	2967	1
1529	111	1
1529	1197	1
1530	741	1
1530	3084	1
1530	2791	1
1530	1438	1
1530	2520	1
1531	2857	1
1531	741	1
1531	936	1
1531	75	1
1531	1314	1
1532	2857	1
1532	741	1
1532	3084	1
1532	543	1
1532	2703	1
1532	2344	1
1532	2643	1
1532	2746	1
1532	2967	1
1532	75	1
1532	584	1
1532	349	1
1533	3100	1
1533	809	1
1533	767	1
1533	2857	1
1533	1123	1
1533	715	1
1533	2701	1
1533	2746	1
1533	2967	1
1533	1086	1
1533	75	1
1533	1314	1
1533	1197	1
1533	2614	1
1533	2980	1
1533	2714	1
1534	767	1
1534	232	1
1534	3008	1
1534	2857	1
1534	3084	1
1534	2746	1
1534	2620	1
1534	2967	1
1534	1197	1
1534	2614	1
1534	1612	1
1535	3057	1
1535	232	1
1535	230	1
1535	741	1
1535	2038	1
1535	2984	1
1535	936	1
1535	2967	1
1535	1314	1
1535	1197	1
1536	1149	1
1536	75	1
1536	1197	1
1537	1149	1
1537	2967	1
1537	75	1
1538	767	1
1538	1433	1
1538	3084	1
1538	2693	1
1538	364	1
1538	590	1
1538	2791	1
1538	347	1
1538	876	1
1538	936	1
1538	2701	1
1538	307	1
1538	2967	1
1538	952	1
1538	1572	1
1538	1612	1
1539	162	1
1539	2851	1
1539	232	1
1539	230	1
1539	3008	1
1539	741	1
1539	2791	1
1539	936	1
1539	2620	1
1539	1400	1
1539	75	1
1539	1314	1
1539	1197	1
1539	535	1
1540	1294	1
1540	2857	1
1540	2791	1
1540	936	1
1540	1314	1
1540	1197	1
1541	2857	1
1541	741	1
1541	543	1
1541	936	1
1541	2296	1
1541	2746	1
1541	2967	1
1541	1314	1
1542	232	1
1542	219	1
1542	1433	1
1542	435	1
1542	543	1
1542	2457	1
1542	1972	1
1542	75	1
1542	1314	1
1542	2789	1
1542	1197	1
1543	2857	1
1543	653	1
1543	741	1
1543	543	1
1543	2344	1
1543	2701	1
1543	2746	1
1543	2065	1
1543	2967	1
1543	1314	1
1543	952	1
1544	682	1
1544	809	1
1544	2164	1
1544	551	1
1544	909	1
1544	1568	1
1544	940	1
1544	1014	1
1544	741	1
1544	1409	1
1544	2339	1
1544	2693	1
1544	2090	1
1544	2457	1
1544	2114	1
1544	2597	1
1544	1654	1
1544	2746	1
1544	307	1
1544	1356	1
1544	1234	1
1544	1563	1
1544	2967	1
1544	75	1
1544	111	1
1544	2614	1
1544	2980	1
1545	1790	1
1545	1149	1
1545	75	1
1545	952	1
1546	2068	1
1546	1790	1
1546	2502	1
1546	2643	1
1546	2701	1
1546	1356	1
1546	2967	1
1547	2068	1
1547	1790	1
1547	700	1
1548	767	1
1548	741	1
1548	936	1
1548	2967	1
1548	1314	1
1549	767	1
1549	1345	1
1549	1761	1
1549	2967	1
1550	2857	1
1550	2643	1
1550	936	1
1550	1149	1
1550	2967	1
1551	706	1
1551	2703	1
1551	2344	1
1551	2701	1
1551	1356	1
1551	2668	1
1551	2967	1
1551	2734	1
1551	1902	1
1552	909	1
1552	2857	1
1552	2114	1
1552	2746	1
1552	2967	1
1552	1086	1
1552	2964	1
1552	1197	1
1552	2614	1
1552	2980	1
1553	767	1
1553	230	1
1553	741	1
1553	1460	1
1553	2038	1
1553	116	1
1553	290	1
1553	1063	1
1553	2746	1
1553	1400	1
1553	75	1
1553	1314	1
1553	952	1
1553	2973	1
1553	2789	1
1553	1197	1
1553	2614	1
1553	2118	1
1553	1077	1
1554	555	1
1554	2257	1
1554	2381	1
1554	909	1
1554	2857	1
1554	2703	1
1554	2457	1
1554	2344	1
1554	2643	1
1554	358	1
1554	2746	1
1554	1400	1
1554	2967	1
1554	1314	1
1554	952	1
1554	2980	1
1554	1346	1
1555	809	1
1555	767	1
1555	435	1
1555	696	1
1555	940	1
1555	2857	1
1555	741	1
1555	2502	1
1555	2693	1
1555	116	1
1555	715	1
1555	950	1
1555	1611	1
1555	936	1
1555	2746	1
1555	1761	1
1555	2967	1
1555	952	1
1555	437	1
1555	777	1
1556	809	1
1556	767	1
1556	2598	1
1556	909	1
1556	2857	1
1556	1544	1
1556	802	1
1556	741	1
1556	2913	1
1556	1384	1
1556	1057	1
1556	657	1
1556	543	1
1556	2703	1
1556	2702	1
1556	154	1
1556	1053	1
1556	2984	1
1556	936	1
1556	2378	1
1556	1447	1
1556	2196	1
1556	3088	1
1556	388	1
1556	2967	1
1556	3018	1
1556	3103	1
1556	1671	1
1556	644	1
1556	2520	1
1556	2716	1
1556	2526	1
1557	3100	1
1557	2865	1
1557	2371	1
1557	162	1
1557	232	1
1557	909	1
1557	1639	1
1557	3008	1
1557	2857	1
1557	741	1
1557	3084	1
1557	2502	1
1557	2693	1
1557	2038	1
1557	1881	1
1557	543	1
1557	2703	1
1557	2344	1
1557	876	1
1557	1611	1
1557	2296	1
1557	743	1
1557	1640	1
1557	1676	1
1557	2967	1
1557	1314	1
1557	1511	1
1557	917	1
1557	437	1
1557	2614	1
1557	2248	1
1557	359	1
1557	2118	1
1558	741	1
1558	543	1
1558	2620	1
1558	1149	1
1558	2967	1
1558	75	1
1558	349	1
1558	369	1
1559	98	1
1559	435	1
1559	2735	1
1559	2275	1
1559	1686	1
1559	1356	1
1559	2154	1
1559	1902	1
1560	1947	1
1560	2763	1
1560	1078	1
1561	592	1
1561	2735	1
1561	3033	1
1561	818	1
1561	526	1
1561	2643	1
1561	134	1
1561	2148	1
1561	1668	1
1561	584	1
1561	1078	1
1562	1790	1
1562	2763	1
1562	197	1
1562	689	1
1563	1294	1
1563	2338	1
1563	2857	1
1563	1790	1
1563	910	1
1563	1035	1
1563	2150	1
1563	782	1
1563	124	1
1563	3085	1
1563	2701	1
1563	1356	1
1563	1149	1
1563	2148	1
1563	2370	1
1563	75	1
1563	1314	1
1563	1902	1
1563	2406	1
1563	903	1
1564	2338	1
1565	1790	1
1565	299	1
1565	2643	1
1565	1356	1
1565	1149	1
1566	818	1
1566	2643	1
1566	2701	1
1566	1356	1
1566	2967	1
1567	818	1
1567	2701	1
1567	1356	1
1567	954	1
1568	2338	1
1568	1947	1
1568	2457	1
1568	2643	1
1568	2701	1
1568	2967	1
1569	1790	1
1569	2763	1
1569	2916	1
1570	2857	1
1570	1790	1
1570	299	1
1570	2344	1
1570	2701	1
1570	1356	1
1571	741	1
1571	2344	1
1571	818	1
1571	1972	1
1571	2643	1
1571	1356	1
1571	1149	1
1571	2967	1
1572	1565	1
1572	1449	1
1572	2987	1
1572	2943	1
1572	954	1
1573	2338	1
1573	435	1
1573	2857	1
1573	299	1
1573	1488	1
1573	1356	1
1573	2040	1
1573	1876	1
1573	1149	1
1573	1655	1
1573	2967	1
1573	1507	1
1574	219	1
1574	1972	1
1574	2701	1
1574	1149	1
1574	2967	1
1575	1790	1
1575	1947	1
1575	818	1
1575	2701	1
1575	2967	1
1576	2338	1
1576	1790	1
1576	2701	1
1576	1356	1
1576	1149	1
1577	2857	1
1577	1790	1
1577	818	1
1577	2643	1
1577	2701	1
1577	2967	1
1577	75	1
1578	299	1
1578	2643	1
1578	2701	1
1578	1356	1
1578	1149	1
1579	2857	1
1579	1790	1
1579	818	1
1579	2701	1
1579	2967	1
1580	2338	1
1580	2857	1
1580	818	1
1580	2643	1
1580	2701	1
1580	1356	1
1580	2967	1
1580	75	1
1581	1790	1
1581	2344	1
1581	818	1
1581	1356	1
1581	2967	1
1581	952	1
1582	2857	1
1582	1790	1
1582	1356	1
1582	2967	1
1582	952	1
1583	2338	1
1583	2857	1
1583	2344	1
1583	2643	1
1583	2967	1
1584	1790	1
1584	818	1
1584	2643	1
1584	2701	1
1584	2967	1
1585	2571	1
1585	1565	1
1585	1449	1
1585	2943	1
1586	2571	1
1586	1565	1
1586	2987	1
1586	2943	1
1587	1790	1
1587	1947	1
1587	1379	1
1587	1078	1
1588	3100	1
1588	1684	1
1588	551	1
1588	119	1
1588	1433	1
1588	909	1
1588	940	1
1588	2857	1
1588	2502	1
1588	116	1
1588	2703	1
1588	2791	1
1588	2296	1
1588	2746	1
1588	1356	1
1588	144	1
1588	2967	1
1588	1086	1
1588	1314	1
1588	1704	1
1588	2489	1
1588	2248	1
1588	418	1
1588	1351	1
1589	809	1
1589	2119	1
1589	119	1
1589	435	1
1589	741	1
1589	543	1
1589	1345	1
1589	2703	1
1589	1883	1
1589	950	1
1589	2296	1
1589	1181	1
1589	145	1
1589	2348	1
1589	1563	1
1589	437	1
1589	1197	1
1589	2055	1
1590	1790	1
1590	2643	1
1590	2763	1
1590	197	1
1590	2916	1
1590	2852	1
1591	3100	1
1591	2976	1
1591	419	1
1591	435	1
1591	653	1
1591	2551	1
1591	3020	1
1591	1063	1
1591	1586	1
1591	834	1
1591	1655	1
1591	2619	1
1591	917	1
1591	437	1
1592	3100	1
1592	419	1
1592	435	1
1592	653	1
1592	2551	1
1592	1761	1
1592	834	1
1592	1655	1
1592	3037	1
1592	1314	1
1592	2619	1
1592	917	1
1592	437	1
1592	111	1
1593	419	1
1593	1586	1
1593	1314	1
1593	2392	1
1593	1351	1
1594	3100	1
1594	2970	1
1594	2135	1
1594	419	1
1594	2121	1
1594	947	1
1594	767	1
1594	1894	1
1594	230	1
1594	435	1
1594	2857	1
1594	1014	1
1594	2502	1
1594	1057	1
1594	1191	1
1594	2319	1
1594	543	1
1594	433	1
1594	1558	1
1594	1488	1
1594	357	1
1594	1063	1
1594	2296	1
1594	2378	1
1594	84	1
1594	144	1
1594	1586	1
1594	2064	1
1594	1813	1
1594	2348	1
1594	2967	1
1594	1314	1
1594	2392	1
1594	1306	1
1594	1507	1
1594	1423	1
1594	1523	1
1594	2619	1
1594	917	1
1594	2964	1
1594	437	1
1594	111	1
1594	1197	1
1594	535	1
1594	1351	1
1594	2509	1
1595	2976	1
1595	1684	1
1595	419	1
1595	2917	1
1595	2160	1
1595	1306	1
1596	2068	1
1596	1790	1
1596	3084	1
1596	1063	1
1596	1356	1
1596	2967	1
1597	2976	1
1597	767	1
1597	435	1
1597	1042	1
1597	2857	1
1597	741	1
1597	2502	1
1597	2551	1
1597	116	1
1597	714	1
1597	2703	1
1597	1595	1
1597	1849	1
1597	2597	1
1597	1063	1
1597	2746	1
1597	1400	1
1597	1586	1
1597	834	1
1597	1813	1
1597	2967	1
1597	1314	1
1597	111	1
1597	525	1
1597	1197	1
1597	1351	1
1598	767	1
1598	119	1
1598	909	1
1598	435	1
1598	2857	1
1598	2502	1
1598	2746	1
1598	2967	1
1598	1314	1
1598	1197	1
1598	1351	1
1599	1938	1
1599	435	1
1599	1079	1
1599	2643	1
1599	2758	1
1599	2746	1
1599	176	1
1599	1149	1
1599	1619	1
1599	2967	1
1599	75	1
1599	584	1
1599	582	1
1600	2857	1
1600	1356	1
1601	1874	1
1602	98	1
1602	1358	1
1602	322	1
1602	119	1
1602	232	1
1602	435	1
1602	696	1
1602	2857	1
1602	3034	1
1602	2735	1
1602	2502	1
1602	116	1
1602	543	1
1602	1123	1
1602	124	1
1602	2701	1
1602	906	1
1602	2370	1
1602	2967	1
1602	1197	1
1602	1902	1
1602	2130	1
1603	2970	1
1603	419	1
1603	119	1
1603	219	1
1603	909	1
1603	2857	1
1603	543	1
1603	2703	1
1603	2791	1
1603	2344	1
1603	2268	1
1603	2296	1
1603	1149	1
1603	2967	1
1603	75	1
1603	1314	1
1603	2973	1
1603	2789	1
1603	1197	1
1603	2248	1
1603	1351	1
1604	3100	1
1604	2970	1
1604	551	1
1604	1433	1
1604	909	1
1604	2339	1
1604	2273	1
1604	543	1
1604	1345	1
1604	2703	1
1604	2268	1
1604	2348	1
1604	1563	1
1604	2967	1
1604	2789	1
1604	1351	1
1604	2980	1
1605	232	1
1605	287	1
1605	1042	1
1605	2857	1
1605	118	1
1605	653	1
1605	1460	1
1605	1057	1
1605	116	1
1605	1345	1
1605	2703	1
1605	2296	1
1605	1101	1
1605	2967	1
1605	1314	1
1605	1523	1
1605	1351	1
1605	2654	1
1606	435	1
1606	116	1
1606	1345	1
1606	1314	1
1607	592	1
1607	1790	1
1607	77	1
1607	541	1
1607	855	1
1607	2331	1
1607	2634	1
1607	1567	1
1607	2763	1
1607	2701	1
1607	134	1
1607	1149	1
1607	1619	1
1607	2854	1
1607	1379	1
1607	1668	1
1607	584	1
1607	1078	1
1608	299	1
1608	1356	1
1608	762	1
1608	1479	1
1609	1403	1
1610	767	1
1610	287	1
1610	1042	1
1610	2857	1
1610	2402	1
1610	1947	1
1610	3084	1
1610	2693	1
1610	782	1
1610	2457	1
1610	2791	1
1610	2945	1
1610	2344	1
1610	936	1
1610	2701	1
1610	2746	1
1610	75	1
1610	1314	1
1610	1438	1
1610	253	1
1610	2734	1
1610	418	1
1610	349	1
1611	771	1
1611	2862	1
1611	2703	1
1611	2344	1
1611	2215	1
1611	2701	1
1611	1403	1
1611	2585	1
1611	173	1
1611	2789	1
1611	168	1
1612	2338	1
1612	1790	1
1612	1145	1
1612	2481	1
1613	1403	1
1614	2857	1
1614	1790	1
1614	1145	1
1614	2811	1
1614	1149	1
1614	1432	1
1615	1790	1
1615	1356	1
1615	2789	1
1616	1403	1
1617	1403	1
1618	2862	1
1618	2435	1
1618	2703	1
1618	2701	1
1618	1403	1
1618	1314	1
1618	2789	1
1618	316	1
1619	1403	1
1620	1790	1
1620	2220	1
1620	2862	1
1620	1145	1
1620	7	1
1620	820	1
1620	2481	1
1620	933	1
1620	1149	1
1620	1538	1
1621	1874	1
1621	2703	1
1621	2344	1
1622	1874	1
1622	77	1
1622	421	1
1622	2703	1
1622	2344	1
1622	2959	1
1622	1403	1
1622	2196	1
1622	1149	1
1622	1314	1
1622	2440	1
1622	2789	1
1622	1902	1
1622	316	1
1623	2763	1
1623	197	1
1623	936	1
1623	689	1
1623	1078	1
1624	1294	1
1624	1790	1
1624	2763	1
1624	197	1
1624	2916	1
1624	1142	1
1624	689	1
1624	2852	1
1624	1078	1
1625	3100	1
1625	767	1
1625	119	1
1625	909	1
1625	741	1
1625	126	1
1625	2339	1
1625	2693	1
1625	2588	1
1625	925	1
1625	1881	1
1625	2273	1
1625	543	1
1625	1345	1
1625	2703	1
1625	1611	1
1625	2668	1
1625	1400	1
1625	1181	1
1625	2967	1
1625	1086	1
1625	1314	1
1625	2964	1
1625	437	1
1625	535	1
1625	1351	1
1625	1457	1
1626	435	1
1626	1356	1
1627	767	1
1627	232	1
1627	2534	1
1627	435	1
1627	940	1
1627	543	1
1627	75	1
1627	437	1
1627	777	1
1627	1197	1
1627	1351	1
1627	2980	1
1628	3100	1
1628	767	1
1628	1313	1
1628	2013	1
1628	3008	1
1628	2857	1
1628	543	1
1628	1345	1
1628	2701	1
1628	1149	1
1628	1563	1
1628	903	1
1629	3100	1
1629	767	1
1629	551	1
1629	435	1
1629	1460	1
1629	2502	1
1629	543	1
1629	2703	1
1629	876	1
1629	2296	1
1629	459	1
1629	145	1
1629	1314	1
1629	2789	1
1629	1197	1
1629	2130	1
1630	2068	1
1630	881	1
1630	2857	1
1630	2735	1
1630	2862	1
1630	543	1
1630	818	1
1630	1997	1
1630	75	1
1630	584	1
1631	2758	1
1631	1149	1
1631	75	1
1631	584	1
1632	2643	1
1632	1151	1
1632	1149	1
1632	75	1
1633	2068	1
1633	1790	1
1633	818	1
1633	2701	1
1633	75	1
1633	584	1
1634	119	1
1634	2857	1
1634	543	1
1634	1761	1
1634	1197	1
1635	1481	1
1635	555	1
1635	1500	1
1635	1054	1
1635	2524	1
1635	551	1
1635	119	1
1635	2242	1
1635	178	1
1635	435	1
1635	940	1
1635	2857	1
1635	1948	1
1635	441	1
1635	1947	1
1635	544	1
1635	1460	1
1635	1462	1
1635	2304	1
1635	1746	1
1635	1881	1
1635	1123	1
1635	715	1
1635	2733	1
1635	950	1
1635	2597	1
1635	1674	1
1635	3009	1
1635	1498	1
1635	1101	1
1635	1640	1
1635	1563	1
1635	1432	1
1635	1314	1
1635	997	1
1635	917	1
1635	437	1
1635	777	1
1635	1197	1
1635	2489	1
1635	80	1
1635	2055	1
1635	418	1
1635	1351	1
1635	52	1
1635	2185	1
1635	1008	1
1635	1457	1
1636	2976	1
1636	551	1
1636	1433	1
1636	435	1
1636	741	1
1636	1345	1
1636	2791	1
1636	2268	1
1636	2296	1
1636	2746	1
1636	1356	1
1636	1564	1
1636	2348	1
1636	1314	1
1636	952	1
1636	2964	1
1636	1197	1
1636	2248	1
1636	1572	1
1637	551	1
1637	59	1
1637	178	1
1637	435	1
1637	741	1
1637	2486	1
1637	1123	1
1637	1883	1
1637	950	1
1637	2296	1
1637	1356	1
1637	1101	1
1637	1314	1
1637	997	1
1637	2789	1
1637	777	1
1637	1197	1
1637	1351	1
1638	119	1
1638	435	1
1638	1356	1
1638	1400	1
1638	2967	1
1638	1314	1
1639	121	1
1639	592	1
1639	909	1
1639	715	1
1639	801	1
1639	1611	1
1639	2376	1
1639	2789	1
1639	1689	1
1640	435	1
1640	2703	1
1640	2746	1
1640	2967	1
1641	435	1
1641	1356	1
1641	1400	1
1642	853	1
1642	2204	1
1642	1500	1
1642	59	1
1642	2242	1
1642	178	1
1642	219	1
1642	909	1
1642	287	1
1642	435	1
1642	1380	1
1642	982	1
1642	940	1
1642	1042	1
1642	2857	1
1642	118	1
1642	2880	1
1642	1333	1
1642	1947	1
1642	741	1
1642	2486	1
1642	1460	1
1642	2502	1
1642	1462	1
1642	1141	1
1642	3009	1
1642	2679	1
1642	2296	1
1642	2746	1
1642	1498	1
1642	2359	1
1642	1935	1
1642	1101	1
1642	158	1
1642	563	1
1642	2967	1
1642	997	1
1642	980	1
1642	777	1
1642	1197	1
1642	1689	1
1642	535	1
1642	2185	1
1642	117	1
1642	736	1
1643	809	1
1643	767	1
1643	551	1
1643	219	1
1643	1042	1
1643	2857	1
1643	2486	1
1643	1460	1
1643	1057	1
1643	543	1
1643	2703	1
1643	358	1
1643	2296	1
1643	1086	1
1643	111	1
1643	1351	1
1644	3005	1
1644	551	1
1644	1183	1
1644	287	1
1644	1380	1
1644	1042	1
1644	2857	1
1644	2880	1
1644	1333	1
1644	741	1
1644	1462	1
1644	1345	1
1644	2996	1
1644	2296	1
1644	1935	1
1644	563	1
1644	2106	1
1645	767	1
1645	230	1
1645	909	1
1645	1042	1
1645	2857	1
1645	741	1
1645	1460	1
1645	543	1
1645	1345	1
1645	2984	1
1645	2296	1
1645	2967	1
1645	1086	1
1645	1197	1
1646	809	1
1646	2976	1
1646	2242	1
1646	178	1
1646	230	1
1646	435	1
1646	940	1
1646	2857	1
1646	653	1
1646	1947	1
1646	2486	1
1646	1746	1
1646	1881	1
1646	2273	1
1646	543	1
1646	1345	1
1646	2344	1
1646	1883	1
1646	760	1
1646	3009	1
1646	2746	1
1646	1761	1
1646	1181	1
1646	2967	1
1646	2408	1
1646	1005	1
1646	2246	1
1646	437	1
1646	111	1
1646	777	1
1646	1197	1
1646	1457	1
1647	809	1
1647	119	1
1647	435	1
1647	543	1
1647	2296	1
1647	2983	1
1647	2824	1
1647	2910	1
1647	2967	1
1647	1086	1
1647	1314	1
1647	997	1
1647	1197	1
1647	1457	1
1648	1790	1
1648	1947	1
1648	3084	1
1648	2502	1
1648	2275	1
1648	2763	1
1648	1379	1
1648	1612	1
1649	1790	1
1649	1947	1
1649	2643	1
1649	2763	1
1649	1078	1
1650	1790	1
1650	1947	1
1650	2735	1
1650	197	1
1650	936	1
1650	584	1
1650	1078	1
1651	767	1
1651	2150	1
1651	116	1
1651	543	1
1651	1345	1
1651	2967	1
1651	75	1
1651	1314	1
1651	952	1
1651	1197	1
1651	1612	1
1652	541	1
1652	2862	1
1652	710	1
1652	2305	1
1652	1853	1
1652	1379	1
1652	1078	1
1653	2339	1
1653	1123	1
1653	2945	1
1653	2701	1
1653	75	1
1653	1197	1
1654	1308	1
1654	287	1
1654	940	1
1654	2857	1
1654	2551	1
1654	715	1
1654	3009	1
1654	2296	1
1654	1197	1
1654	1008	1
1655	119	1
1655	3071	1
1655	696	1
1655	1079	1
1655	683	1
1655	290	1
1655	2982	1
1655	1082	1
1655	256	1
1655	1338	1
1655	1444	1
1655	1314	1
1655	2440	1
1655	952	1
1655	253	1
1655	2358	1
1655	2023	1
1655	269	1
1656	1294	1
1656	401	1
1656	3071	1
1656	157	1
1656	10	1
1656	2857	1
1656	653	1
1656	2735	1
1656	2551	1
1656	1826	1
1656	290	1
1656	1356	1
1656	148	1
1656	256	1
1656	1432	1
1656	173	1
1656	2440	1
1656	1103	1
1656	2539	1
1656	1344	1
1656	1726	1
1656	2441	1
1656	253	1
1656	1802	1
1656	2358	1
1656	2023	1
1656	168	1
1656	1218	1
1656	269	1
1656	705	1
1657	435	1
1657	2551	1
1657	2791	1
1657	1761	1
1657	75	1
1658	2970	1
1658	767	1
1658	59	1
1658	230	1
1658	909	1
1658	543	1
1658	2133	1
1658	1883	1
1658	1761	1
1658	2967	1
1658	75	1
1658	2392	1
1658	437	1
1658	2520	1
1659	2976	1
1659	767	1
1659	2703	1
1659	1356	1
1659	2203	1
1659	2967	1
1659	1314	1
1659	1197	1
1660	809	1
1660	2257	1
1660	1684	1
1660	2242	1
1660	2600	1
1660	940	1
1660	2857	1
1660	1947	1
1660	2486	1
1660	1272	1
1660	3033	1
1660	2273	1
1660	543	1
1660	715	1
1660	2705	1
1660	2733	1
1660	3009	1
1660	3036	1
1660	1772	1
1660	2871	1
1660	997	1
1660	2246	1
1660	1197	1
1660	418	1
1660	1866	1
1660	3119	1
1661	809	1
1661	2524	1
1661	119	1
1661	287	1
1661	940	1
1661	1042	1
1661	2456	1
1661	2699	1
1661	1460	1
1661	715	1
1661	950	1
1661	2643	1
1661	2597	1
1661	2268	1
1661	2296	1
1661	2746	1
1661	2967	1
1661	2408	1
1661	1344	1
1661	777	1
1661	1197	1
1661	1689	1
1661	1351	1
1661	2980	1
1662	991	1
1662	2857	1
1662	543	1
1662	715	1
1662	2344	1
1662	1314	1
1662	1197	1
1662	1351	1
1662	2980	1
1663	435	1
1663	715	1
1663	2967	1
1663	1314	1
1663	2789	1
1663	2980	1
1664	767	1
1664	1874	1
1664	2857	1
1664	1221	1
1664	787	1
1665	2976	1
1665	767	1
1665	1580	1
1665	3008	1
1665	2857	1
1665	1333	1
1665	741	1
1665	544	1
1665	543	1
1665	1345	1
1665	2703	1
1665	2457	1
1665	1589	1
1665	950	1
1665	2597	1
1665	3009	1
1665	358	1
1665	2296	1
1665	1356	1
1665	115	1
1665	2967	1
1665	75	1
1665	1314	1
1665	997	1
1665	952	1
1665	1197	1
1665	2980	1
1666	2317	1
1666	2967	1
1666	1314	1
1666	241	1
1666	2489	1
1667	1684	1
1667	435	1
1667	940	1
1667	2857	1
1667	2502	1
1667	358	1
1667	936	1
1667	2746	1
1667	2967	1
1667	1314	1
1667	1197	1
1668	767	1
1668	1790	1
1668	653	1
1668	1896	1
1668	926	1
1668	2703	1
1668	1065	1
1668	1151	1
1668	1149	1
1668	75	1
1668	952	1
1668	1902	1
1669	767	1
1669	232	1
1669	1433	1
1669	940	1
1669	2857	1
1669	543	1
1669	2703	1
1669	1123	1
1669	2746	1
1669	1356	1
1669	1086	1
1669	75	1
1669	1314	1
1669	2789	1
1669	1197	1
1670	551	1
1670	119	1
1670	230	1
1670	1599	1
1670	1042	1
1670	118	1
1670	2703	1
1670	3009	1
1670	2296	1
1670	2967	1
1670	1314	1
1670	2789	1
1670	1479	1
1671	2976	1
1671	551	1
1671	230	1
1671	2857	1
1671	2486	1
1672	2068	1
1672	1684	1
1672	1296	1
1672	511	1
1672	3084	1
1672	2502	1
1672	967	1
1672	3033	1
1672	2275	1
1672	3021	1
1672	526	1
1672	2314	1
1672	2729	1
1672	1734	1
1672	1693	1
1672	2701	1
1672	2668	1
1672	2854	1
1672	1078	1
1673	2967	1
1673	2770	1
1674	3100	1
1674	1481	1
1674	2377	1
1674	2970	1
1674	551	1
1674	3015	1
1674	435	1
1674	1014	1
1674	118	1
1674	2706	1
1674	2880	1
1674	1333	1
1674	1947	1
1674	2486	1
1674	2430	1
1674	2718	1
1674	2703	1
1674	751	1
1674	2255	1
1674	2391	1
1674	2296	1
1674	1498	1
1674	1101	1
1674	2585	1
1674	1640	1
1674	158	1
1674	1314	1
1674	2189	1
1674	624	1
1674	2789	1
1674	437	1
1674	986	1
1674	1410	1
1674	1334	1
1674	348	1
1674	2207	1
1675	2865	1
1675	232	1
1675	2534	1
1675	1639	1
1675	435	1
1675	991	1
1675	77	1
1675	802	1
1675	741	1
1675	187	1
1675	543	1
1675	1345	1
1675	2457	1
1675	2967	1
1675	75	1
1675	1314	1
1675	1197	1
1676	767	1
1676	287	1
1676	2857	1
1676	741	1
1676	715	1
1676	936	1
1676	2296	1
1676	1314	1
1676	2980	1
1677	767	1
1677	232	1
1677	802	1
1677	543	1
1677	2344	1
1677	2620	1
1677	75	1
1677	1314	1
1677	525	1
1677	1197	1
1678	809	1
1678	940	1
1678	653	1
1678	950	1
1678	655	1
1678	2296	1
1678	1149	1
1678	75	1
1678	1314	1
1678	777	1
1678	1197	1
1679	809	1
1679	940	1
1679	2857	1
1679	653	1
1679	741	1
1679	543	1
1679	1149	1
1679	2967	1
1679	952	1
1679	349	1
1680	809	1
1680	767	1
1680	551	1
1680	119	1
1680	435	1
1680	543	1
1680	715	1
1680	936	1
1680	2296	1
1680	2620	1
1680	75	1
1680	1314	1
1681	2865	1
1681	2371	1
1681	592	1
1681	2338	1
1681	3008	1
1681	2402	1
1681	1790	1
1681	511	1
1681	910	1
1681	1685	1
1681	3127	1
1681	543	1
1681	782	1
1681	2457	1
1681	299	1
1681	2344	1
1681	2643	1
1681	354	1
1681	2989	1
1681	2746	1
1681	862	1
1681	1400	1
1681	329	1
1681	1314	1
1681	952	1
1681	1511	1
1681	1324	1
1681	1592	1
1681	349	1
1682	2524	1
1682	178	1
1682	909	1
1682	696	1
1682	715	1
1682	2296	1
1682	1586	1
1682	777	1
1682	1197	1
1683	2857	1
1683	741	1
1683	2701	1
1683	2296	1
1684	1297	1
1684	1684	1
1684	1922	1
1684	119	1
1684	435	1
1684	940	1
1684	2857	1
1684	741	1
1684	590	1
1684	543	1
1684	2703	1
1684	876	1
1684	2765	1
1684	2145	1
1684	2967	1
1684	2789	1
1684	1197	1
1684	2489	1
1684	2248	1
1684	1689	1
1684	1351	1
1684	1572	1
1685	2976	1
1685	1684	1
1685	119	1
1685	2242	1
1685	2857	1
1685	220	1
1685	1345	1
1685	2703	1
1685	2133	1
1685	715	1
1685	1883	1
1685	950	1
1685	3009	1
1685	2268	1
1685	1645	1
1685	144	1
1685	2967	1
1685	997	1
1685	1197	1
1685	1847	1
1686	1683	1
1686	1042	1
1686	2857	1
1686	653	1
1686	741	1
1686	2486	1
1686	3020	1
1686	1449	1
1686	1972	1
1686	358	1
1686	936	1
1686	2022	1
1686	75	1
1686	1314	1
1686	1198	1
1686	952	1
1686	437	1
1686	535	1
1686	2654	1
1687	1314	1
1687	1197	1
1687	2980	1
1688	940	1
1688	116	1
1688	1345	1
1688	1314	1
1688	1689	1
1689	98	1
1689	920	1
1689	2857	1
1689	1790	1
1689	2275	1
1689	2154	1
1689	75	1
1689	1363	1
1689	1612	1
1690	2976	1
1690	119	1
1690	1183	1
1690	2857	1
1690	2551	1
1690	2141	1
1690	1813	1
1690	1655	1
1690	2348	1
1690	437	1
1690	111	1
1691	119	1
1691	232	1
1691	1183	1
1691	2551	1
1691	2040	1
1691	437	1
1691	111	1
1692	119	1
1692	2857	1
1692	741	1
1692	1057	1
1692	2551	1
1692	2344	1
1692	1813	1
1692	1655	1
1692	3037	1
1692	111	1
1693	2204	1
1693	2976	1
1693	551	1
1693	219	1
1693	1042	1
1693	2880	1
1693	741	1
1693	2296	1
1693	1314	1
1693	1704	1
1693	917	1
1693	1008	1
1694	1294	1
1694	2414	1
1694	1667	1
1694	2257	1
1694	2915	1
1694	1684	1
1694	947	1
1694	767	1
1694	551	1
1694	119	1
1694	2328	1
1694	1433	1
1694	1639	1
1694	435	1
1694	940	1
1694	2857	1
1694	118	1
1694	706	1
1694	910	1
1694	220	1
1694	3034	1
1694	1079	1
1694	819	1
1694	2703	1
1694	124	1
1694	2344	1
1694	2701	1
1694	2296	1
1694	45	1
1694	144	1
1694	2203	1
1694	1564	1
1694	2370	1
1694	1563	1
1694	1314	1
1694	952	1
1694	2973	1
1694	2964	1
1694	241	1
1694	2789	1
1694	525	1
1694	2489	1
1694	745	1
1694	183	1
1694	1572	1
1694	1612	1
1695	1667	1
1695	1358	1
1695	219	1
1695	1042	1
1695	2880	1
1695	741	1
1695	1462	1
1695	2150	1
1695	2527	1
1695	1079	1
1695	543	1
1695	2903	1
1695	1063	1
1695	45	1
1695	1498	1
1695	1400	1
1695	2517	1
1695	2370	1
1695	2967	1
1695	75	1
1695	1314	1
1695	1511	1
1695	437	1
1695	2055	1
1695	535	1
1695	1008	1
1695	2654	1
1696	511	1
1696	1366	1
1696	1761	1
1696	1101	1
1696	1904	1
1697	1874	1
1697	119	1
1697	725	1
1697	435	1
1697	2857	1
1697	741	1
1697	1345	1
1697	2791	1
1697	2451	1
1697	2378	1
1697	1400	1
1697	1314	1
1698	543	1
1698	655	1
1698	700	1
1698	1197	1
1699	940	1
1699	2857	1
1699	2502	1
1699	1123	1
1699	715	1
1699	1883	1
1699	950	1
1699	655	1
1699	2746	1
1699	700	1
1699	2196	1
1699	2348	1
1700	947	1
1700	119	1
1700	1595	1
1700	137	1
1700	972	1
1700	896	1
1700	1026	1
1700	1314	1
1700	2392	1
1700	2619	1
1700	437	1
1700	111	1
1701	2976	1
1701	1684	1
1701	947	1
1701	119	1
1701	1279	1
1701	230	1
1701	1042	1
1701	2857	1
1701	741	1
1701	1460	1
1701	1057	1
1701	2551	1
1701	543	1
1701	2772	1
1701	2296	1
1701	834	1
1701	1655	1
1701	2967	1
1701	1314	1
1701	2392	1
1701	1523	1
1701	111	1
1701	1197	1
1701	535	1
1701	1351	1
1701	1059	1
1702	2976	1
1702	232	1
1702	435	1
1702	1057	1
1702	2551	1
1702	1761	1
1702	2348	1
1702	2392	1
1702	1523	1
1702	437	1
1702	535	1
1703	3100	1
1703	1481	1
1703	2204	1
1703	3041	1
1703	419	1
1703	1500	1
1703	1908	1
1703	2637	1
1703	119	1
1703	1542	1
1703	232	1
1703	435	1
1703	1051	1
1703	2857	1
1703	1014	1
1703	118	1
1703	706	1
1703	741	1
1703	2551	1
1703	116	1
1703	543	1
1703	2344	1
1703	1648	1
1703	3009	1
1703	357	1
1703	1063	1
1703	2296	1
1703	137	1
1703	2985	1
1703	972	1
1703	2253	1
1703	1498	1
1703	1761	1
1703	1876	1
1703	1181	1
1703	1813	1
1703	1655	1
1703	3037	1
1703	2438	1
1703	1314	1
1703	2532	1
1703	1523	1
1703	2619	1
1703	1664	1
1703	2789	1
1703	437	1
1703	111	1
1703	41	1
1703	2509	1
1703	2654	1
1703	2576	1
1703	472	1
1703	1783	1
1703	497	1
1704	3100	1
1704	1481	1
1704	853	1
1704	720	1
1704	3057	1
1704	1683	1
1704	2865	1
1704	2976	1
1704	1684	1
1704	419	1
1704	1500	1
1704	1908	1
1704	1874	1
1704	2166	1
1704	551	1
1704	119	1
1704	1542	1
1704	2523	1
1704	1279	1
1704	232	1
1704	230	1
1704	1430	1
1704	1811	1
1704	991	1
1704	1042	1
1704	1014	1
1704	118	1
1704	511	1
1704	1333	1
1704	2917	1
1704	1366	1
1704	2456	1
1704	875	1
1704	1460	1
1704	1057	1
1704	2693	1
1704	2551	1
1704	116	1
1704	2720	1
1704	715	1
1704	2141	1
1704	1488	1
1704	2058	1
1704	1611	1
1704	1053	1
1704	2772	1
1704	358	1
1704	1063	1
1704	455	1
1704	2296	1
1704	137	1
1704	2253	1
1704	144	1
1704	1498	1
1704	2091	1
1704	1400	1
1704	1731	1
1704	1101	1
1704	1876	1
1704	1904	1
1704	3037	1
1704	158	1
1704	1026	1
1704	2348	1
1704	2392	1
1704	2542	1
1704	1341	1
1704	1523	1
1704	2619	1
1704	367	1
1704	2789	1
1704	437	1
1704	111	1
1704	1197	1
1704	80	1
1704	41	1
1704	745	1
1704	535	1
1704	1351	1
1704	764	1
1704	2322	1
1704	2509	1
1704	2654	1
1704	2163	1
1704	472	1
1705	3100	1
1705	1481	1
1705	2865	1
1705	2976	1
1705	1684	1
1705	419	1
1705	1908	1
1705	551	1
1705	2637	1
1705	119	1
1705	1279	1
1705	232	1
1705	1430	1
1705	991	1
1705	1042	1
1705	2857	1
1705	1014	1
1705	118	1
1705	511	1
1705	2880	1
1705	1333	1
1705	1947	1
1705	741	1
1705	1460	1
1705	2502	1
1705	2304	1
1705	1191	1
1705	769	1
1705	116	1
1705	2720	1
1705	1345	1
1705	1109	1
1705	2141	1
1705	1488	1
1705	2058	1
1705	1611	1
1705	1053	1
1705	2772	1
1705	2268	1
1705	455	1
1705	2165	1
1705	462	1
1705	2985	1
1705	2253	1
1705	144	1
1705	1498	1
1705	2091	1
1705	1761	1
1705	1731	1
1705	2040	1
1705	1876	1
1705	834	1
1705	1655	1
1705	158	1
1705	1026	1
1705	2348	1
1705	1432	1
1705	2392	1
1705	1306	1
1705	1507	1
1705	823	1
1705	2892	1
1705	1423	1
1705	1523	1
1705	917	1
1705	1197	1
1705	279	1
1705	80	1
1705	535	1
1705	1008	1
1705	2520	1
1705	764	1
1705	2176	1
1705	2322	1
1705	2654	1
1705	2163	1
1705	2576	1
1705	472	1
1705	1059	1
1705	1783	1
1706	3100	1
1706	720	1
1706	1500	1
1706	119	1
1706	232	1
1706	1183	1
1706	1430	1
1706	982	1
1706	991	1
1706	2857	1
1706	118	1
1706	1909	1
1706	2880	1
1706	1333	1
1706	2456	1
1706	875	1
1706	1460	1
1706	2527	1
1706	3033	1
1706	2703	1
1706	715	1
1706	1109	1
1706	2141	1
1706	2058	1
1706	2772	1
1706	455	1
1706	2296	1
1706	2253	1
1706	144	1
1706	1731	1
1706	1101	1
1706	2040	1
1706	896	1
1706	1904	1
1706	158	1
1706	1026	1
1706	1314	1
1706	1507	1
1706	823	1
1706	1341	1
1706	1045	1
1706	980	1
1706	1458	1
1706	80	1
1706	1050	1
1706	418	1
1706	764	1
1706	2714	1
1706	2322	1
1706	2654	1
1706	2163	1
1706	1783	1
1706	497	1
1707	419	1
1707	1500	1
1707	947	1
1707	119	1
1707	2523	1
1707	232	1
1707	219	1
1707	435	1
1707	2857	1
1707	118	1
1707	757	1
1707	1947	1
1707	741	1
1707	1057	1
1707	715	1
1707	1488	1
1707	2746	1
1707	462	1
1707	1731	1
1707	1101	1
1707	2203	1
1707	1655	1
1707	1563	1
1707	2967	1
1707	1314	1
1707	1507	1
1707	1523	1
1707	2789	1
1707	2520	1
1707	2322	1
1707	1783	1
1708	2976	1
1708	2551	1
1708	111	1
1709	219	1
1709	991	1
1709	741	1
1709	2486	1
1709	2735	1
1709	2862	1
1709	715	1
1709	2701	1
1709	2746	1
1709	2620	1
1709	252	1
1709	617	1
1709	1149	1
1709	75	1
1710	491	1
1710	2182	1
1710	2637	1
1710	119	1
1710	2452	1
1710	799	1
1710	2684	1
1710	1542	1
1710	232	1
1710	219	1
1710	2952	1
1710	435	1
1710	118	1
1710	968	1
1710	194	1
1710	757	1
1710	3111	1
1710	741	1
1710	2913	1
1710	2502	1
1710	543	1
1710	2457	1
1710	715	1
1710	699	1
1710	1109	1
1710	3053	1
1710	2344	1
1710	154	1
1710	2010	1
1710	1611	1
1710	1053	1
1710	3009	1
1710	2296	1
1710	2746	1
1710	2569	1
1710	2197	1
1710	1284	1
1710	2253	1
1710	1447	1
1710	3115	1
1710	1731	1
1710	388	1
1710	2967	1
1710	1432	1
1710	75	1
1710	2392	1
1710	1523	1
1710	323	1
1710	980	1
1710	1438	1
1710	279	1
1710	535	1
1710	644	1
1710	1207	1
1710	764	1
1710	2400	1
1710	2526	1
1710	1117	1
1710	1603	1
1710	192	1
1710	2163	1
1710	1059	1
1710	1783	1
1710	497	1
1711	3100	1
1711	720	1
1711	809	1
1711	2970	1
1711	419	1
1711	1500	1
1711	947	1
1711	551	1
1711	2242	1
1711	219	1
1711	287	1
1711	435	1
1711	1380	1
1711	940	1
1711	2857	1
1711	1947	1
1711	741	1
1711	771	1
1711	875	1
1711	2502	1
1711	1462	1
1711	2551	1
1711	733	1
1711	543	1
1711	1345	1
1711	2703	1
1711	2791	1
1711	2451	1
1711	715	1
1711	1883	1
1711	1611	1
1711	3009	1
1711	2630	1
1711	2378	1
1711	2757	1
1711	144	1
1711	3061	1
1711	2348	1
1711	1432	1
1711	75	1
1711	1314	1
1711	2392	1
1711	1523	1
1711	1414	1
1711	1197	1
1711	2975	1
1711	1622	1
1711	535	1
1711	168	1
1711	2356	1
1711	2176	1
1711	2576	1
1712	119	1
1712	2551	1
1712	2791	1
1712	1063	1
1712	2253	1
1712	144	1
1712	1314	1
1712	2392	1
1712	917	1
1712	535	1
1712	2520	1
1713	2857	1
1713	2701	1
1713	2296	1
1713	2620	1
1713	2967	1
1713	75	1
1714	2970	1
1714	2257	1
1714	1922	1
1714	419	1
1714	119	1
1714	2534	1
1714	2502	1
1714	2339	1
1714	2038	1
1714	1881	1
1714	1123	1
1714	1883	1
1714	1488	1
1714	950	1
1714	1611	1
1714	834	1
1714	145	1
1714	2967	1
1714	1086	1
1714	1512	1
1714	75	1
1714	1045	1
1714	2789	1
1714	437	1
1714	1197	1
1714	107	1
1714	2975	1
1714	2980	1
1715	551	1
1715	119	1
1715	59	1
1715	940	1
1715	2857	1
1715	543	1
1715	1345	1
1715	2703	1
1715	2268	1
1715	2296	1
1715	1101	1
1715	2967	1
1715	1314	1
1715	437	1
1715	1197	1
1716	3100	1
1716	283	1
1716	2865	1
1716	2976	1
1716	2257	1
1716	1684	1
1716	767	1
1716	119	1
1716	2534	1
1716	435	1
1716	940	1
1716	1296	1
1716	1014	1
1716	1333	1
1716	741	1
1716	2339	1
1716	116	1
1716	1345	1
1716	715	1
1716	2344	1
1716	2268	1
1716	1063	1
1716	2296	1
1716	1356	1
1716	1586	1
1716	1564	1
1716	145	1
1716	2967	1
1716	1512	1
1716	2789	1
1716	437	1
1716	1197	1
1716	1351	1
1716	1346	1
1716	845	1
1716	2232	1
1717	3100	1
1717	98	1
1717	853	1
1717	938	1
1717	1683	1
1717	555	1
1717	1667	1
1717	2158	1
1717	2251	1
1717	1684	1
1717	2796	1
1717	1140	1
1717	419	1
1717	1500	1
1717	2930	1
1717	1246	1
1717	665	1
1717	947	1
1717	1054	1
1717	2276	1
1717	815	1
1717	2166	1
1717	2747	1
1717	2524	1
1717	551	1
1717	1549	1
1717	457	1
1717	2637	1
1717	2452	1
1717	822	1
1717	59	1
1717	2478	1
1717	874	1
1717	2709	1
1717	353	1
1717	1275	1
1717	2242	1
1717	725	1
1717	996	1
1717	232	1
1717	1183	1
1717	2488	1
1717	320	1
1717	287	1
1717	1639	1
1717	2183	1
1717	1910	1
1717	385	1
1717	982	1
1717	1559	1
1717	1557	1
1717	940	1
1717	409	1
1717	804	1
1717	1042	1
1717	1254	1
1717	1296	1
1717	1014	1
1717	1790	1
1717	118	1
1717	2072	1
1717	2688	1
1717	1354	1
1717	706	1
1717	441	1
1717	1909	1
1717	757	1
1717	220	1
1717	2078	1
1717	2917	1
1717	741	1
1717	963	1
1717	1744	1
1717	768	1
1717	564	1
1717	544	1
1717	2748	1
1717	2456	1
1717	126	1
1717	1409	1
1717	1534	1
1717	2502	1
1717	1035	1
1717	898	1
1717	1462	1
1717	2304	1
1717	1057	1
1717	2693	1
1717	1172	1
1717	2527	1
1717	2038	1
1717	609	1
1717	1389	1
1717	2682	1
1717	1072	1
1717	1079	1
1717	116	1
1717	1881	1
1717	543	1
1717	1141	1
1717	486	1
1717	251	1
1717	2200	1
1717	1312	1
1717	2718	1
1717	2457	1
1717	1374	1
1717	527	1
1717	2123	1
1717	1123	1
1717	1768	1
1717	1595	1
1717	2451	1
1717	715	1
1717	1271	1
1717	2898	1
1717	2903	1
1717	3083	1
1717	2838	1
1717	2012	1
1717	1259	1
1717	1488	1
1717	420	1
1717	1163	1
1717	950	1
1717	1919	1
1717	2597	1
1717	1611	1
1717	1053	1
1717	1662	1
1717	2349	1
1717	1049	1
1717	2518	1
1717	931	1
1717	2772	1
1717	1209	1
1717	358	1
1717	2268	1
1717	1575	1
1717	655	1
1717	2613	1
1717	1063	1
1717	2271	1
1717	1212	1
1717	455	1
1717	1734	1
1717	1693	1
1717	2701	1
1717	2982	1
1717	2746	1
1717	1645	1
1717	2378	1
1717	999	1
1717	2757	1
1717	885	1
1717	2569	1
1717	462	1
1717	2197	1
1717	2096	1
1717	2253	1
1717	660	1
1717	144	1
1717	1498	1
1717	2411	1
1717	2620	1
1717	3080	1
1717	1309	1
1717	1400	1
1717	1447	1
1717	985	1
1717	2494	1
1717	1935	1
1717	1193	1
1717	256	1
1717	586	1
1717	3035	1
1717	2196	1
1717	2203	1
1717	2599	1
1717	1181	1
1717	2148	1
1717	1640	1
1717	2466	1
1717	650	1
1717	2938	1
1717	2154	1
1717	1679	1
1717	2626	1
1717	1722	1
1717	3037	1
1717	1234	1
1717	145	1
1717	722	1
1717	158	1
1717	1026	1
1717	2438	1
1717	563	1
1717	2731	1
1717	1086	1
1717	1512	1
1717	2392	1
1717	173	1
1717	1942	1
1717	396	1
1717	1306	1
1717	2601	1
1717	1445	1
1717	480	1
1717	3059	1
1717	2110	1
1717	2422	1
1717	1341	1
1717	997	1
1717	2564	1
1717	2368	1
1717	579	1
1717	1561	1
1717	635	1
1717	1523	1
1717	2619	1
1717	218	1
1717	1045	1
1717	798	1
1717	2964	1
1717	919	1
1717	2246	1
1717	1344	1
1717	1324	1
1717	9	1
1717	1671	1
1717	525	1
1717	1034	1
1717	279	1
1717	2591	1
1717	2489	1
1717	2248	1
1717	80	1
1717	2055	1
1717	2975	1
1717	1050	1
1717	1689	1
1717	1257	1
1717	1066	1
1717	41	1
1717	745	1
1717	2642	1
1717	1622	1
1717	52	1
1717	2622	1
1717	788	1
1717	349	1
1717	168	1
1717	2356	1
1717	90	1
1717	1008	1
1717	2520	1
1717	764	1
1717	255	1
1717	2993	1
1717	306	1
1717	1334	1
1717	701	1
1717	1156	1
1717	2648	1
1717	2654	1
1717	2288	1
1717	2849	1
1717	1059	1
1717	2232	1
1717	1365	1
1717	736	1
1717	1612	1
1718	3057	1
1718	551	1
1718	119	1
1718	1559	1
1718	2857	1
1718	1947	1
1718	741	1
1718	2967	1
1718	1086	1
1718	1314	1
1718	917	1
1718	437	1
1718	1197	1
1718	1479	1
1719	1183	1
1719	2857	1
1719	1345	1
1719	1314	1
1720	1345	1
1721	1294	1
1721	1583	1
1721	920	1
1721	1684	1
1721	119	1
1721	1162	1
1721	435	1
1721	696	1
1721	2857	1
1721	118	1
1721	77	1
1721	2078	1
1721	541	1
1721	3023	1
1721	2862	1
1721	819	1
1721	1827	1
1721	122	1
1721	124	1
1721	715	1
1721	558	1
1721	1526	1
1721	429	1
1721	420	1
1721	2643	1
1721	1606	1
1721	2104	1
1721	1654	1
1721	1436	1
1721	2959	1
1721	2701	1
1721	31	1
1721	1927	1
1721	45	1
1721	3101	1
1721	1403	1
1721	2124	1
1721	674	1
1721	2196	1
1721	3124	1
1721	1497	1
1721	2148	1
1721	850	1
1721	878	1
1721	75	1
1721	448	1
1721	1561	1
1721	1300	1
1721	2854	1
1721	2052	1
1721	584	1
1721	183	1
1721	490	1
1721	2714	1
1722	1358	1
1722	435	1
1722	77	1
1722	2862	1
1722	2296	1
1722	2370	1
1722	2247	1
1722	349	1
1723	1294	1
1723	1358	1
1723	2068	1
1723	2857	1
1723	77	1
1723	910	1
1723	2735	1
1723	2502	1
1723	124	1
1723	3085	1
1723	2701	1
1723	2296	1
1723	2148	1
1723	75	1
1723	2247	1
1723	1197	1
1723	584	1
1723	2734	1
1723	2827	1
1723	2406	1
1723	903	1
1724	98	1
1724	1358	1
1724	77	1
1724	2735	1
1724	2502	1
1724	400	1
1724	2701	1
1724	1356	1
1724	2668	1
1724	1314	1
1724	2247	1
1724	2406	1
1725	1993	1
1725	1790	1
1725	2763	1
1725	2916	1
1725	689	1
1726	98	1
1726	2414	1
1726	809	1
1726	920	1
1726	592	1
1726	119	1
1726	647	1
1726	162	1
1726	2851	1
1726	230	1
1726	1183	1
1726	1430	1
1726	3092	1
1726	940	1
1726	529	1
1726	118	1
1726	706	1
1726	3025	1
1726	910	1
1726	802	1
1726	741	1
1726	2486	1
1726	2502	1
1726	1896	1
1726	495	1
1726	3133	1
1726	1079	1
1726	543	1
1726	2703	1
1726	124	1
1726	715	1
1726	2114	1
1726	2439	1
1726	2643	1
1726	1662	1
1726	3009	1
1726	1654	1
1726	2296	1
1726	45	1
1726	2620	1
1726	2668	1
1726	1400	1
1726	2196	1
1726	18	1
1726	2154	1
1726	2370	1
1726	329	1
1726	1086	1
1726	1704	1
1726	2422	1
1726	1561	1
1726	952	1
1726	2441	1
1726	1197	1
1726	3143	1
1726	1396	1
1726	1689	1
1726	2734	1
1726	349	1
1726	2406	1
1726	2080	1
1727	2703	1
1727	2791	1
1727	2763	1
1727	1078	1
1728	85	1
1728	2331	1
1728	2862	1
1728	2791	1
1728	1379	1
1728	1078	1
1729	2862	1
1729	2791	1
1729	1853	1
1729	1379	1
1729	1078	1
1730	1790	1
1730	2763	1
1730	1078	1
1731	2763	1
1731	1379	1
1731	1078	1
1732	1583	1
1732	1358	1
1732	767	1
1732	551	1
1732	232	1
1732	1183	1
1732	287	1
1732	1639	1
1732	435	1
1732	2857	1
1732	1296	1
1732	1333	1
1732	1947	1
1732	2735	1
1732	2150	1
1732	2703	1
1732	124	1
1732	715	1
1732	2344	1
1732	3009	1
1732	2296	1
1732	45	1
1732	1779	1
1732	1026	1
1732	563	1
1732	1314	1
1732	2789	1
1732	1197	1
1732	349	1
1733	232	1
1733	2857	1
1733	118	1
1733	2296	1
1733	1779	1
1733	1026	1
1733	1314	1
1733	1197	1
1734	1430	1
1734	435	1
1734	2857	1
1734	116	1
1734	2296	1
1734	252	1
1735	1451	1
1735	555	1
1735	1583	1
1735	2865	1
1735	1684	1
1735	767	1
1735	2857	1
1735	1790	1
1735	77	1
1735	741	1
1735	3084	1
1735	2862	1
1735	651	1
1735	2344	1
1735	2643	1
1735	2701	1
1735	2861	1
1735	1400	1
1735	3101	1
1735	1935	1
1735	674	1
1735	1476	1
1735	2203	1
1735	1149	1
1735	1314	1
1735	952	1
1735	1300	1
1735	584	1
1735	2389	1
1735	954	1
1736	2970	1
1736	551	1
1736	435	1
1736	3008	1
1736	940	1
1736	2857	1
1736	2339	1
1736	116	1
1736	1881	1
1736	543	1
1736	715	1
1736	2643	1
1736	3009	1
1736	655	1
1736	2296	1
1736	2967	1
1736	1086	1
1736	75	1
1736	1314	1
1736	952	1
1736	107	1
1736	1457	1
1737	3100	1
1737	1501	1
1737	1503	1
1737	1735	1
1737	767	1
1737	2598	1
1737	536	1
1737	2452	1
1737	1230	1
1737	353	1
1737	1869	1
1737	2523	1
1737	232	1
1737	230	1
1737	231	1
1737	2952	1
1737	2537	1
1737	435	1
1737	1895	1
1737	3008	1
1737	2525	1
1737	48	1
1737	1296	1
1737	1333	1
1737	1947	1
1737	741	1
1737	771	1
1737	3084	1
1737	2486	1
1737	337	1
1737	875	1
1737	1460	1
1737	510	1
1737	1961	1
1737	1057	1
1737	325	1
1737	1483	1
1737	1776	1
1737	2911	1
1737	1079	1
1737	1677	1
1737	719	1
1737	543	1
1737	2703	1
1737	81	1
1737	715	1
1737	1692	1
1737	1883	1
1737	2954	1
1737	343	1
1737	2635	1
1737	152	1
1737	1611	1
1737	12	1
1737	334	1
1737	1000	1
1737	2738	1
1737	1999	1
1737	1628	1
1737	1194	1
1737	1747	1
1737	2996	1
1737	930	1
1737	936	1
1737	2701	1
1737	2296	1
1737	2924	1
1737	1273	1
1737	2746	1
1737	1290	1
1737	957	1
1737	2569	1
1737	2197	1
1737	1311	1
1737	45	1
1737	2713	1
1737	99	1
1737	1400	1
1737	1935	1
1737	1898	1
1737	2203	1
1737	2893	1
1737	371	1
1737	1381	1
1737	2490	1
1737	523	1
1737	2762	1
1737	2948	1
1737	2626	1
1737	158	1
1737	606	1
1737	563	1
1737	2967	1
1737	1432	1
1737	1283	1
1737	75	1
1737	1314	1
1737	1029	1
1737	2440	1
1737	1649	1
1737	997	1
1737	1561	1
1737	1429	1
1737	772	1
1737	2559	1
1737	2690	1
1737	2109	1
1737	2789	1
1737	437	1
1737	2614	1
1737	3087	1
1737	2591	1
1737	1867	1
1737	2055	1
1737	1689	1
1737	861	1
1737	131	1
1737	309	1
1737	2453	1
1737	1644	1
1737	2520	1
1737	2578	1
1737	2714	1
1737	1623	1
1737	2063	1
1737	2303	1
1737	1319	1
1737	2654	1
1737	2159	1
1737	1805	1
1737	1233	1
1737	2925	1
1738	2763	1
1738	197	1
1738	2701	1
1738	2916	1
1738	2852	1
1739	2763	1
1739	2916	1
1739	689	1
1739	2852	1
1739	1078	1
1740	767	1
1740	119	1
1740	219	1
1740	1042	1
1740	194	1
1740	741	1
1740	1534	1
1740	2693	1
1740	543	1
1740	2457	1
1740	655	1
1740	2746	1
1740	1356	1
1740	1447	1
1740	75	1
1740	304	1
1740	1197	1
1741	1790	1
1741	2643	1
1741	2916	1
1741	689	1
1741	1078	1
1742	2970	1
1742	2976	1
1742	119	1
1742	696	1
1742	1042	1
1742	118	1
1742	1947	1
1742	543	1
1742	2296	1
1742	1356	1
1742	2967	1
1742	1314	1
1742	418	1
1743	435	1
1743	2735	1
1743	2502	1
1743	543	1
1743	715	1
1743	2344	1
1743	147	1
1743	2701	1
1743	1400	1
1743	2364	1
1743	2967	1
1743	75	1
1743	1689	1
1743	349	1
1744	2119	1
1744	2632	1
1744	1058	1
1744	1328	1
1744	435	1
1744	2502	1
1744	1271	1
1744	2344	1
1744	3031	1
1744	1391	1
1744	22	1
1744	147	1
1744	2701	1
1744	1356	1
1744	1400	1
1744	3101	1
1744	2364	1
1744	1689	1
1744	349	1
1745	1684	1
1745	119	1
1745	435	1
1745	2502	1
1745	2551	1
1745	2703	1
1745	2344	1
1745	1314	1
1746	435	1
1746	2551	1
1746	2703	1
1746	2982	1
1746	1356	1
1746	1432	1
1746	1314	1
1746	2440	1
1747	2392	1
1748	2392	1
1749	158	1
1749	2246	1
1749	80	1
1750	1356	1
1750	1761	1
1750	1586	1
1750	111	1
1751	2158	1
1751	809	1
1751	2119	1
1751	1684	1
1751	947	1
1751	767	1
1751	119	1
1751	219	1
1751	287	1
1751	2399	1
1751	435	1
1751	1559	1
1751	940	1
1751	1042	1
1751	2139	1
1751	1254	1
1751	2857	1
1751	446	1
1751	1909	1
1751	2880	1
1751	2917	1
1751	2486	1
1751	1534	1
1751	2502	1
1751	1462	1
1751	543	1
1751	1711	1
1751	1595	1
1751	1558	1
1751	2141	1
1751	1488	1
1751	950	1
1751	2902	1
1751	2597	1
1751	1794	1
1751	3009	1
1751	2268	1
1751	2296	1
1751	2746	1
1751	2065	1
1751	1418	1
1751	252	1
1751	1761	1
1751	2160	1
1751	834	1
1751	1813	1
1751	3037	1
1751	158	1
1751	2967	1
1751	1306	1
1751	3059	1
1751	823	1
1751	1423	1
1751	1561	1
1751	2246	1
1751	2789	1
1751	111	1
1751	1197	1
1751	1689	1
1751	1351	1
1751	168	1
1751	2509	1
1751	912	1
1752	551	1
1752	1080	1
1752	875	1
1752	2551	1
1752	1595	1
1752	1558	1
1752	2296	1
1752	2466	1
1752	1655	1
1752	823	1
1752	2619	1
1752	2246	1
1752	111	1
1752	80	1
1752	1850	1
1752	295	1
1753	543	1
1753	1345	1
1753	1314	1
1753	1197	1
1754	1790	1
1754	2862	1
1754	2643	1
1754	689	1
1754	1078	1
1755	435	1
1755	653	1
1755	2502	1
1755	2551	1
1755	1345	1
1755	2116	1
1755	2701	1
1755	1356	1
1755	252	1
1755	1761	1
1755	2967	1
1755	75	1
1755	1314	1
1755	2789	1
1756	435	1
1756	1356	1
1756	2789	1
1757	809	1
1757	2970	1
1757	1684	1
1757	940	1
1757	1878	1
1757	1345	1
1757	2344	1
1757	2296	1
1757	1356	1
1757	144	1
1757	252	1
1757	2348	1
1757	1563	1
1757	1086	1
1757	1314	1
1757	437	1
1757	1351	1
1758	2970	1
1758	2976	1
1758	947	1
1758	767	1
1758	551	1
1758	119	1
1758	230	1
1758	219	1
1758	940	1
1758	2857	1
1758	653	1
1758	1947	1
1758	741	1
1758	2551	1
1758	543	1
1758	715	1
1758	2296	1
1758	2746	1
1758	700	1
1758	1761	1
1758	1655	1
1758	1314	1
1758	2392	1
1758	1423	1
1758	1523	1
1758	2789	1
1758	111	1
1758	777	1
1758	1008	1
1759	435	1
1759	2551	1
1759	543	1
1759	655	1
1759	1356	1
1759	2967	1
1759	2392	1
1760	435	1
1760	2857	1
1760	543	1
1760	2296	1
1760	3101	1
1760	906	1
1760	2967	1
1760	75	1
1760	1197	1
1761	2857	1
1761	543	1
1761	1356	1
1762	2763	1
1762	1379	1
1762	689	1
1762	1078	1
1763	1294	1
1763	435	1
1763	2857	1
1763	2150	1
1763	2344	1
1763	2296	1
1763	1356	1
1763	3101	1
1763	906	1
1763	2370	1
1763	1197	1
1764	1294	1
1764	435	1
1764	2857	1
1764	2150	1
1764	2344	1
1764	2296	1
1764	906	1
1764	2967	1
1764	1197	1
1765	3057	1
1765	2865	1
1765	2976	1
1765	1684	1
1765	419	1
1765	1500	1
1765	767	1
1765	551	1
1765	119	1
1765	232	1
1765	230	1
1765	1183	1
1765	802	1
1765	2551	1
1765	116	1
1765	2457	1
1765	2344	1
1765	1063	1
1765	2296	1
1765	2620	1
1765	862	1
1765	2091	1
1765	1813	1
1765	2535	1
1765	2967	1
1765	1432	1
1765	75	1
1765	1314	1
1765	1523	1
1765	2973	1
1765	111	1
1765	168	1
1765	1008	1
1765	2520	1
1766	2976	1
1766	419	1
1766	1500	1
1766	767	1
1766	1874	1
1766	232	1
1766	2857	1
1766	2735	1
1766	2150	1
1766	2551	1
1766	3020	1
1766	2791	1
1766	2296	1
1766	2620	1
1766	1761	1
1766	145	1
1766	1803	1
1766	1563	1
1766	1314	1
1766	2392	1
1766	1197	1
1766	349	1
1766	2406	1
1766	903	1
1767	2970	1
1767	2068	1
1767	1684	1
1767	767	1
1767	119	1
1767	991	1
1767	1042	1
1767	2857	1
1767	118	1
1767	77	1
1767	741	1
1767	2486	1
1767	2735	1
1767	2693	1
1767	2150	1
1767	2551	1
1767	2275	1
1767	2703	1
1767	2457	1
1767	2791	1
1767	124	1
1767	2979	1
1767	738	1
1767	1611	1
1767	1654	1
1767	1063	1
1767	1693	1
1767	2296	1
1767	2746	1
1767	252	1
1767	1400	1
1767	2154	1
1767	1810	1
1767	75	1
1767	1507	1
1767	2440	1
1767	1103	1
1767	2973	1
1767	1197	1
1767	1689	1
1767	349	1
1767	2118	1
1767	1461	1
1767	2406	1
1767	369	1
1767	903	1
1768	3100	1
1768	1294	1
1768	1583	1
1768	2976	1
1768	1922	1
1768	1500	1
1768	2121	1
1768	947	1
1768	219	1
1768	435	1
1768	940	1
1768	1014	1
1768	77	1
1768	2880	1
1768	741	1
1768	1057	1
1768	1402	1
1768	543	1
1768	715	1
1768	2344	1
1768	284	1
1768	2058	1
1768	2998	1
1768	2296	1
1768	3101	1
1768	1761	1
1768	2203	1
1768	1463	1
1768	1181	1
1768	1813	1
1768	3037	1
1768	2370	1
1768	1443	1
1768	75	1
1768	1523	1
1768	111	1
1768	1197	1
1768	1248	1
1768	535	1
1768	349	1
1768	1175	1
1768	2576	1
1768	3136	1
1769	3100	1
1769	1583	1
1769	2976	1
1769	119	1
1769	1920	1
1769	1042	1
1769	194	1
1769	757	1
1769	1534	1
1769	2150	1
1769	2551	1
1769	543	1
1769	1345	1
1769	124	1
1769	2344	1
1769	1972	1
1769	2341	1
1769	2296	1
1769	2620	1
1769	3101	1
1769	1761	1
1769	1586	1
1769	2203	1
1769	2967	1
1769	1512	1
1769	75	1
1769	1314	1
1769	1197	1
1769	107	1
1769	349	1
1769	369	1
1770	2976	1
1770	119	1
1770	1356	1
1770	1761	1
1770	2392	1
1771	2763	1
1771	2701	1
1771	689	1
1771	3119	1
1772	1294	1
1772	2970	1
1772	1684	1
1772	435	1
1772	940	1
1772	118	1
1772	220	1
1772	741	1
1772	2699	1
1772	2502	1
1772	1079	1
1772	2703	1
1772	2791	1
1772	1123	1
1772	2114	1
1772	2344	1
1772	3009	1
1772	358	1
1772	1356	1
1772	1400	1
1772	894	1
1772	158	1
1772	2967	1
1772	2408	1
1772	997	1
1772	1005	1
1772	437	1
1772	2734	1
1772	535	1
1773	2976	1
1773	947	1
1773	1761	1
1774	2763	1
1774	689	1
1775	2763	1
1775	1379	1
1775	689	1
1775	1078	1
1776	2524	1
1776	2502	1
1776	543	1
1776	2296	1
1776	2967	1
1776	1314	1
1776	2789	1
1777	1993	1
1777	1790	1
1777	1947	1
1777	2791	1
1777	2763	1
1777	2916	1
1778	1790	1
1778	2791	1
1778	2763	1
1778	2916	1
1778	689	1
1779	2763	1
1779	689	1
1779	1078	1
1780	435	1
1780	2857	1
1780	819	1
1780	979	1
1780	558	1
1780	2701	1
1780	1476	1
1780	2196	1
1780	1149	1
1780	75	1
1780	1111	1
1780	183	1
1781	1294	1
1781	1583	1
1781	1358	1
1781	2119	1
1781	2970	1
1781	1882	1
1781	119	1
1781	118	1
1781	706	1
1781	910	1
1781	3034	1
1781	2150	1
1781	2551	1
1781	1581	1
1781	2020	1
1781	543	1
1781	1345	1
1781	651	1
1781	2703	1
1781	124	1
1781	715	1
1781	2344	1
1781	1883	1
1781	2701	1
1781	45	1
1781	1761	1
1781	2203	1
1781	1810	1
1781	75	1
1781	1511	1
1781	2789	1
1781	1197	1
1781	3143	1
1781	1084	1
1781	1351	1
1781	903	1
1782	1294	1
1782	2857	1
1782	3084	1
1782	2150	1
1782	1079	1
1782	543	1
1782	2457	1
1782	2643	1
1782	2701	1
1782	2746	1
1782	2620	1
1782	1400	1
1782	2370	1
1782	75	1
1782	509	1
1782	952	1
1782	1197	1
1782	349	1
1783	98	1
1783	1481	1
1783	1667	1
1783	1583	1
1783	2865	1
1783	920	1
1783	2068	1
1783	748	1
1783	1500	1
1783	592	1
1783	1882	1
1783	1639	1
1783	435	1
1783	940	1
1783	498	1
1783	77	1
1783	910	1
1783	653	1
1783	2078	1
1783	1685	1
1783	3084	1
1783	3034	1
1783	2502	1
1783	1880	1
1783	2551	1
1783	224	1
1783	3133	1
1783	1079	1
1783	819	1
1783	2275	1
1783	467	1
1783	543	1
1783	2634	1
1783	2457	1
1783	715	1
1783	738	1
1783	2344	1
1783	2314	1
1783	950	1
1783	1090	1
1783	2701	1
1783	2296	1
1783	2982	1
1783	2810	1
1783	45	1
1783	144	1
1783	2620	1
1783	2668	1
1783	1400	1
1783	2203	1
1783	1149	1
1783	1918	1
1783	1619	1
1783	3037	1
1783	2967	1
1783	1432	1
1783	1314	1
1783	2440	1
1783	1103	1
1783	509	1
1783	952	1
1783	1523	1
1783	2289	1
1783	139	1
1783	3143	1
1783	349	1
1783	2406	1
1783	1612	1
1784	1874	1
1784	551	1
1784	2637	1
1784	119	1
1784	287	1
1784	435	1
1784	1380	1
1784	940	1
1784	991	1
1784	1042	1
1784	1254	1
1784	2917	1
1784	741	1
1784	544	1
1784	116	1
1784	2772	1
1784	2268	1
1784	2296	1
1784	2746	1
1784	1101	1
1784	1086	1
1784	111	1
1784	1197	1
1784	80	1
1784	535	1
1784	418	1
1784	1351	1
1784	1334	1
1784	1706	1
1784	1457	1
1784	1365	1
1784	1783	1
1785	2524	1
1785	551	1
1785	119	1
1785	219	1
1785	741	1
1785	2551	1
1785	116	1
1785	543	1
1785	950	1
1785	3009	1
1785	2296	1
1785	1314	1
1785	1351	1
1786	1481	1
1786	2865	1
1786	809	1
1786	2970	1
1786	1684	1
1786	419	1
1786	1500	1
1786	551	1
1786	2534	1
1786	287	1
1786	435	1
1786	940	1
1786	2139	1
1786	118	1
1786	706	1
1786	741	1
1786	1880	1
1786	2551	1
1786	543	1
1786	950	1
1786	1794	1
1786	3009	1
1786	2679	1
1786	2268	1
1786	2253	1
1786	144	1
1786	743	1
1786	2348	1
1786	75	1
1786	1005	1
1786	2246	1
1786	2789	1
1786	437	1
1786	111	1
1786	777	1
1786	1197	1
1786	1689	1
1786	1866	1
1786	912	1
1787	1481	1
1787	853	1
1787	2204	1
1787	2976	1
1787	551	1
1787	2057	1
1787	59	1
1787	909	1
1787	287	1
1787	435	1
1787	1380	1
1787	991	1
1787	1042	1
1787	2139	1
1787	2857	1
1787	1948	1
1787	118	1
1787	1947	1
1787	771	1
1787	875	1
1787	1462	1
1787	1880	1
1787	1746	1
1787	3033	1
1787	543	1
1787	2435	1
1787	1123	1
1787	715	1
1787	2344	1
1787	1883	1
1787	343	1
1787	420	1
1787	171	1
1787	1367	1
1787	1674	1
1787	2268	1
1787	2630	1
1787	2296	1
1787	1407	1
1787	167	1
1787	144	1
1787	894	1
1787	1101	1
1787	2064	1
1787	2893	1
1787	834	1
1787	650	1
1787	305	1
1787	2967	1
1787	1432	1
1787	1086	1
1787	2408	1
1787	2881	1
1787	823	1
1787	2977	1
1787	917	1
1787	777	1
1787	1034	1
1787	1257	1
1787	418	1
1787	52	1
1787	2714	1
1787	2849	1
1787	1059	1
1787	736	1
1788	938	1
1788	1684	1
1788	947	1
1788	1236	1
1788	119	1
1788	723	1
1788	873	1
1788	96	1
1788	287	1
1788	198	1
1788	435	1
1788	2822	1
1788	940	1
1788	2857	1
1788	1948	1
1788	627	1
1788	544	1
1788	875	1
1788	2008	1
1788	1746	1
1788	2017	1
1788	68	1
1788	2703	1
1788	715	1
1788	1883	1
1788	950	1
1788	556	1
1788	1367	1
1788	1674	1
1788	3009	1
1788	1456	1
1788	2630	1
1788	261	1
1788	1645	1
1788	144	1
1788	1418	1
1788	834	1
1788	2599	1
1788	1347	1
1788	129	1
1788	1210	1
1788	158	1
1788	670	1
1788	1314	1
1788	1005	1
1788	1045	1
1788	2246	1
1788	1034	1
1788	532	1
1788	1180	1
1788	2648	1
1788	2192	1
1788	2140	1
1788	921	1
1789	3100	1
1789	1481	1
1789	809	1
1789	2970	1
1789	2976	1
1789	1684	1
1789	767	1
1789	1874	1
1789	219	1
1789	287	1
1789	435	1
1789	1947	1
1789	715	1
1789	950	1
1789	3009	1
1789	1356	1
1789	144	1
1789	2196	1
1789	1813	1
1789	1086	1
1789	2194	1
1789	437	1
1789	1197	1
1790	1294	1
1790	555	1
1790	2865	1
1790	809	1
1790	2915	1
1790	767	1
1790	232	1
1790	219	1
1790	2999	1
1790	287	1
1790	3008	1
1790	940	1
1790	991	1
1790	1042	1
1790	2857	1
1790	118	1
1790	220	1
1790	875	1
1790	967	1
1790	2038	1
1790	2703	1
1790	2457	1
1790	2791	1
1790	347	1
1790	715	1
1790	2114	1
1790	290	1
1790	950	1
1790	876	1
1790	2597	1
1790	2984	1
1790	3009	1
1790	2268	1
1790	1063	1
1790	936	1
1790	2701	1
1790	2746	1
1790	2757	1
1790	2620	1
1790	252	1
1790	1563	1
1790	1432	1
1790	1086	1
1790	75	1
1790	2194	1
1790	2422	1
1790	1561	1
1790	2690	1
1790	2246	1
1790	437	1
1790	777	1
1790	1197	1
1790	2975	1
1790	2642	1
1790	418	1
1790	954	1
1790	1007	1
1790	1612	1
1791	2443	1
1791	809	1
1791	2524	1
1791	119	1
1791	287	1
1791	940	1
1791	1254	1
1791	2857	1
1791	1333	1
1791	1947	1
1791	2486	1
1791	875	1
1791	1880	1
1791	1746	1
1791	2703	1
1791	715	1
1791	2344	1
1791	2733	1
1791	950	1
1791	1674	1
1791	3036	1
1791	2679	1
1791	1771	1
1791	2630	1
1791	2296	1
1791	2785	1
1791	2967	1
1791	2408	1
1791	1005	1
1791	437	1
1791	777	1
1791	1197	1
1791	1351	1
1791	2849	1
1792	520	1
1792	2261	1
1792	194	1
1792	668	1
1792	1322	1
1792	393	1
1792	2344	1
1792	890	1
1792	1093	1
1792	1331	1
1792	1207	1
1793	2119	1
1793	2976	1
1793	947	1
1793	435	1
1793	2857	1
1793	653	1
1793	2551	1
1793	543	1
1793	715	1
1793	521	1
1793	1761	1
1793	2811	1
1793	834	1
1793	2370	1
1793	2967	1
1793	2392	1
1793	2789	1
1793	2980	1
1794	2976	1
1794	2857	1
1794	543	1
1794	1794	1
1794	3009	1
1794	2235	1
1794	1101	1
1794	1650	1
1794	1314	1
1794	1005	1
1794	2246	1
1794	1197	1
1795	2524	1
1795	96	1
1795	2857	1
1795	875	1
1795	2551	1
1795	543	1
1795	2703	1
1795	950	1
1795	2296	1
1795	1523	1
1795	1197	1
1796	1481	1
1796	2865	1
1796	767	1
1796	219	1
1796	435	1
1796	940	1
1796	2857	1
1796	1878	1
1796	741	1
1796	543	1
1796	715	1
1796	1488	1
1796	2597	1
1796	1794	1
1796	3009	1
1796	144	1
1796	1101	1
1796	1650	1
1796	158	1
1796	2967	1
1796	1086	1
1796	1351	1
1797	1358	1
1797	2534	1
1797	435	1
1797	679	1
1797	3084	1
1797	2705	1
1797	1563	1
1797	1512	1
1797	2248	1
1797	1351	1
1798	3100	1
1798	1583	1
1798	2257	1
1798	1922	1
1798	419	1
1798	2534	1
1798	435	1
1798	116	1
1798	2597	1
1798	459	1
1798	1563	1
1798	75	1
1798	437	1
1798	107	1
1798	1346	1
1799	119	1
1799	435	1
1799	1345	1
1799	1761	1
1799	2194	1
1799	1523	1
1800	551	1
1800	2534	1
1800	287	1
1800	2857	1
1800	118	1
1800	2486	1
1800	108	1
1801	119	1
1801	435	1
1801	668	1
1801	543	1
1801	2457	1
1801	1768	1
1801	1967	1
1801	2344	1
1801	1401	1
1801	700	1
1801	1969	1
1801	1356	1
1801	1447	1
1801	2623	1
1801	1935	1
1801	525	1
1801	2980	1
1801	1207	1
1802	3100	1
1802	1583	1
1802	1358	1
1802	2119	1
1802	1922	1
1802	419	1
1802	287	1
1802	435	1
1802	2857	1
1802	1014	1
1802	819	1
1802	543	1
1802	1595	1
1802	2439	1
1802	2733	1
1802	459	1
1802	1813	1
1802	1655	1
1802	1563	1
1802	1086	1
1802	75	1
1802	1314	1
1802	1306	1
1802	1423	1
1802	2246	1
1802	437	1
1802	777	1
1802	107	1
1802	139	1
1802	2975	1
1802	2576	1
1803	938	1
1803	1236	1
1803	2524	1
1803	119	1
1803	723	1
1803	219	1
1803	940	1
1803	544	1
1803	875	1
1803	1880	1
1803	2017	1
1803	2679	1
1803	1588	1
1803	67	1
1803	2039	1
1803	1210	1
1803	1314	1
1803	1689	1
1803	1257	1
1803	188	1
1804	2763	1
1804	1379	1
1804	689	1
1805	1573	1
1805	1424	1
1805	2158	1
1805	3063	1
1805	121	1
1805	280	1
1805	1778	1
1805	2976	1
1805	755	1
1805	2921	1
1805	220	1
1805	1832	1
1805	2699	1
1805	2742	1
1805	2905	1
1805	1271	1
1805	2344	1
1805	3021	1
1805	888	1
1805	3019	1
1805	3007	1
1805	1786	1
1805	2630	1
1805	1647	1
1805	2065	1
1805	1356	1
1805	2861	1
1805	521	1
1805	164	1
1805	1806	1
1805	2967	1
1805	1314	1
1805	2249	1
1805	2766	1
1805	1494	1
1805	3	1
1805	1438	1
1805	1689	1
1805	1636	1
1805	1229	1
1805	464	1
1805	1973	1
1805	2969	1
1805	72	1
1806	435	1
1806	1356	1
1807	2857	1
1807	543	1
1807	2746	1
1807	1356	1
1807	1314	1
1807	1197	1
1808	809	1
1808	435	1
1808	1559	1
1808	940	1
1808	2857	1
1808	2502	1
1808	715	1
1808	950	1
1808	2746	1
1808	2967	1
1808	1432	1
1808	1086	1
1808	1314	1
1808	777	1
1808	1197	1
1809	435	1
1809	1559	1
1809	940	1
1809	1460	1
1809	2502	1
1809	543	1
1809	2133	1
1809	950	1
1809	876	1
1809	2765	1
1809	2296	1
1809	2746	1
1809	2967	1
1809	1432	1
1809	1086	1
1809	1314	1
1809	777	1
1809	1197	1
1809	1479	1
1809	1372	1
1810	435	1
1810	940	1
1810	1042	1
1810	741	1
1810	2502	1
1810	1123	1
1810	715	1
1810	1883	1
1810	950	1
1810	876	1
1810	2967	1
1810	1432	1
1810	1086	1
1810	1314	1
1810	777	1
1810	1197	1
1810	2248	1
1810	535	1
1810	1479	1
1810	1372	1
1811	809	1
1811	1684	1
1811	287	1
1811	435	1
1811	1380	1
1811	940	1
1811	1042	1
1811	2857	1
1811	543	1
1811	1345	1
1811	1674	1
1811	3009	1
1811	2679	1
1811	2296	1
1811	1356	1
1811	144	1
1811	1210	1
1811	1432	1
1811	1314	1
1811	1197	1
1812	2976	1
1812	2915	1
1812	1684	1
1812	2524	1
1812	119	1
1812	59	1
1812	287	1
1812	2857	1
1812	220	1
1812	1947	1
1812	1878	1
1812	1880	1
1812	2551	1
1812	543	1
1812	1345	1
1812	2703	1
1812	1123	1
1812	715	1
1812	3009	1
1812	358	1
1812	2268	1
1812	2296	1
1812	144	1
1812	1101	1
1812	158	1
1812	1432	1
1812	1086	1
1812	1314	1
1812	1005	1
1812	777	1
1812	1689	1
1812	1257	1
1812	418	1
1813	3100	1
1813	909	1
1813	435	1
1813	2857	1
1813	1947	1
1813	2486	1
1813	2699	1
1813	1123	1
1813	715	1
1813	1849	1
1813	876	1
1813	1356	1
1813	2789	1
1813	437	1
1813	1197	1
1813	1351	1
1813	2941	1
1813	2980	1
1814	2857	1
1814	543	1
1814	1314	1
1814	1344	1
1815	543	1
1815	1314	1
1815	1344	1
1815	1197	1
1816	2857	1
1816	543	1
1816	1344	1
1816	1351	1
1817	2976	1
1817	1308	1
1817	2551	1
1817	252	1
1817	1761	1
1817	2967	1
1817	1314	1
1818	219	1
1818	435	1
1818	2857	1
1818	543	1
1818	715	1
1818	1271	1
1818	1761	1
1818	129	1
1818	2967	1
1819	1790	1
1819	2791	1
1819	2643	1
1819	2763	1
1819	952	1
1819	689	1
1819	2852	1
1819	2260	1
1820	119	1
1820	2857	1
1820	1345	1
1820	1356	1
1820	2967	1
1820	1314	1
1820	1197	1
1820	1351	1
1820	2980	1
1821	1481	1
1821	555	1
1821	1684	1
1821	1308	1
1821	287	1
1821	435	1
1821	991	1
1821	1947	1
1821	741	1
1821	2456	1
1821	2699	1
1821	1460	1
1821	2502	1
1821	2551	1
1821	543	1
1821	2703	1
1821	715	1
1821	2344	1
1821	3021	1
1821	2597	1
1821	3009	1
1821	2268	1
1821	2746	1
1821	1101	1
1821	158	1
1821	2967	1
1821	1086	1
1821	1314	1
1821	2246	1
1821	2789	1
1821	777	1
1821	1197	1
1821	1689	1
1821	1351	1
1821	1457	1
1822	219	1
1822	435	1
1822	940	1
1822	741	1
1822	2502	1
1822	543	1
1822	3009	1
1822	2268	1
1822	1356	1
1822	1432	1
1822	1086	1
1822	1182	1
1822	2246	1
1823	551	1
1823	1308	1
1823	940	1
1823	2857	1
1823	2703	1
1823	1883	1
1823	2597	1
1823	2296	1
1823	1210	1
1823	2967	1
1823	1432	1
1823	1314	1
1823	1182	1
1823	1197	1
1823	1689	1
1824	2857	1
1824	1356	1
1824	2967	1
1824	1197	1
1825	689	1
1826	1790	1
1826	2862	1
1826	2763	1
1826	1379	1
1826	689	1
1827	809	1
1827	435	1
1827	2857	1
1827	2486	1
1827	715	1
1827	1271	1
1827	2746	1
1827	2967	1
1827	1314	1
1827	2789	1
1827	1197	1
1827	1689	1
1827	1837	1
1828	1790	1
1828	1947	1
1828	936	1
1828	689	1
1828	1078	1
1829	3100	1
1829	2970	1
1829	2524	1
1829	59	1
1829	2242	1
1829	435	1
1829	940	1
1829	741	1
1829	2486	1
1829	126	1
1829	875	1
1829	1462	1
1829	1746	1
1829	543	1
1829	2703	1
1829	950	1
1829	2679	1
1829	358	1
1829	1356	1
1829	144	1
1829	2235	1
1829	1101	1
1829	3037	1
1829	1086	1
1829	997	1
1829	1197	1
1829	1689	1
1830	2976	1
1830	2551	1
1831	809	1
1831	2970	1
1831	1684	1
1831	435	1
1831	940	1
1831	1947	1
1831	2486	1
1831	2296	1
1831	2746	1
1831	1356	1
1831	144	1
1831	2789	1
1832	1947	1
1832	2862	1
1832	2643	1
1832	1149	1
1832	1379	1
1832	689	1
1832	2260	1
1832	1078	1
1833	2857	1
1833	543	1
1833	2746	1
1833	2967	1
1833	1314	1
1834	119	1
1834	435	1
1834	2857	1
1834	2502	1
1834	543	1
1834	715	1
1834	2114	1
1834	2746	1
1834	2757	1
1834	2065	1
1834	2422	1
1834	1561	1
1835	435	1
1835	1356	1
1836	435	1
1836	2502	1
1836	2746	1
1836	1356	1
1837	121	1
1837	809	1
1837	2970	1
1837	2915	1
1837	1684	1
1837	119	1
1837	287	1
1837	435	1
1837	1380	1
1837	940	1
1837	1042	1
1837	1947	1
1837	627	1
1837	1298	1
1837	2703	1
1837	2133	1
1837	1271	1
1837	1674	1
1837	1456	1
1837	2679	1
1837	2296	1
1837	2746	1
1837	2757	1
1837	2065	1
1837	1356	1
1837	2235	1
1837	129	1
1837	2967	1
1837	1314	1
1837	2422	1
1837	2789	1
1837	418	1
1838	119	1
1838	2857	1
1838	2502	1
1838	543	1
1838	1356	1
1838	743	1
1838	2967	1
1838	1314	1
1838	2789	1
1839	119	1
1839	435	1
1839	2857	1
1839	2746	1
1839	1356	1
1840	119	1
1840	435	1
1840	543	1
1840	2746	1
1840	2967	1
1840	1314	1
1841	2970	1
1841	119	1
1841	220	1
1841	302	1
1841	2502	1
1841	1271	1
1841	2114	1
1841	2746	1
1841	2757	1
1841	2065	1
1841	1356	1
1841	743	1
1841	588	1
1841	164	1
1841	2967	1
1841	1314	1
1841	1495	1
1841	1197	1
1841	1689	1
1841	1229	1
1841	72	1
1842	435	1
1842	2857	1
1842	2502	1
1842	2967	1
1842	1314	1
1843	2857	1
1843	1356	1
1843	2789	1
1844	435	1
1844	2230	1
1844	783	1
1844	715	1
1844	1271	1
1844	1356	1
1844	2977	1
1844	628	1
1844	1689	1
1845	543	1
1845	2746	1
1845	1356	1
1845	2967	1
1845	1197	1
1846	121	1
1846	119	1
1846	435	1
1846	940	1
1846	220	1
1846	2699	1
1846	113	1
1846	543	1
1846	2703	1
1846	715	1
1846	1271	1
1846	2114	1
1846	1456	1
1846	2296	1
1846	2746	1
1846	2757	1
1846	2956	1
1846	2065	1
1846	2636	1
1846	129	1
1846	1414	1
1846	2789	1
1846	777	1
1846	1197	1
1846	1689	1
1846	2941	1
1846	1372	1
1847	435	1
1847	2699	1
1847	1356	1
1847	2967	1
1848	1356	1
1849	809	1
1849	2970	1
1849	1684	1
1849	230	1
1849	1183	1
1849	435	1
1849	2486	1
1849	2502	1
1849	543	1
1849	2703	1
1849	715	1
1849	2746	1
1849	1356	1
1849	1432	1
1849	1314	1
1849	1197	1
1850	1684	1
1850	435	1
1850	2857	1
1850	2502	1
1850	2296	1
1850	2746	1
1850	1356	1
1850	1314	1
1850	2789	1
1850	1197	1
1851	2970	1
1851	435	1
1851	1356	1
1852	3100	1
1852	938	1
1852	901	1
1852	2158	1
1852	809	1
1852	2119	1
1852	920	1
1852	2257	1
1852	2915	1
1852	592	1
1852	2097	1
1852	2242	1
1852	178	1
1852	216	1
1852	287	1
1852	1975	1
1852	1380	1
1852	3008	1
1852	991	1
1852	2525	1
1852	2857	1
1852	1790	1
1852	511	1
1852	1354	1
1852	741	1
1852	2486	1
1852	113	1
1852	224	1
1852	1221	1
1852	2244	1
1852	769	1
1852	2343	1
1852	1926	1
1852	2275	1
1852	1411	1
1852	2634	1
1852	68	1
1852	1527	1
1852	2133	1
1852	715	1
1852	1717	1
1852	2838	1
1852	2480	1
1852	1291	1
1852	1526	1
1852	2597	1
1852	902	1
1852	3128	1
1852	1674	1
1852	3009	1
1852	931	1
1852	2679	1
1852	358	1
1852	2268	1
1852	2630	1
1852	455	1
1852	1734	1
1852	2701	1
1852	2296	1
1852	2746	1
1852	1645	1
1852	1261	1
1852	2726	1
1852	474	1
1852	67	1
1852	1004	1
1852	1101	1
1852	1781	1
1852	1650	1
1852	779	1
1852	834	1
1852	2626	1
1852	2088	1
1852	1210	1
1852	878	1
1852	1432	1
1852	75	1
1852	3026	1
1852	997	1
1852	1561	1
1852	2690	1
1852	437	1
1852	2403	1
1852	777	1
1852	1197	1
1852	2248	1
1852	2237	1
1852	1689	1
1852	2887	1
1852	2700	1
1852	41	1
1852	3064	1
1852	183	1
1852	2260	1
1852	1346	1
1852	502	1
1852	2714	1
1852	2192	1
1852	1372	1
1852	3119	1
1852	188	1
1852	315	1
1853	809	1
1853	1684	1
1853	2524	1
1853	2486	1
1853	2502	1
1853	116	1
1853	543	1
1853	2703	1
1853	1123	1
1853	715	1
1853	2344	1
1853	950	1
1853	2746	1
1853	1356	1
1853	2967	1
1853	2246	1
1853	1197	1
1854	2857	1
1854	116	1
1854	543	1
1854	2746	1
1854	1761	1
1854	2967	1
1855	435	1
1855	2857	1
1855	2746	1
1855	1586	1
1855	111	1
1856	96	1
1856	435	1
1856	940	1
1856	2139	1
1856	1948	1
1856	1345	1
1856	715	1
1856	2018	1
1856	894	1
1856	1086	1
1856	2881	1
1856	997	1
1856	917	1
1856	2246	1
1857	1433	1
1857	909	1
1857	2967	1
1857	1314	1
1857	2964	1
1857	2980	1
1858	809	1
1858	1759	1
1858	909	1
1858	287	1
1858	1380	1
1858	1254	1
1858	2857	1
1858	1947	1
1858	543	1
1858	2430	1
1858	2703	1
1858	3009	1
1858	2679	1
1858	2296	1
1858	1356	1
1858	2064	1
1858	1258	1
1858	158	1
1858	1086	1
1858	1314	1
1858	1005	1
1858	777	1
1858	1034	1
1858	1257	1
1859	809	1
1859	2976	1
1859	767	1
1859	2524	1
1859	1433	1
1859	435	1
1859	940	1
1859	2502	1
1859	1191	1
1859	1079	1
1859	543	1
1859	1883	1
1859	3009	1
1859	2268	1
1859	2746	1
1859	1356	1
1859	2967	1
1859	997	1
1859	2964	1
1859	1351	1
1860	1433	1
1860	2502	1
1860	1086	1
1860	1197	1
1861	1684	1
1861	435	1
1861	2857	1
1861	116	1
1861	543	1
1861	2746	1
1861	1356	1
1861	906	1
1861	2967	1
1861	75	1
1861	1670	1
1862	2865	1
1862	1874	1
1862	2952	1
1862	2703	1
1862	715	1
1862	2597	1
1862	1611	1
1862	358	1
1862	1400	1
1862	2578	1
1862	796	1
1863	2970	1
1863	2538	1
1863	767	1
1863	696	1
1863	2857	1
1863	910	1
1863	1688	1
1863	3034	1
1863	2150	1
1863	819	1
1863	543	1
1863	1356	1
1863	2203	1
1863	1314	1
1863	1197	1
1863	2975	1
1863	2734	1
1864	809	1
1864	287	1
1864	2857	1
1864	2551	1
1864	543	1
1864	2296	1
1864	1356	1
1864	2235	1
1864	1086	1
1864	1314	1
1864	2789	1
1864	1344	1
1864	1197	1
1865	555	1
1865	809	1
1865	551	1
1865	178	1
1865	940	1
1865	511	1
1865	1947	1
1865	2430	1
1865	3009	1
1865	2296	1
1865	1356	1
1865	144	1
1865	2235	1
1865	158	1
1865	1086	1
1865	1314	1
1865	2881	1
1865	2789	1
1865	1689	1
1865	535	1
1865	1351	1
1865	2980	1
1865	736	1
1866	119	1
1866	909	1
1866	2551	1
1866	543	1
1866	1345	1
1866	1344	1
1866	1197	1
1866	2980	1
1867	809	1
1867	2970	1
1867	767	1
1867	119	1
1867	1308	1
1867	232	1
1867	1433	1
1867	96	1
1867	940	1
1867	2857	1
1867	653	1
1867	543	1
1867	1345	1
1867	2457	1
1867	1825	1
1867	2296	1
1867	2235	1
1867	1761	1
1867	1314	1
1867	2964	1
1867	2789	1
1867	1197	1
1867	2248	1
1867	1351	1
1868	3100	1
1868	1481	1
1868	809	1
1868	2915	1
1868	1684	1
1868	947	1
1868	1054	1
1868	2524	1
1868	119	1
1868	59	1
1868	178	1
1868	1433	1
1868	96	1
1868	287	1
1868	435	1
1868	982	1
1868	940	1
1868	430	1
1868	1042	1
1868	1254	1
1868	2857	1
1868	653	1
1868	1878	1
1868	425	1
1868	2699	1
1868	2502	1
1868	1345	1
1868	2703	1
1868	1398	1
1868	1259	1
1868	1488	1
1868	1135	1
1868	876	1
1868	2679	1
1868	1056	1
1868	2268	1
1868	1063	1
1868	2253	1
1868	144	1
1868	2235	1
1868	252	1
1868	1400	1
1868	894	1
1868	1761	1
1868	1731	1
1868	1101	1
1868	834	1
1868	1813	1
1868	3037	1
1868	1210	1
1868	722	1
1868	158	1
1868	1086	1
1868	1314	1
1868	2408	1
1868	2881	1
1868	2194	1
1868	823	1
1868	997	1
1868	1561	1
1868	241	1
1868	1344	1
1868	437	1
1868	777	1
1868	1034	1
1868	1197	1
1868	2248	1
1868	80	1
1868	535	1
1868	1351	1
1868	2185	1
1868	2980	1
1869	119	1
1869	511	1
1869	655	1
1869	2789	1
1870	3100	1
1870	2970	1
1870	119	1
1870	909	1
1870	435	1
1870	940	1
1870	543	1
1870	2348	1
1870	1563	1
1870	2967	1
1870	1086	1
1870	1314	1
1870	2789	1
1870	1344	1
1870	437	1
1870	1351	1
1870	2980	1
1871	809	1
1871	2976	1
1871	435	1
1871	2551	1
1871	543	1
1871	2268	1
1871	655	1
1871	1753	1
1871	1356	1
1871	252	1
1871	1344	1
1871	437	1
1871	1197	1
1871	1351	1
1872	3100	1
1872	767	1
1872	119	1
1872	287	1
1872	940	1
1872	2857	1
1872	511	1
1872	741	1
1872	2486	1
1872	2502	1
1872	2551	1
1872	543	1
1872	2344	1
1872	2268	1
1872	1753	1
1872	252	1
1872	1432	1
1872	1314	1
1872	2789	1
1872	1344	1
1872	2248	1
1872	1689	1
1873	1563	1
1873	2248	1
1873	1351	1
1874	119	1
1874	543	1
1874	1314	1
1874	1197	1
1874	2980	1
1875	2970	1
1875	119	1
1875	2857	1
1875	242	1
1875	2703	1
1875	358	1
1875	2746	1
1875	1356	1
1875	1432	1
1875	1314	1
1875	2110	1
1875	2789	1
1876	767	1
1876	232	1
1876	230	1
1876	1345	1
1876	2457	1
1876	1825	1
1876	2344	1
1876	2967	1
1876	2789	1
1876	2980	1
1876	2654	1
1877	287	1
1877	1380	1
1877	441	1
1877	1366	1
1877	741	1
1877	2486	1
1877	2456	1
1877	2699	1
1877	2703	1
1877	2344	1
1877	3009	1
1877	358	1
1877	2268	1
1877	655	1
1877	2296	1
1877	1753	1
1877	252	1
1877	1101	1
1877	2967	1
1877	1432	1
1877	1086	1
1877	2789	1
1877	2489	1
1878	119	1
1878	2857	1
1878	1345	1
1878	2344	1
1878	1356	1
1878	1761	1
1878	1314	1
1878	535	1
1879	809	1
1879	940	1
1879	511	1
1879	2502	1
1879	543	1
1879	1345	1
1879	2268	1
1879	1753	1
1879	1356	1
1879	252	1
1879	1314	1
1879	2789	1
1879	1344	1
1879	1351	1
1880	232	1
1880	1580	1
1880	1947	1
1880	2502	1
1880	2568	1
1880	2703	1
1880	2344	1
1880	1356	1
1880	1314	1
1880	2789	1
1880	2489	1
1880	2770	1
1880	2980	1
1881	1683	1
1881	809	1
1881	1684	1
1881	767	1
1881	1874	1
1881	551	1
1881	1183	1
1881	219	1
1881	287	1
1881	1599	1
1881	991	1
1881	430	1
1881	1042	1
1881	1254	1
1881	2857	1
1881	48	1
1881	3048	1
1881	118	1
1881	706	1
1881	220	1
1881	741	1
1881	771	1
1881	544	1
1881	2456	1
1881	2699	1
1881	1345	1
1881	2737	1
1881	3020	1
1881	2703	1
1881	683	1
1881	1488	1
1881	950	1
1881	1611	1
1881	2772	1
1881	358	1
1881	2268	1
1881	2982	1
1881	1356	1
1881	1400	1
1881	1640	1
1881	2626	1
1881	3037	1
1881	158	1
1881	563	1
1881	2967	1
1881	1314	1
1881	2440	1
1881	917	1
1881	2789	1
1881	1344	1
1881	1197	1
1881	535	1
1881	1351	1
1881	168	1
1881	2980	1
1881	2654	1
1882	1580	1
1882	543	1
1882	2344	1
1882	1356	1
1882	1314	1
1882	2789	1
1883	2970	1
1883	767	1
1883	232	1
1883	230	1
1883	2857	1
1883	543	1
1883	2344	1
1883	358	1
1883	1086	1
1883	2789	1
1883	1197	1
1884	767	1
1884	1874	1
1884	1042	1
1884	2857	1
1884	653	1
1884	1345	1
1884	2457	1
1884	1825	1
1884	2344	1
1884	1356	1
1884	1432	1
1884	75	1
1884	1314	1
1884	1197	1
1885	2857	1
1885	2502	1
1885	1356	1
1885	2967	1
1885	1314	1
1885	1344	1
1885	1351	1
1886	767	1
1886	232	1
1886	2789	1
1886	535	1
1886	2980	1
1887	767	1
1887	219	1
1887	287	1
1887	435	1
1887	2908	1
1887	1042	1
1887	2502	1
1887	2551	1
1887	543	1
1887	2457	1
1887	876	1
1887	1356	1
1887	145	1
1887	1563	1
1887	75	1
1887	2789	1
1887	1344	1
1888	809	1
1888	1684	1
1888	767	1
1888	1874	1
1888	96	1
1888	287	1
1888	430	1
1888	2857	1
1888	1333	1
1888	1947	1
1888	741	1
1888	2456	1
1888	2551	1
1888	543	1
1888	1488	1
1888	2314	1
1888	2597	1
1888	1611	1
1888	2772	1
1888	2296	1
1888	1400	1
1888	588	1
1888	1101	1
1888	3037	1
1888	1314	1
1888	2881	1
1888	2440	1
1888	823	1
1888	2246	1
1888	1689	1
1888	1351	1
1888	168	1
1889	543	1
1889	1825	1
1889	1356	1
1889	2967	1
1889	2789	1
1890	1684	1
1890	1874	1
1890	2857	1
1890	653	1
1890	1314	1
1890	2789	1
1891	767	1
1891	435	1
1891	2908	1
1891	1042	1
1891	2857	1
1891	2486	1
1891	2703	1
1891	2457	1
1891	2344	1
1891	2296	1
1891	2967	1
1891	1314	1
1891	2789	1
1891	1344	1
1891	2654	1
1892	2980	1
1893	809	1
1893	287	1
1893	1947	1
1893	1878	1
1893	2486	1
1893	2456	1
1893	543	1
1893	1345	1
1893	2703	1
1893	2746	1
1893	1356	1
1893	2967	1
1893	1086	1
1893	1314	1
1893	777	1
1893	1197	1
1893	2248	1
1893	1346	1
1894	2523	1
1894	230	1
1894	940	1
1894	409	1
1894	2857	1
1894	3084	1
1894	2344	1
1894	876	1
1894	1563	1
1894	2967	1
1894	1314	1
1894	2964	1
1894	2789	1
1894	437	1
1894	2248	1
1894	2980	1
1894	2654	1
1895	767	1
1895	909	1
1895	2857	1
1895	543	1
1895	2746	1
1895	1356	1
1895	722	1
1895	2789	1
1895	1197	1
1896	555	1
1896	809	1
1896	2970	1
1896	2976	1
1896	1684	1
1896	551	1
1896	119	1
1896	219	1
1896	1380	1
1896	940	1
1896	1042	1
1896	1254	1
1896	118	1
1896	741	1
1896	2486	1
1896	2551	1
1896	543	1
1896	1488	1
1896	2733	1
1896	2772	1
1896	2679	1
1896	2296	1
1896	834	1
1896	158	1
1896	1005	1
1896	2246	1
1896	418	1
1896	1351	1
1897	1684	1
1897	909	1
1897	2857	1
1897	1947	1
1897	2502	1
1897	543	1
1897	2703	1
1897	2679	1
1897	2268	1
1897	2296	1
1897	1356	1
1897	2967	1
1897	1086	1
1897	1314	1
1897	2789	1
1897	1197	1
1897	1689	1
1897	1351	1
1898	809	1
1898	909	1
1898	435	1
1898	940	1
1898	2857	1
1898	2699	1
1898	543	1
1898	2703	1
1898	715	1
1898	3009	1
1898	2296	1
1898	1356	1
1898	2967	1
1898	1314	1
1898	2789	1
1898	1689	1
1899	1684	1
1899	119	1
1899	774	1
1899	178	1
1899	1433	1
1899	2551	1
1899	2141	1
1899	3128	1
1899	2277	1
1899	1564	1
1899	2967	1
1899	2964	1
1899	2789	1
1899	2489	1
1899	2248	1
1899	2734	1
1900	809	1
1900	287	1
1900	2857	1
1900	1947	1
1900	2486	1
1900	543	1
1900	2746	1
1900	2967	1
1900	75	1
1900	1314	1
1900	1005	1
1900	1197	1
1900	1351	1
1900	2980	1
1901	2857	1
1901	2967	1
1901	75	1
1901	1314	1
1901	2789	1
1901	1197	1
1901	2980	1
1902	2257	1
1902	543	1
1902	722	1
1902	2967	1
1902	75	1
1902	1314	1
1902	1197	1
1902	1351	1
1903	2857	1
1903	543	1
1903	1356	1
1903	722	1
1903	2967	1
1903	1197	1
1904	909	1
1904	543	1
1904	2701	1
1904	2746	1
1904	1564	1
1904	2967	1
1904	75	1
1904	1314	1
1904	241	1
1904	2789	1
1904	2248	1
1904	1351	1
1905	1684	1
1905	2276	1
1905	287	1
1905	2952	1
1905	430	1
1905	118	1
1905	968	1
1905	2917	1
1905	741	1
1905	771	1
1905	2486	1
1905	1302	1
1905	2703	1
1905	2898	1
1905	2344	1
1905	3009	1
1905	358	1
1905	730	1
1905	2296	1
1905	1400	1
1905	1640	1
1905	722	1
1905	563	1
1905	2967	1
1905	1314	1
1905	917	1
1906	767	1
1906	230	1
1906	2857	1
1906	543	1
1906	2789	1
1906	1197	1
1906	535	1
1907	2857	1
1907	543	1
1907	2789	1
1907	2980	1
1908	3100	1
1908	3057	1
1908	809	1
1908	2970	1
1908	2976	1
1908	767	1
1908	2524	1
1908	2523	1
1908	1183	1
1908	219	1
1908	1380	1
1908	2908	1
1908	653	1
1908	1947	1
1908	741	1
1908	2486	1
1908	187	1
1908	2456	1
1908	875	1
1908	2502	1
1908	1057	1
1908	281	1
1908	2703	1
1908	2457	1
1908	2133	1
1908	2344	1
1908	950	1
1908	1228	1
1908	655	1
1908	2296	1
1908	2781	1
1908	1586	1
1908	438	1
1908	75	1
1908	2440	1
1908	997	1
1908	1005	1
1908	2789	1
1908	1344	1
1908	111	1
1908	777	1
1908	2248	1
1908	418	1
1908	1351	1
1908	2980	1
1908	2654	1
1909	2857	1
1909	543	1
1909	1356	1
1909	722	1
1909	1197	1
1909	2130	1
1910	551	1
1910	2242	1
1910	178	1
1910	1580	1
1910	435	1
1910	982	1
1910	2692	1
1910	940	1
1910	2502	1
1910	415	1
1910	2551	1
1910	1312	1
1910	2703	1
1910	2344	1
1910	688	1
1910	88	1
1910	2982	1
1910	1356	1
1910	1400	1
1910	766	1
1910	1640	1
1910	2967	1
1910	1086	1
1910	1314	1
1910	2110	1
1910	2789	1
1910	111	1
1910	1346	1
1911	2976	1
1911	767	1
1911	232	1
1911	2502	1
1911	543	1
1911	2344	1
1911	1356	1
1911	2967	1
1911	75	1
1911	1314	1
1911	1344	1
1911	1197	1
1912	551	1
1912	287	1
1912	2857	1
1912	1947	1
1912	741	1
1912	3009	1
1912	2296	1
1912	1356	1
1912	144	1
1912	1314	1
1912	2789	1
1912	1689	1
1913	3100	1
1913	551	1
1913	230	1
1913	940	1
1913	2857	1
1913	1947	1
1913	543	1
1913	2344	1
1913	2268	1
1913	2746	1
1913	1356	1
1913	1314	1
1913	2789	1
1913	437	1
1914	2857	1
1914	1947	1
1914	2486	1
1914	2502	1
1914	2296	1
1914	2746	1
1914	1356	1
1914	1640	1
1914	2967	1
1914	1432	1
1914	1197	1
1914	2980	1
1915	1947	1
1915	2703	1
1915	1356	1
1915	1314	1
1915	2789	1
1915	1197	1
1916	3100	1
1916	809	1
1916	767	1
1916	219	1
1916	940	1
1916	1042	1
1916	2857	1
1916	1947	1
1916	741	1
1916	2551	1
1916	543	1
1916	2703	1
1916	950	1
1916	3009	1
1916	358	1
1916	2268	1
1916	1432	1
1916	1086	1
1916	2408	1
1916	2964	1
1916	2789	1
1916	111	1
1916	1197	1
1916	1351	1
1916	2980	1
1916	1346	1
1917	3100	1
1917	2524	1
1917	551	1
1917	219	1
1917	2534	1
1917	1380	1
1917	2822	1
1917	940	1
1917	991	1
1917	1909	1
1917	1947	1
1917	741	1
1917	2486	1
1917	2502	1
1917	1881	1
1917	543	1
1917	1345	1
1917	3020	1
1917	2703	1
1917	715	1
1917	950	1
1917	3009	1
1917	358	1
1917	2268	1
1917	2630	1
1917	1356	1
1917	1400	1
1917	1761	1
1917	3054	1
1917	1101	1
1917	1210	1
1917	158	1
1917	2348	1
1917	1512	1
1917	1314	1
1917	2408	1
1917	1523	1
1917	1005	1
1917	2789	1
1917	1034	1
1917	2489	1
1917	1480	1
1917	2980	1
1917	921	1
1918	1684	1
1918	909	1
1918	96	1
1918	287	1
1918	1380	1
1918	2857	1
1918	2456	1
1918	2699	1
1918	543	1
1918	2703	1
1918	2268	1
1918	2296	1
1918	158	1
1918	1086	1
1918	1314	1
1918	997	1
1918	1005	1
1918	2789	1
1918	437	1
1918	1197	1
1918	1351	1
1918	2980	1
1919	809	1
1919	767	1
1919	551	1
1919	232	1
1919	909	1
1919	435	1
1919	511	1
1919	1947	1
1919	802	1
1919	741	1
1919	2502	1
1919	543	1
1919	2984	1
1919	2296	1
1919	2746	1
1919	1432	1
1919	1086	1
1919	1314	1
1919	1197	1
1919	2489	1
1919	1351	1
1919	1346	1
1920	2970	1
1920	909	1
1920	2857	1
1920	543	1
1920	2967	1
1920	1314	1
1920	2964	1
1920	1344	1
1920	1197	1
1920	2248	1
1920	2980	1
1921	2970	1
1921	767	1
1921	2857	1
1921	2502	1
1921	543	1
1921	2746	1
1921	2967	1
1921	2789	1
1921	2980	1
1922	809	1
1922	2970	1
1922	178	1
1922	219	1
1922	430	1
1922	1947	1
1922	741	1
1922	2486	1
1922	2551	1
1922	1825	1
1922	2268	1
1922	655	1
1922	2296	1
1922	2967	1
1922	1432	1
1922	1086	1
1922	1314	1
1922	823	1
1922	2789	1
1922	1344	1
1922	2248	1
1922	1689	1
1922	2980	1
1923	2970	1
1923	767	1
1923	219	1
1923	435	1
1923	1042	1
1923	2857	1
1923	2486	1
1923	1345	1
1923	2457	1
1923	722	1
1923	2967	1
1923	1314	1
1923	2789	1
1923	2980	1
1923	2654	1
1924	555	1
1924	809	1
1924	1874	1
1924	2524	1
1924	551	1
1924	119	1
1924	96	1
1924	287	1
1924	118	1
1924	741	1
1924	2486	1
1924	875	1
1924	2502	1
1924	543	1
1924	1883	1
1924	2296	1
1924	1086	1
1924	1314	1
1924	997	1
1924	1005	1
1924	80	1
1924	1351	1
1924	52	1
1924	736	1
1925	435	1
1925	940	1
1925	2857	1
1925	2746	1
1925	2967	1
1925	1086	1
1925	1197	1
1925	535	1
1926	419	1
1926	1908	1
1926	2478	1
1926	1042	1
1926	2857	1
1926	1947	1
1926	741	1
1926	2913	1
1926	1384	1
1926	1123	1
1926	56	1
1926	462	1
1926	137	1
1926	2708	1
1926	1761	1
1926	1731	1
1926	1181	1
1926	2967	1
1926	2532	1
1926	1523	1
1926	709	1
1926	437	1
1926	1671	1
1926	2526	1
1926	1783	1
1927	1790	1
1927	2763	1
1927	689	1
1927	1078	1
1928	2865	1
1928	551	1
1928	909	1
1928	2534	1
1928	435	1
1928	2857	1
1928	2486	1
1928	116	1
1928	543	1
1928	144	1
1928	1761	1
1928	2160	1
1928	1314	1
1929	551	1
1929	59	1
1929	435	1
1929	991	1
1929	1042	1
1929	118	1
1929	2486	1
1929	875	1
1929	1462	1
1929	2551	1
1929	543	1
1929	715	1
1929	2597	1
1929	2296	1
1929	144	1
1929	588	1
1929	1210	1
1929	1523	1
1929	437	1
1929	111	1
1929	1197	1
1929	1457	1
1929	1783	1
1930	3100	1
1930	419	1
1930	1500	1
1930	767	1
1930	551	1
1930	119	1
1930	59	1
1930	2242	1
1930	287	1
1930	1380	1
1930	696	1
1930	2857	1
1930	118	1
1930	2880	1
1930	2917	1
1930	741	1
1930	875	1
1930	543	1
1930	2703	1
1930	715	1
1930	1053	1
1930	1518	1
1930	2253	1
1930	144	1
1930	2708	1
1930	1101	1
1930	1640	1
1930	1314	1
1930	2789	1
1930	437	1
1930	111	1
1930	1197	1
1930	535	1
1930	418	1
1930	1008	1
1930	2520	1
1930	1457	1
1930	1783	1
1931	2970	1
1931	2976	1
1931	551	1
1931	219	1
1931	1042	1
1931	2857	1
1931	741	1
1931	2486	1
1931	2502	1
1931	1426	1
1931	2693	1
1931	1345	1
1931	2703	1
1931	2344	1
1931	358	1
1931	655	1
1931	455	1
1931	1761	1
1931	2440	1
1931	111	1
1931	1197	1
1931	535	1
1932	1481	1
1932	809	1
1932	419	1
1932	551	1
1932	59	1
1932	940	1
1932	2857	1
1932	118	1
1932	757	1
1932	2880	1
1932	2917	1
1932	741	1
1932	875	1
1932	2693	1
1932	2551	1
1932	715	1
1932	2733	1
1932	2597	1
1932	2772	1
1932	2268	1
1932	655	1
1932	2746	1
1932	2253	1
1932	1586	1
1932	2196	1
1932	2348	1
1932	1314	1
1932	437	1
1932	111	1
1932	535	1
1932	1008	1
1932	2520	1
1933	419	1
1933	2121	1
1933	380	1
1933	757	1
1933	462	1
1933	545	1
1933	1518	1
1933	2253	1
1933	1586	1
1933	1731	1
1933	1523	1
1933	917	1
1933	111	1
1933	2520	1
1933	2400	1
1934	1947	1
1934	2763	1
1934	689	1
1934	2852	1
1935	767	1
1935	543	1
1935	1345	1
1935	1314	1
1935	1197	1
1936	2970	1
1936	1684	1
1936	551	1
1936	909	1
1936	287	1
1936	940	1
1936	2525	1
1936	1947	1
1936	1878	1
1936	2486	1
1936	2699	1
1936	2551	1
1936	543	1
1936	1345	1
1936	2703	1
1936	715	1
1936	2996	1
1936	2268	1
1936	2296	1
1936	894	1
1936	2967	1
1936	1314	1
1936	2408	1
1936	2246	1
1936	2789	1
1936	777	1
1936	1689	1
1936	1351	1
1937	551	1
1937	1433	1
1937	909	1
1937	2534	1
1937	2857	1
1937	2486	1
1937	875	1
1937	543	1
1937	2268	1
1937	2824	1
1937	1564	1
1937	2967	1
1937	1314	1
1937	2408	1
1937	1005	1
1937	2964	1
1937	1197	1
1938	2242	1
1938	178	1
1938	909	1
1938	1380	1
1938	2857	1
1938	1878	1
1938	2486	1
1938	2456	1
1938	2703	1
1938	3009	1
1938	358	1
1938	2296	1
1938	1845	1
1938	144	1
1938	1101	1
1938	1640	1
1938	129	1
1938	1432	1
1938	1314	1
1938	2964	1
1938	2789	1
1938	1351	1
1938	2980	1
1939	2970	1
1939	2857	1
1939	543	1
1939	1739	1
1939	2967	1
1939	1314	1
1939	1197	1
1940	809	1
1940	1684	1
1940	2534	1
1940	940	1
1940	653	1
1940	1947	1
1940	543	1
1940	1345	1
1940	1883	1
1940	252	1
1940	1761	1
1940	1197	1
1940	2980	1
1941	767	1
1941	2857	1
1941	543	1
1941	1345	1
1941	1086	1
1941	1197	1
1942	1684	1
1942	551	1
1942	543	1
1942	2296	1
1942	1086	1
1942	1314	1
1942	2789	1
1943	809	1
1943	767	1
1943	2524	1
1943	287	1
1943	940	1
1943	2139	1
1943	741	1
1943	2486	1
1943	543	1
1943	2733	1
1943	2630	1
1943	2306	1
1943	2967	1
1943	1314	1
1943	532	1
1943	921	1
1944	1481	1
1944	1684	1
1944	2524	1
1944	2164	1
1944	551	1
1944	59	1
1944	723	1
1944	219	1
1944	96	1
1944	287	1
1944	3067	1
1944	435	1
1944	2822	1
1944	1936	1
1944	982	1
1944	991	1
1944	2857	1
1944	1014	1
1944	706	1
1944	1333	1
1944	1947	1
1944	1878	1
1944	242	1
1944	741	1
1944	2486	1
1944	875	1
1944	1035	1
1944	1462	1
1944	1746	1
1944	2551	1
1944	1172	1
1944	769	1
1944	1141	1
1944	1345	1
1944	2703	1
1944	2457	1
1944	2791	1
1944	1123	1
1944	2555	1
1944	1883	1
1944	2838	1
1944	688	1
1944	1067	1
1944	1739	1
1944	343	1
1944	1488	1
1944	2733	1
1944	1611	1
1944	2923	1
1944	1794	1
1944	1367	1
1944	1949	1
1944	2679	1
1944	2268	1
1944	2630	1
1944	2215	1
1944	2982	1
1944	2062	1
1944	2855	1
1944	2006	1
1944	144	1
1944	2235	1
1944	1642	1
1944	1101	1
1944	2064	1
1944	834	1
1944	1904	1
1944	1789	1
1944	3037	1
1944	1234	1
1944	878	1
1944	2967	1
1944	1432	1
1944	1314	1
1944	1454	1
1944	2408	1
1944	2194	1
1944	823	1
1944	997	1
1944	1561	1
1944	1005	1
1944	1045	1
1944	917	1
1944	980	1
1944	2246	1
1944	1495	1
1944	437	1
1944	777	1
1944	1197	1
1944	2237	1
1944	1257	1
1944	418	1
1944	1351	1
1944	2622	1
1944	2993	1
1944	2714	1
1944	2025	1
1944	2849	1
1944	736	1
1944	943	1
1944	1612	1
1945	551	1
1945	435	1
1945	2857	1
1945	1344	1
1945	1197	1
1945	1351	1
1946	1684	1
1946	551	1
1946	119	1
1946	230	1
1946	435	1
1946	940	1
1946	1345	1
1946	2296	1
1946	1356	1
1946	1761	1
1946	1086	1
1946	75	1
1946	1314	1
1946	437	1
1946	1351	1
1946	2980	1
1947	1947	1
1947	2643	1
1947	2763	1
1947	197	1
1947	2916	1
1947	1078	1
1948	555	1
1948	592	1
1948	118	1
1948	1685	1
1948	1536	1
1948	1079	1
1948	2344	1
1948	2296	1
1948	2861	1
1948	134	1
1948	2196	1
1948	2148	1
1948	75	1
1948	974	1
1948	451	1
1948	2519	1
1948	1668	1
1948	1295	1
1948	349	1
1948	2260	1
1948	1706	1
1949	551	1
1949	940	1
1949	2857	1
1949	2486	1
1949	543	1
1949	2268	1
1949	1356	1
1949	1563	1
1949	2789	1
1949	1197	1
1950	2857	1
1950	1356	1
1950	2789	1
1950	1197	1
1951	2857	1
1951	1356	1
1951	2789	1
1951	1197	1
1952	1356	1
1953	2119	1
1953	2857	1
1953	2967	1
1953	1314	1
1953	2789	1
1954	435	1
1954	2857	1
1954	2699	1
1954	2502	1
1954	2789	1
1955	119	1
1955	1356	1
1955	2376	1
1955	2789	1
1955	1689	1
1956	1684	1
1956	2598	1
1956	230	1
1956	1183	1
1956	940	1
1956	991	1
1956	653	1
1956	1909	1
1956	741	1
1956	1057	1
1956	116	1
1956	2141	1
1956	1063	1
1956	2196	1
1956	834	1
1956	1813	1
1956	145	1
1956	1563	1
1956	1314	1
1956	2392	1
1956	2614	1
1956	2248	1
1956	418	1
1956	1351	1
1956	2118	1
1956	2526	1
1956	2576	1
1956	497	1
1957	1790	1
1957	689	1
1957	1078	1
1958	2457	1
1958	2987	1
1958	1149	1
1958	75	1
1959	1294	1
1959	1683	1
1959	2571	1
1959	551	1
1959	435	1
1959	1296	1
1959	118	1
1959	706	1
1959	1685	1
1959	2017	1
1959	543	1
1959	2703	1
1959	2457	1
1959	2701	1
1959	2296	1
1959	2757	1
1959	252	1
1959	1400	1
1959	1160	1
1959	617	1
1959	3046	1
1959	2967	1
1959	2194	1
1959	1363	1
1959	253	1
1959	3117	1
1959	349	1
1959	790	1
1959	1612	1
1960	555	1
1960	2970	1
1960	920	1
1960	2068	1
1960	551	1
1960	2857	1
1960	2889	1
1960	2486	1
1960	2735	1
1960	2502	1
1960	2150	1
1960	543	1
1960	2703	1
1960	1611	1
1960	2701	1
1960	2296	1
1960	1400	1
1960	2196	1
1960	2522	1
1960	2967	1
1960	952	1
1960	1511	1
1960	349	1
1961	3001	1
1961	2791	1
1961	2763	1
1961	1379	1
1961	1078	1
1962	3100	1
1962	435	1
1962	2502	1
1962	543	1
1962	1761	1
1962	2348	1
1963	543	1
1963	1761	1
1963	437	1
1964	419	1
1964	2857	1
1964	116	1
1964	1563	1
1964	2967	1
1964	1314	1
1965	2976	1
1965	2551	1
1965	1586	1
1965	2348	1
1965	437	1
1965	107	1
1966	3100	1
1966	98	1
1966	2976	1
1966	419	1
1966	232	1
1966	435	1
1966	2502	1
1966	2344	1
1966	1586	1
1966	2348	1
1966	1314	1
1966	1523	1
1966	2520	1
1967	947	1
1967	119	1
1967	232	1
1967	435	1
1967	2502	1
1967	2344	1
1967	1488	1
1967	1314	1
1968	2976	1
1968	947	1
1968	1761	1
1968	1586	1
1968	2392	1
1969	98	1
1969	119	1
1969	232	1
1969	1183	1
1969	1430	1
1969	435	1
1969	2551	1
1969	738	1
1969	208	1
1969	1063	1
1969	2701	1
1969	2620	1
1969	1761	1
1969	2196	1
1969	2967	1
1969	75	1
1969	1314	1
1969	1523	1
1969	111	1
1969	1197	1
1969	1902	1
1969	2520	1
1969	2322	1
1970	1761	1
1971	3100	1
1971	98	1
1971	2845	1
1971	2976	1
1971	1922	1
1971	1503	1
1971	419	1
1971	947	1
1971	767	1
1971	551	1
1971	119	1
1971	550	1
1971	230	1
1971	1183	1
1971	3008	1
1971	940	1
1971	1042	1
1971	1993	1
1971	1014	1
1971	194	1
1971	2889	1
1971	1947	1
1971	741	1
1971	771	1
1971	1118	1
1971	2551	1
1971	2038	1
1971	1079	1
1971	1374	1
1971	2074	1
1971	2838	1
1971	1611	1
1971	1063	1
1971	3016	1
1971	1643	1
1971	1645	1
1971	144	1
1971	2620	1
1971	1400	1
1971	3134	1
1971	2196	1
1971	2040	1
1971	1181	1
1971	1676	1
1971	3037	1
1971	145	1
1971	2348	1
1971	1563	1
1971	1432	1
1971	1512	1
1971	1314	1
1971	1507	1
1971	2440	1
1971	823	1
1971	952	1
1971	2973	1
1971	1511	1
1971	917	1
1971	437	1
1971	111	1
1971	1197	1
1971	107	1
1971	1689	1
1971	2734	1
1971	131	1
1971	309	1
1971	2520	1
1971	2714	1
1971	1231	1
1971	1372	1
1971	1618	1
1971	2576	1
1972	1790	1
1972	2331	1
1972	2763	1
1972	1379	1
1972	689	1
1972	1078	1
1973	3100	1
1973	1481	1
1973	2865	1
1973	767	1
1973	1874	1
1973	2598	1
1973	232	1
1973	1183	1
1973	219	1
1973	1965	1
1973	3008	1
1973	940	1
1973	2486	1
1973	2038	1
1973	116	1
1973	543	1
1973	2344	1
1973	358	1
1973	2967	1
1973	1432	1
1973	75	1
1973	1314	1
1973	323	1
1973	2118	1
1973	2520	1
1973	2847	1
1973	1783	1
1974	2976	1
1974	119	1
1974	1042	1
1974	116	1
1974	2967	1
1974	1086	1
1974	1314	1
1974	2789	1
1974	1457	1
1975	119	1
1975	230	1
1975	2857	1
1975	543	1
1975	2348	1
1975	1523	1
1975	111	1
1975	1197	1
1975	535	1
1976	170	1
1976	3100	1
1976	296	1
1976	1684	1
1976	1922	1
1976	419	1
1976	2121	1
1976	947	1
1976	2524	1
1976	119	1
1976	2684	1
1976	2242	1
1976	2523	1
1976	232	1
1976	230	1
1976	287	1
1976	940	1
1976	1042	1
1976	1254	1
1976	118	1
1976	1105	1
1976	194	1
1976	653	1
1976	1947	1
1976	2917	1
1976	741	1
1976	875	1
1976	2735	1
1976	2502	1
1976	1035	1
1976	1462	1
1976	1172	1
1976	2527	1
1976	769	1
1976	1079	1
1976	116	1
1976	2273	1
1976	715	1
1976	2705	1
1976	2344	1
1976	778	1
1976	1135	1
1976	876	1
1976	2597	1
1976	2058	1
1976	1794	1
1976	2772	1
1976	358	1
1976	2296	1
1976	700	1
1976	1518	1
1976	459	1
1976	1356	1
1976	144	1
1976	1400	1
1976	743	1
1976	1447	1
1976	1586	1
1976	1101	1
1976	2203	1
1976	2160	1
1976	1181	1
1976	1813	1
1976	3037	1
1976	145	1
1976	1563	1
1976	1086	1
1976	75	1
1976	1314	1
1976	1306	1
1976	1507	1
1976	1704	1
1976	2619	1
1976	1511	1
1976	241	1
1976	2789	1
1976	1197	1
1976	1248	1
1976	1351	1
1976	644	1
1976	2212	1
1976	2520	1
1976	764	1
1976	1479	1
1976	1372	1
1977	3100	1
1977	2976	1
1977	1922	1
1977	767	1
1977	435	1
1977	2502	1
1977	116	1
1977	2746	1
1977	2620	1
1977	1101	1
1977	1563	1
1977	2967	1
1977	1314	1
1977	1523	1
1978	938	1
1978	2976	1
1978	947	1
1978	2524	1
1978	119	1
1978	435	1
1978	2857	1
1978	1014	1
1978	543	1
1978	2746	1
1978	1518	1
1978	1356	1
1978	1586	1
1978	145	1
1978	2348	1
1978	2967	1
1978	1086	1
1978	1314	1
1978	437	1
1978	2520	1
1978	2509	1
1979	3100	1
1979	1481	1
1979	853	1
1979	2970	1
1979	1140	1
1979	1874	1
1979	592	1
1979	551	1
1979	119	1
1979	2242	1
1979	435	1
1979	940	1
1979	1042	1
1979	2857	1
1979	118	1
1979	653	1
1979	1366	1
1979	2502	1
1979	1462	1
1979	2304	1
1979	2551	1
1979	116	1
1979	543	1
1979	2703	1
1979	2344	1
1979	1611	1
1979	3009	1
1979	2268	1
1979	655	1
1979	1063	1
1979	2296	1
1979	999	1
1979	459	1
1979	144	1
1979	1400	1
1979	1761	1
1979	1904	1
1979	1640	1
1979	145	1
1979	1563	1
1979	2967	1
1979	2392	1
1979	1523	1
1979	1300	1
1979	980	1
1979	437	1
1979	1197	1
1979	349	1
1979	2520	1
1979	2716	1
1980	1500	1
1980	1246	1
1980	3048	1
1980	2633	1
1980	254	1
1980	2344	1
1980	999	1
1980	2253	1
1980	1498	1
1980	1364	1
1980	18	1
1980	2698	1
1980	1234	1
1980	1026	1
1980	1314	1
1980	1341	1
1980	697	1
1980	917	1
1980	2453	1
1980	2332	1
1981	3100	1
1981	119	1
1981	1761	1
1981	2348	1
1981	1314	1
1981	111	1
1982	3100	1
1982	419	1
1982	2502	1
1982	1761	1
1982	437	1
1982	2520	1
1983	3100	1
1983	419	1
1983	947	1
1983	119	1
1983	232	1
1983	118	1
1983	2502	1
1983	2150	1
1983	2551	1
1983	116	1
1983	1063	1
1983	2701	1
1983	700	1
1983	1586	1
1983	1876	1
1983	834	1
1983	1813	1
1983	1655	1
1983	75	1
1983	1314	1
1983	1423	1
1983	1523	1
1983	437	1
1983	111	1
1984	419	1
1984	250	1
1984	194	1
1984	1322	1
1984	849	1
1984	2776	1
1984	1449	1
1984	2967	1
1984	424	1
1984	535	1
1985	1662	1
1985	1586	1
1985	2348	1
1985	1523	1
1986	3100	1
1986	119	1
1986	435	1
1986	2857	1
1986	116	1
1986	543	1
1986	1761	1
1986	2967	1
1986	111	1
1987	3100	1
1987	1874	1
1987	2348	1
1988	767	1
1988	119	1
1988	116	1
1988	2620	1
1988	2392	1
1989	2857	1
1989	543	1
1989	2620	1
1989	2348	1
1989	2967	1
1989	75	1
1989	2789	1
1989	1197	1
1989	2520	1
1990	1586	1
1991	1874	1
1991	2637	1
1991	1308	1
1991	435	1
1991	1909	1
1991	2880	1
1991	2703	1
1991	545	1
1991	972	1
1991	1779	1
1991	2348	1
1991	1432	1
1991	75	1
1991	1704	1
1991	2892	1
1991	437	1
1991	2520	1
1991	2322	1
1991	1783	1
1992	3100	1
1992	1684	1
1992	1500	1
1992	947	1
1992	1874	1
1992	2166	1
1992	232	1
1992	230	1
1992	1183	1
1992	1909	1
1992	1700	1
1992	1947	1
1992	2502	1
1992	2551	1
1992	2527	1
1992	116	1
1992	2344	1
1992	1356	1
1992	1779	1
1992	1761	1
1992	834	1
1992	1306	1
1992	2892	1
1992	2619	1
1992	437	1
1992	1471	1
1992	1008	1
1992	2520	1
1992	2509	1
1993	2166	1
1993	1183	1
1993	1430	1
1993	2502	1
1993	2746	1
1993	1356	1
1993	1761	1
1993	1586	1
1993	18	1
1993	1314	1
1993	2392	1
1993	1523	1
1993	2520	1
1994	2970	1
1994	1500	1
1994	2166	1
1994	232	1
1994	230	1
1994	1183	1
1994	1700	1
1994	2880	1
1994	1947	1
1994	2486	1
1994	2527	1
1994	2772	1
1994	2296	1
1994	1779	1
1994	1761	1
1994	1586	1
1994	1026	1
1994	1563	1
1994	2965	1
1994	437	1
1994	111	1
1994	1248	1
1994	2520	1
1995	232	1
1995	230	1
1995	2857	1
1995	1057	1
1995	2967	1
1995	1314	1
1996	1430	1
1996	1761	1
1996	2967	1
1996	1523	1
1996	111	1
1997	232	1
1997	1014	1
1997	1314	1
1998	1874	1
1998	1430	1
1998	1014	1
1998	968	1
1998	2551	1
1998	543	1
1998	2253	1
1998	1731	1
1998	388	1
1998	1314	1
1998	323	1
1998	2520	1
1998	1317	1
1998	2322	1
1998	497	1
1999	1874	1
1999	435	1
1999	1123	1
1999	2344	1
1999	2701	1
2000	3100	1
2000	232	1
2000	145	1
2000	1563	1
2000	1512	1
2000	1314	1
2000	437	1
2000	1197	1
2001	1500	1
2001	2164	1
2001	725	1
2001	2523	1
2001	232	1
2001	1430	1
2001	2880	1
2001	2527	1
2001	1212	1
2001	999	1
2001	2197	1
2001	2253	1
2001	2359	1
2001	1779	1
2001	1546	1
2001	1026	1
2001	563	1
2001	1086	1
2001	1314	1
2001	948	1
2001	911	1
2001	917	1
2001	2332	1
2001	1457	1
2001	1783	1
2002	3100	1
2002	232	1
2002	230	1
2002	435	1
2002	1014	1
2002	2880	1
2002	2502	1
2002	2551	1
2002	2344	1
2002	2757	1
2002	1498	1
2002	1101	1
2002	834	1
2002	1655	1
2002	2348	1
2002	1563	1
2002	2967	1
2002	1432	1
2002	1086	1
2002	2789	1
2002	1197	1
2003	3057	1
2003	1294	1
2003	1358	1
2003	2970	1
2003	2976	1
2003	2915	1
2003	1684	1
2003	1922	1
2003	947	1
2003	2598	1
2003	119	1
2003	232	1
2003	230	1
2003	96	1
2003	435	1
2003	3008	1
2003	991	1
2003	2857	1
2003	194	1
2003	910	1
2003	757	1
2003	741	1
2003	2551	1
2003	1079	1
2003	819	1
2003	116	1
2003	2703	1
2003	2791	1
2003	1123	1
2003	124	1
2003	715	1
2003	2344	1
2003	1883	1
2003	208	1
2003	1611	1
2003	1063	1
2003	2296	1
2003	2757	1
2003	1912	1
2003	2196	1
2003	1813	1
2003	2154	1
2003	145	1
2003	1563	1
2003	2392	1
2003	2864	1
2003	2973	1
2003	2789	1
2003	111	1
2003	1197	1
2003	584	1
2003	107	1
2003	1248	1
2003	1689	1
2003	1052	1
2003	535	1
2003	1351	1
2003	349	1
2003	764	1
2003	2526	1
2003	2406	1
2003	2508	1
2003	369	1
2003	1372	1
2004	419	1
2004	116	1
2004	1761	1
2004	2196	1
2004	75	1
2005	2735	1
2005	2275	1
2005	2643	1
2005	1149	1
2005	75	1
2005	952	1
2006	555	1
2006	2865	1
2006	2524	1
2006	774	1
2006	1433	1
2006	909	1
2006	435	1
2006	1881	1
2006	2273	1
2006	543	1
2006	715	1
2006	2114	1
2006	876	1
2006	2665	1
2006	2746	1
2006	459	1
2006	1586	1
2006	3037	1
2006	145	1
2006	1563	1
2006	2964	1
2006	2789	1
2006	1197	1
2006	107	1
2006	2975	1
2006	1689	1
2007	3100	1
2007	2970	1
2007	2976	1
2007	774	1
2007	435	1
2007	2502	1
2007	715	1
2007	2746	1
2007	588	1
2007	1586	1
2007	3037	1
2007	2348	1
2007	1563	1
2007	2967	1
2007	75	1
2007	1314	1
2007	437	1
2007	1197	1
2007	2248	1
2007	1572	1
2008	3100	1
2008	85	1
2008	419	1
2008	2857	1
2008	1014	1
2008	116	1
2008	543	1
2008	2296	1
2008	2746	1
2008	2203	1
2008	145	1
2008	2967	1
2008	1314	1
2008	2789	1
2008	437	1
2008	107	1
2008	1351	1
2009	2571	1
2009	2857	1
2009	1449	1
2009	2643	1
2009	2987	1
2009	1149	1
2009	75	1
2009	253	1
2010	2571	1
2010	2857	1
2010	75	1
2010	2093	1
2011	2976	1
2011	2637	1
2011	119	1
2011	232	1
2011	653	1
2011	3037	1
2011	2789	1
2012	2970	1
2012	2976	1
2012	1684	1
2012	419	1
2012	232	1
2012	435	1
2012	116	1
2012	543	1
2012	2344	1
2012	1883	1
2012	1063	1
2012	2296	1
2012	144	1
2012	1586	1
2012	2967	1
2012	437	1
2012	111	1
2012	1197	1
2013	809	1
2013	2976	1
2013	767	1
2013	551	1
2013	119	1
2013	232	1
2013	230	1
2013	2534	1
2013	991	1
2013	1042	1
2013	2486	1
2013	2150	1
2013	116	1
2013	1123	1
2013	2344	1
2013	2643	1
2013	358	1
2013	1063	1
2013	2296	1
2013	2746	1
2013	144	1
2013	1586	1
2013	1935	1
2013	2203	1
2013	1640	1
2013	2967	1
2013	1432	1
2013	1086	1
2013	75	1
2013	1314	1
2013	2789	1
2013	437	1
2013	1605	1
2013	108	1
2013	1457	1
2014	3100	1
2014	1358	1
2014	2976	1
2014	767	1
2014	2208	1
2014	2637	1
2014	2452	1
2014	2478	1
2014	2684	1
2014	1183	1
2014	219	1
2014	2534	1
2014	435	1
2014	940	1
2014	2857	1
2014	968	1
2014	1947	1
2014	2913	1
2014	507	1
2014	2304	1
2014	2551	1
2014	2038	1
2014	156	1
2014	543	1
2014	2703	1
2014	124	1
2014	2344	1
2014	2997	1
2014	2506	1
2014	2215	1
2014	1063	1
2014	2701	1
2014	2296	1
2014	444	1
2014	144	1
2014	1498	1
2014	2620	1
2014	1400	1
2014	1761	1
2014	1101	1
2014	2196	1
2014	2731	1
2014	1432	1
2014	1314	1
2014	635	1
2014	2973	1
2014	1511	1
2014	911	1
2014	2789	1
2014	1671	1
2014	111	1
2014	535	1
2014	1902	1
2014	2520	1
2014	2716	1
2014	764	1
2014	1117	1
2014	2406	1
2014	2849	1
2014	1783	1
2015	2585	1
2015	2392	1
2016	2857	1
2016	2296	1
2016	2585	1
2016	2789	1
2017	98	1
2017	2976	1
2017	1684	1
2017	1882	1
2017	551	1
2017	287	1
2017	940	1
2017	1042	1
2017	118	1
2017	2486	1
2017	2150	1
2017	2205	1
2017	2344	1
2017	358	1
2017	2746	1
2017	1356	1
2017	1761	1
2017	1586	1
2017	2203	1
2017	2585	1
2017	1149	1
2017	2967	1
2017	241	1
2017	1197	1
2017	2489	1
2017	2248	1
2017	535	1
2017	1351	1
2017	2130	1
2018	1684	1
2018	1403	1
2018	1704	1
2019	2970	1
2019	250	1
2019	219	1
2019	2857	1
2019	741	1
2019	2344	1
2019	711	1
2019	1314	1
2019	1602	1
2019	1207	1
2020	909	1
2020	116	1
2020	543	1
2020	1356	1
2020	2789	1
2020	1197	1
2021	809	1
2021	4	1
2021	551	1
2021	1433	1
2021	909	1
2021	940	1
2021	2857	1
2021	653	1
2021	2038	1
2021	116	1
2021	1881	1
2021	543	1
2021	290	1
2021	876	1
2021	1086	1
2021	75	1
2021	1314	1
2021	2973	1
2021	2248	1
2021	535	1
2021	1457	1
2022	4	1
2022	1684	1
2022	767	1
2022	551	1
2022	1433	1
2022	909	1
2022	435	1
2022	2857	1
2022	653	1
2022	2038	1
2022	116	1
2022	543	1
2022	290	1
2022	876	1
2022	1063	1
2022	2296	1
2022	1356	1
2022	75	1
2022	1314	1
2022	2973	1
2022	2789	1
2022	535	1
2022	796	1
2022	1457	1
2023	2970	1
2023	119	1
2023	771	1
2023	2502	1
2023	116	1
2023	2703	1
2023	112	1
2023	2344	1
2023	2937	1
2023	2701	1
2023	2757	1
2023	2967	1
2023	1704	1
2023	1197	1
2023	1689	1
2023	72	1
2024	809	1
2024	767	1
2024	119	1
2024	2242	1
2024	435	1
2024	940	1
2024	3084	1
2024	2273	1
2024	715	1
2024	2274	1
2024	2296	1
2024	459	1
2024	144	1
2024	834	1
2024	1564	1
2024	917	1
2024	2964	1
2024	2789	1
2024	1197	1
2024	1351	1
2024	1346	1
2024	2800	1
2024	1572	1
2025	809	1
2025	2970	1
2025	1380	1
2025	2857	1
2025	2551	1
2025	543	1
2025	2268	1
2025	2235	1
2025	2967	1
2025	1086	1
2025	777	1
2025	168	1
2026	809	1
2026	2976	1
2026	1684	1
2026	1500	1
2026	947	1
2026	767	1
2026	1874	1
2026	3071	1
2026	2523	1
2026	232	1
2026	230	1
2026	1430	1
2026	287	1
2026	940	1
2026	706	1
2026	1947	1
2026	741	1
2026	543	1
2026	1123	1
2026	715	1
2026	1883	1
2026	1488	1
2026	2597	1
2026	1124	1
2026	1063	1
2026	1498	1
2026	1400	1
2026	1586	1
2026	1640	1
2026	3037	1
2026	158	1
2026	1086	1
2026	2392	1
2026	111	1
2026	1197	1
2026	2140	1
2026	2232	1
2027	1790	1
2027	2763	1
2027	689	1
2028	1790	1
2028	1947	1
2028	2643	1
2028	1734	1
2028	1078	1
2029	700	1
2029	1761	1
2030	219	1
2030	543	1
2030	2703	1
2030	715	1
2030	437	1
2031	2119	1
2031	2857	1
2031	715	1
2031	2296	1
2031	1761	1
2032	118	1
2032	1333	1
2032	1947	1
2032	21	1
2032	741	1
2032	2275	1
2032	738	1
2032	2034	1
2032	1418	1
2033	219	1
2033	700	1
2033	1761	1
2033	1586	1
2034	2119	1
2034	435	1
2034	696	1
2034	2857	1
2034	543	1
2034	700	1
2034	437	1
2034	1197	1
2035	219	1
2035	1947	1
2035	2502	1
2035	715	1
2035	1356	1
2035	1314	1
2036	2119	1
2036	2483	1
2036	2820	1
2036	741	1
2036	1547	1
2036	2597	1
2036	1636	1
2037	1947	1
2037	2763	1
2037	936	1
2037	3040	1
2037	2701	1
2037	2916	1
2037	1197	1
2037	689	1
2037	1078	1
2038	3100	1
2038	2976	1
2038	767	1
2038	119	1
2038	230	1
2038	219	1
2038	2952	1
2038	2857	1
2038	118	1
2038	2486	1
2038	415	1
2038	116	1
2038	543	1
2038	1345	1
2038	2703	1
2038	358	1
2038	2296	1
2038	1356	1
2038	1586	1
2038	1935	1
2038	1101	1
2038	834	1
2038	1640	1
2038	563	1
2038	2967	1
2038	1314	1
2038	2194	1
2038	2110	1
2038	2248	1
2039	2976	1
2039	875	1
2039	2502	1
2039	2841	1
2039	2061	1
2039	1813	1
2039	1837	1
2039	497	1
2040	121	1
2040	2976	1
2040	1684	1
2040	2999	1
2040	991	1
2040	2261	1
2040	2857	1
2040	2127	1
2040	215	1
2040	2549	1
2040	113	1
2040	2551	1
2040	2177	1
2040	1345	1
2040	2114	1
2040	1488	1
2040	400	1
2040	711	1
2040	877	1
2040	3090	1
2040	3088	1
2040	158	1
2040	2967	1
2040	1314	1
2040	3059	1
2040	2977	1
2040	1561	1
2040	1438	1
2040	1689	1
2040	2642	1
2040	644	1
2040	3022	1
2040	1706	1
2040	72	1
2040	1837	1
2040	1783	1
2041	2915	1
2041	119	1
2041	435	1
2041	875	1
2041	2699	1
2041	2502	1
2041	543	1
2041	1345	1
2041	154	1
2041	535	1
2041	1351	1
2041	2526	1
2042	2976	1
2042	119	1
2042	2502	1
2042	967	1
2042	715	1
2042	2841	1
2042	2746	1
2042	2248	1
2042	1351	1
2042	2520	1
2042	2714	1
2043	287	1
2043	435	1
2043	940	1
2043	2857	1
2043	653	1
2043	875	1
2043	2551	1
2043	1345	1
2043	2703	1
2043	2344	1
2043	3009	1
2043	2268	1
2043	2296	1
2043	1314	1
2043	1704	1
2043	535	1
2043	1351	1
2044	1684	1
2044	1500	1
2044	1874	1
2044	119	1
2044	3048	1
2044	2551	1
2044	2703	1
2044	715	1
2044	2344	1
2044	2141	1
2044	2296	1
2044	1101	1
2044	1182	1
2044	1704	1
2044	535	1
2044	418	1
2045	551	1
2045	119	1
2045	435	1
2045	2857	1
2045	1356	1
2045	2967	1
2046	2976	1
2046	551	1
2046	119	1
2046	435	1
2046	2296	1
2046	1761	1
2046	1586	1
2047	2970	1
2047	1684	1
2047	419	1
2047	232	1
2047	219	1
2047	435	1
2047	1042	1
2047	2857	1
2047	2502	1
2047	543	1
2047	2296	1
2047	1813	1
2047	2967	1
2047	1314	1
2047	535	1
2048	2763	1
2048	1379	1
2048	689	1
2048	1078	1
2049	2763	1
2049	1379	1
2049	689	1
2049	1078	1
2050	2976	1
2050	119	1
2050	435	1
2050	771	1
2050	2344	1
2050	1586	1
2050	834	1
2051	2119	1
2051	124	1
2051	715	1
2051	1271	1
2051	1356	1
2051	3101	1
2052	1433	1
2052	909	1
2052	1881	1
2052	1345	1
2052	2457	1
2052	2791	1
2052	2746	1
2052	1400	1
2052	1149	1
2052	1314	1
2052	952	1
2052	1197	1
2052	1351	1
2053	1433	1
2053	909	1
2053	2857	1
2053	543	1
2053	2457	1
2053	2746	1
2053	1314	1
2053	525	1
2053	1351	1
2054	2571	1
2054	2970	1
2054	947	1
2054	909	1
2054	1335	1
2054	435	1
2054	1042	1
2054	1881	1
2054	543	1
2054	2703	1
2054	2457	1
2054	2791	1
2054	2344	1
2054	1449	1
2054	2274	1
2054	1998	1
2054	2967	1
2054	75	1
2054	1314	1
2054	2786	1
2054	952	1
2054	917	1
2054	2248	1
2054	2325	1
2054	2943	1
2054	1351	1
2055	1294	1
2055	767	1
2055	1162	1
2055	435	1
2055	1042	1
2055	2857	1
2055	1460	1
2055	1345	1
2055	2703	1
2055	2643	1
2055	2420	1
2055	2215	1
2055	2556	1
2055	1400	1
2055	1761	1
2055	256	1
2055	1149	1
2055	2967	1
2055	165	1
2055	1314	1
2055	173	1
2055	2440	1
2055	1197	1
2056	98	1
2056	1481	1
2056	720	1
2056	2204	1
2056	2414	1
2056	555	1
2056	1249	1
2056	1358	1
2056	809	1
2056	4	1
2056	2915	1
2056	1684	1
2056	2930	1
2056	767	1
2056	815	1
2056	2166	1
2056	2524	1
2056	551	1
2056	119	1
2056	2242	1
2056	178	1
2056	2523	1
2056	232	1
2056	230	1
2056	1782	1
2056	435	1
2056	827	1
2056	982	1
2056	1329	1
2056	991	1
2056	2525	1
2056	1296	1
2056	440	1
2056	1014	1
2056	1333	1
2056	220	1
2056	1947	1
2056	2917	1
2056	2486	1
2056	2014	1
2056	2502	1
2056	2304	1
2056	2150	1
2056	967	1
2056	2177	1
2056	1079	1
2056	116	1
2056	1357	1
2056	2936	1
2056	2435	1
2056	1527	1
2056	2529	1
2056	1733	1
2056	715	1
2056	699	1
2056	2344	1
2056	1883	1
2056	3021	1
2056	1131	1
2056	346	1
2056	1739	1
2056	2733	1
2056	2657	1
2056	1849	1
2056	950	1
2056	2597	1
2056	128	1
2056	2274	1
2056	1611	1
2056	589	1
2056	1367	1
2056	2772	1
2056	2801	1
2056	2701	1
2056	2982	1
2056	2746	1
2056	84	1
2056	2757	1
2056	210	1
2056	2940	1
2056	2583	1
2056	2065	1
2056	144	1
2056	1498	1
2056	862	1
2056	2464	1
2056	588	1
2056	1101	1
2056	2513	1
2056	1900	1
2056	1748	1
2056	1640	1
2056	2154	1
2056	305	1
2056	1026	1
2056	2408	1
2056	1704	1
2056	1341	1
2056	1198	1
2056	997	1
2056	2858	1
2056	814	1
2056	1045	1
2056	2798	1
2056	2246	1
2056	1489	1
2056	777	1
2056	1034	1
2056	1197	1
2056	2489	1
2056	80	1
2056	1689	1
2056	41	1
2056	418	1
2056	1351	1
2056	1008	1
2056	369	1
2056	2140	1
2056	1824	1
2056	315	1
2056	943	1
2056	1612	1
2056	2629	1
2057	1481	1
2057	2764	1
2057	2730	1
2057	2251	1
2057	2915	1
2057	2930	1
2057	767	1
2057	2524	1
2057	2164	1
2057	2600	1
2057	96	1
2057	287	1
2057	435	1
2057	1380	1
2057	827	1
2057	991	1
2057	2525	1
2057	1835	1
2057	2486	1
2057	2008	1
2057	3000	1
2057	967	1
2057	116	1
2057	1345	1
2057	2133	1
2057	1123	1
2057	715	1
2057	1259	1
2057	2733	1
2057	429	1
2057	420	1
2057	950	1
2057	2274	1
2057	816	1
2057	1930	1
2057	1367	1
2057	2268	1
2057	2746	1
2057	2583	1
2057	1356	1
2057	1280	1
2057	1736	1
2057	1352	1
2057	1990	1
2057	521	1
2057	1318	1
2057	2064	1
2057	294	1
2057	636	1
2057	1640	1
2057	670	1
2057	2967	1
2057	1432	1
2057	1314	1
2057	2542	1
2057	997	1
2057	1005	1
2057	917	1
2057	628	1
2057	1034	1
2057	1362	1
2058	1481	1
2058	809	1
2058	1684	1
2058	767	1
2058	2164	1
2058	551	1
2058	435	1
2058	2525	1
2058	672	1
2058	2880	1
2058	242	1
2058	2486	1
2058	544	1
2058	2502	1
2058	543	1
2058	1711	1
2058	2616	1
2058	2703	1
2058	112	1
2058	715	1
2058	1109	1
2058	1259	1
2058	1693	1
2058	2746	1
2058	1356	1
2058	144	1
2058	1403	1
2058	1990	1
2058	1546	1
2058	115	1
2058	722	1
2058	1314	1
2058	2392	1
2058	1523	1
2058	1344	1
2058	777	1
2058	2980	1
2058	1479	1
2058	2130	1
2058	316	1
2058	2981	1
2058	28	1
2058	736	1
2059	1481	1
2059	2414	1
2059	2571	1
2059	1358	1
2059	809	1
2059	748	1
2059	419	1
2059	2121	1
2059	947	1
2059	767	1
2059	1874	1
2059	2637	1
2059	385	1
2059	940	1
2059	991	1
2059	2857	1
2059	118	1
2059	511	1
2059	2880	1
2059	242	1
2059	1616	1
2059	2150	1
2059	2551	1
2059	414	1
2059	116	1
2059	1881	1
2059	543	1
2059	2703	1
2059	124	1
2059	1488	1
2059	950	1
2059	2643	1
2059	876	1
2059	1654	1
2059	3036	1
2059	358	1
2059	2268	1
2059	2296	1
2059	2746	1
2059	459	1
2059	144	1
2059	2040	1
2059	1590	1
2059	834	1
2059	1655	1
2059	145	1
2059	2348	1
2059	1563	1
2059	2967	1
2059	1086	1
2059	75	1
2059	1507	1
2059	2786	1
2059	1423	1
2059	2619	1
2059	1045	1
2059	980	1
2059	2789	1
2059	1495	1
2059	437	1
2059	139	1
2059	2248	1
2059	1689	1
2059	359	1
2059	349	1
2059	295	1
2059	1457	1
2059	2576	1
2059	1612	1
2060	2970	1
2060	2976	1
2060	419	1
2060	119	1
2060	435	1
2060	653	1
2060	1909	1
2060	543	1
2060	2703	1
2060	715	1
2060	1611	1
2060	2565	1
2060	1356	1
2060	144	1
2060	1400	1
2060	2040	1
2060	1149	1
2060	1813	1
2060	1655	1
2060	1564	1
2060	2967	1
2060	75	1
2060	1314	1
2060	952	1
2060	2973	1
2060	2789	1
2060	437	1
2060	2248	1
2060	1396	1
2060	1850	1
2060	349	1
2060	2980	1
2060	1346	1
2060	1933	1
2061	809	1
2061	2970	1
2061	2915	1
2061	1684	1
2061	767	1
2061	551	1
2061	723	1
2061	178	1
2061	2600	1
2061	216	1
2061	2928	1
2061	287	1
2061	435	1
2061	1380	1
2061	940	1
2061	991	1
2061	1042	1
2061	2857	1
2061	2880	1
2061	741	1
2061	627	1
2061	2486	1
2061	113	1
2061	1917	1
2061	2818	1
2061	2901	1
2061	543	1
2061	2435	1
2061	2703	1
2061	1527	1
2061	715	1
2061	699	1
2061	1472	1
2061	2733	1
2061	556	1
2061	1412	1
2061	1792	1
2061	358	1
2061	2296	1
2061	31	1
2061	2583	1
2061	144	1
2061	1498	1
2061	2829	1
2061	1642	1
2061	1937	1
2061	2064	1
2061	2599	1
2061	1215	1
2061	1210	1
2061	2967	1
2061	1086	1
2061	1314	1
2061	917	1
2061	980	1
2061	2246	1
2061	2789	1
2061	628	1
2061	777	1
2061	1034	1
2061	1197	1
2061	1420	1
2061	1689	1
2061	1351	1
2061	2185	1
2061	2780	1
2062	1294	1
2062	1179	1
2062	125	1
2062	1682	1
2062	1208	1
2062	546	1
2062	2605	1
2062	2579	1
2063	809	1
2063	435	1
2063	940	1
2063	1947	1
2063	609	1
2063	2703	1
2063	1271	1
2063	1456	1
2063	1772	1
2063	2630	1
2063	2224	1
2063	1645	1
2063	613	1
2063	2235	1
2063	2293	1
2063	129	1
2063	1210	1
2063	1689	1
2063	1257	1
2064	3100	1
2064	938	1
2064	1684	1
2064	2312	1
2064	2242	1
2064	2600	1
2064	435	1
2064	940	1
2064	1014	1
2064	1947	1
2064	21	1
2064	741	1
2064	1102	1
2064	1172	1
2064	3033	1
2064	1298	1
2064	116	1
2064	543	1
2064	2963	1
2064	2703	1
2064	1271	1
2064	738	1
2064	2344	1
2064	1883	1
2064	2733	1
2064	1674	1
2064	1772	1
2064	613	1
2064	2956	1
2064	2235	1
2064	2217	1
2064	1215	1
2064	1347	1
2064	670	1
2064	437	1
2064	1197	1
2065	3100	1
2065	1684	1
2065	815	1
2065	2524	1
2065	2242	1
2065	287	1
2065	435	1
2065	940	1
2065	1947	1
2065	21	1
2065	627	1
2065	2008	1
2065	1746	1
2065	1172	1
2065	3033	1
2065	1298	1
2065	116	1
2065	2703	1
2065	1367	1
2065	1456	1
2065	2772	1
2065	358	1
2065	2630	1
2065	613	1
2065	144	1
2065	894	1
2065	1579	1
2065	129	1
2065	1210	1
2065	158	1
2065	1005	1
2065	605	1
2065	1034	1
2065	1689	1
2065	3119	1
2066	1684	1
2066	2379	1
2066	2600	1
2066	435	1
2066	1947	1
2066	1905	1
2066	627	1
2066	1102	1
2066	1298	1
2066	116	1
2066	1615	1
2066	2703	1
2066	1271	1
2066	2733	1
2066	1772	1
2066	2630	1
2066	1678	1
2066	613	1
2066	2235	1
2066	2599	1
2066	1215	1
2066	129	1
2066	1689	1
2067	938	1
2067	809	1
2067	1684	1
2067	2379	1
2067	435	1
2067	940	1
2067	537	1
2067	1333	1
2067	1947	1
2067	2486	1
2067	1102	1
2067	1298	1
2067	116	1
2067	715	1
2067	1271	1
2067	2344	1
2067	1883	1
2067	1772	1
2067	1771	1
2067	358	1
2067	2630	1
2067	2296	1
2067	1678	1
2067	613	1
2067	2956	1
2067	1579	1
2067	2599	1
2067	1640	1
2067	129	1
2067	670	1
2067	2246	1
2067	777	1
2067	1689	1
2067	1257	1
2068	938	1
2068	809	1
2068	2976	1
2068	1684	1
2068	2312	1
2068	435	1
2068	940	1
2068	1947	1
2068	2008	1
2068	1172	1
2068	3033	1
2068	1298	1
2068	2703	1
2068	211	1
2068	2772	1
2068	1772	1
2068	2679	1
2068	1771	1
2068	2224	1
2068	1678	1
2068	613	1
2068	2235	1
2068	2293	1
2068	834	1
2068	1215	1
2068	1640	1
2068	129	1
2068	605	1
2068	777	1
2069	2865	1
2069	2496	1
2069	262	1
2069	1013	1
2069	1790	1
2069	1611	1
2069	862	1
2069	1213	1
2070	706	1
2070	2481	1
2070	1149	1
2070	1363	1
2071	1684	1
2071	2338	1
2071	3033	1
2071	116	1
2071	543	1
2071	2763	1
2071	1197	1
2071	2248	1
2072	98	1
2072	2970	1
2072	2068	1
2072	1162	1
2072	435	1
2072	1790	1
2072	1947	1
2072	2735	1
2072	2703	1
2072	2701	1
2072	1356	1
2072	1149	1
2072	1902	1
2073	2128	1
2073	435	1
2073	1790	1
2073	706	1
2073	2661	1
2073	2481	1
2073	562	1
2073	1149	1
2073	1314	1
2073	584	1
2073	2734	1
2073	2405	1
2074	2496	1
2074	3071	1
2074	435	1
2074	2344	1
2074	26	1
2074	2215	1
2074	1400	1
2074	2967	1
2074	1314	1
2074	1622	1
2075	435	1
2075	706	1
2075	1947	1
2075	2502	1
2075	2862	1
2075	2275	1
2075	299	1
2075	3085	1
2075	1693	1
2075	1149	1
2075	1314	1
2075	2734	1
2076	1358	1
2076	1790	1
2076	2735	1
2076	969	1
2076	7	1
2076	2481	1
2076	240	1
2076	1149	1
2076	916	1
2077	767	1
2077	232	1
2077	2857	1
2077	653	1
2077	2703	1
2077	1449	1
2077	2701	1
2077	2746	1
2077	1186	1
2077	1989	1
2077	75	1
2077	2789	1
2077	1197	1
2077	2943	1
2077	1351	1
2078	3057	1
2078	767	1
2078	230	1
2078	653	1
2078	1881	1
2078	543	1
2078	2457	1
2078	1449	1
2078	1149	1
2078	2967	1
2079	435	1
2079	1790	1
2079	2959	1
2079	2701	1
2079	1356	1
2079	1307	1
2079	253	1
2080	1790	1
2080	2703	1
2080	2701	1
2080	1356	1
2080	1314	1
2080	1307	1
2080	253	1
2081	435	1
2081	1790	1
2081	2703	1
2081	2344	1
2081	2959	1
2081	2701	1
2081	1307	1
2082	1358	1
2082	1790	1
2082	2701	1
2082	1356	1
2082	268	1
2083	1790	1
2083	541	1
2083	2643	1
2083	2763	1
2083	1314	1
2083	689	1
2084	2571	1
2084	119	1
2084	230	1
2084	2059	1
2084	741	1
2084	543	1
2084	2457	1
2084	1611	1
2084	478	1
2084	489	1
2084	1064	1
2084	2746	1
2084	2987	1
2084	1400	1
2084	2196	1
2084	1314	1
2084	1197	1
2084	2614	1
2084	535	1
2084	359	1
2084	1351	1
2085	619	1
2085	809	1
2085	767	1
2085	723	1
2085	230	1
2085	909	1
2085	1335	1
2085	435	1
2085	940	1
2085	2857	1
2085	802	1
2085	2502	1
2085	2150	1
2085	2588	1
2085	543	1
2085	715	1
2085	1449	1
2085	2765	1
2085	1611	1
2085	489	1
2085	1001	1
2085	763	1
2085	2268	1
2085	2746	1
2085	1400	1
2085	1443	1
2085	2392	1
2085	2440	1
2085	1561	1
2085	917	1
2085	2589	1
2085	1197	1
2085	1351	1
2086	1433	1
2086	435	1
2086	2857	1
2086	741	1
2086	3084	1
2086	2150	1
2086	2588	1
2086	543	1
2086	2703	1
2086	2344	1
2086	307	1
2086	2967	1
2086	75	1
2086	1314	1
2086	1197	1
2086	535	1
2086	1351	1
2086	349	1
2086	1612	1
2087	2857	1
2087	2967	1
2087	1314	1
2088	2338	1
2088	1790	1
2088	1947	1
2088	1145	1
2088	2457	1
2088	384	1
2088	899	1
2088	1734	1
2088	1356	1
2088	879	1
2088	2042	1
2088	2811	1
2088	951	1
2088	1151	1
2088	1149	1
2088	1363	1
2088	584	1
2088	2734	1
2088	916	1
2088	2407	1
2089	3055	1
2089	3060	1
2089	1790	1
2089	969	1
2089	7	1
2089	2481	1
2089	1734	1
2089	2593	1
2089	1315	1
2089	368	1
2089	437	1
2089	1363	1
2089	642	1
2090	3100	1
2090	1294	1
2090	809	1
2090	2970	1
2090	767	1
2090	435	1
2090	3008	1
2090	741	1
2090	2150	1
2090	543	1
2090	2703	1
2090	2701	1
2090	1400	1
2090	2967	1
2090	75	1
2090	1314	1
2090	2392	1
2090	1197	1
2090	107	1
2091	2857	1
2091	1790	1
2091	2701	1
2091	1149	1
2092	706	1
2092	2735	1
2092	7	1
2092	354	1
2092	2701	1
2092	2811	1
2092	2075	1
2092	2148	1
2092	2830	1
2092	349	1
2093	1790	1
2093	2481	1
2093	1149	1
2094	2338	1
2094	435	1
2094	1790	1
2094	2120	1
2094	1145	1
2094	7	1
2094	354	1
2095	2338	1
2095	354	1
2095	2481	1
2095	2593	1
2095	1149	1
2095	2067	1
2096	2571	1
2096	435	1
2096	1565	1
2096	1947	1
2096	2150	1
2096	543	1
2096	2344	1
2096	1449	1
2096	2701	1
2096	2987	1
2096	1400	1
2096	1186	1
2096	2967	1
2096	952	1
2096	2973	1
2096	1520	1
2097	98	1
2097	1790	1
2097	2502	1
2097	2862	1
2097	2275	1
2097	2701	1
2097	1356	1
2097	1902	1
2098	121	1
2098	1583	1
2098	1684	1
2098	1296	1
2098	2699	1
2098	2502	1
2098	543	1
2098	2344	1
2098	2746	1
2098	1642	1
2098	2967	1
2098	2789	1
2098	745	1
2098	2642	1
2099	1187	1
2099	1314	1
2099	2789	1
2099	1689	1
2100	2976	1
2100	1790	1
2100	2735	1
2100	1345	1
2100	2701	1
2100	1149	1
2100	952	1
2101	1294	1
2101	2119	1
2101	1790	1
2101	706	1
2101	2266	1
2101	715	1
2101	1514	1
2101	2701	1
2101	1356	1
2101	2148	1
2101	2967	1
2101	1338	1
2101	1314	1
2101	1689	1
2101	2941	1
2101	349	1
2102	119	1
2102	696	1
2102	2502	1
2102	1221	1
2102	116	1
2102	2703	1
2102	715	1
2102	3021	1
2102	2597	1
2102	1693	1
2102	2746	1
2102	2967	1
2102	1197	1
2102	2975	1
2102	1689	1
2102	2714	1
2103	1294	1
2103	767	1
2103	1825	1
2103	2569	1
2103	2620	1
2103	2967	1
2103	1314	1
2103	952	1
2103	1511	1
2103	1197	1
2103	349	1
2104	2338	1
2104	2735	1
2104	2862	1
2104	224	1
2104	2275	1
2104	738	1
2104	2154	1
2104	2854	1
2104	584	1
2104	689	1
2104	1078	1
2104	369	1
2105	2275	1
2105	543	1
2105	2701	1
2105	1149	1
2105	75	1
2105	71	1
2106	1667	1
2106	435	1
2106	2857	1
2106	2150	1
2106	2344	1
2106	1860	1
2106	1654	1
2106	2296	1
2106	2370	1
2106	75	1
2106	1314	1
2106	1902	1
2107	3057	1
2107	119	1
2107	230	1
2107	320	1
2107	435	1
2107	1565	1
2107	1201	1
2107	220	1
2107	1947	1
2107	302	1
2107	2712	1
2107	2693	1
2107	543	1
2107	715	1
2107	2114	1
2107	1449	1
2107	2597	1
2107	1611	1
2107	478	1
2107	1724	1
2107	2022	1
2107	2987	1
2107	1400	1
2107	1186	1
2107	2967	1
2107	1443	1
2107	1314	1
2107	2589	1
2107	1197	1
2107	488	1
2107	2642	1
2107	424	1
2107	1093	1
2107	1837	1
2107	2654	1
2108	1583	1
2108	920	1
2108	1684	1
2108	818	1
2108	1436	1
2108	2701	1
2108	134	1
2108	1149	1
2108	1432	1
2108	1350	1
2108	952	1
2108	584	1
2109	2763	1
2109	689	1
2110	2763	1
2110	689	1
2111	1790	1
2111	2763	1
2111	689	1
2111	1078	1
2112	98	1
2112	2068	1
2112	2502	1
2112	2862	1
2112	1345	1
2112	2703	1
2112	2597	1
2112	2701	1
2112	722	1
2112	2967	1
2112	2789	1
2112	2248	1
2112	1902	1
2112	2980	1
2112	2130	1
2113	920	1
2113	1684	1
2113	592	1
2113	435	1
2113	2643	1
2113	1436	1
2113	2701	1
2113	3101	1
2113	1149	1
2113	952	1
2113	584	1
2114	1583	1
2114	435	1
2114	2810	1
2114	3101	1
2114	1149	1
2114	75	1
2115	1940	1
2115	2890	1
2115	1016	1
2115	1379	1
2115	1078	1
2116	1940	1
2116	2331	1
2116	2791	1
2116	2763	1
2116	689	1
2117	2763	1
2117	2701	1
2117	1379	1
2118	85	1
2118	151	1
2118	2331	1
2118	2305	1
2118	1853	1
2118	540	1
2118	584	1
2118	1078	1
2119	1294	1
2119	592	1
2119	1993	1
2119	2735	1
2119	2275	1
2119	526	1
2119	2643	1
2119	2701	1
2119	1668	1
2119	584	1
2119	1078	1
2120	1790	1
2120	2344	1
2120	2763	1
2120	689	1
2121	1947	1
2121	2735	1
2121	2643	1
2121	2763	1
2121	197	1
2121	2916	1
2122	2338	1
2122	1790	1
2122	2701	1
2122	1149	1
2123	1345	1
2123	2701	1
2123	1356	1
2123	2620	1
2124	2857	1
2124	2643	1
2124	2701	1
2124	1356	1
2124	2620	1
2124	1197	1
2124	359	1
2124	2130	1
2125	2457	1
2125	2643	1
2125	7	1
2125	2987	1
2125	3098	1
2125	1356	1
2125	1149	1
2126	2857	1
2126	2701	1
2126	45	1
2126	1400	1
2126	1149	1
2126	75	1
2126	1314	1
2126	1592	1
2127	767	1
2127	2059	1
2127	435	1
2127	2857	1
2127	2735	1
2127	543	1
2127	936	1
2127	2701	1
2127	2746	1
2127	2967	1
2127	75	1
2127	1197	1
2128	1947	1
2128	2643	1
2128	2763	1
2128	197	1
2128	936	1
2128	689	1
2129	2730	1
2129	619	1
2129	815	1
2129	551	1
2129	435	1
2129	3008	1
2129	1042	1
2129	741	1
2129	2486	1
2129	2456	1
2129	1460	1
2129	1534	1
2129	2150	1
2129	967	1
2129	2551	1
2129	2703	1
2129	2457	1
2129	1972	1
2129	2701	1
2129	2646	1
2129	1400	1
2129	2383	1
2129	75	1
2129	1197	1
2129	279	1
2129	418	1
2129	349	1
2129	2520	1
2129	1059	1
2130	1790	1
2130	1940	1
2130	2763	1
2130	2701	1
2130	1078	1
2131	2865	1
2131	119	1
2131	2857	1
2131	1991	1
2131	2735	1
2131	2344	1
2131	2643	1
2131	2701	1
2131	1149	1
2131	2148	1
2131	1314	1
2131	1197	1
2132	435	1
2132	2857	1
2132	1991	1
2132	2735	1
2132	2344	1
2132	2643	1
2132	3085	1
2132	1734	1
2132	2148	1
2132	2967	1
2132	1314	1
2132	1197	1
2133	2338	1
2133	435	1
2133	1790	1
2133	1940	1
2133	2331	1
2133	2275	1
2133	2634	1
2133	2791	1
2133	2890	1
2133	526	1
2133	2763	1
2133	2959	1
2133	2701	1
2133	1619	1
2133	75	1
2133	1379	1
2133	584	1
2133	689	1
2134	1790	1
2134	2763	1
2134	2916	1
2134	689	1
2134	1078	1
2135	592	1
2135	219	1
2135	2857	1
2135	3084	1
2135	2735	1
2135	2150	1
2135	2643	1
2135	1149	1
2135	1344	1
2135	2093	1
2135	2130	1
2136	1790	1
2136	2344	1
2136	2643	1
2136	1149	1
2136	1425	1
2137	219	1
2137	3060	1
2137	2857	1
2137	1790	1
2137	653	1
2137	543	1
2137	1012	1
2137	2457	1
2137	1123	1
2137	2481	1
2137	933	1
2137	700	1
2137	1969	1
2137	1356	1
2137	1761	1
2137	2789	1
2137	1363	1
2137	2130	1
2138	592	1
2138	1790	1
2138	2960	1
2138	2862	1
2138	2275	1
2138	2701	1
2138	1149	1
2138	2854	1
2138	584	1
2138	689	1
2139	3100	1
2139	809	1
2139	2257	1
2139	767	1
2139	909	1
2139	2534	1
2139	934	1
2139	1881	1
2139	2273	1
2139	543	1
2139	2133	1
2139	1123	1
2139	2344	1
2139	1883	1
2139	876	1
2139	1063	1
2139	2746	1
2139	307	1
2139	459	1
2139	45	1
2139	2620	1
2139	1181	1
2139	1210	1
2139	1563	1
2139	75	1
2139	1511	1
2139	917	1
2139	1324	1
2139	1197	1
2139	107	1
2139	1351	1
2139	2980	1
2139	921	1
2140	2331	1
2140	2763	1
2140	2701	1
2140	1379	1
2140	689	1
2141	2763	1
2141	1379	1
2141	3119	1
2142	2643	1
2142	2763	1
2142	689	1
2142	1078	1
2143	98	1
2143	551	1
2143	219	1
2143	2986	1
2143	1201	1
2143	741	1
2143	1856	1
2143	2020	1
2143	2945	1
2143	2979	1
2143	1478	1
2143	2643	1
2143	2834	1
2143	1891	1
2143	936	1
2143	2701	1
2143	2296	1
2143	2746	1
2143	2743	1
2143	2620	1
2143	1400	1
2143	1149	1
2143	2967	1
2143	2099	1
2143	1197	1
2143	2943	1
2143	2520	1
2143	2316	1
2144	767	1
2144	551	1
2144	1254	1
2144	653	1
2144	741	1
2144	1881	1
2144	2616	1
2144	2643	1
2144	936	1
2144	2746	1
2144	1149	1
2144	75	1
2144	1197	1
2144	2055	1
2144	1351	1
2145	2763	1
2145	1379	1
2145	689	1
2146	1693	1
2146	2701	1
2146	1149	1
2146	1689	1
2147	2857	1
2147	741	1
2147	3084	1
2147	1881	1
2147	2989	1
2147	936	1
2147	2620	1
2147	75	1
2147	1314	1
2147	1324	1
2147	1197	1
2148	920	1
2148	1433	1
2148	435	1
2148	498	1
2148	741	1
2148	2735	1
2148	2502	1
2148	2150	1
2148	543	1
2148	124	1
2148	347	1
2148	357	1
2148	2746	1
2148	307	1
2148	474	1
2148	2154	1
2148	2967	1
2148	1314	1
2148	952	1
2148	437	1
2148	584	1
2148	2734	1
2148	535	1
2148	1902	1
2148	903	1
2149	767	1
2149	1433	1
2149	2857	1
2149	1312	1
2149	2045	1
2149	2967	1
2149	2227	1
2149	1351	1
2149	832	1
2149	1902	1
2150	2534	1
2151	2534	1
2151	543	1
2151	75	1
2151	1197	1
2152	1379	1
2152	3112	1
2153	1294	1
2153	920	1
2153	1790	1
2153	2960	1
2153	2862	1
2153	3033	1
2153	2763	1
2153	2148	1
2153	1668	1
2153	1078	1
2154	2680	1
2154	936	1
2154	2967	1
2154	1314	1
2154	1324	1
2154	1197	1
2155	920	1
2155	1790	1
2155	2960	1
2155	1947	1
2155	541	1
2155	1991	1
2155	2862	1
2155	2763	1
2155	1619	1
2155	1668	1
2155	689	1
2156	1294	1
2156	1790	1
2156	2960	1
2156	2735	1
2156	2862	1
2156	224	1
2156	2275	1
2156	2643	1
2156	134	1
2156	1619	1
2156	1668	1
2156	689	1
2157	592	1
2157	2331	1
2157	2735	1
2157	2862	1
2157	2275	1
2157	146	1
2157	1853	1
2157	104	1
2157	1379	1
2157	1078	1
2158	1991	1
2158	2735	1
2158	224	1
2158	2791	1
2158	526	1
2158	2959	1
2158	1643	1
2158	2916	1
2158	2874	1
2158	1149	1
2158	584	1
2158	689	1
2158	2852	1
2158	1078	1
2159	1790	1
2159	1940	1
2159	2890	1
2159	2763	1
2159	2701	1
2159	1078	1
2160	938	1
2161	1790	1
2161	1947	1
2161	2763	1
2162	98	1
2162	2257	1
2162	767	1
2162	219	1
2162	2534	1
2162	2857	1
2162	543	1
2162	2746	1
2162	1400	1
2162	2967	1
2162	488	1
2162	1902	1
2163	1993	1
2163	1790	1
2163	2643	1
2163	2763	1
2163	936	1
2163	689	1
2163	1078	1
2164	2552	1
2164	2119	1
2164	767	1
2164	435	1
2164	3008	1
2164	2857	1
2164	2038	1
2164	2116	1
2164	1611	1
2164	3135	1
2164	2746	1
2164	453	1
2164	145	1
2164	2967	1
2164	75	1
2164	1314	1
2164	2440	1
2164	2789	1
2164	1197	1
2164	1351	1
2164	2511	1
2165	2763	1
2165	689	1
2166	1790	1
2166	2735	1
2166	2890	1
2166	2763	1
2166	1619	1
2166	689	1
2166	2852	1
2166	1078	1
2167	1790	1
2167	1947	1
2167	2735	1
2167	2763	1
2167	197	1
2167	936	1
2168	435	1
2168	1790	1
2168	3105	1
2168	2701	1
2168	2148	1
2168	1379	1
2168	584	1
2169	219	1
2169	2857	1
2169	1790	1
2169	511	1
2169	1685	1
2169	1991	1
2169	299	1
2169	2733	1
2169	354	1
2169	2481	1
2169	2593	1
2169	272	1
2170	219	1
2170	2857	1
2170	2481	1
2171	77	1
2171	2536	1
2171	3085	1
2171	1314	1
2171	2247	1
2172	1403	1
2172	316	1
2173	2976	1
2174	1761	1
2175	551	1
2175	1426	1
2175	2255	1
2175	2998	1
2175	2160	1
2176	2377	1
2176	2976	1
2176	815	1
2176	551	1
2176	119	1
2176	219	1
2176	2857	1
2176	118	1
2176	2880	1
2176	1333	1
2176	2486	1
2176	1460	1
2176	1426	1
2176	110	1
2176	2772	1
2176	2801	1
2176	2296	1
2176	1356	1
2176	1498	1
2176	1586	1
2176	2160	1
2176	1813	1
2176	722	1
2176	2892	1
2176	1523	1
2176	111	1
2176	1008	1
2176	2520	1
2176	1783	1
2177	219	1
2177	2857	1
2177	1149	1
2177	2083	1
2177	2674	1
2178	1790	1
2178	2862	1
2178	2275	1
2178	2763	1
2178	1078	1
2178	3112	1
2179	299	1
2180	2338	1
2180	2857	1
2180	1947	1
2180	1149	1
2180	584	1
2180	2130	1
2181	920	1
2181	592	1
2181	3084	1
2181	2862	1
2181	2791	1
2181	2763	1
2181	952	1
2181	2852	1
2181	2260	1
2182	1993	1
2182	1947	1
2182	2643	1
2182	2763	1
2182	2916	1
2182	1078	1
2183	2976	1
2183	252	1
2183	1761	1
2183	2967	1
2184	901	1
2184	1294	1
2184	592	1
2184	1938	1
2184	3075	1
2184	2660	1
2184	2275	1
2184	2543	1
2184	420	1
2184	2643	1
2184	2758	1
2184	2701	1
2184	474	1
2184	2154	1
2184	75	1
2184	584	1
2184	1091	1
2185	1874	1
2186	3100	1
2186	555	1
2186	2970	1
2186	947	1
2186	2524	1
2186	2242	1
2186	219	1
2186	909	1
2186	435	1
2186	940	1
2186	1042	1
2186	2857	1
2186	2880	1
2186	220	1
2186	741	1
2186	875	1
2186	1460	1
2186	2502	1
2186	1880	1
2186	2693	1
2186	2588	1
2186	543	1
2186	1345	1
2186	2205	1
2186	3126	1
2186	1883	1
2186	2838	1
2186	2643	1
2186	2765	1
2186	3009	1
2186	358	1
2186	2268	1
2186	2701	1
2186	2296	1
2186	459	1
2186	144	1
2186	2668	1
2186	1400	1
2186	1101	1
2186	2040	1
2186	2064	1
2186	1904	1
2186	1640	1
2186	145	1
2186	2967	1
2186	1507	1
2186	1561	1
2186	917	1
2186	437	1
2186	253	1
2186	80	1
2186	1689	1
2186	418	1
2186	1008	1
2186	2980	1
2186	1457	1
2186	1372	1
2187	1294	1
2187	2865	1
2187	767	1
2187	2524	1
2187	551	1
2187	940	1
2187	1042	1
2187	2857	1
2187	1790	1
2187	1947	1
2187	3084	1
2187	2486	1
2187	2456	1
2187	1460	1
2187	1534	1
2187	2502	1
2187	224	1
2187	543	1
2187	2791	1
2187	950	1
2187	2643	1
2187	3009	1
2187	2701	1
2187	2296	1
2187	2746	1
2187	1101	1
2187	2967	1
2187	1432	1
2187	1314	1
2187	952	1
2187	2246	1
2187	437	1
2187	1197	1
2187	279	1
2187	2055	1
2187	535	1
2188	1790	1
2188	1947	1
2188	2763	1
2188	2852	1
2189	2976	1
2189	119	1
2189	287	1
2189	435	1
2189	1254	1
2189	2551	1
2189	543	1
2189	715	1
2189	2772	1
2189	2268	1
2189	2967	1
2189	1314	1
2189	1197	1
2189	2849	1
2190	767	1
2190	219	1
2190	1433	1
2190	435	1
2190	2857	1
2190	653	1
2190	2502	1
2190	2205	1
2190	2344	1
2190	2765	1
2190	1761	1
2190	2160	1
2190	2589	1
2190	1197	1
2190	535	1
2190	2980	1
2191	809	1
2191	2970	1
2191	2796	1
2191	3065	1
2191	1433	1
2191	2857	1
2191	741	1
2191	1881	1
2191	543	1
2191	1312	1
2191	1345	1
2191	1883	1
2191	2268	1
2191	1063	1
2191	2746	1
2191	459	1
2191	2348	1
2191	1563	1
2191	1086	1
2191	75	1
2191	2789	1
2191	437	1
2191	504	1
2191	777	1
2191	1351	1
2191	2576	1
2192	767	1
2192	435	1
2192	715	1
2192	252	1
2192	1314	1
2192	1197	1
2192	1689	1
2192	1351	1
2193	2976	1
2193	435	1
2193	1611	1
2193	2967	1
2193	1197	1
2194	2122	1
2195	707	1
2195	235	1
2195	166	1
2195	426	1
2195	2027	1
2195	1310	1
2196	1667	1
2196	435	1
2196	706	1
2196	2735	1
2196	2275	1
2196	2701	1
2196	252	1
2196	3035	1
2196	1314	1
2197	1358	1
2197	2068	1
2197	219	1
2197	1790	1
2197	706	1
2197	3085	1
2197	2701	1
2197	75	1
2198	2068	1
2198	1684	1
2198	2186	1
2198	429	1
2198	2701	1
2198	2148	1
2198	2967	1
2198	2734	1
2198	1902	1
2199	1294	1
2199	1385	1
2199	2865	1
2199	3071	1
2199	157	1
2199	3081	1
2199	2692	1
2199	1557	1
2199	910	1
2199	771	1
2199	2735	1
2199	1896	1
2199	566	1
2199	46	1
2199	2457	1
2199	2344	1
2199	2420	1
2199	2347	1
2199	1943	1
2199	786	1
2199	2701	1
2199	225	1
2199	45	1
2199	3110	1
2199	3035	1
2199	1810	1
2199	2222	1
2199	3130	1
2199	1432	1
2199	2440	1
2199	1103	1
2199	952	1
2199	2441	1
2199	3017	1
2199	2734	1
2199	160	1
2199	349	1
2199	168	1
2199	2161	1
2199	1390	1
2199	915	1
2199	1612	1
2200	1358	1
2200	435	1
2200	2735	1
2200	2150	1
2200	617	1
2200	2370	1
2200	2406	1
2201	1358	1
2201	2150	1
2201	124	1
2201	252	1
2201	2370	1
2202	1358	1
2202	252	1
2203	481	1
2203	2763	1
2203	1379	1
2204	2502	1
2204	2102	1
2204	1314	1
2204	1197	1
2205	2502	1
2205	1356	1
2205	1314	1
2206	1356	1
2207	2865	1
2207	1356	1
2207	1314	1
2208	1356	1
2209	2865	1
2209	1639	1
2209	2857	1
2209	2344	1
2209	2102	1
2209	1693	1
2209	1356	1
2209	2967	1
2209	1314	1
2209	2734	1
2209	1479	1
2210	435	1
2210	2502	1
2210	1356	1
2210	1314	1
2211	2857	1
2211	2102	1
2211	2296	1
2211	1356	1
2211	2967	1
2211	1479	1
2212	2102	1
2212	1356	1
2212	1479	1
2213	2865	1
2213	435	1
2213	77	1
2213	2344	1
2213	2102	1
2213	1356	1
2213	1314	1
2213	1479	1
2214	2865	1
2214	2703	1
2214	2102	1
2214	1356	1
2214	1479	1
2215	592	1
2215	541	1
2215	2735	1
2215	2862	1
2215	2275	1
2215	2634	1
2215	2791	1
2215	2701	1
2215	1149	1
2215	75	1
2215	2299	1
2215	1078	1
2216	920	1
2216	592	1
2216	1790	1
2216	2754	1
2216	1991	1
2216	2735	1
2216	365	1
2216	2502	1
2216	2573	1
2216	1567	1
2216	738	1
2216	818	1
2216	2643	1
2216	2763	1
2216	57	1
2216	2916	1
2216	2650	1
2216	1149	1
2216	1918	1
2216	1619	1
2216	75	1
2216	1524	1
2216	2854	1
2216	1668	1
2216	584	1
2216	689	1
2216	2852	1
2216	369	1
2217	1583	1
2217	2865	1
2217	3034	1
2217	2502	1
2217	2150	1
2217	2701	1
2217	2370	1
2217	321	1
2217	1479	1
2218	1684	1
2218	435	1
2218	2296	1
2218	1149	1
2218	349	1
2219	435	1
2219	2502	1
2219	2344	1
2219	2102	1
2219	2701	1
2219	1356	1
2219	1197	1
2220	1947	1
2220	2102	1
2220	2296	1
2220	1356	1
2220	2370	1
2220	1479	1
2221	1684	1
2221	287	1
2221	435	1
2221	875	1
2221	113	1
2221	1968	1
2221	3086	1
2221	2701	1
2221	2296	1
2221	2620	1
2221	862	1
2221	2967	1
2221	1689	1
2222	1684	1
2222	2502	1
2222	2701	1
2222	2296	1
2222	1356	1
2222	2967	1
2222	321	1
2222	1197	1
2222	1372	1
2223	1294	1
2223	1790	1
2223	2862	1
2223	2275	1
2223	2643	1
2223	2916	1
2224	1684	1
2224	435	1
2224	2857	1
2224	2703	1
2224	2643	1
2224	3085	1
2224	1356	1
2224	952	1
2224	2734	1
2224	168	1
2224	1479	1
2225	119	1
2225	1639	1
2225	2857	1
2225	1356	1
2225	2967	1
2225	1197	1
2226	435	1
2226	2502	1
2226	1356	1
2226	2967	1
2226	1314	1
2226	2789	1
2227	435	1
2227	77	1
2227	3034	1
2227	429	1
2227	3085	1
2227	2701	1
2227	1356	1
2227	2370	1
2228	2865	1
2228	1639	1
2228	435	1
2228	2857	1
2228	543	1
2228	2967	1
2228	1197	1
2228	2734	1
2229	435	1
2229	2857	1
2229	2502	1
2229	2102	1
2229	2746	1
2229	1356	1
2229	2967	1
2229	2734	1
2230	1294	1
2230	2865	1
2230	1358	1
2230	435	1
2230	2857	1
2230	2703	1
2230	715	1
2230	2344	1
2230	168	1
2231	2763	1
2231	689	1
2231	1078	1
2232	741	1
2232	936	1
2232	2967	1
2232	1314	1
2232	1197	1
2233	1938	1
2233	2857	1
2233	1790	1
2233	2862	1
2233	2041	1
2233	2154	1
2233	75	1
2233	349	1
2234	555	1
2234	219	1
2234	2857	1
2234	1947	1
2234	2457	1
2234	2370	1
2234	1314	1
2235	2068	1
2235	2915	1
2235	2186	1
2235	1874	1
2235	2338	1
2235	551	1
2235	287	1
2235	1162	1
2235	2000	1
2235	2857	1
2235	77	1
2235	1947	1
2235	741	1
2235	2486	1
2235	2456	1
2235	1460	1
2235	2703	1
2235	715	1
2235	2141	1
2235	1367	1
2235	1693	1
2235	2701	1
2235	1017	1
2235	2757	1
2235	1642	1
2235	2196	1
2235	2967	1
2235	75	1
2235	2624	1
2235	321	1
2235	997	1
2235	1471	1
2235	349	1
2235	954	1
2236	1236	1
2236	216	1
2236	287	1
2236	435	1
2236	2000	1
2236	1254	1
2236	1333	1
2236	627	1
2236	2486	1
2236	2008	1
2236	2680	1
2236	2703	1
2236	715	1
2236	2733	1
2236	3086	1
2236	2296	1
2236	1418	1
2236	2383	1
2236	2293	1
2236	1579	1
2236	2599	1
2236	129	1
2236	158	1
2236	670	1
2236	2789	1
2236	1034	1
2236	418	1
2236	183	1
2236	2714	1
2237	1451	1
2237	1294	1
2237	1658	1
2237	3137	1
2237	125	1
2237	119	1
2237	2269	1
2237	219	1
2237	157	1
2237	1952	1
2237	661	1
2237	1947	1
2237	3132	1
2237	425	1
2237	1534	1
2237	1146	1
2237	2290	1
2237	819	1
2237	1009	1
2237	2705	1
2237	2344	1
2237	1393	1
2237	2937	1
2237	2982	1
2237	2231	1
2237	2793	1
2237	2096	1
2237	549	1
2237	2668	1
2237	2196	1
2237	2040	1
2237	2098	1
2237	1630	1
2237	1071	1
2237	127	1
2237	2512	1
2237	2222	1
2237	533	1
2237	1432	1
2237	1314	1
2237	2440	1
2237	1103	1
2237	2564	1
2237	2751	1
2237	837	1
2237	205	1
2237	919	1
2237	525	1
2237	2465	1
2237	2428	1
2237	1126	1
2237	1295	1
2237	2023	1
2237	349	1
2237	1008	1
2237	2875	1
2238	936	1
2239	1294	1
2239	555	1
2239	287	1
2239	1599	1
2239	1042	1
2239	118	1
2239	2486	1
2239	2456	1
2239	875	1
2239	2735	1
2239	2703	1
2239	715	1
2239	936	1
2239	2296	1
2239	1314	1
2239	1706	1
2240	2414	1
2240	2865	1
2240	1358	1
2240	435	1
2240	2502	1
2240	1914	1
2240	2102	1
2240	1065	1
2240	2296	1
2240	1149	1
2240	2370	1
2240	990	1
2240	2967	1
2240	602	1
2240	1197	1
2240	349	1
2241	3100	1
2241	121	1
2241	1358	1
2241	1684	1
2241	551	1
2241	1275	1
2241	1308	1
2241	1759	1
2241	219	1
2241	2999	1
2241	287	1
2241	2857	1
2241	1790	1
2241	1947	1
2241	855	1
2241	3084	1
2241	544	1
2241	2735	1
2241	1221	1
2241	3033	1
2241	2703	1
2241	2457	1
2241	2114	1
2241	2344	1
2241	1135	1
2241	2597	1
2241	1611	1
2241	2701	1
2241	2296	1
2241	2757	1
2241	2668	1
2241	1935	1
2241	2967	1
2241	1432	1
2241	1443	1
2241	75	1
2241	1314	1
2241	952	1
2241	805	1
2241	1197	1
2241	1471	1
2241	418	1
2242	219	1
2242	936	1
2242	2620	1
2242	2967	1
2242	1197	1
2243	617	1
2244	98	1
2244	1294	1
2244	2735	1
2244	782	1
2244	3101	1
2244	617	1
2244	2967	1
2244	2389	1
2245	2857	1
2245	1790	1
2245	277	1
2245	2150	1
2245	3085	1
2245	2701	1
2245	2370	1
2246	1294	1
2246	1667	1
2246	1358	1
2246	2970	1
2246	1684	1
2246	1672	1
2246	119	1
2246	716	1
2246	435	1
2246	2547	1
2246	2692	1
2246	181	1
2246	1296	1
2246	706	1
2246	632	1
2246	2735	1
2246	1534	1
2246	2883	1
2246	819	1
2246	2323	1
2246	1009	1
2246	2791	1
2246	2705	1
2246	2344	1
2246	1259	1
2246	400	1
2246	2643	1
2246	2085	1
2246	1943	1
2246	1719	1
2246	2258	1
2246	2701	1
2246	2296	1
2246	2113	1
2246	1465	1
2246	2668	1
2246	1243	1
2246	1400	1
2246	959	1
2246	3110	1
2246	2546	1
2246	2279	1
2246	2949	1
2246	2203	1
2246	2154	1
2246	1810	1
2246	2222	1
2246	792	1
2246	2967	1
2246	533	1
2246	465	1
2246	2440	1
2246	1142	1
2246	2809	1
2246	2854	1
2246	2147	1
2246	1020	1
2246	726	1
2246	2734	1
2246	1295	1
2246	2358	1
2246	168	1
2246	436	1
2246	598	1
2247	1294	1
2247	1684	1
2247	2282	1
2247	2502	1
2247	2701	1
2247	2154	1
2247	2967	1
2247	75	1
2247	2406	1
2248	1790	1
2248	1947	1
2248	2643	1
2248	689	1
2248	2852	1
2248	1078	1
2249	2763	1
2249	689	1
2249	2852	1
2249	1078	1
2250	2976	1
2250	1684	1
2250	551	1
2250	909	1
2250	543	1
2250	2344	1
2250	2296	1
2250	1197	1
2251	1481	1
2251	2524	1
2251	119	1
2251	940	1
2251	2551	1
2251	1123	1
2251	3009	1
2251	2296	1
2251	144	1
2251	1761	1
2251	2967	1
2251	1086	1
2251	1314	1
2252	938	1
2252	2338	1
2252	1379	1
2253	1294	1
2253	1790	1
2253	2862	1
2253	2643	1
2253	2763	1
2254	98	1
2254	252	1
2254	617	1
2255	2068	1
2255	2338	1
2255	1790	1
2255	77	1
2255	706	1
2255	2735	1
2255	2275	1
2255	2701	1
2256	2338	1
2256	435	1
2256	2857	1
2256	1790	1
2256	706	1
2256	1947	1
2256	2502	1
2256	299	1
2256	2314	1
2256	2643	1
2256	2701	1
2256	3124	1
2256	1149	1
2256	75	1
2256	952	1
2256	2854	1
2256	1344	1
2256	2734	1
2256	1479	1
2256	2130	1
2256	3136	1
2257	252	1
2258	1358	1
2258	2068	1
2258	1684	1
2258	2186	1
2258	219	1
2258	1042	1
2258	2857	1
2258	706	1
2258	2611	1
2258	1947	1
2258	2735	1
2258	2502	1
2258	124	1
2258	1693	1
2258	2296	1
2258	1642	1
2258	906	1
2258	1149	1
2258	2967	1
2258	1314	1
2258	321	1
2258	2734	1
2258	268	1
2258	1902	1
2258	2406	1
2259	1035	1
2259	252	1
2260	2585	1
2261	741	1
2261	3084	1
2261	1460	1
2261	1149	1
2261	2967	1
2261	1197	1
2262	2865	1
2262	1639	1
2262	1162	1
2262	435	1
2262	2643	1
2262	945	1
2262	655	1
2262	1693	1
2262	1356	1
2262	2967	1
2262	1344	1
2262	2734	1
2262	2397	1
2263	1358	1
2263	2068	1
2263	2186	1
2263	1162	1
2263	2857	1
2263	77	1
2263	1947	1
2263	2502	1
2263	1705	1
2263	2701	1
2263	2296	1
2263	1356	1
2263	1314	1
2263	952	1
2263	1197	1
2264	1639	1
2264	435	1
2264	2502	1
2264	2701	1
2264	2585	1
2264	1810	1
2264	2967	1
2264	1197	1
2265	2970	1
2265	551	1
2265	435	1
2265	1042	1
2265	2857	1
2265	118	1
2265	511	1
2265	653	1
2265	741	1
2265	1389	1
2265	543	1
2265	2457	1
2265	2643	1
2265	655	1
2265	2296	1
2265	1753	1
2265	1149	1
2265	1197	1
2265	644	1
2265	2520	1
2266	1684	1
2266	1162	1
2266	831	1
2266	3084	1
2266	2150	1
2266	2791	1
2266	2344	1
2266	936	1
2266	2701	1
2266	1918	1
2266	2967	1
2266	584	1
2267	1790	1
2267	2763	1
2267	689	1
2267	1078	1
2268	1294	1
2268	551	1
2268	219	1
2268	287	1
2268	866	1
2268	1599	1
2268	430	1
2268	2857	1
2268	2486	1
2268	715	1
2268	2344	1
2268	3009	1
2268	358	1
2268	3085	1
2268	936	1
2268	158	1
2268	2967	1
2268	1314	1
2268	418	1
2269	2338	1
2269	2457	1
2269	2344	1
2269	2701	1
2269	1612	1
2270	1294	1
2270	2150	1
2270	1345	1
2270	936	1
2270	1400	1
2270	2370	1
2271	98	1
2271	77	1
2271	1149	1
2271	75	1
2271	2194	1
2271	2406	1
2272	1684	1
2272	2186	1
2272	1162	1
2272	2625	1
2272	77	1
2272	2611	1
2272	299	1
2272	936	1
2272	2701	1
2272	1149	1
2272	1390	1
2273	98	1
2273	2970	1
2273	592	1
2273	119	1
2273	2242	1
2273	232	1
2273	940	1
2273	529	1
2273	2857	1
2273	118	1
2273	77	1
2273	653	1
2273	1947	1
2273	2078	1
2273	1685	1
2273	802	1
2273	3084	1
2273	544	1
2273	2735	1
2273	2502	1
2273	113	1
2273	2150	1
2273	1055	1
2273	116	1
2273	2901	1
2273	2457	1
2273	738	1
2273	2344	1
2273	1883	1
2273	2733	1
2273	2643	1
2273	3009	1
2273	1693	1
2273	2701	1
2273	144	1
2273	2620	1
2273	743	1
2273	2203	1
2273	158	1
2273	1563	1
2273	2967	1
2273	75	1
2273	980	1
2273	2789	1
2273	1197	1
2273	2248	1
2273	1396	1
2273	1689	1
2273	383	1
2273	2734	1
2273	1351	1
2273	183	1
2273	2389	1
2273	1933	1
2273	903	1
2274	2068	1
2274	1377	1
2274	77	1
2274	2701	1
2274	1149	1
2274	689	1
2275	1358	1
2275	435	1
2275	2735	1
2275	2150	1
2275	2643	1
2275	1403	1
2275	2148	1
2275	349	1
2276	653	1
2276	2551	1
2276	1761	1
2276	111	1
2277	98	1
2277	1294	1
2277	1667	1
2277	809	1
2277	2338	1
2277	551	1
2277	1377	1
2277	219	1
2277	2534	1
2277	2857	1
2277	1790	1
2277	118	1
2277	77	1
2277	2611	1
2277	910	1
2277	2986	1
2277	741	1
2277	1382	1
2277	3084	1
2277	2735	1
2277	1534	1
2277	2551	1
2277	2703	1
2277	2791	1
2277	2702	1
2277	124	1
2277	1598	1
2277	2643	1
2277	208	1
2277	2763	1
2277	2296	1
2277	2982	1
2277	700	1
2277	1356	1
2277	1400	1
2277	2196	1
2277	2203	1
2277	1149	1
2277	2148	1
2277	2154	1
2277	990	1
2277	2967	1
2277	1086	1
2277	465	1
2277	1324	1
2277	525	1
2277	1197	1
2277	1689	1
2277	689	1
2277	2734	1
2277	168	1
2277	1078	1
2277	2130	1
2277	658	1
2278	2068	1
2278	2338	1
2278	1377	1
2278	2735	1
2278	2275	1
2278	2643	1
2278	1693	1
2278	2701	1
2279	419	1
2279	551	1
2279	435	1
2279	1042	1
2279	2857	1
2279	3048	1
2279	2880	1
2279	1366	1
2279	2456	1
2279	2703	1
2279	2344	1
2279	1063	1
2279	2296	1
2279	1498	1
2279	1586	1
2279	1101	1
2279	3037	1
2279	2967	1
2279	1314	1
2279	1523	1
2279	1670	1
2279	917	1
2279	111	1
2279	1351	1
2279	168	1
2279	1902	1
2279	1008	1
2280	1358	1
2280	706	1
2280	2735	1
2280	2643	1
2280	349	1
2280	2406	1
2281	2976	1
2281	435	1
2281	741	1
2281	2502	1
2281	1586	1
2281	1314	1
2281	2392	1
2281	917	1
2281	1351	1
2282	435	1
2282	706	1
2282	910	1
2282	2735	1
2282	2275	1
2282	124	1
2282	349	1
2282	2406	1
2283	1947	1
2283	1685	1
2283	2120	1
2283	3127	1
2283	2862	1
2283	2275	1
2283	1817	1
2283	2791	1
2283	818	1
2283	2643	1
2283	2481	1
2283	3098	1
2283	2620	1
2283	1151	1
2283	2154	1
2283	1709	1
2283	952	1
2283	1703	1
2283	1612	1
2283	94	1
2284	98	1
2284	287	1
2284	10	1
2284	706	1
2284	910	1
2284	1947	1
2284	1079	1
2284	2344	1
2284	2314	1
2284	2643	1
2284	208	1
2284	1370	1
2284	1734	1
2284	2701	1
2284	2296	1
2284	1149	1
2284	2154	1
2284	745	1
2284	418	1
2284	349	1
2284	1902	1
2285	435	1
2285	118	1
2285	2699	1
2285	1035	1
2285	2746	1
2285	1400	1
2285	2967	1
2285	952	1
2285	2789	1
2285	525	1
2285	1197	1
2285	2248	1
2285	2734	1
2285	535	1
2286	435	1
2286	2857	1
2286	2791	1
2286	2701	1
2286	2967	1
2286	1612	1
2287	1667	1
2287	920	1
2287	119	1
2287	435	1
2287	991	1
2287	2857	1
2287	1947	1
2287	3084	1
2287	2735	1
2287	2150	1
2287	543	1
2287	715	1
2287	2114	1
2287	1611	1
2287	936	1
2287	1149	1
2287	1314	1
2287	1670	1
2287	1197	1
2287	954	1
2288	767	1
2288	2857	1
2288	220	1
2288	741	1
2288	2791	1
2288	2701	1
2288	2746	1
2288	2757	1
2288	2620	1
2288	252	1
2288	2967	1
2288	584	1
2288	2642	1
2288	1351	1
2289	1294	1
2289	2446	1
2289	1356	1
2289	2370	1
2289	2967	1
2289	1314	1
2289	1670	1
2289	2734	1
2289	349	1
2289	369	1
2290	2791	1
2290	2643	1
2290	936	1
2290	3098	1
2290	1149	1
2290	2967	1
2290	952	1
2290	954	1
2291	1993	1
2291	653	1
2291	1345	1
2291	1449	1
2291	2643	1
2291	7	1
2291	936	1
2291	2746	1
2291	2987	1
2291	2967	1
2291	75	1
2291	1078	1
2292	2987	1
2292	3098	1
2292	2620	1
2292	335	1
2292	2967	1
2292	75	1
2293	1149	1
2294	2976	1
2294	2915	1
2294	1684	1
2294	551	1
2294	2242	1
2294	435	1
2294	1333	1
2294	1947	1
2294	741	1
2294	2486	1
2294	544	1
2294	2551	1
2294	715	1
2294	2597	1
2294	1674	1
2294	3009	1
2294	2296	1
2294	158	1
2294	1346	1
2295	1345	1
2295	936	1
2295	2987	1
2295	3098	1
2296	435	1
2296	2857	1
2296	1993	1
2296	3084	1
2296	2502	1
2296	2862	1
2296	2275	1
2296	1345	1
2296	1697	1
2296	2643	1
2296	936	1
2296	3098	1
2296	1151	1
2296	1149	1
2296	1989	1
2296	2967	1
2296	75	1
2296	1592	1
2296	1078	1
2296	1612	1
2296	903	1
2297	3100	1
2297	2976	1
2297	435	1
2297	940	1
2297	2857	1
2297	1014	1
2297	116	1
2297	145	1
2297	1563	1
2297	1314	1
2297	437	1
2297	107	1
2298	98	1
2298	1294	1
2298	2865	1
2298	1358	1
2298	767	1
2298	2524	1
2298	551	1
2298	119	1
2298	435	1
2298	991	1
2298	1042	1
2298	2525	1
2298	1254	1
2298	2857	1
2298	118	1
2298	653	1
2298	741	1
2298	2693	1
2298	543	1
2298	2703	1
2298	715	1
2298	738	1
2298	2344	1
2298	208	1
2298	936	1
2298	2701	1
2298	2757	1
2298	1640	1
2298	2967	1
2298	917	1
2298	1034	1
2298	1197	1
2298	584	1
2298	1390	1
2298	1612	1
2299	809	1
2299	1684	1
2299	119	1
2299	940	1
2299	511	1
2299	2502	1
2299	1711	1
2299	950	1
2299	2679	1
2299	2757	1
2299	1753	1
2299	1280	1
2299	2967	1
2299	2789	1
2299	1495	1
2299	1689	1
2299	921	1
2300	809	1
2300	178	1
2300	2534	1
2300	2857	1
2300	511	1
2300	2502	1
2300	1880	1
2300	1711	1
2300	2703	1
2300	1123	1
2300	1883	1
2300	2746	1
2300	1356	1
2300	75	1
2300	1314	1
2300	437	1
2300	1197	1
2300	921	1
2301	1358	1
2301	767	1
2301	2524	1
2301	287	1
2301	1599	1
2301	940	1
2301	430	1
2301	1042	1
2301	706	1
2301	910	1
2301	1333	1
2301	1947	1
2301	242	1
2301	741	1
2301	1905	1
2301	3084	1
2301	2150	1
2301	116	1
2301	543	1
2301	1123	1
2301	124	1
2301	1883	1
2301	1611	1
2301	2268	1
2301	936	1
2301	2701	1
2301	2296	1
2301	1753	1
2301	164	1
2301	2967	1
2301	1314	1
2301	997	1
2301	1689	1
2301	2734	1
2301	2406	1
2301	2140	1
2302	3100	1
2302	938	1
2302	809	1
2302	1684	1
2302	767	1
2302	2524	1
2302	119	1
2302	774	1
2302	178	1
2302	1433	1
2302	909	1
2302	435	1
2302	1380	1
2302	409	1
2302	2857	1
2302	220	1
2302	741	1
2302	855	1
2302	544	1
2302	543	1
2302	2133	1
2302	124	1
2302	2344	1
2302	1883	1
2302	429	1
2302	876	1
2302	358	1
2302	2268	1
2302	936	1
2302	2757	1
2302	1400	1
2302	164	1
2302	670	1
2302	1563	1
2302	1314	1
2302	2408	1
2302	628	1
2302	777	1
2302	1197	1
2302	2489	1
2302	168	1
2302	267	1
2303	232	1
2303	230	1
2303	3008	1
2303	706	1
2303	653	1
2303	2038	1
2303	543	1
2303	1345	1
2303	1761	1
2303	2967	1
2303	2789	1
2303	437	1
2303	111	1
2303	1197	1
2304	2970	1
2304	119	1
2304	178	1
2304	1380	1
2304	940	1
2304	2857	1
2304	543	1
2304	1345	1
2304	2703	1
2304	950	1
2304	1674	1
2304	2679	1
2304	2268	1
2304	2746	1
2304	1753	1
2304	1761	1
2304	2967	1
2304	75	1
2304	1314	1
2304	437	1
2304	777	1
2304	1197	1
2304	1351	1
2304	1457	1
2305	809	1
2305	1684	1
2305	551	1
2305	119	1
2305	230	1
2305	1183	1
2305	1580	1
2305	2534	1
2305	435	1
2305	940	1
2305	2857	1
2305	653	1
2305	741	1
2305	116	1
2305	2296	1
2305	144	1
2305	1761	1
2305	1586	1
2305	2348	1
2305	1563	1
2305	2967	1
2305	1086	1
2305	75	1
2305	2392	1
2305	1523	1
2305	437	1
2305	111	1
2305	107	1
2305	2248	1
2305	41	1
2305	1351	1
2305	1346	1
2306	2857	1
2306	653	1
2306	741	1
2306	543	1
2306	2703	1
2306	1761	1
2306	1086	1
2306	1314	1
2307	991	1
2307	2857	1
2307	543	1
2307	1761	1
2307	2967	1
2307	1314	1
2307	917	1
2307	2789	1
2307	777	1
2308	767	1
2308	435	1
2308	910	1
2308	2078	1
2308	2150	1
2308	543	1
2308	1123	1
2308	715	1
2308	2746	1
2308	1149	1
2308	75	1
2308	1314	1
2308	2392	1
2308	1197	1
2309	119	1
2309	219	1
2309	2857	1
2309	741	1
2309	543	1
2309	1761	1
2309	2967	1
2309	2789	1
2310	3100	1
2310	2976	1
2310	119	1
2310	2328	1
2310	940	1
2310	653	1
2310	2078	1
2310	2551	1
2310	116	1
2310	2703	1
2310	1123	1
2310	715	1
2310	1883	1
2310	950	1
2310	2296	1
2310	2967	1
2310	75	1
2310	1314	1
2310	2392	1
2310	2789	1
2310	437	1
2310	777	1
2310	2248	1
2311	809	1
2311	2976	1
2311	119	1
2311	287	1
2311	940	1
2311	2857	1
2311	653	1
2311	2486	1
2311	2150	1
2311	2551	1
2311	2703	1
2311	2344	1
2311	950	1
2311	2772	1
2311	2296	1
2311	144	1
2311	2967	1
2311	1314	1
2311	111	1
2311	777	1
2311	1197	1
2312	3100	1
2312	809	1
2312	2976	1
2312	119	1
2312	2534	1
2312	435	1
2312	2857	1
2312	118	1
2312	1345	1
2312	2703	1
2312	1123	1
2312	2344	1
2312	1053	1
2312	2296	1
2312	144	1
2312	1761	1
2312	2348	1
2312	2967	1
2312	1086	1
2312	1314	1
2312	437	1
2312	111	1
2312	777	1
2312	1197	1
2312	1351	1
2313	809	1
2313	1684	1
2313	551	1
2313	178	1
2313	435	1
2313	1014	1
2313	741	1
2313	2502	1
2313	2551	1
2313	543	1
2313	1123	1
2313	715	1
2313	2772	1
2313	2746	1
2313	144	1
2313	403	1
2313	1101	1
2313	1640	1
2313	75	1
2313	1314	1
2313	1523	1
2313	917	1
2313	2789	1
2313	777	1
2313	1197	1
2313	1471	1
2313	41	1
2313	1351	1
2314	3100	1
2314	1358	1
2314	809	1
2314	2070	1
2314	219	1
2314	1521	1
2314	940	1
2314	1014	1
2314	706	1
2314	741	1
2314	2502	1
2314	1968	1
2314	543	1
2314	2703	1
2314	715	1
2314	2705	1
2314	738	1
2314	1883	1
2314	1488	1
2314	1794	1
2314	3009	1
2314	936	1
2314	2701	1
2314	1645	1
2314	1640	1
2314	1210	1
2314	1086	1
2314	75	1
2314	1314	1
2314	323	1
2314	2246	1
2314	437	1
2314	777	1
2314	369	1
2314	1457	1
2315	767	1
2315	232	1
2315	230	1
2315	1183	1
2315	2534	1
2315	2857	1
2315	2551	1
2315	543	1
2315	1345	1
2315	2703	1
2315	655	1
2315	1356	1
2315	1813	1
2315	1640	1
2315	1314	1
2315	1523	1
2315	437	1
2315	1197	1
2315	41	1
2316	3100	1
2316	853	1
2316	2204	1
2316	1684	1
2316	1246	1
2316	767	1
2316	1549	1
2316	2328	1
2316	178	1
2316	232	1
2316	1183	1
2316	909	1
2316	287	1
2316	982	1
2316	940	1
2316	409	1
2316	1014	1
2316	1153	1
2316	1333	1
2316	2917	1
2316	2486	1
2316	2456	1
2316	1534	1
2316	2502	1
2316	1880	1
2316	967	1
2316	2551	1
2316	1504	1
2316	116	1
2316	486	1
2316	1345	1
2316	3020	1
2316	2703	1
2316	2884	1
2316	1611	1
2316	1794	1
2316	2268	1
2316	1575	1
2316	1063	1
2316	2296	1
2316	1845	1
2316	1356	1
2316	1498	1
2316	1352	1
2316	1586	1
2316	1101	1
2316	1813	1
2316	1640	1
2316	650	1
2316	129	1
2316	534	1
2316	2348	1
2316	1563	1
2316	2392	1
2316	1341	1
2316	2368	1
2316	1523	1
2316	221	1
2316	1045	1
2316	917	1
2316	980	1
2316	2789	1
2316	437	1
2316	111	1
2316	1867	1
2316	1689	1
2316	745	1
2316	1351	1
2316	2356	1
2316	1346	1
2316	954	1
2317	2534	1
2317	435	1
2317	991	1
2317	2857	1
2317	2502	1
2317	2038	1
2317	2703	1
2317	2268	1
2317	2296	1
2317	2757	1
2317	164	1
2317	75	1
2317	1314	1
2317	2789	1
2318	232	1
2318	230	1
2318	2534	1
2318	653	1
2318	2693	1
2318	1345	1
2318	2746	1
2318	1356	1
2318	1761	1
2318	1586	1
2318	2967	1
2318	2392	1
2318	917	1
2318	111	1
2319	232	1
2319	3008	1
2319	653	1
2319	2551	1
2319	2038	1
2319	2457	1
2319	290	1
2319	655	1
2319	2746	1
2319	700	1
2319	1356	1
2319	1761	1
2319	2967	1
2319	1077	1
2320	2204	1
2320	2865	1
2320	2851	1
2320	435	1
2320	3008	1
2320	2857	1
2320	741	1
2320	2486	1
2320	2502	1
2320	543	1
2320	715	1
2320	290	1
2320	2620	1
2320	1217	1
2320	1761	1
2320	1314	1
2320	2789	1
2320	111	1
2320	472	1
2320	1612	1
2321	853	1
2321	809	1
2321	2524	1
2321	119	1
2321	59	1
2321	232	1
2321	287	1
2321	435	1
2321	940	1
2321	2150	1
2321	2551	1
2321	116	1
2321	543	1
2321	2703	1
2321	738	1
2321	2597	1
2321	1063	1
2321	144	1
2321	1761	1
2321	75	1
2321	1314	1
2321	1341	1
2321	2789	1
2321	1197	1
2321	2489	1
2321	1689	1
2321	41	1
2321	978	1
2321	1346	1
2322	2551	1
2322	543	1
2322	715	1
2322	1655	1
2322	75	1
2322	917	1
2322	241	1
2322	437	1
2322	1346	1
2323	3100	1
2323	2915	1
2323	1684	1
2323	947	1
2323	767	1
2323	232	1
2323	2534	1
2323	940	1
2323	409	1
2323	991	1
2323	1947	1
2323	741	1
2323	2502	1
2323	2551	1
2323	543	1
2323	1345	1
2323	2703	1
2323	715	1
2323	1734	1
2323	1356	1
2323	144	1
2323	1761	1
2323	1586	1
2323	1086	1
2323	2392	1
2323	1523	1
2323	2789	1
2323	1197	1
2323	1471	1
2323	2489	1
2323	1689	1
2323	2980	1
2323	1346	1
2324	3100	1
2324	809	1
2324	2970	1
2324	1684	1
2324	551	1
2324	119	1
2324	232	1
2324	219	1
2324	909	1
2324	287	1
2324	435	1
2324	1042	1
2324	2857	1
2324	1333	1
2324	1947	1
2324	741	1
2324	2486	1
2324	875	1
2324	2502	1
2324	2693	1
2324	281	1
2324	116	1
2324	2720	1
2324	2133	1
2324	1123	1
2324	950	1
2324	3009	1
2324	2679	1
2324	2268	1
2324	2746	1
2324	1645	1
2324	2757	1
2324	144	1
2324	2235	1
2324	1149	1
2324	1640	1
2324	2348	1
2324	2967	1
2324	1432	1
2324	1314	1
2324	2440	1
2324	917	1
2324	241	1
2324	2789	1
2324	777	1
2324	1197	1
2324	2614	1
2324	2248	1
2324	1689	1
2324	41	1
2324	1351	1
2324	921	1
2325	3100	1
2325	1358	1
2325	2970	1
2325	2976	1
2325	2257	1
2325	419	1
2325	435	1
2325	653	1
2325	2502	1
2325	116	1
2325	543	1
2325	2701	1
2325	1356	1
2325	2235	1
2325	2620	1
2325	1761	1
2325	1086	1
2325	75	1
2325	1197	1
2325	2734	1
2325	2406	1
2325	1457	1
2326	3100	1
2326	119	1
2326	2534	1
2326	435	1
2326	2857	1
2326	2502	1
2326	715	1
2326	1063	1
2326	1356	1
2326	1761	1
2326	2967	1
2326	75	1
2326	1314	1
2326	2980	1
2326	2406	1
2327	3100	1
2327	1358	1
2327	2970	1
2327	2976	1
2327	419	1
2327	767	1
2327	119	1
2327	219	1
2327	909	1
2327	2534	1
2327	1014	1
2327	741	1
2327	2735	1
2327	116	1
2327	715	1
2327	1883	1
2327	1654	1
2327	2679	1
2327	1063	1
2327	2746	1
2327	2620	1
2327	145	1
2327	1086	1
2327	75	1
2327	1314	1
2327	2392	1
2327	2789	1
2327	1197	1
2327	107	1
2327	1689	1
2327	2734	1
2327	2406	1
2327	1457	1
2328	1358	1
2328	2976	1
2328	2257	1
2328	767	1
2328	219	1
2328	2534	1
2328	287	1
2328	435	1
2328	940	1
2328	2857	1
2328	2502	1
2328	2551	1
2328	116	1
2328	715	1
2328	2705	1
2328	1063	1
2328	2746	1
2328	1356	1
2328	2348	1
2328	1563	1
2328	2967	1
2328	1512	1
2328	1523	1
2328	2789	1
2328	437	1
2328	1197	1
2328	107	1
2328	1689	1
2328	2980	1
2328	1457	1
2329	3100	1
2329	1294	1
2329	2371	1
2329	419	1
2329	767	1
2329	119	1
2329	774	1
2329	219	1
2329	2534	1
2329	435	1
2329	2857	1
2329	2150	1
2329	1883	1
2329	1356	1
2329	2620	1
2329	1400	1
2329	1761	1
2329	2203	1
2329	145	1
2329	2348	1
2329	2967	1
2329	1314	1
2329	2392	1
2329	1197	1
2329	107	1
2329	2980	1
2330	3100	1
2330	2371	1
2330	767	1
2330	909	1
2330	2534	1
2330	940	1
2330	2857	1
2330	1014	1
2330	653	1
2330	741	1
2330	116	1
2330	543	1
2330	1063	1
2330	2746	1
2330	2620	1
2330	1761	1
2330	1563	1
2330	2967	1
2330	1512	1
2330	2392	1
2330	1523	1
2330	437	1
2330	111	1
2330	1197	1
2330	1689	1
2330	2734	1
2330	2980	1
2331	1790	1
2331	2862	1
2331	2275	1
2331	2643	1
2331	2763	1
2331	1078	1
2332	2763	1
2332	1379	1
2332	689	1
2333	2735	1
2333	2763	1
2333	2916	1
2333	584	1
2333	689	1
2333	1078	1
2334	2763	1
2334	689	1
2335	3100	1
2335	2970	1
2335	1684	1
2335	767	1
2335	551	1
2335	178	1
2335	230	1
2335	2857	1
2335	1460	1
2335	543	1
2335	2703	1
2335	876	1
2335	1432	1
2335	1314	1
2335	2973	1
2335	2789	1
2335	2055	1
2335	1351	1
2336	2970	1
2336	1345	1
2336	2296	1
2336	1314	1
2336	2789	1
2337	2551	1
2337	2296	1
2337	41	1
2338	809	1
2338	1684	1
2338	767	1
2338	2524	1
2338	1433	1
2338	909	1
2338	96	1
2338	435	1
2338	940	1
2338	2339	1
2338	116	1
2338	1883	1
2338	950	1
2338	2296	1
2338	144	1
2338	1400	1
2338	158	1
2338	2967	1
2338	1432	1
2338	75	1
2338	1314	1
2338	997	1
2338	1197	1
2338	1351	1
2338	2980	1
2339	1294	1
2339	1433	1
2339	543	1
2339	2701	1
2339	2348	1
2339	2967	1
2339	75	1
2339	1314	1
2339	535	1
2340	1294	1
2340	555	1
2340	1667	1
2340	1358	1
2340	2970	1
2340	2538	1
2340	767	1
2340	2524	1
2340	551	1
2340	287	1
2340	435	1
2340	1599	1
2340	1042	1
2340	706	1
2340	741	1
2340	967	1
2340	2680	1
2340	543	1
2340	2703	1
2340	2457	1
2340	347	1
2340	950	1
2340	2643	1
2340	876	1
2340	2268	1
2340	1693	1
2340	2746	1
2340	2757	1
2340	1775	1
2340	1400	1
2340	1149	1
2340	3037	1
2340	952	1
2340	1511	1
2340	2789	1
2340	1324	1
2340	437	1
2340	111	1
2340	1197	1
2340	2248	1
2340	1351	1
2340	1902	1
2340	954	1
2341	1632	1
2341	2502	1
2341	2275	1
2341	1149	1
2341	465	1
2341	1091	1
2341	1703	1
2341	1612	1
2342	1684	1
2342	1874	1
2342	551	1
2342	119	1
2342	741	1
2342	967	1
2342	715	1
2342	2296	1
2342	1314	1
2342	1197	1
2342	418	1
2342	1351	1
2343	655	1
2343	2967	1
2343	75	1
2344	2068	1
2344	1162	1
2344	498	1
2344	2735	1
2344	2502	1
2344	2275	1
2344	543	1
2344	124	1
2344	2701	1
2344	1400	1
2344	1149	1
2344	2154	1
2344	75	1
2344	952	1
2344	1197	1
2344	584	1
2344	1902	1
2344	2406	1
2345	853	1
2345	2204	1
2345	555	1
2345	2976	1
2345	767	1
2345	2524	1
2345	551	1
2345	119	1
2345	2242	1
2345	178	1
2345	230	1
2345	1183	1
2345	219	1
2345	96	1
2345	287	1
2345	435	1
2345	982	1
2345	940	1
2345	1947	1
2345	544	1
2345	875	1
2345	2699	1
2345	1880	1
2345	2720	1
2345	2703	1
2345	715	1
2345	1883	1
2345	950	1
2345	2597	1
2345	2772	1
2345	2296	1
2345	144	1
2345	743	1
2345	894	1
2345	158	1
2345	2967	1
2345	1086	1
2345	1314	1
2345	997	1
2345	917	1
2345	2246	1
2345	777	1
2345	1197	1
2345	1689	1
2345	2192	1
2345	1824	1
2345	943	1
2346	682	1
2346	1308	1
2346	1254	1
2346	2133	1
2346	3095	1
2346	252	1
2347	2204	1
2347	809	1
2347	2970	1
2347	2257	1
2347	551	1
2347	2637	1
2347	2328	1
2347	2523	1
2347	232	1
2347	230	1
2347	1433	1
2347	435	1
2347	940	1
2347	1042	1
2347	2857	1
2347	741	1
2347	875	1
2347	2699	1
2347	543	1
2347	2703	1
2347	715	1
2347	1883	1
2347	2838	1
2347	1135	1
2347	950	1
2347	876	1
2347	2597	1
2347	1611	1
2347	3009	1
2347	2268	1
2347	1693	1
2347	2296	1
2347	2746	1
2347	144	1
2347	2620	1
2347	1400	1
2347	2196	1
2347	158	1
2347	1086	1
2347	1314	1
2347	2392	1
2347	1182	1
2347	917	1
2347	2789	1
2347	1344	1
2347	777	1
2347	1197	1
2347	2248	1
2347	1351	1
2347	954	1
2347	1372	1
2348	767	1
2348	2857	1
2348	741	1
2348	2703	1
2348	936	1
2348	2701	1
2348	2620	1
2348	1149	1
2348	1314	1
2348	2789	1
2348	1197	1
2349	511	1
2349	2502	1
2349	715	1
2349	2746	1
2349	1753	1
2349	2006	1
2349	2040	1
2349	1314	1
2349	1479	1
2350	1358	1
2350	767	1
2350	2524	1
2350	230	1
2350	940	1
2350	2525	1
2350	1460	1
2350	967	1
2350	543	1
2350	68	1
2350	1123	1
2350	715	1
2350	3126	1
2350	738	1
2350	2344	1
2350	1883	1
2350	3021	1
2350	1393	1
2350	936	1
2350	2701	1
2350	2296	1
2350	2967	1
2350	75	1
2350	1314	1
2350	2440	1
2350	1005	1
2350	2246	1
2350	2789	1
2350	1495	1
2350	168	1
2351	2970	1
2351	1684	1
2351	767	1
2351	815	1
2351	2524	1
2351	10	1
2351	435	1
2351	866	1
2351	991	1
2351	118	1
2351	1333	1
2351	741	1
2351	2486	1
2351	113	1
2351	116	1
2351	543	1
2351	2720	1
2351	251	1
2351	715	1
2351	2344	1
2351	2346	1
2351	950	1
2351	208	1
2351	2597	1
2351	1393	1
2351	1367	1
2351	2937	1
2351	2268	1
2351	2701	1
2351	75	1
2351	1314	1
2351	1103	1
2351	997	1
2351	1005	1
2351	2246	1
2351	1495	1
2351	1197	1
2351	183	1
2352	938	1
2352	809	1
2352	1684	1
2352	815	1
2352	2524	1
2352	2242	1
2352	940	1
2352	1948	1
2352	1333	1
2352	1947	1
2352	2486	1
2352	1746	1
2352	715	1
2352	1883	1
2352	3009	1
2352	1456	1
2352	3036	1
2352	1772	1
2352	2268	1
2352	2630	1
2352	2224	1
2352	2296	1
2352	613	1
2352	834	1
2352	1210	1
2352	1034	1
2352	2140	1
2353	119	1
2353	2857	1
2353	2712	1
2353	2502	1
2353	715	1
2353	2746	1
2353	1356	1
2353	2967	1
2353	1314	1
2353	2789	1
2353	1479	1
2354	2865	1
2354	1356	1
2354	2585	1
2355	1684	1
2355	119	1
2355	435	1
2355	2502	1
2355	2746	1
2355	1356	1
2355	1689	1
2356	2865	1
2356	1684	1
2356	1639	1
2356	435	1
2356	2102	1
2356	2967	1
2356	1197	1
2356	1479	1
2357	1583	1
2357	1358	1
2357	551	1
2357	435	1
2357	2857	1
2357	910	1
2357	2735	1
2357	124	1
2357	3085	1
2357	2701	1
2357	2370	1
2357	2967	1
2357	1197	1
2357	1612	1
2358	938	1
2358	2886	1
2358	1684	1
2358	815	1
2358	2524	1
2358	551	1
2358	119	1
2358	2242	1
2358	2600	1
2358	216	1
2358	435	1
2358	1042	1
2358	1254	1
2358	1948	1
2358	118	1
2358	1947	1
2358	2486	1
2358	2456	1
2358	1102	1
2358	1746	1
2358	1172	1
2358	224	1
2358	609	1
2358	1298	1
2358	543	1
2358	2963	1
2358	2430	1
2358	2703	1
2358	1271	1
2358	2344	1
2358	2643	1
2358	760	1
2358	3009	1
2358	1772	1
2358	2679	1
2358	2224	1
2358	2701	1
2358	2296	1
2358	1678	1
2358	613	1
2358	474	1
2358	894	1
2358	2383	1
2358	2293	1
2358	1101	1
2358	1579	1
2358	129	1
2358	158	1
2358	1314	1
2358	2408	1
2358	2440	1
2358	1005	1
2358	2789	1
2358	437	1
2358	777	1
2358	1596	1
2358	2714	1
2358	2140	1
2358	2849	1
2358	3119	1
2358	921	1
2359	2865	1
2359	511	1
2359	116	1
2359	1356	1
2359	1149	1
2359	2967	1
2359	1314	1
2359	2130	1
2360	119	1
2360	2857	1
2360	1356	1
2360	2967	1
2360	1314	1
2361	350	1
2361	230	1
2361	2752	1
2361	1513	1
2361	1356	1
2361	3069	1
2361	2967	1
2361	1197	1
2362	3100	1
2362	1294	1
2362	2828	1
2362	767	1
2362	119	1
2362	1580	1
2362	1433	1
2362	1464	1
2362	3008	1
2362	940	1
2362	1042	1
2362	2857	1
2362	1296	1
2362	3084	1
2362	543	1
2362	2703	1
2362	2457	1
2362	429	1
2362	3128	1
2362	1693	1
2362	2701	1
2362	2746	1
2362	307	1
2362	1400	1
2362	1149	1
2362	2967	1
2362	1432	1
2362	1314	1
2362	2246	1
2362	2789	1
2362	2248	1
2362	1689	1
2362	2980	1
2362	1346	1
2362	1612	1
2363	2502	1
2363	2701	1
2363	1810	1
2363	2967	1
2363	1314	1
2363	1197	1
2363	2980	1
2363	903	1
2364	1684	1
2364	767	1
2364	119	1
2364	2851	1
2364	2857	1
2364	220	1
2364	2502	1
2364	2551	1
2364	2344	1
2364	2296	1
2364	2967	1
2364	75	1
2364	1314	1
2364	952	1
2364	2980	1
2365	1294	1
2365	2414	1
2365	1189	1
2365	2524	1
2365	551	1
2365	2851	1
2365	1525	1
2365	909	1
2365	435	1
2365	940	1
2365	2857	1
2365	679	1
2365	2317	1
2365	511	1
2365	706	1
2365	2014	1
2365	1980	1
2365	2173	1
2365	116	1
2365	543	1
2365	1345	1
2365	2701	1
2365	2241	1
2365	1184	1
2365	862	1
2365	677	1
2365	2724	1
2365	3138	1
2365	1314	1
2365	1976	1
2365	952	1
2365	2436	1
2365	2789	1
2365	525	1
2365	2441	1
2365	1197	1
2365	2489	1
2365	2926	1
2365	2248	1
2365	1689	1
2365	1351	1
2365	1093	1
2365	690	1
2365	2980	1
2365	1346	1
2365	2243	1
2365	2714	1
2365	1572	1
2366	2158	1
2366	2865	1
2366	1684	1
2366	2637	1
2366	119	1
2366	725	1
2366	1183	1
2366	1580	1
2366	909	1
2366	940	1
2366	2857	1
2366	302	1
2366	2150	1
2366	2551	1
2366	2177	1
2366	715	1
2366	2114	1
2366	950	1
2366	876	1
2366	1728	1
2366	2888	1
2366	3090	1
2366	2701	1
2366	2757	1
2366	307	1
2366	144	1
2366	164	1
2366	1314	1
2366	1197	1
2366	2248	1
2366	1689	1
2366	1351	1
2366	1015	1
2366	469	1
2367	2763	1
2367	1379	1
2367	689	1
2368	551	1
2368	1433	1
2368	435	1
2368	2857	1
2368	741	1
2368	2693	1
2368	116	1
2368	543	1
2368	1123	1
2368	2967	1
2368	1314	1
2368	997	1
2368	952	1
2368	1689	1
2369	1481	1
2369	1294	1
2369	767	1
2369	1433	1
2369	435	1
2369	940	1
2369	1201	1
2369	2917	1
2369	741	1
2369	2502	1
2369	2588	1
2369	116	1
2369	543	1
2369	715	1
2369	950	1
2369	2765	1
2369	455	1
2369	2296	1
2369	144	1
2369	2589	1
2369	2964	1
2369	1197	1
2369	1689	1
2369	1351	1
2369	168	1
2369	1706	1
2369	1818	1
2370	1294	1
2370	2524	1
2370	551	1
2370	219	1
2370	1433	1
2370	909	1
2370	435	1
2370	696	1
2370	1042	1
2370	2857	1
2370	1201	1
2370	741	1
2370	2502	1
2370	2693	1
2370	116	1
2370	1312	1
2370	1123	1
2370	715	1
2370	950	1
2370	2765	1
2370	2296	1
2370	144	1
2370	1400	1
2370	2589	1
2370	2964	1
2370	2248	1
2370	2975	1
2370	1689	1
2370	2520	1
2370	1479	1
2370	1372	1
2370	2318	1
2370	1572	1
2371	435	1
2371	143	1
2371	2857	1
2371	1201	1
2371	802	1
2371	2693	1
2371	2967	1
2371	525	1
2371	1197	1
2371	1933	1
2371	1372	1
2371	1572	1
2372	1294	1
2372	2865	1
2372	2857	1
2372	706	1
2372	2502	1
2372	1079	1
2372	2701	1
2372	2296	1
2372	1400	1
2372	1314	1
2372	952	1
2372	2975	1
2373	1294	1
2373	551	1
2373	1433	1
2373	1254	1
2373	1201	1
2373	2502	1
2373	2693	1
2373	116	1
2373	1312	1
2373	715	1
2373	2898	1
2373	952	1
2373	1197	1
2373	2975	1
2373	1689	1
2373	1532	1
2373	1351	1
2374	230	1
2374	543	1
2374	442	1
2374	1345	1
2374	2746	1
2374	307	1
2374	75	1
2374	2789	1
2374	1197	1
2374	1351	1
2374	2980	1
2374	1479	1
2375	1790	1
2375	541	1
2375	2735	1
2375	2643	1
2375	2763	1
2375	2701	1
2375	2916	1
2375	1149	1
2375	1379	1
2375	689	1
2375	3119	1
2376	2068	1
2376	1684	1
2376	1639	1
2376	1162	1
2376	1042	1
2376	220	1
2376	2486	1
2376	2502	1
2376	2703	1
2376	715	1
2376	2344	1
2376	2102	1
2376	1693	1
2376	2701	1
2376	2296	1
2376	1356	1
2376	2967	1
2376	1314	1
2376	2406	1
2376	903	1
2377	2102	1
2377	1356	1
2377	2734	1
2377	1479	1
2378	1583	1
2378	2068	1
2378	1684	1
2378	119	1
2378	77	1
2378	2344	1
2378	2102	1
2378	1693	1
2378	2296	1
2378	3101	1
2378	2370	1
2378	2967	1
2378	2975	1
2378	903	1
2379	1583	1
2379	322	1
2379	435	1
2379	2857	1
2379	1790	1
2379	77	1
2379	1947	1
2379	2735	1
2379	2502	1
2379	2150	1
2379	429	1
2379	2701	1
2379	1356	1
2379	2196	1
2379	2967	1
2379	1314	1
2379	2854	1
2379	1197	1
2379	2734	1
2379	1902	1
2379	903	1
2380	435	1
2380	2712	1
2380	2502	1
2380	715	1
2380	2746	1
2380	6	1
2380	2967	1
2380	1314	1
2381	682	1
2381	619	1
2381	551	1
2381	119	1
2381	178	1
2381	1715	1
2381	2003	1
2381	679	1
2381	2317	1
2381	511	1
2381	1264	1
2381	2562	1
2381	1763	1
2381	3033	1
2381	2818	1
2381	116	1
2381	1907	1
2381	251	1
2381	2435	1
2381	2703	1
2381	715	1
2381	2114	1
2381	2344	1
2381	3021	1
2381	2657	1
2381	2597	1
2381	1022	1
2381	888	1
2381	770	1
2381	2746	1
2381	2757	1
2381	2065	1
2381	1356	1
2381	2396	1
2381	1440	1
2381	1400	1
2381	1349	1
2381	2040	1
2381	2203	1
2381	1482	1
2381	1640	1
2381	1564	1
2381	2967	1
2381	1314	1
2381	2422	1
2381	249	1
2381	2766	1
2381	2436	1
2381	241	1
2381	2789	1
2381	628	1
2381	1689	1
2381	1229	1
2381	729	1
2381	1346	1
2382	1294	1
2382	1947	1
2382	2735	1
2382	2763	1
2382	689	1
2382	1078	1
2383	1790	1
2383	2862	1
2383	2763	1
2383	1078	1
2384	2763	1
2384	689	1
2385	685	1
2385	901	1
2385	920	1
2385	1684	1
2385	119	1
2385	529	1
2385	2857	1
2385	2078	1
2385	2573	1
2385	1172	1
2385	1079	1
2385	2634	1
2385	2416	1
2385	124	1
2385	738	1
2385	522	1
2385	1413	1
2385	54	1
2385	492	1
2385	1436	1
2385	3040	1
2385	2148	1
2385	39	1
2385	878	1
2385	2101	1
2385	75	1
2385	2223	1
2385	2289	1
2385	971	1
2385	349	1
2385	490	1
2385	1607	1
2386	1451	1
2386	1684	1
2386	748	1
2386	993	1
2386	821	1
2386	1843	1
2386	435	1
2386	529	1
2386	95	1
2386	3084	1
2386	3075	1
2386	2735	1
2386	1079	1
2386	819	1
2386	543	1
2386	651	1
2386	2416	1
2386	1934	1
2386	362	1
2386	585	1
2386	2643	1
2386	57	1
2386	1436	1
2386	3040	1
2386	2701	1
2386	134	1
2386	2019	1
2386	2196	1
2386	789	1
2386	1149	1
2386	2148	1
2386	39	1
2386	584	1
2386	183	1
2386	432	1
2386	2962	1
2387	2371	1
2387	936	1
2387	2701	1
2387	2967	1
2387	952	1
2387	1324	1
2388	555	1
2388	809	1
2388	2976	1
2388	119	1
2388	1380	1
2388	2486	1
2388	1534	1
2388	1048	1
2388	251	1
2388	1123	1
2388	2344	1
2388	1883	1
2388	3009	1
2388	174	1
2388	1210	1
2388	158	1
2388	2967	1
2388	1314	1
2388	2408	1
2388	1197	1
2388	1257	1
2388	1933	1
2388	2140	1
2389	435	1
2389	653	1
2389	2078	1
2389	818	1
2389	969	1
2389	2643	1
2389	7	1
2389	1734	1
2389	2701	1
2389	240	1
2389	933	1
2389	3098	1
2389	1400	1
2389	1149	1
2389	2967	1
2389	75	1
2389	1314	1
2389	952	1
2389	1363	1
2389	584	1
2389	1689	1
2390	3008	1
2390	3084	1
2390	655	1
2390	2296	1
2390	2967	1
2390	75	1
2390	1197	1
2391	2338	1
2391	2857	1
2391	1790	1
2391	77	1
2391	1947	1
2391	3085	1
2391	2701	1
2391	2406	1
2391	369	1
2392	1042	1
2392	299	1
2392	1149	1
2392	2108	1
2393	551	1
2393	1162	1
2393	1042	1
2393	77	1
2393	1947	1
2393	2486	1
2393	2735	1
2393	1534	1
2393	113	1
2393	1711	1
2393	299	1
2393	429	1
2393	420	1
2393	2102	1
2393	2701	1
2393	1017	1
2393	2829	1
2393	2108	1
2393	75	1
2393	1197	1
2393	418	1
2394	2857	1
2394	2967	1
2394	75	1
2395	2270	1
2395	10	1
2395	1827	1
2395	2420	1
2395	1222	1
2395	1773	1
2395	2556	1
2395	2620	1
2395	2487	1
2395	165	1
2395	1314	1
2395	1103	1
2395	1726	1
2395	547	1
2396	1993	1
2396	1790	1
2396	1947	1
2396	2862	1
2396	2275	1
2396	689	1
2397	767	1
2397	232	1
2397	219	1
2397	435	1
2397	1057	1
2397	2150	1
2397	543	1
2397	2457	1
2397	1449	1
2397	2701	1
2397	2987	1
2397	1186	1
2397	722	1
2397	2967	1
2397	2973	1
2397	1197	1
2397	2406	1
2397	2654	1
2398	1294	1
2398	1667	1
2398	2889	1
2398	784	1
2398	860	1
2398	862	1
2398	1400	1
2398	1403	1
2398	1314	1
2398	952	1
2398	1511	1
2398	1671	1
2398	2520	1
2399	2275	1
2399	1488	1
2399	2701	1
2400	3100	1
2400	1684	1
2400	767	1
2400	232	1
2400	230	1
2400	435	1
2400	1568	1
2400	3008	1
2400	3084	1
2400	2150	1
2400	2451	1
2400	2344	1
2400	3135	1
2400	936	1
2400	2701	1
2400	1086	1
2400	75	1
2400	437	1
2400	1197	1
2400	2614	1
2401	543	1
2401	2457	1
2401	2791	1
2401	1123	1
2401	738	1
2401	1883	1
2401	2187	1
2401	2620	1
2401	1086	1
2401	2973	1
2401	437	1
2401	525	1
2401	1197	1
2401	349	1
2402	2995	1
2402	2299	1
2403	2886	1
2403	1220	1
2403	1583	1
2403	435	1
2403	2712	1
2403	1436	1
2403	2124	1
2403	1314	1
2403	2789	1
2403	2130	1
2404	85	1
2404	119	1
2404	435	1
2404	2365	1
2404	1460	1
2404	2420	1
2404	2556	1
2404	1981	1
2404	165	1
2404	1103	1
2404	2564	1
2404	2441	1
2404	942	1
2404	1351	1
2404	547	1
2405	802	1
2405	1270	1
2405	683	1
2405	290	1
2405	1321	1
2405	1923	1
2405	2556	1
2405	1432	1
2405	1338	1
2405	1314	1
2405	1103	1
2405	2358	1
2406	2310	1
2406	722	1
2407	2857	1
2407	3084	1
2407	936	1
2408	219	1
2408	2908	1
2408	1947	1
2408	299	1
2408	75	1
2408	1344	1
2408	1362	1
2408	1078	1
2409	1947	1
2409	2486	1
2409	2701	1
2409	2296	1
2410	1356	1
2411	435	1
2411	1356	1
2411	1314	1
2412	2857	1
2412	2986	1
2412	3084	1
2412	2457	1
2412	936	1
2412	2746	1
2412	2967	1
2412	75	1
2412	954	1
2413	85	1
2413	157	1
2413	653	1
2413	1856	1
2413	308	1
2413	1827	1
2413	1345	1
2413	1338	1
2413	1444	1
2413	2440	1
2413	1103	1
2413	2441	1
2414	809	1
2414	767	1
2414	1014	1
2414	2344	1
2414	1186	1
2414	42	1
2414	2967	1
2414	75	1
2414	1314	1
2414	952	1
2414	1197	1
2414	2248	1
2414	2943	1
2414	2355	1
2414	1081	1
2415	2857	1
2415	2791	1
2415	2643	1
2415	2701	1
2415	1314	1
2415	2130	1
2416	2976	1
2417	1993	1
2417	2735	1
2417	2701	1
2417	2620	1
2417	1149	1
2418	2331	1
2418	2763	1
2418	1078	1
2419	2976	1
2419	767	1
2419	1947	1
2419	1345	1
2419	1761	1
2419	1586	1
2419	1149	1
2419	75	1
2419	2980	1
2420	785	1
2420	119	1
2420	774	1
2420	232	1
2420	2502	1
2420	1881	1
2420	2457	1
2420	1693	1
2420	2006	1
2420	1314	1
2420	2489	1
2420	2248	1
2421	767	1
2421	2563	1
2421	706	1
2421	653	1
2421	1079	1
2421	1345	1
2421	836	1
2421	2769	1
2421	1063	1
2421	2620	1
2421	1761	1
2421	438	1
2421	2154	1
2421	2967	1
2421	1314	1
2421	2440	1
2421	2441	1
2422	936	1
2422	2701	1
2422	1149	1
2422	75	1
2422	1902	1
2423	435	1
2423	1697	1
2423	2643	1
2423	2701	1
2423	1761	1
2423	1149	1
2423	2967	1
2423	1902	1
2424	767	1
2424	219	1
2424	435	1
2424	653	1
2424	1947	1
2424	3084	1
2424	3044	1
2424	2457	1
2424	2701	1
2424	1356	1
2424	2620	1
2424	1523	1
2424	2973	1
2424	1344	1
2424	369	1
2425	98	1
2425	2857	1
2425	3084	1
2425	1856	1
2425	2945	1
2425	358	1
2425	2701	1
2425	1149	1
2425	2967	1
2426	1358	1
2426	767	1
2426	1882	1
2426	2457	1
2426	936	1
2426	2701	1
2426	1149	1
2426	75	1
2426	1314	1
2426	1197	1
2427	2857	1
2427	2791	1
2427	738	1
2427	2620	1
2427	1761	1
2427	1149	1
2427	2967	1
2427	75	1
2427	1314	1
2427	1523	1
2427	369	1
2428	1451	1
2428	1294	1
2428	401	1
2428	1667	1
2428	2371	1
2428	767	1
2428	119	1
2428	392	1
2428	157	1
2428	10	1
2428	435	1
2428	1952	1
2428	1521	1
2428	1042	1
2428	653	1
2428	771	1
2428	3084	1
2428	161	1
2428	1079	1
2428	1827	1
2428	543	1
2428	1345	1
2428	124	1
2428	351	1
2428	738	1
2428	2344	1
2428	2643	1
2428	2116	1
2428	2420	1
2428	1719	1
2428	2556	1
2428	2746	1
2428	45	1
2428	2620	1
2428	1400	1
2428	1761	1
2428	256	1
2428	453	1
2428	1149	1
2428	2154	1
2428	2967	1
2428	165	1
2428	1338	1
2428	1103	1
2428	1142	1
2428	2441	1
2428	1197	1
2428	1351	1
2428	349	1
2428	1902	1
2428	369	1
2428	2491	1
2428	1612	1
2429	1947	1
2429	2643	1
2429	2763	1
2429	1379	1
2429	2852	1
2430	219	1
2430	435	1
2430	2857	1
2430	3084	1
2430	124	1
2430	738	1
2430	936	1
2430	75	1
2430	1197	1
2430	2406	1
2431	1790	1
2431	2735	1
2431	1078	1
2432	1379	1
2432	2968	1
2432	1078	1
2433	2338	1
2434	767	1
2434	3084	1
2434	543	1
2434	936	1
2434	1734	1
2434	2620	1
2434	1149	1
2435	2534	1
2436	392	1
2436	435	1
2436	2857	1
2436	842	1
2436	1375	1
2436	299	1
2436	2344	1
2436	666	1
2436	2701	1
2436	2440	1
2436	2358	1
2436	2947	1
2437	1583	1
2437	206	1
2437	435	1
2437	706	1
2437	1947	1
2437	2735	1
2437	1534	1
2437	124	1
2437	299	1
2437	3086	1
2437	780	1
2437	1356	1
2437	3101	1
2437	1403	1
2437	1149	1
2437	722	1
2437	990	1
2437	321	1
2437	2194	1
2437	2389	1
2437	490	1
2437	1078	1
2437	2130	1
2437	1003	1
2438	219	1
2438	435	1
2438	3084	1
2438	936	1
2438	2746	1
2438	2620	1
2438	1400	1
2438	75	1
2438	1314	1
2439	2371	1
2439	1790	1
2439	1035	1
2439	2777	1
2439	862	1
2439	1314	1
2439	952	1
2439	2734	1
2439	1604	1
2439	2093	1
2439	2332	1
2439	472	1
2440	767	1
2440	1345	1
2440	836	1
2440	1400	1
2440	75	1
2440	359	1
2440	2093	1
2441	767	1
2441	3084	1
2441	1149	1
2441	75	1
2442	2976	1
2442	1345	1
2442	1314	1
2443	1947	1
2443	2763	1
2443	197	1
2443	936	1
2443	689	1
2444	1356	1
2444	1586	1
2444	1314	1
2444	2194	1
2445	2741	1
2446	435	1
2446	124	1
2446	1149	1
2446	2803	1
2446	2734	1
2446	1902	1
2446	1390	1
2447	98	1
2447	1294	1
2447	1667	1
2447	1992	1
2447	322	1
2447	232	1
2447	230	1
2447	435	1
2447	2826	1
2447	910	1
2447	1460	1
2447	819	1
2447	2727	1
2447	543	1
2447	1345	1
2447	3020	1
2447	2703	1
2447	124	1
2447	715	1
2447	2979	1
2447	738	1
2447	818	1
2447	2643	1
2447	3016	1
2447	1774	1
2447	2746	1
2447	2668	1
2447	1400	1
2447	2203	1
2447	1381	1
2447	2370	1
2447	2967	1
2447	75	1
2447	2973	1
2447	777	1
2447	1197	1
2447	2614	1
2447	535	1
2447	2406	1
2447	369	1
2447	3136	1
2448	98	1
2448	401	1
2448	2976	1
2448	767	1
2448	435	1
2448	2420	1
2448	3085	1
2448	2620	1
2448	3110	1
2448	1338	1
2448	75	1
2448	1314	1
2449	435	1
2449	1790	1
2449	2862	1
2449	818	1
2449	2643	1
2449	2481	1
2449	1149	1
2449	584	1
2450	2857	1
2450	653	1
2450	429	1
2450	1693	1
2450	2701	1
2450	1017	1
2450	1149	1
2450	75	1
2451	1790	1
2451	2502	1
2451	2701	1
2451	1149	1
2452	1358	1
2452	232	1
2452	2988	1
2452	2857	1
2452	498	1
2452	2735	1
2452	543	1
2452	2457	1
2452	124	1
2452	738	1
2452	936	1
2452	2701	1
2452	3016	1
2452	2022	1
2452	1149	1
2452	2154	1
2452	2967	1
2452	75	1
2452	2973	1
2452	488	1
2452	359	1
2452	1902	1
2452	2654	1
2452	369	1
2453	2857	1
2453	653	1
2453	543	1
2453	1345	1
2453	290	1
2453	2643	1
2453	1654	1
2453	1944	1
2453	1338	1
2453	1444	1
2453	75	1
2453	1314	1
2454	1103	1
2454	1344	1
2454	1324	1
2455	2763	1
2455	1379	1
2455	689	1
2455	1078	1
2456	1952	1
2456	1009	1
2456	2344	1
2456	2556	1
2456	3110	1
2456	2967	1
2456	1314	1
2456	1103	1
2457	1035	1
2457	2275	1
2457	2344	1
2457	1734	1
2457	2854	1
2457	584	1
2457	1390	1
2457	2827	1
2458	2068	1
2458	1790	1
2458	299	1
2458	1538	1
2458	1363	1
2458	2083	1
2459	767	1
2459	435	1
2459	3084	1
2459	543	1
2459	778	1
2459	1400	1
2459	2967	1
2459	75	1
2459	1314	1
2459	1197	1
2460	85	1
2460	401	1
2460	392	1
2460	3110	1
2460	1338	1
2460	1314	1
2460	2440	1
2460	1103	1
2460	2358	1
2461	98	1
2461	809	1
2461	2524	1
2461	551	1
2461	1275	1
2461	230	1
2461	1183	1
2461	219	1
2461	287	1
2461	435	1
2461	2857	1
2461	1296	1
2461	118	1
2461	706	1
2461	441	1
2461	1366	1
2461	741	1
2461	2486	1
2461	106	1
2461	2735	1
2461	2150	1
2461	3044	1
2461	2703	1
2461	124	1
2461	738	1
2461	2344	1
2461	3083	1
2461	2884	1
2461	2643	1
2461	1321	1
2461	2268	1
2461	2701	1
2461	2296	1
2461	1400	1
2461	1935	1
2461	2203	1
2461	2938	1
2461	158	1
2461	2967	1
2461	1314	1
2461	635	1
2461	2973	1
2461	917	1
2461	2789	1
2461	777	1
2461	488	1
2461	1902	1
2461	1077	1
2461	2130	1
2461	369	1
2461	1612	1
2462	230	1
2462	653	1
2462	517	1
2462	2620	1
2462	1037	1
2462	2967	1
2462	1344	1
2462	1197	1
2462	1047	1
2462	2654	1
2462	369	1
2463	2970	1
2463	2796	1
2463	774	1
2463	219	1
2463	435	1
2463	2857	1
2463	679	1
2463	590	1
2463	543	1
2463	2791	1
2463	876	1
2463	1611	1
2463	459	1
2463	1400	1
2463	1443	1
2463	1314	1
2463	618	1
2463	952	1
2463	1351	1
2464	2571	1
2464	767	1
2464	1855	1
2464	435	1
2464	1064	1
2464	378	1
2464	2987	1
2464	704	1
2464	1186	1
2464	2507	1
2464	2967	1
2464	2943	1
2464	1604	1
2465	1874	1
2465	1557	1
2465	2215	1
2466	1508	1
2466	1790	1
2466	2735	1
2466	2275	1
2466	1390	1
2467	2328	1
2467	2735	1
2467	2643	1
2467	693	1
2467	94	1
2468	3100	1
2468	2571	1
2468	2857	1
2468	653	1
2468	543	1
2468	2643	1
2468	2701	1
2468	2746	1
2468	1149	1
2468	952	1
2468	1197	1
2468	2248	1
2468	2130	1
2469	815	1
2469	551	1
2469	219	1
2469	2857	1
2469	118	1
2469	3084	1
2469	1460	1
2469	2150	1
2469	543	1
2469	2643	1
2469	2701	1
2469	2296	1
2469	2620	1
2469	1400	1
2469	2370	1
2469	75	1
2469	952	1
2469	1523	1
2470	2257	1
2470	767	1
2470	2381	1
2470	511	1
2470	1611	1
2470	2746	1
2470	2677	1
2470	1761	1
2470	2967	1
2470	75	1
2470	1314	1
2470	952	1
2470	2973	1
2470	2789	1
2470	1197	1
2470	2248	1
2470	2980	1
2471	774	1
2471	2857	1
2471	2720	1
2471	2457	1
2471	347	1
2471	1970	1
2471	2984	1
2471	2953	1
2471	3054	1
2471	535	1
2471	359	1
2471	1351	1
2472	1356	1
2472	1314	1
2472	777	1
2473	85	1
2473	1521	1
2473	653	1
2473	75	1
2473	2440	1
2473	952	1
2474	381	1
2475	920	1
2475	2791	1
2475	1379	1
2475	689	1
2475	1078	1
2476	767	1
2476	2857	1
2476	1345	1
2476	2703	1
2476	2344	1
2476	2701	1
2476	1400	1
2476	2370	1
2476	75	1
2476	1197	1
2476	369	1
2477	1294	1
2477	2571	1
2477	815	1
2477	119	1
2477	230	1
2477	219	1
2477	1042	1
2477	2857	1
2477	741	1
2477	3084	1
2477	116	1
2477	2457	1
2477	715	1
2477	2344	1
2477	2959	1
2477	2701	1
2477	2746	1
2477	2620	1
2477	1400	1
2477	2967	1
2477	75	1
2477	437	1
2477	1197	1
2477	2943	1
2477	535	1
2478	920	1
2478	2960	1
2478	1751	1
2478	2754	1
2478	2275	1
2478	2634	1
2478	818	1
2478	526	1
2478	2763	1
2478	57	1
2478	1619	1
2478	75	1
2478	1350	1
2478	584	1
2478	689	1
2478	452	1
2478	2852	1
2478	1078	1
2478	658	1
2478	369	1
2479	2571	1
2479	2257	1
2479	767	1
2479	909	1
2479	802	1
2479	2693	1
2479	1345	1
2479	2457	1
2479	1449	1
2479	876	1
2479	1064	1
2479	655	1
2479	437	1
2479	535	1
2479	1351	1
2480	619	1
2480	1848	1
2480	2664	1
2480	119	1
2480	1946	1
2480	1599	1
2480	380	1
2480	447	1
2480	1302	1
2480	2435	1
2480	715	1
2480	2577	1
2480	1528	1
2480	1846	1
2480	2001	1
2480	1432	1
2480	2918	1
2480	2768	1
2480	407	1
2480	2566	1
2481	2763	1
2481	562	1
2481	1379	1
2481	1425	1
2481	1078	1
2482	1294	1
2482	920	1
2482	592	1
2482	2857	1
2482	1993	1
2482	1790	1
2482	2457	1
2482	2763	1
2482	2148	1
2482	75	1
2482	1083	1
2482	1363	1
2482	3112	1
2483	98	1
2483	2970	1
2483	1954	1
2483	232	1
2483	219	1
2483	1433	1
2483	909	1
2483	991	1
2483	2525	1
2483	2857	1
2483	1106	1
2483	242	1
2483	802	1
2483	741	1
2483	3084	1
2483	2699	1
2483	2735	1
2483	1499	1
2483	2638	1
2483	543	1
2483	2759	1
2483	2344	1
2483	1398	1
2483	3083	1
2483	1834	1
2483	62	1
2483	1923	1
2483	2984	1
2483	1063	1
2483	930	1
2483	936	1
2483	2701	1
2483	2746	1
2483	2757	1
2483	1400	1
2483	2958	1
2483	145	1
2483	1563	1
2483	75	1
2483	1314	1
2483	2440	1
2483	2973	1
2483	2789	1
2483	777	1
2483	1197	1
2483	2614	1
2483	2248	1
2483	246	1
2483	2612	1
2483	1351	1
2483	954	1
2484	1693	1
2484	1761	1
2485	555	1
2485	2664	1
2485	2549	1
2485	2911	1
2485	715	1
2485	1033	1
2485	2096	1
2485	238	1
2485	2564	1
2485	1295	1
2485	2578	1
2485	1706	1
2485	1255	1
2486	2970	1
2486	435	1
2486	2038	1
2486	543	1
2486	2344	1
2486	2701	1
2486	2987	1
2486	1400	1
2486	1186	1
2486	2967	1
2486	1314	1
2486	952	1
2486	2973	1
2486	2789	1
2486	2943	1
2486	1351	1
2487	2530	1
2488	1790	1
2488	1379	1
2488	1078	1
2489	1947	1
2489	2643	1
2489	197	1
2489	1379	1
2489	1078	1
2490	1790	1
2490	2735	1
2490	1078	1
2491	2763	1
2491	197	1
2491	936	1
2491	689	1
2491	1078	1
2492	435	1
2492	2584	1
2492	2862	1
2492	3101	1
2492	906	1
2492	1918	1
2493	818	1
2493	2643	1
2493	2701	1
2493	584	1
2494	1294	1
2494	552	1
2494	435	1
2494	2331	1
2494	2862	1
2494	2275	1
2494	2791	1
2494	2643	1
2494	2763	1
2494	1693	1
2494	2916	1
2494	540	1
2494	1379	1
2494	1766	1
2494	689	1
2494	2544	1
2495	592	1
2495	1790	1
2495	2735	1
2495	2862	1
2495	2643	1
2495	2763	1
2495	2916	1
2495	134	1
2495	1078	1
2496	1149	1
2496	1078	1
2497	435	1
2497	2986	1
2497	2275	1
2497	2344	1
2497	2643	1
2497	3085	1
2497	45	1
2497	1400	1
2497	2154	1
2497	75	1
2497	1314	1
2497	1197	1
2497	584	1
2497	2734	1
2497	349	1
2498	920	1
2498	592	1
2498	552	1
2498	1790	1
2498	2735	1
2498	224	1
2498	2701	1
2498	1149	1
2498	75	1
2498	2299	1
2499	809	1
2499	1684	1
2499	774	1
2499	1464	1
2499	2003	1
2499	2857	1
2499	679	1
2499	2699	1
2499	590	1
2499	1312	1
2499	2457	1
2499	715	1
2499	2344	1
2499	876	1
2499	1611	1
2499	3128	1
2499	770	1
2499	1693	1
2499	2746	1
2499	2277	1
2499	1482	1
2499	1564	1
2499	2967	1
2499	1314	1
2499	2784	1
2499	952	1
2499	2489	1
2499	2248	1
2500	2275	1
2500	7	1
2500	1693	1
2500	2602	1
2500	1149	1
2500	2154	1
2500	1363	1
2500	584	1
2501	2331	1
2501	2763	1
2501	2305	1
2501	1853	1
2501	540	1
2501	974	1
2501	2260	1
2501	1078	1
2502	689	1
2503	767	1
2503	1345	1
2503	2967	1
2503	75	1
2504	1790	1
2504	1947	1
2504	2791	1
2504	2643	1
2504	2763	1
2505	1790	1
2505	197	1
2505	584	1
2505	689	1
2505	1078	1
2506	938	1
2506	592	1
2506	2606	1
2506	2344	1
2506	1619	1
2507	2606	1
2507	1271	1
2507	2344	1
2507	2643	1
2507	75	1
2507	1314	1
2508	2119	1
2508	2606	1
2508	1271	1
2508	2701	1
2508	1619	1
2508	75	1
2508	1314	1
2509	2763	1
2509	689	1
2510	2763	1
2510	2916	1
2510	952	1
2510	1379	1
2510	2260	1
2510	1078	1
2511	920	1
2511	2275	1
2511	1817	1
2511	2643	1
2511	2763	1
2511	584	1
2511	689	1
2512	1947	1
2512	2763	1
2512	689	1
2512	1078	1
2513	2763	1
2513	1379	1
2514	98	1
2514	1294	1
2514	2970	1
2514	767	1
2514	435	1
2514	446	1
2514	653	1
2514	1856	1
2514	2791	1
2514	2945	1
2514	936	1
2514	2296	1
2514	75	1
2514	1314	1
2514	1078	1
2514	2520	1
2515	920	1
2515	1790	1
2515	2643	1
2515	2763	1
2515	1619	1
2515	952	1
2515	1078	1
2515	2544	1
2516	920	1
2516	119	1
2516	435	1
2516	57	1
2516	1149	1
2516	2544	1
2517	1149	1
2517	75	1
2518	2763	1
2518	1379	1
2519	543	1
2519	2344	1
2519	1563	1
2519	2392	1
2519	437	1
2520	2763	1
2520	689	1
2520	2852	1
2521	2331	1
2521	2763	1
2521	1379	1
2521	689	1
2522	3001	1
2522	2331	1
2522	1379	1
2522	689	1
2522	1078	1
2523	2331	1
2523	2763	1
2523	689	1
2523	1078	1
2524	81	1
2524	2763	1
2524	43	1
2524	1379	1
2524	689	1
2525	2551	1
2525	1345	1
2526	2172	1
2526	2475	1
2526	417	1
2526	1358	1
2526	920	1
2526	592	1
2526	2338	1
2526	1938	1
2526	2773	1
2526	356	1
2526	854	1
2526	1790	1
2526	831	1
2526	1751	1
2526	2754	1
2526	2813	1
2526	2862	1
2526	1584	1
2526	224	1
2526	2275	1
2526	1567	1
2526	1468	1
2526	124	1
2526	299	1
2526	738	1
2526	2661	1
2526	526	1
2526	92	1
2526	244	1
2526	2643	1
2526	2763	1
2526	175	1
2526	310	1
2526	141	1
2526	57	1
2526	1441	1
2526	2701	1
2526	759	1
2526	1245	1
2526	474	1
2526	134	1
2526	3027	1
2526	2676	1
2526	1149	1
2526	1619	1
2526	75	1
2526	1668	1
2526	452	1
2526	2366	1
2526	1571	1
2526	1892	1
2527	2763	1
2527	1379	1
2527	689	1
2528	2763	1
2528	1379	1
2528	689	1
2528	1078	1
2529	2763	1
2529	1379	1
2529	689	1
2530	1684	1
2530	1947	1
2530	2735	1
2530	2791	1
2530	2763	1
2530	2729	1
2530	1078	1
2531	859	1
2531	1874	1
2531	435	1
2531	2549	1
2531	2703	1
2531	282	1
2531	2738	1
2531	358	1
2531	703	1
2531	2873	1
2531	3112	1
2532	1940	1
2532	2331	1
2532	1379	1
2532	689	1
2533	1790	1
2533	689	1
2533	1078	1
2534	1790	1
2534	2763	1
2534	1379	1
2534	1078	1
2535	2331	1
2535	2763	1
2535	689	1
2536	1294	1
2536	1993	1
2536	2791	1
2536	2763	1
2536	1078	1
2536	3112	1
2537	85	1
2537	1993	1
2537	1940	1
2537	1947	1
2537	2331	1
2537	2735	1
2537	2763	1
2537	2729	1
2537	1379	1
2537	1197	1
2537	584	1
2538	2763	1
2538	1379	1
2539	1609	1
2539	2331	1
2539	2763	1
2539	2701	1
2539	3119	1
2540	2344	1
2540	2556	1
2540	1149	1
2540	2967	1
2540	168	1
2541	1874	1
2542	1790	1
2542	2331	1
2542	1379	1
2542	689	1
2542	1078	1
2543	2331	1
2543	2763	1
2543	689	1
2544	3034	1
2544	2735	1
2544	2150	1
2544	2551	1
2544	1345	1
2544	2703	1
2544	2457	1
2544	2597	1
2544	2701	1
2544	700	1
2544	1356	1
2544	1400	1
2544	1149	1
2544	2130	1
2545	3001	1
2545	1940	1
2545	2331	1
2545	2763	1
2545	1379	1
2546	1874	1
2547	1790	1
2547	2331	1
2547	506	1
2547	2763	1
2547	584	1
2547	689	1
2548	938	1
2548	2242	1
2548	409	1
2548	3048	1
2548	118	1
2548	2457	1
2548	1101	1
2548	1591	1
2549	2331	1
2549	2763	1
2549	689	1
2550	2763	1
2550	2701	1
2550	1379	1
2550	689	1
2550	3119	1
2551	1790	1
2551	2763	1
2551	2916	1
2551	1619	1
2551	689	1
2551	1078	1
2552	1294	1
2552	1790	1
2552	2735	1
2552	2643	1
2552	2916	1
2552	1619	1
2552	689	1
2552	2852	1
2552	1078	1
2553	1790	1
2553	2763	1
2553	689	1
2554	1874	1
2554	3071	1
2554	239	1
2554	715	1
2555	2970	1
2555	767	1
2555	435	1
2555	511	1
2555	2502	1
2555	1611	1
2555	1063	1
2555	2006	1
2555	1400	1
2555	1761	1
2555	2967	1
2555	1351	1
2556	2970	1
2556	909	1
2556	2857	1
2556	543	1
2556	1345	1
2556	1063	1
2556	1400	1
2556	2967	1
2556	1197	1
2557	2257	1
2557	767	1
2557	232	1
2557	230	1
2557	909	1
2557	435	1
2557	2857	1
2557	679	1
2557	116	1
2557	1063	1
2557	2296	1
2557	1400	1
2557	2967	1
2557	75	1
2557	1314	1
2557	2789	1
2557	2248	1
2557	1351	1
2558	2862	1
2558	1145	1
2558	299	1
2558	429	1
2558	7	1
2558	2481	1
2558	3085	1
2558	1734	1
2559	1790	1
2559	2735	1
2559	2916	1
2559	689	1
2560	85	1
2560	435	1
2560	2331	1
2560	2791	1
2560	2763	1
2560	2597	1
2560	2757	1
2560	1689	1
2560	1636	1
2561	2970	1
2561	119	1
2561	2857	1
2561	1345	1
2561	2344	1
2561	1586	1
2561	2967	1
2561	2789	1
2561	1197	1
2562	2970	1
2562	2857	1
2562	2551	1
2562	2746	1
2562	1586	1
2562	2392	1
2562	1197	1
2563	1345	1
2563	1586	1
2563	2392	1
2564	1790	1
2564	2763	1
2564	2916	1
2564	689	1
2564	1078	1
2565	2976	1
2565	1684	1
2565	569	1
2565	2524	1
2565	2164	1
2565	870	1
2565	991	1
2565	1254	1
2565	2169	1
2565	1909	1
2565	1366	1
2565	2502	1
2565	2551	1
2565	2703	1
2565	1488	1
2565	2772	1
2565	2572	1
2565	1845	1
2565	1017	1
2565	2698	1
2565	1813	1
2565	1655	1
2565	1314	1
2565	2619	1
2565	2246	1
2565	1471	1
2565	1689	1
2565	1622	1
2565	2100	1
2565	1365	1
2566	1684	1
2566	435	1
2566	1790	1
2566	2502	1
2566	2551	1
2566	429	1
2566	1655	1
2566	1652	1
2567	435	1
2567	1790	1
2567	700	1
2568	118	1
2568	2880	1
2568	2502	1
2568	2296	1
2568	1101	1
2569	435	1
2569	2169	1
2569	2457	1
2569	2141	1
2569	700	1
2569	1403	1
2569	1761	1
2569	1586	1
2569	1815	1
2569	2392	1
2569	2194	1
2569	1471	1
2569	1850	1
2570	1500	1
2570	1700	1
2570	1345	1
2570	3062	1
2570	1063	1
2570	1990	1
2570	1546	1
2570	1314	1
2570	111	1
2570	1197	1
2570	1850	1
2571	435	1
2571	1586	1
2571	1314	1
2571	111	1
2571	295	1
2572	1481	1
2572	2976	1
2572	947	1
2572	1909	1
2572	1063	1
2572	834	1
2572	111	1
2572	1850	1
2572	295	1
2573	2976	1
2574	98	1
2574	283	1
2574	119	1
2574	232	1
2574	435	1
2574	2339	1
2574	3129	1
2574	1063	1
2574	700	1
2574	1586	1
2574	2348	1
2574	1314	1
2574	1523	1
2574	340	1
2574	535	1
2574	2576	1
2575	1481	1
2575	1684	1
2575	1500	1
2575	767	1
2575	2524	1
2575	435	1
2575	118	1
2575	1909	1
2575	2880	1
2575	1333	1
2575	2551	1
2575	2344	1
2575	1883	1
2575	2141	1
2575	1488	1
2575	2902	1
2575	3085	1
2575	2701	1
2575	2296	1
2575	2746	1
2575	2620	1
2575	1586	1
2575	1813	1
2575	1803	1
2575	2619	1
2575	437	1
2575	111	1
2575	295	1
2575	912	1
2576	2976	1
2576	1345	1
2576	2392	1
2577	2976	1
2577	767	1
2577	435	1
2577	1042	1
2577	446	1
2577	1909	1
2577	2551	1
2577	543	1
2577	1063	1
2577	1731	1
2577	1101	1
2577	1640	1
2577	1803	1
2577	1314	1
2577	2392	1
2577	2458	1
2577	917	1
2577	437	1
2577	111	1
2577	1689	1
2577	1850	1
2577	1783	1
2577	912	1
2578	2976	1
2578	2457	1
2578	2698	1
2578	1803	1
2578	1783	1
2579	3100	1
2579	2865	1
2579	809	1
2579	1684	1
2579	551	1
2579	119	1
2579	219	1
2579	1433	1
2579	435	1
2579	940	1
2579	511	1
2579	653	1
2579	2502	1
2579	2693	1
2579	1345	1
2579	3020	1
2579	2703	1
2579	2018	1
2579	1611	1
2579	2772	1
2579	1063	1
2579	1265	1
2579	2746	1
2579	2006	1
2579	144	1
2579	1400	1
2579	145	1
2579	2348	1
2579	75	1
2579	1314	1
2579	437	1
2579	777	1
2579	1197	1
2579	107	1
2579	1248	1
2579	1351	1
2579	349	1
2579	2980	1
2579	2576	1
2579	1612	1
2580	3010	1
2580	2643	1
2580	2763	1
2580	584	1
2580	689	1
2580	1612	1
2581	1947	1
2581	2735	1
2581	2763	1
2581	689	1
2582	1993	1
2582	2916	1
2582	689	1
2582	1078	1
2583	2763	1
2583	689	1
2583	2852	1
2584	1790	1
2584	2763	1
2584	2852	1
2585	2857	1
2585	1790	1
2585	3084	1
2585	1149	1
2585	2154	1
2585	75	1
2586	1790	1
2586	2457	1
2586	1063	1
2586	1761	1
2587	1790	1
2587	653	1
2587	3084	1
2587	700	1
2587	1149	1
2587	2154	1
2587	2967	1
2588	1790	1
2588	1063	1
2588	700	1
2588	1761	1
2589	2857	1
2589	1947	1
2589	2457	1
2589	1063	1
2589	700	1
2589	75	1
2590	2763	1
2590	689	1
2591	3100	1
2591	2976	1
2591	2915	1
2591	119	1
2591	287	1
2591	2857	1
2591	3084	1
2591	543	1
2591	2268	1
2591	2967	1
2591	777	1
2591	1197	1
2592	1609	1
2592	1790	1
2592	2331	1
2592	2763	1
2592	1314	1
2592	2260	1
2593	2150	1
2593	1149	1
2593	2967	1
2593	75	1
2594	1294	1
2594	2448	1
2594	1042	1
2594	277	1
2594	1460	1
2594	2502	1
2594	2150	1
2594	543	1
2594	2703	1
2594	2344	1
2594	358	1
2594	1400	1
2594	1149	1
2594	722	1
2594	952	1
2594	2789	1
2594	1668	1
2595	1481	1
2595	1294	1
2595	1667	1
2595	1359	1
2595	2970	1
2595	1684	1
2595	1140	1
2595	297	1
2595	665	1
2595	2837	1
2595	767	1
2595	1054	1
2595	815	1
2595	2164	1
2595	893	1
2595	119	1
2595	59	1
2595	1958	1
2595	1089	1
2595	2242	1
2595	2467	1
2595	1313	1
2595	1916	1
2595	2183	1
2595	435	1
2595	1380	1
2595	2775	1
2595	982	1
2595	2908	1
2595	696	1
2595	940	1
2595	991	1
2595	1042	1
2595	2525	1
2595	1254	1
2595	3048	1
2595	118	1
2595	984	1
2595	1105	1
2595	706	1
2595	1333	1
2595	1878	1
2595	242	1
2595	3084	1
2595	2486	1
2595	768	1
2595	564	1
2595	1870	1
2595	875	1
2595	1460	1
2595	649	1
2595	1534	1
2595	1880	1
2595	2339	1
2595	2641	1
2595	1473	1
2595	1746	1
2595	2693	1
2595	2904	1
2595	1397	1
2595	1687	1
2595	1659	1
2595	2588	1
2595	1552	1
2595	2500	1
2595	1953	1
2595	2901	1
2595	2840	1
2595	1962	1
2595	900	1
2595	3097	1
2595	735	1
2595	389	1
2595	2615	1
2595	2447	1
2595	2616	1
2595	1038	1
2595	3020	1
2595	2703	1
2595	2457	1
2595	2791	1
2595	1123	1
2595	715	1
2595	2291	1
2595	485	1
2595	2141	1
2595	2733	1
2595	950	1
2595	171	1
2595	2643	1
2595	271	1
2595	1613	1
2595	876	1
2595	2597	1
2595	902	1
2595	1611	1
2595	3062	1
2595	1053	1
2595	1130	1
2595	2256	1
2595	865	1
2595	1794	1
2595	2912	1
2595	234	1
2595	3009	1
2595	2772	1
2595	1771	1
2595	2815	1
2595	358	1
2595	2268	1
2595	655	1
2595	1167	1
2595	1693	1
2595	2701	1
2595	935	1
2595	2296	1
2595	2746	1
2595	2717	1
2595	2022	1
2595	3102	1
2595	2253	1
2595	144	1
2595	2235	1
2595	2649	1
2595	1498	1
2595	2620	1
2595	1978	1
2595	2668	1
2595	1400	1
2595	123	1
2595	894	1
2595	1323	1
2595	2064	1
2595	575	1
2595	1729	1
2595	3124	1
2595	2771	1
2595	1789	1
2595	650	1
2595	2938	1
2595	129	1
2595	1234	1
2595	1210	1
2595	2030	1
2595	274	1
2595	158	1
2595	1803	1
2595	1044	1
2595	2388	1
2595	563	1
2595	2967	1
2595	1432	1
2595	1314	1
2595	47	1
2595	1507	1
2595	1092	1
2595	2440	1
2595	997	1
2595	387	1
2595	2225	1
2595	2458	1
2595	1045	1
2595	732	1
2595	1591	1
2595	2037	1
2595	734	1
2595	437	1
2595	1226	1
2595	2541	1
2595	532	1
2595	2489	1
2595	458	1
2595	2248	1
2595	245	1
2595	2237	1
2595	2055	1
2595	1689	1
2595	1532	1
2595	2095	1
2595	1257	1
2595	1295	1
2595	183	1
2595	2622	1
2595	1902	1
2595	1480	1
2595	518	1
2595	1207	1
2595	375	1
2595	1933	1
2595	3104	1
2595	3112	1
2595	318	1
2595	108	1
2595	1457	1
2595	1372	1
2595	838	1
2595	1800	1
2595	1115	1
2595	736	1
2595	1847	1
2595	1738	1
2595	1612	1
2595	912	1
2596	2331	1
2596	1379	1
2596	689	1
2597	1993	1
2597	2735	1
2597	2763	1
2597	689	1
2597	1078	1
2598	2970	1
2598	119	1
2598	2857	1
2598	2502	1
2598	2703	1
2598	2344	1
2598	2597	1
2598	1611	1
2598	358	1
2598	2296	1
2598	2746	1
2598	2789	1
2599	2970	1
2599	119	1
2599	940	1
2599	2857	1
2599	2699	1
2599	2597	1
2599	1611	1
2599	2296	1
2599	2746	1
2599	2396	1
2599	1400	1
2599	2967	1
2599	1314	1
2599	2789	1
2599	1344	1
2599	2941	1
2600	2502	1
2600	1271	1
2600	2746	1
2600	1356	1
2600	2789	1
2601	119	1
2601	940	1
2601	2857	1
2601	741	1
2601	2699	1
2601	2703	1
2601	2344	1
2601	358	1
2601	2967	1
2601	1314	1
2601	2789	1
2601	1197	1
2602	741	1
2602	2502	1
2602	543	1
2602	1356	1
2602	1314	1
2602	1197	1
2603	2970	1
2603	741	1
2603	2699	1
2603	2502	1
2603	2296	1
2603	1356	1
2603	2967	1
2603	1314	1
2604	1790	1
2604	2763	1
2604	2916	1
2604	2852	1
2605	619	1
2605	121	1
2605	991	1
2605	715	1
2605	2114	1
2605	2597	1
2605	1004	1
2605	1314	1
2605	1689	1
2606	2338	1
2606	1790	1
2606	77	1
2606	1947	1
2606	2275	1
2606	3085	1
2606	2967	1
2606	2734	1
2607	2538	1
2607	940	1
2607	1042	1
2607	77	1
2607	2735	1
2607	649	1
2607	2247	1
2607	369	1
2607	2741	1
2608	2857	1
2608	2643	1
2608	1149	1
2608	2967	1
2609	1358	1
2609	2338	1
2609	2735	1
2609	738	1
2609	2763	1
2609	1853	1
2609	2148	1
2609	2154	1
2609	75	1
2609	2854	1
2609	1379	1
2609	1668	1
2609	584	1
2609	689	1
2609	369	1
2610	2970	1
2610	2068	1
2610	119	1
2610	435	1
2610	1790	1
2610	1345	1
2610	2703	1
2610	2701	1
2610	2967	1
2610	1314	1
2610	1902	1
2611	2857	1
2611	1149	1
2611	75	1
2612	2976	1
2612	1693	1
2612	1149	1
2612	2734	1
2613	1790	1
2613	77	1
2613	1693	1
2613	2746	1
2613	2757	1
2613	454	1
2613	2967	1
2613	75	1
2613	2734	1
2614	1790	1
2614	2862	1
2614	2701	1
2614	2746	1
2614	1149	1
2614	75	1
2614	349	1
2614	2130	1
2615	2970	1
2615	1790	1
2615	1400	1
2615	1314	1
2615	2130	1
2615	2741	1
2616	1294	1
2616	2068	1
2616	1345	1
2616	1693	1
2616	1400	1
2616	1149	1
2616	2789	1
2616	2734	1
2617	938	1
2617	121	1
2617	2114	1
2617	2597	1
2617	801	1
2617	1611	1
2617	1147	1
2617	588	1
2617	2196	1
2617	805	1
2617	1229	1
2617	2969	1
2618	1790	1
2618	2862	1
2618	2703	1
2618	2763	1
2618	1078	1
2619	2763	1
2619	1379	1
2619	689	1
2620	2338	1
2621	2338	1
2621	1790	1
2621	910	1
2621	2502	1
2621	543	1
2621	1149	1
2621	454	1
2621	689	1
2622	435	1
2622	2857	1
2622	1790	1
2622	2643	1
2622	2701	1
2622	762	1
2623	2338	1
2623	706	1
2623	2735	1
2623	762	1
2624	1790	1
2624	2763	1
2624	2916	1
2624	1149	1
2625	85	1
2625	2331	1
2625	2735	1
2625	1555	1
2625	2275	1
2625	2763	1
2625	1853	1
2625	689	1
2626	592	1
2626	1790	1
2626	1947	1
2626	2643	1
2626	2763	1
2626	584	1
2626	2260	1
2626	1078	1
2627	1790	1
2627	1947	1
2627	2763	1
2627	1078	1
2628	3001	1
2628	2791	1
2628	1379	1
2628	1078	1
2629	3057	1
2629	767	1
2629	232	1
2629	230	1
2629	3008	1
2629	2857	1
2629	757	1
2629	3084	1
2629	116	1
2629	2457	1
2629	2344	1
2629	2746	1
2629	2620	1
2629	1400	1
2629	2203	1
2629	952	1
2629	2118	1
2630	1993	1
2630	1790	1
2630	1947	1
2630	3084	1
2630	2791	1
2630	2763	1
2630	197	1
2630	1078	1
2631	592	1
2631	1790	1
2631	2735	1
2631	2916	1
2631	1619	1
2631	689	1
2632	1790	1
2632	81	1
2632	1378	1
2632	1643	1
2632	1379	1
2632	1078	1
2633	592	1
2633	541	1
2633	2331	1
2633	2862	1
2633	1271	1
2633	2763	1
2633	1446	1
2633	2305	1
2633	1379	1
2634	2857	1
2634	75	1
2634	2130	1
2635	2701	1
2635	1149	1
2635	2967	1
2635	75	1
2635	1314	1
2636	2857	1
2636	1149	1
2636	75	1
2636	2130	1
2637	232	1
2637	2908	1
2637	2857	1
2637	2735	1
2637	2502	1
2637	1817	1
2637	2457	1
2637	1529	1
2637	405	1
2637	2743	1
2637	2154	1
2637	2654	1
2638	1162	1
2638	435	1
2638	2150	1
2638	2701	1
2638	1149	1
2638	2967	1
2638	75	1
2638	1314	1
2639	2970	1
2639	767	1
2639	230	1
2639	219	1
2639	10	1
2639	435	1
2639	2857	1
2639	3084	1
2639	2693	1
2639	738	1
2639	208	1
2639	1149	1
2639	2967	1
2639	1314	1
2639	2440	1
2639	2789	1
2639	437	1
2639	1197	1
2639	1351	1
2639	954	1
2640	1296	1
2640	2344	1
2640	2959	1
2640	2701	1
2640	1403	1
2640	2196	1
2640	584	1
2640	2734	1
2641	1790	1
2641	2862	1
2641	2275	1
2641	1379	1
2642	920	1
2642	592	1
2642	2763	1
2642	1149	1
2642	689	1
2642	1078	1
2643	2424	1
2644	2763	1
2644	2916	1
2644	562	1
2645	1358	1
2645	1416	1
2645	920	1
2645	2735	1
2645	2862	1
2645	2275	1
2645	738	1
2645	134	1
2645	2148	1
2645	75	1
2645	2854	1
2645	1668	1
2646	592	1
2646	2338	1
2646	2862	1
2646	2701	1
2646	2148	1
2646	1619	1
2646	75	1
2647	592	1
2647	1993	1
2647	1790	1
2647	2735	1
2647	2643	1
2647	2763	1
2647	2758	1
2647	1619	1
2648	541	1
2648	936	1
2648	75	1
2648	2216	1
2648	871	1
2648	1078	1
2649	920	1
2649	1521	1
2649	2763	1
2649	2916	1
2649	584	1
2649	2852	1
2650	1947	1
2650	2763	1
2650	689	1
2650	2852	1
2651	1294	1
2651	2331	1
2651	2275	1
2651	1379	1
2651	689	1
2651	1078	1
2652	435	1
2652	1790	1
2652	2275	1
2652	1149	1
2652	75	1
2653	2703	1
2653	2763	1
2653	2701	1
2653	1078	1
2654	592	1
2654	1790	1
2654	584	1
2654	689	1
2654	1078	1
2655	1790	1
2655	2331	1
2655	2735	1
2655	1379	1
2655	1078	1
2656	1790	1
2656	2275	1
2656	2791	1
2656	2643	1
2656	2916	1
2656	1619	1
2656	689	1
2656	1078	1
2656	1612	1
2657	1790	1
2657	2643	1
2657	2763	1
2657	1734	1
2657	2260	1
2657	1078	1
2658	1294	1
2658	2371	1
2658	767	1
2658	647	1
2658	2851	1
2658	872	1
2658	435	1
2658	1079	1
2658	116	1
2658	1345	1
2658	2703	1
2658	1271	1
2658	2746	1
2658	45	1
2658	2620	1
2658	2668	1
2658	2196	1
2658	2203	1
2658	2154	1
2658	1466	1
2658	2967	1
2658	75	1
2658	952	1
2658	2789	1
2658	1636	1
2658	1091	1
2658	1703	1
2658	349	1
2658	2118	1
2659	2857	1
2659	2791	1
2659	2627	1
2659	2344	1
2659	936	1
2659	2701	1
2659	2967	1
2659	75	1
2659	1197	1
2660	1356	1
2660	2973	1
2660	2406	1
2660	2130	1
2661	1433	1
2661	435	1
2661	2857	1
2661	2150	1
2661	819	1
2661	116	1
2661	1654	1
2661	1197	1
2661	359	1
2662	435	1
2662	3034	1
2662	2735	1
2662	2150	1
2662	2643	1
2662	1761	1
2662	2203	1
2662	2370	1
2662	437	1
2663	3100	1
2663	2457	1
2663	2746	1
2663	2967	1
2663	437	1
2664	2857	1
2664	2643	1
2664	2701	1
2664	2746	1
2664	2967	1
2664	75	1
2665	2857	1
2665	819	1
2665	2457	1
2665	2344	1
2665	2439	1
2665	1654	1
2665	2701	1
2665	2757	1
2665	1149	1
2665	2130	1
2665	2714	1
2666	2857	1
2666	653	1
2666	2701	1
2666	1149	1
2666	75	1
2667	2735	1
2667	2643	1
2667	1149	1
2667	2130	1
2668	767	1
2668	1433	1
2668	2534	1
2668	1881	1
2668	543	1
2668	347	1
2668	75	1
2668	1197	1
2668	107	1
2668	267	1
2669	2865	1
2669	2828	1
2669	1922	1
2669	119	1
2669	2502	1
2669	2339	1
2669	284	1
2669	2746	1
2669	1563	1
2669	437	1
2670	2865	1
2670	2976	1
2670	1684	1
2670	119	1
2670	2857	1
2670	2551	1
2670	116	1
2670	2705	1
2670	145	1
2670	1314	1
2670	437	1
2670	107	1
2670	1351	1
2671	1294	1
2671	1484	1
2671	230	1
2671	1183	1
2671	96	1
2671	287	1
2671	2857	1
2671	802	1
2671	741	1
2671	875	1
2671	116	1
2671	543	1
2671	2250	1
2671	715	1
2671	2769	1
2671	2344	1
2671	936	1
2671	2746	1
2671	2757	1
2671	1149	1
2671	158	1
2671	2967	1
2671	75	1
2671	1005	1
2671	1197	1
2671	2734	1
2671	2211	1
2671	2406	1
2671	1457	1
2671	1612	1
2672	1790	1
2672	1379	1
2672	2968	1
2672	1078	1
2673	119	1
2673	435	1
2673	1042	1
2673	741	1
2673	2486	1
2673	1460	1
2673	1972	1
2673	2296	1
2673	1314	1
2674	2791	1
2674	1149	1
2674	2967	1
2674	1197	1
2675	435	1
2675	1042	1
2675	910	1
2675	2150	1
2675	2457	1
2675	1449	1
2675	2643	1
2675	936	1
2675	2701	1
2675	1400	1
2675	2967	1
2675	75	1
2675	1314	1
2675	1197	1
2676	2184	1
2676	1790	1
2676	2703	1
2676	2457	1
2676	2701	1
2676	1314	1
2676	437	1
2676	1612	1
2677	98	1
2677	1294	1
2677	2970	1
2677	264	1
2677	2059	1
2677	435	1
2677	2457	1
2677	936	1
2677	2701	1
2677	2296	1
2677	2746	1
2677	2987	1
2677	1356	1
2677	1400	1
2677	2967	1
2677	1443	1
2677	75	1
2677	1314	1
2677	952	1
2677	1344	1
2677	2734	1
2677	424	1
2677	499	1
2678	767	1
2678	741	1
2678	3084	1
2678	2486	1
2678	2967	1
2678	75	1
2678	1197	1
2679	1790	1
2679	2763	1
2679	689	1
2680	2701	1
2680	1400	1
2680	1149	1
2680	2967	1
2680	75	1
2680	1314	1
2680	349	1
2680	1612	1
2681	936	1
2681	2701	1
2681	2620	1
2681	2967	1
2681	75	1
2681	1197	1
2682	2643	1
2682	936	1
2682	2701	1
2682	2967	1
2682	1197	1
2683	1345	1
2683	2967	1
2683	2130	1
2684	1149	1
2684	75	1
2685	1149	1
2685	75	1
2686	1149	1
2686	2967	1
2686	75	1
2687	2857	1
2687	1149	1
2687	75	1
2688	592	1
2688	1947	1
2688	2502	1
2688	2862	1
2688	197	1
2688	75	1
2688	1379	1
2688	689	1
2688	1078	1
2689	232	1
2689	2857	1
2689	543	1
2689	2759	1
2689	2967	1
2689	1197	1
2689	2614	1
2690	2857	1
2690	1149	1
2690	2967	1
2690	75	1
2691	2857	1
2691	1356	1
2691	1149	1
2691	75	1
2692	2643	1
2692	2701	1
2692	2746	1
2692	2967	1
2692	75	1
2693	2735	1
2693	1149	1
2693	2967	1
2693	75	1
2694	1149	1
2695	767	1
2695	2534	1
2695	515	1
2695	2457	1
2695	347	1
2695	3054	1
2695	75	1
2695	437	1
2695	2614	1
2695	535	1
2695	1351	1
2696	283	1
2696	809	1
2696	232	1
2696	219	1
2696	1138	1
2696	3084	1
2696	2553	1
2696	2339	1
2696	2150	1
2696	1881	1
2696	2680	1
2696	421	1
2696	2643	1
2696	876	1
2696	2765	1
2696	489	1
2696	2989	1
2696	2701	1
2696	2746	1
2696	1442	1
2696	2620	1
2696	1400	1
2696	1452	1
2696	1563	1
2696	2967	1
2696	75	1
2696	1314	1
2696	952	1
2696	2973	1
2696	2441	1
2696	1197	1
2696	2614	1
2696	1592	1
2696	253	1
2696	2055	1
2696	1689	1
2696	535	1
2696	1351	1
2696	349	1
2696	954	1
2696	461	1
2697	1294	1
2697	1667	1
2697	435	1
2697	706	1
2697	2502	1
2697	1035	1
2697	116	1
2697	2620	1
2697	862	1
2697	1400	1
2697	2967	1
2697	1314	1
2697	884	1
2698	1149	1
2698	75	1
2699	2857	1
2699	1149	1
2699	2967	1
2699	75	1
2700	2857	1
2700	1149	1
2700	75	1
2701	119	1
2701	219	1
2701	2857	1
2701	741	1
2701	543	1
2701	1149	1
2702	3100	1
2702	1174	1
2702	1358	1
2702	809	1
2702	2970	1
2702	2524	1
2702	551	1
2702	287	1
2702	435	1
2702	2525	1
2702	2857	1
2702	543	1
2702	2703	1
2702	2344	1
2702	2346	1
2702	1163	1
2702	2314	1
2702	950	1
2702	208	1
2702	2236	1
2702	2746	1
2702	3102	1
2702	2967	1
2702	1314	1
2702	1704	1
2702	2973	1
2702	2789	1
2702	777	1
2702	253	1
2702	1457	1
2703	2763	1
2703	1379	1
2703	689	1
2703	1078	1
2704	2763	1
2704	689	1
2704	1078	1
2705	219	1
2705	1042	1
2705	1460	1
2705	1345	1
2705	2344	1
2705	1197	1
2706	2857	1
2706	1149	1
2706	75	1
2707	2857	1
2707	1149	1
2707	2967	1
2707	75	1
2708	2857	1
2708	1149	1
2708	75	1
2709	2857	1
2709	1149	1
2709	75	1
2710	2701	1
2710	1149	1
2710	75	1
2710	1314	1
2711	2857	1
2711	1149	1
2711	75	1
2711	1314	1
2712	2857	1
2712	1149	1
2712	2967	1
2713	2857	1
2713	1149	1
2713	2967	1
2713	75	1
2714	2857	1
2714	1149	1
2714	2967	1
2714	75	1
2715	2857	1
2715	1149	1
2715	75	1
2716	1032	1
2716	2967	1
2716	75	1
2716	1363	1
2716	2130	1
2717	2862	1
2717	2275	1
2717	2344	1
2717	2701	1
2717	1149	1
2717	2967	1
2717	75	1
2717	1344	1
2717	1197	1
2717	584	1
2717	1612	1
2718	715	1
2718	2597	1
2718	1149	1
2718	75	1
2719	1012	1
2719	2457	1
2719	820	1
2719	2593	1
2719	1149	1
2719	2734	1
2720	767	1
2720	2857	1
2720	2296	1
2720	1356	1
2721	2735	1
2721	2701	1
2721	1149	1
2721	2967	1
2721	75	1
2722	2857	1
2722	2735	1
2722	2643	1
2722	1065	1
2722	2967	1
2722	75	1
2723	2857	1
2723	2643	1
2723	1065	1
2723	2701	1
2723	1149	1
2723	1479	1
2723	2130	1
2724	2857	1
2724	715	1
2724	818	1
2724	1149	1
2724	2967	1
2725	2735	1
2725	2643	1
2725	2701	1
2725	2967	1
2725	75	1
2726	1761	1
2727	98	1
2727	2865	1
2727	435	1
2727	2908	1
2727	2857	1
2727	653	1
2727	1947	1
2727	2502	1
2727	1035	1
2727	2862	1
2727	2551	1
2727	2791	1
2727	2439	1
2727	303	1
2727	2314	1
2727	2643	1
2727	1654	1
2727	2701	1
2727	1686	1
2727	2620	1
2727	2668	1
2727	1400	1
2727	329	1
2727	2967	1
2727	1314	1
2727	2194	1
2727	952	1
2727	1344	1
2727	1197	1
2727	253	1
2727	1902	1
2727	2520	1
2727	2130	1
2728	901	1
2728	85	1
2728	1358	1
2728	592	1
2728	1938	1
2728	754	1
2728	1790	1
2728	2735	1
2728	2660	1
2728	543	1
2728	807	1
2728	124	1
2728	843	1
2728	1063	1
2728	2746	1
2728	1686	1
2728	474	1
2728	134	1
2728	2196	1
2728	2148	1
2728	2154	1
2728	2967	1
2728	75	1
2728	1754	1
2728	2052	1
2728	2973	1
2728	2289	1
2728	1197	1
2728	2389	1
2728	1703	1
2728	349	1
2728	2520	1
2728	1612	1
2729	98	1
2729	2857	1
2729	1790	1
2729	2862	1
2729	1149	1
2729	2967	1
2729	75	1
2729	584	1
2729	1902	1
2730	2862	1
2730	299	1
2730	818	1
2730	1693	1
2730	2701	1
2730	700	1
2730	2154	1
2730	75	1
2730	2734	1
2731	2986	1
2731	936	1
2731	2701	1
2731	2967	1
2731	75	1
2732	219	1
2732	2857	1
2732	741	1
2732	1460	1
2732	2620	1
2732	2967	1
2732	75	1
2732	1314	1
2732	1197	1
2733	435	1
2733	2857	1
2733	3084	1
2733	2344	1
2733	2643	1
2733	936	1
2733	2701	1
2733	1356	1
2733	2967	1
2733	1314	1
2733	1344	1
2734	2857	1
2734	2502	1
2734	2344	1
2734	1693	1
2734	335	1
2734	2154	1
2734	75	1
2734	1324	1
2735	1042	1
2735	2857	1
2735	655	1
2735	2987	1
2735	1314	1
2736	2538	1
2736	232	1
2736	3084	1
2736	543	1
2736	836	1
2736	2344	1
2736	2967	1
2736	75	1
2736	1314	1
2736	952	1
2736	1612	1
2737	2538	1
2737	767	1
2737	232	1
2737	219	1
2737	2857	1
2737	741	1
2737	3084	1
2737	2735	1
2737	543	1
2737	836	1
2737	2344	1
2737	936	1
2737	75	1
2737	1197	1
2737	584	1
2738	232	1
2738	230	1
2738	219	1
2738	653	1
2738	543	1
2738	2643	1
2738	2701	1
2738	2620	1
2738	2967	1
2738	75	1
2738	952	1
2738	1197	1
2739	2538	1
2739	232	1
2739	2857	1
2739	3084	1
2739	836	1
2739	936	1
2739	75	1
2739	584	1
2740	2857	1
2740	836	1
2740	2643	1
2740	2620	1
2740	2967	1
2740	75	1
2740	1197	1
2740	2734	1
2740	349	1
2741	543	1
2741	1345	1
2741	299	1
2741	1356	1
2741	1149	1
2741	2967	1
2741	75	1
2741	1197	1
2742	2857	1
2742	2457	1
2742	2701	1
2742	2746	1
2742	3098	1
2742	75	1
2743	1947	1
2743	2275	1
2743	1012	1
2743	299	1
2743	899	1
2743	2701	1
2743	1149	1
2743	2083	1
2743	1681	1
2744	85	1
2744	232	1
2744	543	1
2744	1563	1
2744	1197	1
2744	2614	1
2745	2338	1
2745	1145	1
2745	969	1
2745	2481	1
2745	1761	1
2745	2075	1
2745	2593	1
2745	1149	1
2745	1363	1
2746	2338	1
2747	2338	1
2747	1790	1
2747	2734	1
2748	2338	1
2748	1162	1
2748	1790	1
2748	2967	1
2748	2734	1
2749	3057	1
2749	1036	1
2749	219	1
2749	741	1
2749	1460	1
2749	2457	1
2749	936	1
2749	2701	1
2749	1442	1
2749	2620	1
2749	2967	1
2749	1197	1
2749	535	1
2750	2068	1
2750	3085	1
2750	3040	1
2750	2701	1
2751	219	1
2751	2908	1
2751	2857	1
2751	2150	1
2751	2457	1
2751	936	1
2751	2746	1
2751	2620	1
2751	2967	1
2751	1314	1
2752	219	1
2752	3084	1
2752	2457	1
2752	2701	1
2752	2746	1
2752	2967	1
2752	75	1
2752	1314	1
2752	1197	1
2753	2701	1
2753	1149	1
2753	75	1
2754	98	1
2754	2865	1
2754	219	1
2754	435	1
2754	706	1
2754	2862	1
2754	2150	1
2754	1145	1
2754	2275	1
2754	354	1
2754	3085	1
2754	2701	1
2754	2593	1
2754	611	1
2754	1149	1
2754	2734	1
2755	920	1
2755	592	1
2755	1790	1
2755	2735	1
2755	2763	1
2755	2701	1
2755	1619	1
2755	75	1
2755	1668	1
2755	584	1
2755	689	1
2756	2862	1
2756	540	1
2756	1078	1
2757	2735	1
2757	818	1
2757	2643	1
2757	2701	1
2757	1149	1
2757	2967	1
2758	592	1
2758	552	1
2758	1790	1
2758	3105	1
2758	2148	1
2758	75	1
2758	584	1
2758	689	1
2758	2852	1
2758	2299	1
2758	1078	1
2759	920	1
2759	1988	1
2759	2338	1
2759	1938	1
2759	119	1
2759	435	1
2759	696	1
2759	1790	1
2759	715	1
2759	2643	1
2759	1314	1
2759	584	1
2759	1078	1
2759	1461	1
2759	2544	1
2759	94	1
2760	920	1
2760	1685	1
2760	3084	1
2760	2735	1
2760	2275	1
2760	2763	1
2760	2148	1
2760	974	1
2760	584	1
2761	2763	1
2761	689	1
2761	1078	1
2762	1042	1
2762	2857	1
2762	1947	1
2762	2150	1
2762	2967	1
2762	1314	1
2762	952	1
2762	437	1
2762	1197	1
2762	584	1
2762	2043	1
2762	188	1
2763	809	1
2763	2857	1
2763	2409	1
2763	1947	1
2763	543	1
2763	2763	1
2763	2701	1
2763	2967	1
2763	2973	1
2763	1379	1
2763	2043	1
2764	936	1
2765	352	1
2765	3084	1
2765	2457	1
2765	2746	1
2765	2987	1
2765	1356	1
2765	335	1
2765	1149	1
2765	2967	1
2765	75	1
2765	1363	1
2765	2671	1
2765	2130	1
2766	1294	1
2766	1993	1
2766	1790	1
2766	2735	1
2766	299	1
2766	2383	1
2766	1149	1
2766	1314	1
2766	349	1
2766	1078	1
2767	2851	1
2767	2502	1
2767	1345	1
2767	1693	1
2767	1400	1
2767	1149	1
2767	2967	1
2767	75	1
2767	2734	1
2768	85	1
2768	1947	1
2768	2862	1
2768	2763	1
2768	1853	1
2768	104	1
2768	1379	1
2768	2260	1
2768	1078	1
2769	592	1
2769	1790	1
2769	2735	1
2769	1379	1
2769	689	1
2770	85	1
2770	541	1
2770	2791	1
2770	2763	1
2770	710	1
2770	104	1
2770	1379	1
2770	689	1
2770	1078	1
2771	1294	1
2771	2331	1
2771	2862	1
2771	2791	1
2771	1379	1
2771	2254	1
2771	2260	1
2771	1078	1
2772	2701	1
2772	689	1
2772	3119	1
2773	98	1
2773	706	1
2773	1370	1
2773	2701	1
2773	1400	1
2773	1149	1
2773	2967	1
2773	1902	1
2774	2643	1
2774	2763	1
2774	1619	1
2774	1379	1
2774	689	1
2774	2260	1
2774	1078	1
2775	7	1
2775	2137	1
2775	2481	1
2776	619	1
2776	219	1
2776	1042	1
2776	2857	1
2776	118	1
2776	1947	1
2776	741	1
2776	1460	1
2776	2150	1
2776	116	1
2776	2457	1
2776	2344	1
2776	1400	1
2776	2967	1
2776	1314	1
2777	548	1
2777	2774	1
2777	63	1
2777	715	1
2777	2577	1
2777	2899	1
2777	1071	1
2777	204	1
2777	2194	1
2777	2564	1
2777	1238	1
2777	2972	1
2778	920	1
2778	592	1
2778	2763	1
2778	1016	1
2778	952	1
2778	1379	1
2778	1078	1
2778	3112	1
2779	2119	1
2779	920	1
2779	3084	1
2779	1856	1
2779	2862	1
2779	2643	1
2779	1151	1
2779	1149	1
2779	1314	1
2779	349	1
2779	1612	1
2780	2857	1
2780	706	1
2780	1149	1
2780	454	1
2780	1078	1
2780	1390	1
2781	2457	1
2781	1449	1
2781	1032	1
2781	3098	1
2781	2083	1
2782	2857	1
2782	2862	1
2782	2344	1
2782	1611	1
2782	358	1
2782	2701	1
2783	1790	1
2783	1947	1
2783	2643	1
2783	2916	1
2783	689	1
2784	2571	1
2784	219	1
2784	2015	1
2784	2857	1
2784	1790	1
2784	2220	1
2784	2120	1
2784	1145	1
2784	2703	1
2784	1123	1
2784	2344	1
2784	1924	1
2784	2643	1
2784	7	1
2784	2710	1
2784	1149	1
2784	1186	1
2784	454	1
2784	2967	1
2784	75	1
2784	272	1
2784	1388	1
2785	938	1
2785	1294	1
2785	1684	1
2785	2338	1
2785	891	1
2785	2002	1
2785	1993	1
2785	1790	1
2785	1940	1
2785	1947	1
2785	1286	1
2785	2331	1
2785	2862	1
2785	2703	1
2785	358	1
2785	597	1
2785	762	1
2785	2203	1
2785	75	1
2785	1379	1
2785	2789	1
2785	1197	1
2785	689	1
2785	1078	1
2785	2714	1
2785	3112	1
2786	219	1
2786	435	1
2786	1042	1
2786	2857	1
2786	741	1
2786	1460	1
2786	2703	1
2786	2597	1
2786	2296	1
2786	2746	1
2786	2967	1
2786	1314	1
2786	777	1
2786	1351	1
2786	2800	1
2787	435	1
2787	696	1
2787	1271	1
2787	2396	1
2787	762	1
2787	2941	1
2788	4	1
2788	2857	1
2788	1460	1
2788	1534	1
2788	2693	1
2788	543	1
2788	1345	1
2788	2703	1
2788	715	1
2788	2344	1
2788	2746	1
2788	1400	1
2788	1761	1
2788	1197	1
2788	535	1
2788	1351	1
2789	741	1
2789	2392	1
2789	1479	1
2790	3100	1
2790	3057	1
2790	2865	1
2790	809	1
2790	1684	1
2790	767	1
2790	551	1
2790	119	1
2790	230	1
2790	1433	1
2790	287	1
2790	435	1
2790	3008	1
2790	430	1
2790	653	1
2790	1947	1
2790	3084	1
2790	875	1
2790	543	1
2790	1345	1
2790	2457	1
2790	715	1
2790	2344	1
2790	2597	1
2790	2937	1
2790	3009	1
2790	655	1
2790	2701	1
2790	2296	1
2790	3139	1
2790	2746	1
2790	2757	1
2790	1564	1
2790	563	1
2790	2440	1
2790	2973	1
2790	917	1
2790	1197	1
2790	2614	1
2790	2248	1
2790	954	1
2790	2629	1
2791	767	1
2791	119	1
2791	232	1
2791	2908	1
2791	1947	1
2791	741	1
2791	2502	1
2791	2551	1
2791	543	1
2791	2703	1
2791	2344	1
2791	1259	1
2791	2597	1
2791	2215	1
2791	1356	1
2791	252	1
2791	2967	1
2791	2194	1
2791	952	1
2791	2789	1
2791	437	1
2791	1197	1
2791	418	1
2791	1351	1
2791	349	1
2792	551	1
2792	1042	1
2792	741	1
2792	2486	1
2792	2551	1
2792	543	1
2792	2703	1
2792	2791	1
2792	2344	1
2792	1611	1
2792	655	1
2792	2296	1
2792	2967	1
2792	1197	1
2792	1351	1
2793	232	1
2793	230	1
2793	543	1
2793	1345	1
2793	2789	1
2794	938	1
2795	2857	1
2795	653	1
2795	116	1
2795	543	1
2795	1345	1
2795	2746	1
2795	1149	1
2795	2967	1
2795	1314	1
2795	2973	1
2795	1197	1
2795	349	1
2796	2598	1
2796	2951	1
2796	1345	1
2796	2197	1
2796	1640	1
2796	2967	1
2796	1314	1
2796	3103	1
2796	1703	1
2796	2520	1
2797	3100	1
2797	2257	1
2797	767	1
2797	774	1
2797	232	1
2797	230	1
2797	219	1
2797	1433	1
2797	1042	1
2797	2857	1
2797	118	1
2797	1947	1
2797	3084	1
2797	1460	1
2797	2551	1
2797	543	1
2797	2344	1
2797	1834	1
2797	928	1
2797	1063	1
2797	2746	1
2797	2378	1
2797	2967	1
2797	75	1
2797	1314	1
2797	2973	1
2797	917	1
2797	1197	1
2797	535	1
2797	1351	1
2797	1008	1
2797	954	1
2798	3100	1
2798	98	1
2798	3057	1
2798	578	1
2798	1684	1
2798	767	1
2798	2524	1
2798	2709	1
2798	725	1
2798	232	1
2798	909	1
2798	435	1
2798	1138	1
2798	1042	1
2798	1095	1
2798	118	1
2798	653	1
2798	2880	1
2798	1366	1
2798	741	1
2798	3084	1
2798	2486	1
2798	126	1
2798	1460	1
2798	2735	1
2798	2502	1
2798	1035	1
2798	1057	1
2798	2527	1
2798	3038	1
2798	2638	1
2798	1881	1
2798	543	1
2798	2720	1
2798	2759	1
2798	863	1
2798	2703	1
2798	124	1
2798	1970	1
2798	1883	1
2798	1834	1
2798	62	1
2798	2597	1
2798	1321	1
2798	1923	1
2798	478	1
2798	3079	1
2798	2296	1
2798	3016	1
2798	2022	1
2798	233	1
2798	3124	1
2798	2160	1
2798	1381	1
2798	1232	1
2798	2967	1
2798	1086	1
2798	75	1
2798	1314	1
2798	997	1
2798	1755	1
2798	917	1
2798	2789	1
2798	1197	1
2798	584	1
2798	2614	1
2798	2734	1
2798	1081	1
2798	535	1
2798	359	1
2798	1008	1
2798	2406	1
2798	2654	1
2798	2232	1
2798	736	1
2799	3100	1
2799	2970	1
2799	435	1
2799	2857	1
2799	2705	1
2799	1761	1
2799	145	1
2799	2789	1
2799	2055	1
2800	1294	1
2800	1583	1
2800	435	1
2800	2502	1
2800	2150	1
2800	543	1
2800	2746	1
2800	1356	1
2800	2967	1
2800	1314	1
2800	1670	1
2800	1197	1
2800	3143	1
2800	1902	1
2801	2857	1
2801	1356	1
2801	2980	1
2802	2119	1
2802	4	1
2802	1684	1
2802	119	1
2802	2820	1
2802	219	1
2802	1042	1
2802	757	1
2802	741	1
2802	768	1
2802	875	1
2802	1534	1
2802	715	1
2802	2344	1
2802	700	1
2802	2967	1
2802	2392	1
2802	2542	1
2802	437	1
2802	2055	1
2802	1689	1
2802	2800	1
2803	119	1
2803	2967	1
2803	1479	1
2804	1920	1
2804	219	1
2804	2857	1
2804	653	1
2804	757	1
2804	1460	1
2804	543	1
2804	715	1
2804	2746	1
2804	2922	1
2804	443	1
2804	114	1
2804	2392	1
2804	1197	1
2805	1042	1
2805	2857	1
2805	1460	1
2805	1534	1
2805	543	1
2805	2457	1
2805	2344	1
2805	2392	1
2805	437	1
2805	535	1
2806	767	1
2806	2598	1
2806	119	1
2806	230	1
2806	219	1
2806	2857	1
2806	194	1
2806	653	1
2806	2078	1
2806	741	1
2806	2551	1
2806	1881	1
2806	2989	1
2806	2746	1
2806	1400	1
2806	1761	1
2806	1586	1
2806	2967	1
2806	1324	1
2806	644	1
2806	2520	1
2807	77	1
2807	706	1
2807	1947	1
2807	1697	1
2807	2763	1
2807	3085	1
2807	2701	1
2807	1356	1
2808	1684	1
2808	767	1
2808	178	1
2808	909	1
2808	940	1
2808	3033	1
2808	590	1
2808	1345	1
2808	715	1
2808	1398	1
2808	3037	1
2808	1564	1
2808	1314	1
2808	1197	1
2808	2489	1
2808	2248	1
2808	1689	1
2808	1351	1
2809	1294	1
2809	2181	1
2809	2851	1
2809	411	1
2809	232	1
2809	2673	1
2809	706	1
2809	242	1
2809	1035	1
2809	2340	1
2809	110	1
2809	2372	1
2809	1079	1
2809	2457	1
2809	1374	1
2809	1259	1
2809	1540	1
2809	1515	1
2809	1369	1
2809	728	1
2809	45	1
2809	862	1
2809	1400	1
2809	3134	1
2809	1983	1
2809	1935	1
2809	2515	1
2809	3061	1
2809	2238	1
2809	828	1
2809	1314	1
2809	1704	1
2809	1511	1
2809	139	1
2809	1932	1
2809	1491	1
2809	1884	1
2809	2050	1
2809	3032	1
2809	377	1
2809	2520	1
2809	189	1
2809	472	1
2810	2538	1
2810	2068	1
2810	1790	1
2810	77	1
2810	2862	1
2810	2703	1
2810	2344	1
2810	1314	1
2810	1076	1
2810	2734	1
2811	767	1
2811	232	1
2811	230	1
2811	435	1
2811	2857	1
2811	653	1
2811	543	1
2811	1345	1
2811	2457	1
2811	2643	1
2811	2701	1
2811	3139	1
2811	2370	1
2811	1197	1
2811	2734	1
2812	2857	1
2812	1790	1
2812	2457	1
2812	299	1
2812	1356	1
2812	2967	1
2812	75	1
2812	437	1
2813	119	1
2813	2857	1
2813	543	1
2813	2296	1
2813	75	1
2814	3100	1
2814	2857	1
2814	2673	1
2814	118	1
2814	1947	1
2814	741	1
2814	2486	1
2814	543	1
2814	2457	1
2814	527	1
2814	2344	1
2814	140	1
2814	1761	1
2814	1730	1
2814	2203	1
2814	1704	1
2814	952	1
2814	437	1
2814	1197	1
2814	535	1
2814	418	1
2814	1351	1
2814	1703	1
2814	2105	1
2815	592	1
2815	1611	1
2815	2668	1
2815	1935	1
2815	1314	1
2815	689	1
2816	1294	1
2816	889	1
2816	2891	1
2816	2960	1
2816	2791	1
2816	715	1
2816	710	1
2816	2701	1
2816	1853	1
2816	1314	1
2816	1379	1
2816	2254	1
2816	2260	1
2816	1078	1
2817	1790	1
2817	2862	1
2817	1079	1
2817	2643	1
2817	2763	1
2817	2916	1
2817	689	1
2817	2852	1
2817	2260	1
2817	1078	1
2818	920	1
2818	2857	1
2818	1790	1
2818	2862	1
2818	2763	1
2818	2916	1
2818	689	1
2818	1078	1
2819	3084	1
2819	2344	1
2819	655	1
2819	936	1
2819	2701	1
2819	1356	1
2819	1149	1
2819	75	1
2820	2865	1
2820	2857	1
2820	3084	1
2820	1478	1
2820	2344	1
2820	1449	1
2820	2643	1
2820	655	1
2820	936	1
2820	2746	1
2820	2646	1
2820	1149	1
2820	75	1
2820	2789	1
2820	584	1
2821	2119	1
2821	1042	1
2821	2857	1
2821	3084	1
2821	1079	1
2821	2643	1
2821	655	1
2821	2701	1
2821	1197	1
2821	584	1
2822	2857	1
2822	655	1
2822	936	1
2822	2701	1
2822	1356	1
2822	1149	1
2822	2967	1
2822	75	1
2823	2865	1
2823	2119	1
2823	119	1
2823	435	1
2823	1079	1
2823	543	1
2823	1611	1
2823	2746	1
2823	1344	1
2824	232	1
2824	2857	1
2824	543	1
2824	2344	1
2824	1449	1
2824	2643	1
2824	2701	1
2824	2746	1
2824	2620	1
2824	1761	1
2824	2967	1
2824	2973	1
2824	1197	1
2824	535	1
2825	938	1
2825	2158	1
2825	2119	1
2825	419	1
2825	2121	1
2825	1383	1
2825	2921	1
2825	2429	1
2825	410	1
2825	2486	1
2825	2009	1
2825	14	1
2825	967	1
2825	2736	1
2825	2703	1
2825	715	1
2825	3021	1
2825	2657	1
2825	429	1
2825	1796	1
2825	2380	1
2825	1996	1
2825	2662	1
2825	599	1
2825	147	1
2825	2417	1
2825	1647	1
2825	2327	1
2825	2740	1
2825	2401	1
2825	2396	1
2825	1235	1
2825	2124	1
2825	1176	1
2825	1960	1
2825	3059	1
2825	2210	1
2825	1636	1
2825	418	1
2825	2932	1
2825	2969	1
2825	775	1
2825	1231	1
2826	1684	1
2826	119	1
2826	2606	1
2826	435	1
2826	1665	1
2826	14	1
2826	1079	1
2826	2275	1
2826	2742	1
2826	1271	1
2826	1950	1
2826	2344	1
2826	1611	1
2826	599	1
2826	1647	1
2826	2861	1
2826	1710	1
2826	1314	1
2826	1494	1
2826	2376	1
2826	1475	1
2826	1689	1
2826	2969	1
2827	543	1
2827	531	1
2827	722	1
2827	2967	1
2828	809	1
2828	1874	1
2828	551	1
2828	287	1
2828	435	1
2828	1042	1
2828	2880	1
2828	2917	1
2828	741	1
2828	2486	1
2828	2703	1
2828	2344	1
2828	570	1
2828	2296	1
2828	1101	1
2828	2967	1
2828	1086	1
2828	437	1
2828	535	1
2828	418	1
2828	1008	1
2829	2970	1
2829	2976	1
2829	2915	1
2829	573	1
2829	1684	1
2829	767	1
2829	1874	1
2829	2524	1
2829	1308	1
2829	219	1
2829	940	1
2829	991	1
2829	1042	1
2829	1254	1
2829	118	1
2829	441	1
2829	302	1
2829	741	1
2829	3084	1
2829	1128	1
2829	2456	1
2829	875	1
2829	1460	1
2829	2774	1
2829	2693	1
2829	2551	1
2829	1968	1
2829	2680	1
2829	2250	1
2829	2114	1
2829	2141	1
2829	1488	1
2829	950	1
2829	2102	1
2829	1846	1
2829	3009	1
2829	2772	1
2829	1063	1
2829	936	1
2829	1987	1
2829	2296	1
2829	1721	1
2829	2757	1
2829	459	1
2829	2743	1
2829	2668	1
2829	252	1
2829	1403	1
2829	1761	1
2829	834	1
2829	1149	1
2829	1813	1
2829	3037	1
2829	1210	1
2829	158	1
2829	1086	1
2829	980	1
2829	1690	1
2829	1197	1
2829	2614	1
2829	2734	1
2829	535	1
2829	418	1
2829	2969	1
2830	2976	1
2830	435	1
2830	2857	1
2830	2551	1
2830	543	1
2830	1586	1
2830	1314	1
2830	111	1
2830	2248	1
2831	2857	1
2831	2296	1
2831	588	1
2831	2967	1
2831	1314	1
2832	1356	1
2832	1149	1
2832	2967	1
2832	1344	1
2832	2734	1
2833	909	1
2833	2038	1
2833	2296	1
2833	2789	1
2833	2248	1
2833	1572	1
2834	767	1
2834	3008	1
2834	2857	1
2834	741	1
2834	2502	1
2834	116	1
2834	1881	1
2834	2155	1
2834	1063	1
2834	2746	1
2834	2378	1
2834	1400	1
2834	2054	1
2834	1149	1
2834	2967	1
2834	75	1
2834	1314	1
2834	2973	1
2834	1511	1
2834	2789	1
2834	1197	1
2834	1351	1
2834	2283	1
2835	2701	1
2835	1379	1
2835	689	1
2836	4	1
2836	767	1
2836	725	1
2836	230	1
2836	219	1
2836	2952	1
2836	991	1
2836	1042	1
2836	2857	1
2836	118	1
2836	1947	1
2836	2486	1
2836	1460	1
2836	1534	1
2836	1057	1
2836	1345	1
2836	2703	1
2836	2996	1
2836	2296	1
2836	2992	1
2836	563	1
2836	1314	1
2836	927	1
2836	952	1
2836	2453	1
2836	2332	1
2836	1634	1
2837	2763	1
2837	762	1
2837	1379	1
2838	2857	1
2838	3033	1
2838	2703	1
2838	197	1
2838	2701	1
2838	2982	1
2838	2746	1
2838	2967	1
2838	75	1
2838	1197	1
2838	2734	1
2838	1372	1
2839	1874	1
2839	2701	1
2840	2976	1
2840	2551	1
2840	2296	1
2840	2789	1
2841	98	1
2841	1294	1
2841	232	1
2841	230	1
2841	2857	1
2841	653	1
2841	802	1
2841	3084	1
2841	543	1
2841	3020	1
2841	1506	1
2841	928	1
2841	1400	1
2841	1149	1
2841	2967	1
2841	952	1
2841	2789	1
2841	1197	1
2841	535	1
2841	1612	1
2842	1451	1
2842	1938	1
2842	1559	1
2842	1042	1
2842	2857	1
2842	616	1
2842	1516	1
2842	1356	1
2842	1091	1
2842	1703	1
2842	1479	1
2843	1294	1
2843	1358	1
2843	232	1
2843	2951	1
2843	2857	1
2843	706	1
2843	757	1
2843	543	1
2843	2344	1
2843	517	1
2843	2701	1
2843	2620	1
2843	1400	1
2843	1761	1
2843	952	1
2843	917	1
2843	111	1
2843	1197	1
2843	41	1
2843	2734	1
2843	349	1
2843	2520	1
2843	1612	1
2844	435	1
2844	991	1
2844	2857	1
2844	2568	1
2844	2703	1
2844	2967	1
2845	2980	1
2846	901	1
2846	2068	1
2846	1684	1
2846	592	1
2846	1975	1
2846	435	1
2846	2692	1
2846	1601	1
2846	1993	1
2846	77	1
2846	706	1
2846	2078	1
2846	541	1
2846	3075	1
2846	415	1
2846	651	1
2846	2703	1
2846	738	1
2846	2643	1
2846	263	1
2846	1343	1
2846	1436	1
2846	2398	1
2846	3085	1
2846	1734	1
2846	2701	1
2846	2746	1
2846	1356	1
2846	862	1
2846	1149	1
2846	1619	1
2846	850	1
2846	75	1
2846	1314	1
2846	2223	1
2846	2219	1
2846	1300	1
2846	2789	1
2846	584	1
2846	349	1
2846	490	1
2846	168	1
2846	2260	1
2846	1625	1
2846	2827	1
2846	369	1
2847	2851	1
2847	1356	1
2847	2154	1
2847	2734	1
2847	1902	1
2848	3100	1
2848	3057	1
2848	219	1
2848	2857	1
2848	653	1
2848	802	1
2848	2735	1
2848	543	1
2848	1312	1
2848	1345	1
2848	2457	1
2848	2344	1
2848	2701	1
2848	2296	1
2848	1356	1
2848	1400	1
2848	2390	1
2848	2967	1
2848	1314	1
2848	2392	1
2848	1344	1
2848	1197	1
2848	1351	1
2848	1902	1
2848	1479	1
2848	2406	1
2848	369	1
2849	98	1
2849	767	1
2849	592	1
2849	435	1
2849	2986	1
2849	2150	1
2849	1345	1
2849	3020	1
2849	655	1
2849	1356	1
2849	2620	1
2849	1400	1
2849	1761	1
2849	2203	1
2849	2154	1
2849	2392	1
2849	2973	1
2849	1344	1
2849	1197	1
2849	359	1
2849	1351	1
2850	2643	1
2850	2763	1
2850	197	1
2850	689	1
2851	1294	1
2851	1993	1
2851	2735	1
2851	2763	1
2851	197	1
2851	689	1
2852	3106	1
2852	1294	1
2852	1192	1
2852	2414	1
2852	2865	1
2852	2970	1
2852	551	1
2852	1938	1
2852	230	1
2852	374	1
2852	2857	1
2852	1404	1
2852	2889	1
2852	1947	1
2852	741	1
2852	3084	1
2852	2294	1
2852	2502	1
2852	671	1
2852	2457	1
2852	3083	1
2852	428	1
2852	2558	1
2852	2643	1
2852	787	1
2852	2701	1
2852	2296	1
2852	2620	1
2852	862	1
2852	61	1
2852	1777	1
2852	1338	1
2852	1314	1
2852	2805	1
2852	952	1
2852	2789	1
2852	437	1
2852	1197	1
2852	745	1
2852	349	1
2852	2520	1
2852	472	1
2852	1612	1
2853	1583	1
2853	2068	1
2853	1790	1
2853	706	1
2853	2275	1
2853	3085	1
2853	1356	1
2853	75	1
2854	2571	1
2854	435	1
2854	2857	1
2854	302	1
2854	967	1
2854	1968	1
2854	1312	1
2854	2250	1
2854	1449	1
2854	3021	1
2854	1849	1
2854	2765	1
2854	2746	1
2854	2757	1
2854	630	1
2854	1186	1
2854	2967	1
2854	75	1
2854	3059	1
2854	1561	1
2854	437	1
2854	1197	1
2854	1689	1
2854	1081	1
2854	424	1
2854	535	1
2854	1351	1
2855	1358	1
2855	435	1
2855	519	1
2855	3075	1
2855	2735	1
2855	2660	1
2855	2543	1
2855	3142	1
2855	124	1
2855	33	1
2855	958	1
2855	474	1
2855	2053	1
2855	2148	1
2855	850	1
2855	878	1
2855	75	1
2855	1314	1
2855	448	1
2855	2052	1
2855	607	1
2855	229	1
2855	490	1
2855	2406	1
2856	767	1
2856	119	1
2856	1010	1
2856	219	1
2856	1433	1
2856	909	1
2856	435	1
2856	991	1
2856	2857	1
2856	855	1
2856	3084	1
2856	1409	1
2856	925	1
2856	116	1
2856	2273	1
2856	590	1
2856	543	1
2856	2703	1
2856	2457	1
2856	715	1
2856	2114	1
2856	2344	1
2856	208	1
2856	876	1
2856	1063	1
2856	936	1
2856	1496	1
2856	2620	1
2856	1564	1
2856	2967	1
2856	75	1
2856	2789	1
2856	2489	1
2856	1351	1
2856	1346	1
2856	2714	1
2857	77	1
2857	2568	1
2857	429	1
2857	420	1
2857	3085	1
2857	1734	1
2857	3046	1
2857	1149	1
2857	2370	1
2857	2108	1
2857	1670	1
2858	920	1
2858	592	1
2858	1790	1
2858	2960	1
2858	1947	1
2858	541	1
2858	1991	1
2858	224	1
2858	526	1
2858	197	1
2858	2916	1
2858	134	1
2858	974	1
2858	1351	1
2859	1790	1
2859	2275	1
2859	2763	1
2859	2701	1
2859	1078	1
2860	2598	1
2860	219	1
2860	909	1
2860	1986	1
2860	757	1
2860	1345	1
2860	2791	1
2860	1053	1
2860	2746	1
2860	2967	1
2860	75	1
2860	1671	1
2860	1197	1
2860	535	1
2860	1351	1
2860	2252	1
2860	1107	1
2860	2520	1
2860	764	1
2860	2526	1
2860	291	1
2860	1317	1
2860	1906	1
2860	497	1
2861	1451	1
2861	1011	1
2861	1858	1
2861	401	1
2861	2652	1
2861	1874	1
2861	2206	1
2861	392	1
2861	3071	1
2861	1833	1
2861	3081	1
2861	2694	1
2861	1952	1
2861	1559	1
2861	2848	1
2861	425	1
2861	1856	1
2861	1417	1
2861	1357	1
2861	2631	1
2861	1826	1
2861	1827	1
2861	1587	1
2861	782	1
2861	112	1
2861	2945	1
2861	460	1
2861	3076	1
2861	2937	1
2861	1629	1
2861	2215	1
2861	824	1
2861	2460	1
2861	3116	1
2861	132	1
2861	581	1
2861	1769	1
2861	959	1
2861	2423	1
2861	3077	1
2861	2369	1
2861	2444	1
2861	2279	1
2861	1945	1
2861	890	1
2861	2992	1
2861	1086	1
2861	1338	1
2861	422	1
2861	2440	1
2861	1103	1
2861	1704	1
2861	1561	1
2861	1429	1
2861	50	1
2861	2642	1
2861	1362	1
2861	2358	1
2861	2755	1
2862	2857	1
2862	2344	1
2862	2701	1
2862	2296	1
2862	2967	1
2863	2338	1
2864	947	1
2864	2857	1
2864	3084	1
2864	2457	1
2864	1123	1
2864	1834	1
2864	876	1
2864	1769	1
2864	2967	1
2864	75	1
2864	1314	1
2864	437	1
2864	1197	1
2864	1351	1
2864	2511	1
2864	2654	1
2865	1294	1
2865	809	1
2865	2970	1
2865	2915	1
2865	767	1
2865	435	1
2865	940	1
2865	1042	1
2865	2857	1
2865	511	1
2865	757	1
2865	934	1
2865	2502	1
2865	956	1
2865	1079	1
2865	116	1
2865	2703	1
2865	715	1
2865	1883	1
2865	1488	1
2865	2746	1
2865	2757	1
2865	972	1
2865	1356	1
2865	2620	1
2865	1400	1
2865	2160	1
2865	834	1
2865	1655	1
2865	1210	1
2865	2348	1
2865	2967	1
2865	1314	1
2865	886	1
2865	2392	1
2865	1560	1
2865	1507	1
2865	1423	1
2865	917	1
2865	2246	1
2865	2789	1
2865	1197	1
2865	2248	1
2865	2975	1
2865	1689	1
2865	2980	1
2865	2520	1
2865	1479	1
2865	2130	1
2865	1906	1
2866	774	1
2866	232	1
2866	2857	1
2866	802	1
2866	543	1
2866	2720	1
2866	347	1
2866	2953	1
2866	3054	1
2866	1037	1
2866	1197	1
2866	359	1
2867	435	1
2867	679	1
2867	2699	1
2867	2502	1
2867	2693	1
2867	1611	1
2867	455	1
2867	2006	1
2867	1507	1
2867	1197	1
2867	2248	1
2868	435	1
2868	511	1
2868	2699	1
2868	1345	1
2868	2006	1
2868	2040	1
2868	2967	1
2868	1314	1
2868	1197	1
2869	2970	1
2869	119	1
2869	909	1
2869	435	1
2869	2857	1
2869	511	1
2869	1345	1
2869	1400	1
2869	2967	1
2869	1314	1
2869	2789	1
2870	2857	1
2870	511	1
2870	2699	1
2870	2502	1
2870	1345	1
2870	2040	1
2870	1314	1
2870	1507	1
2870	2248	1
2871	2970	1
2871	232	1
2871	230	1
2871	909	1
2871	435	1
2871	2857	1
2871	679	1
2871	1881	1
2871	1345	1
2871	2746	1
2871	2967	1
2871	1197	1
2871	2248	1
2871	1572	1
2872	2970	1
2872	2257	1
2872	232	1
2872	230	1
2872	2857	1
2872	679	1
2872	1881	1
2872	543	1
2872	347	1
2872	2746	1
2872	1400	1
2872	2967	1
2872	75	1
2872	2248	1
2872	1351	1
2873	2857	1
2873	1149	1
2873	75	1
2873	1314	1
2874	2857	1
2874	1149	1
2874	75	1
2874	1314	1
2875	232	1
2875	230	1
2875	3020	1
2875	2457	1
2875	2620	1
2875	2980	1
2876	219	1
2876	1042	1
2876	2643	1
2876	335	1
2876	1761	1
2876	1149	1
2876	2967	1
2876	1363	1
2876	2734	1
2877	1790	1
2877	2763	1
2877	1379	1
2877	1078	1
2878	2763	1
2878	1379	1
2878	689	1
2879	223	1
2879	1294	1
2879	401	1
2879	767	1
2879	157	1
2879	435	1
2879	1952	1
2879	543	1
2879	1345	1
2879	2344	1
2879	3110	1
2879	453	1
2879	2154	1
2879	1338	1
2879	2440	1
2879	1103	1
2879	1576	1
2879	2441	1
2879	1197	1
2879	2734	1
2879	2358	1
2880	2763	1
2881	3057	1
2881	1294	1
2881	2502	1
2881	543	1
2881	1449	1
2881	1693	1
2881	1356	1
2881	1931	1
2881	1186	1
2881	722	1
2881	2967	1
2881	1314	1
2881	1197	1
2881	535	1
2882	2338	1
2882	1790	1
2882	2763	1
2882	2701	1
2882	134	1
2882	1668	1
2882	1078	1
2883	3057	1
2883	1874	1
2883	2203	1
2883	2967	1
2883	2973	1
2883	1197	1
2883	1351	1
2884	2976	1
2884	1345	1
2884	1400	1
2884	1314	1
2884	499	1
2885	592	1
2885	1790	1
2885	2735	1
2885	2862	1
2885	2763	1
2885	2959	1
2885	772	1
2885	689	1
2885	1078	1
2886	853	1
2886	2257	1
2886	2696	1
2886	1938	1
2886	219	1
2886	2534	1
2886	2816	1
2886	435	1
2886	1042	1
2886	118	1
2886	706	1
2886	1947	1
2886	1079	1
2886	543	1
2886	1697	1
2886	2457	1
2886	124	1
2886	2643	1
2886	1772	1
2886	3085	1
2886	700	1
2886	1219	1
2886	1761	1
2886	3054	1
2886	2811	1
2886	952	1
2886	437	1
2886	2671	1
2886	1091	1
2886	349	1
2886	2980	1
2886	2520	1
2886	2149	1
2887	1294	1
2887	2571	1
2887	2857	1
2887	653	1
2887	1565	1
2887	2344	1
2887	2701	1
2887	2746	1
2887	2620	1
2887	1400	1
2887	1186	1
2887	2967	1
2887	75	1
2887	1314	1
2887	952	1
2887	1885	1
2887	1197	1
2887	424	1
2887	1604	1
2887	349	1
2888	1294	1
2888	1790	1
2888	2763	1
2888	197	1
2888	689	1
2888	1078	1
2889	1294	1
2889	1667	1
2889	2865	1
2889	910	1
2889	2150	1
2889	116	1
2889	2703	1
2889	715	1
2889	2643	1
2889	2701	1
2889	2746	1
2889	2620	1
2889	487	1
2889	1931	1
2889	1149	1
2889	2967	1
2889	75	1
2889	1314	1
2889	952	1
2890	706	1
2890	2502	1
2890	3085	1
2890	1935	1
2890	3124	1
2890	1314	1
2890	2854	1
2890	2247	1
2890	2734	1
2890	2827	1
2891	1874	1
2891	239	1
2891	213	1
2891	168	1
2892	98	1
2892	1938	1
2892	1521	1
2892	1993	1
2892	1685	1
2892	277	1
2892	1675	1
2892	1035	1
2892	2862	1
2892	2372	1
2892	1079	1
2892	2680	1
2892	1345	1
2892	2703	1
2892	299	1
2892	2314	1
2892	700	1
2892	1356	1
2892	1151	1
2892	1314	1
2892	952	1
2892	1461	1
2892	2520	1
2892	1887	1
2893	1145	1
2893	2457	1
2893	820	1
2893	454	1
2893	272	1
2893	2674	1
2894	2015	1
2894	299	1
2894	7	1
2894	2137	1
2894	2481	1
2894	1304	1
2894	1356	1
2894	2593	1
2894	454	1
2894	1681	1
2894	1939	1
2895	511	1
2895	116	1
2895	364	1
2895	1449	1
2895	1063	1
2895	1400	1
2895	1186	1
2895	1314	1
2895	2440	1
2895	2973	1
2895	2789	1
2895	2943	1
2895	2355	1
2895	359	1
2895	2714	1
2895	1520	1
2896	2059	1
2896	2857	1
2896	2457	1
2896	1449	1
2896	1186	1
2896	2967	1
2896	1314	1
2896	2973	1
2896	1197	1
2896	2943	1
2896	2355	1
2896	359	1
2896	1351	1
2896	2093	1
2896	1520	1
2897	1874	1
2898	1358	1
2898	1952	1
2898	77	1
2898	706	1
2898	252	1
2898	3124	1
2898	2585	1
2898	1314	1
2898	2854	1
2898	2734	1
2899	2338	1
2899	77	1
2899	1947	1
2899	2264	1
2899	3085	1
2899	1734	1
2899	1693	1
2899	1356	1
2899	2734	1
2899	268	1
2899	1902	1
2900	435	1
2900	706	1
2900	3124	1
2900	2585	1
2900	2247	1
2901	809	1
2901	551	1
2901	940	1
2901	741	1
2901	1382	1
2901	543	1
2901	2703	1
2901	2733	1
2901	2268	1
2901	2967	1
2901	1314	1
2901	997	1
2901	1605	1
2901	1457	1
2902	1790	1
2902	77	1
2902	706	1
2902	1947	1
2902	1856	1
2902	819	1
2902	543	1
2902	2703	1
2902	2457	1
2902	420	1
2902	522	1
2902	1611	1
2902	3085	1
2902	1314	1
2902	2734	1
2903	1667	1
2903	2049	1
2903	1685	1
2903	1716	1
2903	2344	1
2903	969	1
2903	2643	1
2903	7	1
2903	354	1
2903	2701	1
2903	2593	1
2903	2067	1
2903	1363	1
2903	1612	1
2904	1294	1
2904	1358	1
2904	2970	1
2904	1684	1
2904	767	1
2904	551	1
2904	435	1
2904	2692	1
2904	2857	1
2904	511	1
2904	2699	1
2904	2502	1
2904	2703	1
2904	2705	1
2904	778	1
2904	358	1
2904	2701	1
2904	2296	1
2904	2746	1
2904	1356	1
2904	3124	1
2904	2967	1
2904	75	1
2904	2789	1
2904	2489	1
2904	2975	1
2904	2389	1
2905	2970	1
2905	2606	1
2905	435	1
2905	696	1
2905	2597	1
2905	1314	1
2906	2970	1
2906	2502	1
2906	2150	1
2906	543	1
2906	1345	1
2906	2344	1
2906	1772	1
2906	2746	1
2906	1400	1
2906	2967	1
2906	75	1
2906	1314	1
2906	2789	1
2906	1197	1
2906	2980	1
2906	1612	1
2907	3100	1
2907	1294	1
2907	2571	1
2907	2257	1
2907	1938	1
2907	232	1
2907	2857	1
2907	2409	1
2907	1947	1
2907	2351	1
2907	2502	1
2907	2693	1
2907	2038	1
2907	1079	1
2907	1345	1
2907	2457	1
2907	2791	1
2907	1123	1
2907	2344	1
2907	1449	1
2907	2763	1
2907	820	1
2907	1064	1
2907	1772	1
2907	1693	1
2907	2701	1
2907	2620	1
2907	1213	1
2907	1931	1
2907	1186	1
2907	75	1
2907	1314	1
2907	2392	1
2907	2432	1
2907	952	1
2907	2789	1
2907	437	1
2907	111	1
2907	1363	1
2907	1197	1
2907	424	1
2907	1388	1
2907	2031	1
2907	1681	1
2907	212	1
2907	2980	1
2907	2130	1
2907	1612	1
2908	1667	1
2908	592	1
2908	1132	1
2908	1938	1
2908	435	1
2908	3003	1
2908	2735	1
2908	2275	1
2908	1610	1
2908	429	1
2908	57	1
2908	2701	1
2908	474	1
2908	75	1
2908	584	1
2908	452	1
2908	349	1
2908	1612	1
2908	903	1
2909	2696	1
2909	232	1
2909	2628	1
2909	1042	1
2909	2857	1
2909	1460	1
2909	543	1
2909	1012	1
2909	2791	1
2909	1449	1
2909	1032	1
2909	936	1
2909	700	1
2909	3098	1
2909	1969	1
2909	879	1
2909	524	1
2909	2574	1
2909	2811	1
2909	438	1
2909	1149	1
2909	1656	1
2909	75	1
2909	368	1
2909	2083	1
2909	1689	1
2909	596	1
2909	17	1
2910	592	1
2910	1947	1
2910	1896	1
2910	2862	1
2910	1145	1
2910	2275	1
2910	299	1
2910	7	1
2910	820	1
2910	2481	1
2910	2701	1
2910	2811	1
2910	1151	1
2910	584	1
2910	1681	1
2911	2119	1
2911	920	1
2911	91	1
2911	592	1
2911	1328	1
2911	2820	1
2911	435	1
2911	1487	1
2911	2857	1
2911	706	1
2911	1688	1
2911	929	1
2911	2502	1
2911	3078	1
2911	1531	1
2911	1079	1
2911	1271	1
2911	506	1
2911	2342	1
2911	429	1
2911	1796	1
2911	2691	1
2911	1996	1
2911	405	1
2911	3040	1
2911	2701	1
2911	31	1
2911	2477	1
2911	1642	1
2911	2196	1
2911	1151	1
2911	1149	1
2911	2154	1
2911	567	1
2911	2364	1
2911	758	1
2911	2108	1
2911	75	1
2911	1314	1
2911	1857	1
2911	2233	1
2911	1242	1
2911	1636	1
2911	1052	1
2911	183	1
2912	223	1
2912	1583	1
2912	2970	1
2912	265	1
2912	918	1
2912	435	1
2912	910	1
2912	2735	1
2912	134	1
2912	1149	1
2912	2370	1
2912	2967	1
2912	2289	1
2912	2825	1
2912	349	1
2912	1612	1
2913	1294	1
2913	1684	1
2913	435	1
2913	2857	1
2913	1947	1
2913	741	1
2913	2344	1
2913	2657	1
2913	2643	1
2913	1611	1
2913	1693	1
2913	2701	1
2913	1356	1
2913	588	1
2913	2967	1
2913	75	1
2913	1314	1
2913	2854	1
2913	2789	1
2913	2260	1
2913	1800	1
2914	920	1
2914	1790	1
2914	2791	1
2914	2763	1
2914	689	1
2915	592	1
2915	1991	1
2915	2275	1
2915	1963	1
2915	1063	1
2915	693	1
2915	275	1
2915	762	1
2916	299	1
2916	270	1
2916	354	1
2916	2481	1
2916	1734	1
2916	1356	1
2916	475	1
2916	2593	1
2916	1149	1
2916	75	1
2916	689	1
2916	188	1
2917	3024	1
2917	2670	1
2917	2338	1
2917	1790	1
2917	2960	1
2917	1685	1
2917	258	1
2917	2567	1
2917	2735	1
2917	2862	1
2917	738	1
2917	2344	1
2917	3045	1
2917	1861	1
2917	1060	1
2917	2094	1
2917	134	1
2917	762	1
2917	1149	1
2917	846	1
2917	1668	1
2917	584	1
2917	1535	1
2917	718	1
2917	1766	1
2917	689	1
2917	1425	1
2918	1342	1
2918	299	1
2918	354	1
2918	2593	1
2918	2674	1
2919	2015	1
2919	2120	1
2919	3127	1
2919	1716	1
2919	969	1
2919	820	1
2919	2710	1
2919	933	1
2919	2593	1
2919	1363	1
2919	1388	1
2919	1681	1
2920	1790	1
2920	1947	1
2920	2701	1
2920	1149	1
2921	1451	1
2921	1294	1
2921	881	1
2921	592	1
2921	2523	1
2921	706	1
2921	2220	1
2921	1272	1
2921	2735	1
2921	2150	1
2921	1145	1
2921	1079	1
2921	543	1
2921	2457	1
2921	2791	1
2921	124	1
2921	299	1
2921	738	1
2921	354	1
2921	820	1
2921	899	1
2921	2481	1
2921	2593	1
2921	1314	1
2921	2067	1
2921	437	1
2921	1363	1
2921	349	1
2921	1681	1
2921	1893	1
2922	2857	1
2922	2457	1
2922	7	1
2922	354	1
2922	820	1
2922	899	1
2922	2481	1
2922	454	1
2922	2812	1
2922	2083	1
2922	916	1
2922	642	1
2923	2857	1
2923	1149	1
2923	75	1
2924	1294	1
2924	2414	1
2924	2857	1
2924	1296	1
2924	3084	1
2924	2735	1
2924	1926	1
2924	83	1
2924	969	1
2924	1032	1
2924	2701	1
2924	3098	1
2924	373	1
2924	1969	1
2924	1392	1
2924	2545	1
2924	472	1
2925	767	1
2925	1183	1
2925	2534	1
2925	435	1
2925	3008	1
2925	116	1
2925	2701	1
2925	1400	1
2925	3054	1
2925	2967	1
2925	2973	1
2925	1197	1
2925	2614	1
2925	2980	1
2926	1294	1
2926	435	1
2926	2857	1
2926	653	1
2926	2150	1
2926	1063	1
2926	2392	1
2926	349	1
2927	98	1
2927	1294	1
2927	2119	1
2927	119	1
2927	1701	1
2927	157	1
2927	435	1
2927	1952	1
2927	242	1
2927	2486	1
2927	2150	1
2927	2703	1
2927	2344	1
2927	2296	1
2927	2853	1
2927	453	1
2927	2512	1
2927	1810	1
2927	1694	1
2927	165	1
2927	1314	1
2927	1182	1
2927	1103	1
2927	50	1
2927	2934	1
2928	98	1
2928	1294	1
2928	2206	1
2928	119	1
2928	1701	1
2928	157	1
2928	706	1
2928	242	1
2928	2703	1
2928	2344	1
2928	2937	1
2928	199	1
2928	1030	1
2928	762	1
2928	453	1
2928	2512	1
2928	1810	1
2928	1694	1
2928	165	1
2928	1432	1
2928	1314	1
2928	2440	1
2928	1103	1
2928	952	1
2928	2934	1
2928	349	1
2929	1345	1
2929	535	1
2930	2049	1
2930	1716	1
2931	98	1
2931	1294	1
2931	435	1
2931	2735	1
2931	2150	1
2931	1716	1
2931	1216	1
2931	1697	1
2931	124	1
2931	7	1
2931	820	1
2931	1370	1
2931	1734	1
2931	2701	1
2931	1149	1
2931	1363	1
2931	2674	1
2932	1684	1
2932	2791	1
2932	2492	1
2932	693	1
2932	1379	1
2932	1078	1
2933	2190	1
2933	2763	1
2933	689	1
2933	2852	1
2934	3003	1
2934	191	1
2934	2735	1
2934	2701	1
2934	134	1
2934	2306	1
2934	2148	1
2934	2154	1
2934	75	1
2934	1668	1
2934	349	1
2934	369	1
2935	552	1
2935	1940	1
2935	2763	1
2935	989	1
2935	1977	1
2935	1379	1
2935	3119	1
2936	1661	1
2936	435	1
2936	2857	1
2936	2502	1
2936	120	1
2936	1478	1
2936	2344	1
2936	197	1
2936	3098	1
2936	2602	1
2936	2646	1
2936	1392	1
2936	1149	1
2936	437	1
2936	2545	1
2936	1363	1
2936	2991	1
2936	1078	1
2936	1681	1
2937	2857	1
2937	2457	1
2937	397	1
2937	951	1
2937	1149	1
2937	1083	1
2937	437	1
2937	1388	1
2937	2407	1
2938	2857	1
2938	1149	1
2938	75	1
2939	3060	1
2939	2857	1
2939	2643	1
2939	75	1
2939	642	1
2940	219	1
2940	435	1
2940	1697	1
2940	2701	1
2940	1356	1
2940	2370	1
2940	1314	1
2940	2407	1
2941	419	1
2941	3060	1
2941	435	1
2941	194	1
2941	653	1
2941	277	1
2941	2660	1
2941	2502	1
2941	1504	1
2941	1345	1
2941	2457	1
2941	1796	1
2941	363	1
2941	2882	1
2941	700	1
2941	1356	1
2941	335	1
2941	1161	1
2941	1476	1
2941	611	1
2941	1149	1
2941	2967	1
2941	1314	1
2941	2392	1
2941	437	1
2941	1197	1
2941	584	1
2941	2991	1
2941	2931	1
2941	2520	1
2941	330	1
2941	3082	1
2941	642	1
2942	85	1
2942	2571	1
2942	2119	1
2942	1661	1
2942	435	1
2942	2857	1
2942	3084	1
2942	120	1
2942	543	1
2942	2457	1
2942	2111	1
2942	820	1
2942	2701	1
2942	2646	1
2942	1161	1
2942	1149	1
2942	1287	1
2942	2370	1
2942	437	1
2942	1197	1
2942	1955	1
2942	596	1
2942	1362	1
2942	1388	1
2942	954	1
2942	2407	1
2943	2857	1
2943	1697	1
2944	1661	1
2944	2628	1
2944	3084	1
2944	1032	1
2944	2701	1
2944	240	1
2944	397	1
2944	3098	1
2944	2602	1
2944	611	1
2944	1149	1
2944	1656	1
2944	1083	1
2944	2545	1
2944	1363	1
2944	1955	1
2944	2083	1
2944	1388	1
2944	1078	1
2944	17	1
2944	1169	1
2945	2857	1
2945	543	1
2945	2175	1
2945	2646	1
2945	1149	1
2945	75	1
2945	437	1
2945	1362	1
2946	2628	1
2946	2857	1
2946	655	1
2946	2701	1
2946	617	1
2946	1149	1
2946	1362	1
2946	642	1
2947	2505	1
2947	219	1
2947	2015	1
2947	3060	1
2947	2857	1
2947	1790	1
2947	2220	1
2947	3127	1
2947	7	1
2947	820	1
2947	2203	1
2947	1149	1
2948	1993	1
2948	2862	1
2948	2763	1
2948	2916	1
2948	1149	1
2948	689	1
2949	85	1
2949	2735	1
2949	2660	1
2949	2862	1
2949	2275	1
2949	2763	1
2949	104	1
2949	1619	1
2949	1379	1
2949	689	1
2950	119	1
2950	435	1
2950	2502	1
2950	2643	1
2950	2763	1
2950	1356	1
2950	1314	1
2950	1703	1
2951	2865	1
2951	230	1
2951	1183	1
2951	2857	1
2951	2720	1
2951	2703	1
2951	2457	1
2951	2597	1
2951	1321	1
2951	1611	1
2951	1063	1
2951	2746	1
2951	2967	1
2951	75	1
2951	952	1
2951	1197	1
2951	2248	1
2951	1346	1
2952	3100	1
2952	2865	1
2952	767	1
2952	592	1
2952	2381	1
2952	1296	1
2952	910	1
2952	2150	1
2952	116	1
2952	1881	1
2952	543	1
2952	2457	1
2952	2791	1
2952	1123	1
2952	124	1
2952	2769	1
2952	2643	1
2952	2597	1
2952	1611	1
2952	1772	1
2952	1400	1
2952	1181	1
2952	1314	1
2952	2440	1
2952	1103	1
2952	437	1
2952	2441	1
2952	2248	1
2952	2031	1
2952	349	1
2952	168	1
2952	267	1
2952	1612	1
2953	2970	1
2953	2828	1
2953	119	1
2953	909	1
2953	2857	1
2953	2502	1
2953	2150	1
2953	543	1
2953	3020	1
2953	2457	1
2953	2643	1
2953	1611	1
2953	1693	1
2953	2746	1
2953	1356	1
2953	2668	1
2953	1400	1
2953	75	1
2953	1314	1
2953	2392	1
2953	952	1
2953	437	1
2953	1351	1
2953	349	1
2953	1612	1
2954	2763	1
2954	2701	1
2954	2916	1
2954	562	1
2954	2968	1
2954	689	1
2954	2260	1
2954	3112	1
2955	2275	1
2955	2763	1
2955	1734	1
2955	1379	1
2956	767	1
2956	653	1
2956	543	1
2956	2967	1
2956	75	1
2957	682	1
2957	1874	1
2957	435	1
2957	2502	1
2957	116	1
2958	1032	1
2958	3098	1
2958	335	1
2958	2514	1
2958	642	1
2959	120	1
2959	1032	1
2959	1276	1
2959	3098	1
2959	2602	1
2959	335	1
2959	2550	1
2959	89	1
2959	1083	1
2959	1363	1
2959	642	1
2960	1661	1
2960	120	1
2960	1032	1
2960	1276	1
2960	335	1
2960	611	1
2960	89	1
2960	1083	1
2960	1363	1
2960	2514	1
2960	642	1
2961	3127	1
2961	1924	1
2961	2373	1
2961	2481	1
2961	3098	1
2961	951	1
2961	1569	1
2961	642	1
2961	2407	1
2962	1938	1
2962	219	1
2962	2857	1
2962	2220	1
2962	669	1
2962	1145	1
2962	969	1
2962	2481	1
2962	1149	1
2962	952	1
2962	1612	1
2963	232	1
2963	653	1
2963	120	1
2963	1345	1
2963	2457	1
2963	1449	1
2963	2643	1
2963	2701	1
2963	2620	1
2963	1761	1
2963	75	1
2963	584	1
2964	85	1
2964	1294	1
2964	1583	1
2964	1938	1
2964	435	1
2964	2857	1
2964	1685	1
2964	2735	1
2964	1353	1
2964	620	1
2964	1079	1
2964	116	1
2964	473	1
2964	130	1
2964	543	1
2964	2643	1
2964	1401	1
2964	2143	1
2964	201	1
2964	1749	1
2964	2746	1
2964	862	1
2964	60	1
2964	1956	1
2964	134	1
2964	2203	1
2964	2967	1
2964	1314	1
2964	1110	1
2964	952	1
2964	559	1
2964	2118	1
2964	1875	1
2964	1372	1
2964	94	1
2965	223	1
2965	1294	1
2965	2678	1
2965	1199	1
2965	2162	1
2965	2592	1
2965	456	1
2965	592	1
2965	3014	1
2965	153	1
2965	2448	1
2965	2831	1
2965	1042	1
2965	2857	1
2965	95	1
2965	2302	1
2965	776	1
2965	2548	1
2965	2735	1
2965	3030	1
2965	1763	1
2965	496	1
2965	1079	1
2965	1578	1
2965	2275	1
2965	543	1
2965	1556	1
2965	2643	1
2965	1195	1
2965	1816	1
2965	2313	1
2965	843	1
2965	2499	1
2965	150	1
2965	2607	1
2965	2836	1
2965	3122	1
2965	2843	1
2965	1862	1
2965	1741	1
2965	142	1
2965	2393	1
2965	1734	1
2965	2701	1
2965	1957	1
2965	2620	1
2965	40	1
2965	1168	1
2965	2229	1
2965	2697	1
2965	2387	1
2965	134	1
2965	1316	1
2965	977	1
2965	2967	1
2965	1754	1
2965	2374	1
2965	662	1
2965	5	1
2965	468	1
2965	640	1
2965	2580	1
2965	1668	1
2965	803	1
2965	2047	1
2965	2082	1
2965	2978	1
2965	349	1
2965	2260	1
2965	1078	1
2965	753	1
2965	195	1
2965	2470	1
2965	379	1
2965	179	1
2966	1451	1
2966	1660	1
2966	2308	1
2966	1754	1
2967	1294	1
2967	2828	1
2967	767	1
2967	2951	1
2967	2534	1
2967	2857	1
2967	2735	1
2967	1079	1
2967	543	1
2967	2457	1
2967	2394	1
2967	2791	1
2967	1401	1
2967	2157	1
2967	1563	1
2967	2967	1
2967	75	1
2967	1197	1
2967	107	1
2967	3117	1
2967	2980	1
2967	2520	1
2968	3014	1
2968	3006	1
2968	2660	1
2968	1516	1
2968	1079	1
2968	778	1
2968	79	1
2968	2843	1
2968	142	1
2968	2620	1
2968	2229	1
2968	3101	1
2968	2203	1
2968	906	1
2968	640	1
2968	2617	1
2968	2357	1
2969	1992	1
2969	3014	1
2969	3006	1
2969	2302	1
2969	622	1
2969	2308	1
2969	2660	1
2969	1516	1
2969	1897	1
2969	66	1
2969	778	1
2969	2462	1
2969	2843	1
2969	1453	1
2969	737	1
2969	45	1
2969	2229	1
2969	1196	1
2969	134	1
2969	987	1
2969	468	1
2969	640	1
2969	1428	1
2969	2971	1
2969	1668	1
2969	1197	1
2969	503	1
2969	2357	1
2970	1451	1
2970	223	1
2970	288	1
2970	2302	1
2970	2308	1
2970	2735	1
2970	2660	1
2970	3030	1
2970	1516	1
2970	2808	1
2970	150	1
2970	2843	1
2970	1741	1
2970	1719	1
2970	463	1
2970	134	1
2970	180	1
2970	640	1
2970	349	1
2970	753	1
2970	2357	1
2971	1358	1
2971	493	1
2971	119	1
2971	435	1
2971	2448	1
2971	1577	1
2971	2857	1
2971	806	1
2971	2735	1
2971	2502	1
2971	1516	1
2971	1079	1
2971	2275	1
2971	1239	1
2971	1718	1
2971	1006	1
2971	420	1
2971	2528	1
2971	1069	1
2971	2454	1
2971	1144	1
2971	2836	1
2971	1108	1
2971	1693	1
2971	2701	1
2971	3012	1
2971	1820	1
2971	319	1
2971	34	1
2971	2154	1
2971	75	1
2971	2744	1
2971	398	1
2971	2946	1
2971	1091	1
2971	2827	1
2972	1938	1
2972	493	1
2972	119	1
2972	1509	1
2972	1068	1
2972	435	1
2972	1577	1
2972	2857	1
2972	706	1
2972	2611	1
2972	2986	1
2972	806	1
2972	2502	1
2972	395	1
2972	1112	1
2972	2275	1
2972	2703	1
2972	2314	1
2972	1863	1
2972	2643	1
2972	946	1
2972	2645	1
2972	2454	1
2972	136	1
2972	109	1
2972	200	1
2972	1925	1
2972	1693	1
2972	2701	1
2972	3101	1
2972	2306	1
2972	1635	1
2972	34	1
2972	2154	1
2972	563	1
2972	75	1
2972	602	1
2972	1142	1
2972	1197	1
2972	584	1
2972	1091	1
2972	2714	1
2972	108	1
2972	1612	1
2972	94	1
2973	2610	1
2973	1947	1
2973	2701	1
2973	1149	1
2973	2148	1
2973	1388	1
2974	920	1
2974	2857	1
2974	1345	1
2974	2643	1
2974	936	1
2974	2701	1
2974	1356	1
2974	2620	1
2974	1151	1
2974	1399	1
2974	2967	1
2974	75	1
2974	952	1
2974	1197	1
2974	2130	1
2975	352	1
2975	219	1
2975	3060	1
2975	1042	1
2975	3084	1
2975	543	1
2975	1924	1
2975	2643	1
2975	1032	1
2975	936	1
2975	2701	1
2975	335	1
2975	1517	1
2975	951	1
2975	2550	1
2975	438	1
2975	1149	1
2975	2967	1
2975	437	1
2975	1569	1
2975	1197	1
2975	2514	1
2975	1169	1
2975	2130	1
2976	273	1
2977	1790	1
2977	1145	1
2977	299	1
2977	354	1
2977	2593	1
2977	272	1
2978	98	1
2978	2857	1
2978	1345	1
2978	2457	1
2978	1449	1
2978	1032	1
2978	240	1
2978	3098	1
2978	2602	1
2978	335	1
2978	75	1
2978	1314	1
2978	2514	1
2978	2595	1
2979	2534	1
2979	1947	1
2979	1012	1
2979	1697	1
2979	2701	1
2979	1356	1
2979	2811	1
2979	2130	1
2979	494	1
2980	2538	1
2980	706	1
2980	2502	1
2980	2862	1
2980	2275	1
2980	2643	1
2980	2481	1
2980	1693	1
2980	1149	1
2980	75	1
2980	2734	1
2980	1902	1
2981	77	1
2981	2701	1
2981	438	1
2981	75	1
2981	2194	1
2982	872	1
2982	1790	1
2982	653	1
2982	1751	1
2982	684	1
2982	1415	1
2982	1812	1
2982	543	1
2982	2457	1
2982	2375	1
2982	945	1
2982	2620	1
2982	862	1
2982	1149	1
2982	2967	1
2982	205	1
2982	1197	1
2982	2943	1
2983	2857	1
2983	1149	1
2983	75	1
2984	2857	1
2984	1149	1
2984	75	1
2985	2857	1
2985	3084	1
2985	75	1
2986	1149	1
2986	75	1
2987	223	1
2987	2066	1
2987	2955	1
2987	1758	1
2987	1785	1
2987	2272	1
2987	116	1
2987	543	1
2987	44	1
2987	1293	1
2987	1063	1
2987	1165	1
2987	144	1
2987	2620	1
2987	1761	1
2987	2154	1
2987	1612	1
2988	1358	1
2988	2970	1
2988	592	1
2988	435	1
2988	1790	1
2988	2986	1
2988	2735	1
2988	2275	1
2988	2701	1
2988	474	1
2988	134	1
2988	75	1
2988	584	1
2988	2406	1
2989	1451	1
2989	223	1
2989	1294	1
2989	2386	1
2989	1358	1
2989	1992	1
2989	1938	1
2989	3003	1
2989	2448	1
2989	519	1
2989	3075	1
2989	2735	1
2989	2660	1
2989	2502	1
2989	2150	1
2989	1516	1
2989	184	1
2989	2275	1
2989	2979	1
2989	1836	1
2989	2836	1
2989	2084	1
2989	45	1
2989	285	1
2989	3101	1
2989	134	1
2989	2605	1
2989	906	1
2989	2967	1
2989	75	1
2989	2350	1
2989	2289	1
2989	1668	1
2989	1197	1
2989	2975	1
2989	2946	1
2989	349	1
2989	2406	1
2989	1612	1
2990	2857	1
2990	653	1
2990	2457	1
2990	1149	1
2990	75	1
2990	1197	1
2991	219	1
2991	2857	1
2991	741	1
2991	1881	1
2991	347	1
2991	2643	1
2991	1063	1
2991	2967	1
2991	75	1
2991	1314	1
2991	1197	1
2991	1351	1
2992	2184	1
2992	2457	1
2992	2763	1
2992	1400	1
2992	658	1
2993	552	1
2993	1991	1
2993	2502	1
2993	1693	1
2993	2701	1
2993	1149	1
2993	75	1
2993	1379	1
2994	2068	1
2994	435	1
2994	1790	1
2994	3084	1
2994	1345	1
2994	2457	1
2994	3085	1
2994	1063	1
2994	2701	1
2994	2746	1
2994	1761	1
2994	2967	1
2994	75	1
2994	1314	1
2994	2392	1
2994	1523	1
2994	2130	1
2995	2746	1
2995	2967	1
2996	2865	1
2996	435	1
2996	1790	1
2996	706	1
2996	277	1
2996	2735	1
2996	3140	1
2996	615	1
2996	1514	1
2996	1734	1
2996	2148	1
2996	329	1
2996	1021	1
2996	793	1
2996	349	1
2996	1390	1
2996	2130	1
2997	1790	1
2997	2643	1
2997	2763	1
2997	584	1
2997	689	1
2997	1078	1
2998	1940	1
2998	2331	1
2998	2763	1
2998	2701	1
2998	1078	1
2999	3100	1
2999	2670	1
2999	2257	1
2999	767	1
2999	2060	1
2999	3008	1
2999	2857	1
2999	1014	1
2999	511	1
2999	543	1
2999	1271	1
2999	2112	1
2999	27	1
2999	1574	1
2999	93	1
2999	2393	1
2999	1753	1
2999	762	1
2999	454	1
2999	2967	1
2999	1432	1
2999	2973	1
2999	675	1
2999	2031	1
3000	2049	1
3000	2220	1
3000	1145	1
3000	354	1
3000	820	1
3000	2481	1
3000	2593	1
3000	2067	1
3001	2150	1
3001	2457	1
3001	1400	1
3001	762	1
3001	1314	1
3002	1609	1
3002	1940	1
3002	2331	1
3002	2890	1
3002	1379	1
3002	1078	1
3002	3119	1
3003	767	1
3003	1149	1
3003	75	1
3003	1197	1
3004	1433	1
3004	2857	1
3004	2150	1
3004	543	1
3004	876	1
3004	2701	1
3004	2746	1
3004	307	1
3004	2620	1
3004	2967	1
3004	1314	1
3004	1197	1
3004	2980	1
3004	1612	1
3005	1661	1
3005	219	1
3005	3060	1
3005	1042	1
3005	1790	1
3005	2986	1
3005	2220	1
3005	3084	1
3005	1012	1
3005	2457	1
3005	7	1
3005	1032	1
3005	2481	1
3005	933	1
3005	3098	1
3005	2602	1
3005	1761	1
3005	89	1
3005	1149	1
3005	2967	1
3005	75	1
3005	437	1
3005	2130	1
3005	2407	1
3006	98	1
3006	2571	1
3006	809	1
3006	435	1
3006	2857	1
3006	2503	1
3006	3084	1
3006	2457	1
3006	2945	1
3006	936	1
3006	2701	1
3006	2296	1
3006	2746	1
3006	2967	1
3006	75	1
3006	1314	1
3006	1604	1
3007	1667	1
3007	219	1
3007	2857	1
3007	7	1
3007	1032	1
3007	655	1
3007	335	1
3007	1517	1
3007	1149	1
3007	1197	1
3007	1592	1
3007	2407	1
3008	98	1
3008	2828	1
3008	706	1
3008	1345	1
3008	1276	1
3008	3098	1
3008	2602	1
3008	89	1
3008	1149	1
3008	2545	1
3008	1885	1
3008	2130	1
3009	2857	1
3009	653	1
3009	1565	1
3009	2746	1
3009	2987	1
3009	2620	1
3009	2967	1
3009	952	1
3009	1197	1
3010	1451	1
3010	2970	1
3010	1938	1
3010	2448	1
3010	1790	1
3010	2735	1
3010	2502	1
3010	2955	1
3010	2643	1
3010	2701	1
3010	1151	1
3010	2370	1
3010	1668	1
3010	349	1
3010	1612	1
3011	2763	1
3011	1379	1
3011	2852	1
3011	1078	1
3012	1859	1
3012	1661	1
3012	219	1
3012	3060	1
3012	653	1
3012	2220	1
3012	2150	1
3012	543	1
3012	2457	1
3012	969	1
3012	2643	1
3012	384	1
3012	1032	1
3012	655	1
3012	3098	1
3012	373	1
3012	1400	1
3012	1392	1
3012	611	1
3012	2967	1
3012	1197	1
3012	349	1
3012	903	1
3013	938	1
3013	897	1
3013	1914	1
3013	2703	1
3013	2344	1
3013	1739	1
3013	2763	1
3013	1710	1
3013	617	1
3013	321	1
3013	1078	1
3014	2857	1
3014	3084	1
3014	936	1
3014	2967	1
3014	954	1
3014	2130	1
3015	2338	1
3015	2791	1
3015	2763	1
3015	562	1
3015	689	1
3016	653	1
3016	2457	1
3016	1063	1
3016	1761	1
3017	1667	1
3017	1940	1
3017	2735	1
3017	2660	1
3017	2275	1
3017	2791	1
3017	2643	1
3017	1149	1
3017	465	1
3018	1951	1
3018	2119	1
3018	2632	1
3018	2610	1
3018	1162	1
3018	2126	1
3018	435	1
3018	370	1
3018	2409	1
3018	1947	1
3018	1685	1
3018	1991	1
3018	2660	1
3018	2862	1
3018	2275	1
3018	543	1
3018	1907	1
3018	2791	1
3018	124	1
3018	715	1
3018	1271	1
3018	2344	1
3018	818	1
3018	1872	1
3018	2643	1
3018	2763	1
3018	2806	1
3018	2959	1
3018	1281	1
3018	1635	1
3018	3035	1
3018	286	1
3018	2148	1
3018	1253	1
3018	2967	1
3018	465	1
3018	75	1
3018	1754	1
3018	952	1
3018	583	1
3018	852	1
3018	2789	1
3018	1668	1
3018	584	1
3018	1636	1
3018	2946	1
3018	1078	1
3018	724	1
3018	369	1
3018	2086	1
3019	119	1
3019	435	1
3019	1790	1
3019	1940	1
3019	2502	1
3019	2791	1
3019	3085	1
3019	1149	1
3019	465	1
3020	2857	1
3020	1991	1
3020	2660	1
3020	2643	1
3020	2701	1
3020	3035	1
3020	1149	1
3020	2154	1
3020	2299	1
3021	1991	1
3021	2660	1
3021	2502	1
3021	2643	1
3021	2701	1
3021	1149	1
3021	75	1
3022	881	1
3022	435	1
3022	2857	1
3022	706	1
3022	1699	1
3022	2660	1
3022	1734	1
3022	3035	1
3022	2154	1
3022	2967	1
3022	465	1
3022	75	1
3022	2299	1
3023	2475	1
3023	1988	1
3023	3050	1
3023	1790	1
3023	1286	1
3023	2735	1
3023	2862	1
3023	2701	1
3023	2916	1
3023	952	1
3023	1379	1
3023	2789	1
3023	689	1
3023	2125	1
3024	767	1
3024	232	1
3024	2457	1
3024	836	1
3024	1321	1
3024	3139	1
3024	1314	1
3024	2973	1
3024	1604	1
3024	2093	1
3025	1433	1
3025	909	1
3025	435	1
3025	2857	1
3025	934	1
3025	2502	1
3025	1881	1
3025	1345	1
3025	2703	1
3025	876	1
3025	976	1
3025	145	1
3025	2789	1
3025	437	1
3025	1351	1
3026	2970	1
3026	767	1
3026	909	1
3026	435	1
3026	511	1
3026	934	1
3026	1881	1
3026	543	1
3026	876	1
3026	976	1
3026	145	1
3026	1563	1
3026	2967	1
3026	1314	1
3026	1351	1
3027	2571	1
3027	230	1
3027	320	1
3027	3008	1
3027	1042	1
3027	2857	1
3027	194	1
3027	2596	1
3027	543	1
3027	1345	1
3027	2703	1
3027	1064	1
3027	2896	1
3027	2620	1
3027	1400	1
3027	1447	1
3027	625	1
3027	145	1
3027	2348	1
3027	2967	1
3027	1438	1
3027	437	1
3027	1197	1
3027	2325	1
3027	2943	1
3027	424	1
3027	1604	1
3027	535	1
3027	1351	1
3028	3100	1
3028	619	1
3028	809	1
3028	2119	1
3028	119	1
3028	434	1
3028	511	1
3028	21	1
3028	741	1
3028	2457	1
3028	715	1
3028	2114	1
3028	1070	1
3028	2701	1
3028	987	1
3028	3	1
3028	2973	1
3028	2248	1
3028	1612	1
3029	2960	1
3029	2763	1
3029	1379	1
3029	584	1
3029	689	1
3029	1078	1
3030	2701	1
3031	767	1
3031	592	1
3031	2857	1
3031	653	1
3031	1947	1
3031	543	1
3031	1345	1
3031	3020	1
3031	2457	1
3031	2898	1
3031	1400	1
3031	1761	1
3031	2967	1
3031	1350	1
3031	2973	1
3031	1438	1
3031	437	1
3031	111	1
3031	2980	1
3032	1358	1
3033	85	1
3033	696	1
3033	2986	1
3033	2331	1
3033	2735	1
3033	2150	1
3033	2702	1
3033	715	1
3033	2154	1
3033	584	1
3033	8	1
3033	349	1
3033	2299	1
3034	1716	1
3034	354	1
3034	1681	1
3035	1120	1
3035	2409	1
3035	1947	1
3035	366	1
3035	762	1
3035	454	1
3035	2671	1
3035	1681	1
3035	188	1
3036	1790	1
3036	1149	1
3036	1538	1
3036	1681	1
3037	1358	1
3037	2119	1
3037	2970	1
3037	219	1
3037	435	1
3037	2857	1
3037	2735	1
3037	2150	1
3037	3142	1
3037	715	1
3037	2914	1
3037	2701	1
3037	1931	1
3037	850	1
3037	1344	1
3037	1197	1
3037	1111	1
3037	349	1
3037	954	1
3037	2406	1
3037	369	1
3038	1667	1
3038	2538	1
3038	2068	1
3038	2851	1
3038	3114	1
3038	435	1
3038	1651	1
3038	1474	1
3038	1127	1
3038	2078	1
3038	242	1
3038	1688	1
3038	1387	1
3038	1896	1
3038	2372	1
3038	2703	1
3038	2791	1
3038	2705	1
3038	1611	1
3038	2701	1
3038	905	1
3038	45	1
3038	2668	1
3038	1400	1
3038	1935	1
3038	3113	1
3038	2203	1
3038	2412	1
3038	2154	1
3038	1061	1
3038	1511	1
3038	2441	1
3038	1932	1
3038	1491	1
3038	2734	1
3038	960	1
3038	1121	1
3038	2050	1
3038	2118	1
3038	1902	1
3039	435	1
3039	1611	1
3039	3085	1
3039	2746	1
3039	1356	1
3039	2668	1
3039	2154	1
3039	2967	1
3039	1314	1
3039	2789	1
3039	2734	1
3040	435	1
3040	3084	1
3040	2502	1
3040	2150	1
3040	2457	1
3040	1356	1
3040	722	1
3040	2370	1
3040	2967	1
3040	75	1
3040	1314	1
3040	1197	1
3040	535	1
3041	98	1
3041	839	1
3041	85	1
3041	419	1
3041	119	1
3041	219	1
3041	1433	1
3041	909	1
3041	2059	1
3041	435	1
3041	1993	1
3041	511	1
3041	2497	1
3041	706	1
3041	653	1
3041	1565	1
3041	74	1
3041	2502	1
3041	857	1
3041	2150	1
3041	2659	1
3041	543	1
3041	1312	1
3041	3144	1
3041	2457	1
3041	2702	1
3041	1513	1
3041	1449	1
3041	1063	1
3041	2701	1
3041	1356	1
3041	2040	1
3041	813	1
3041	1564	1
3041	722	1
3041	2370	1
3041	2967	1
3041	75	1
3041	49	1
3041	437	1
3041	1197	1
3041	535	1
3041	1096	1
3041	349	1
3041	781	1
3041	2433	1
3041	765	1
3041	2418	1
3042	2338	1
3042	1790	1
3042	2120	1
3042	1370	1
3043	1790	1
3043	2120	1
3043	354	1
3043	2481	1
3043	1149	1
3043	2202	1
3044	401	1
3044	119	1
3044	392	1
3044	1521	1
3044	2563	1
3044	1827	1
3044	2791	1
3044	1773	1
3044	3110	1
3044	2967	1
3044	1314	1
3044	2440	1
3044	2358	1
3044	2980	1
3045	2857	1
3045	1790	1
3045	2220	1
3045	3127	1
3045	1145	1
3045	7	1
3045	354	1
3045	820	1
3045	2710	1
3045	2481	1
3045	1734	1
3045	2701	1
3045	1304	1
3045	1356	1
3045	2593	1
3045	1151	1
3045	1538	1
3045	1314	1
3045	2671	1
3045	1388	1
3045	1681	1
3046	1790	1
3046	2763	1
3046	1078	1
3047	920	1
3047	1685	1
3047	2735	1
3047	2862	1
3047	2275	1
3047	526	1
3047	2763	1
3047	2148	1
3047	1619	1
3047	584	1
3047	689	1
3048	1358	1
3048	4	1
3048	2068	1
3048	2696	1
3048	1042	1
3048	77	1
3048	706	1
3048	1947	1
3048	741	1
3048	2486	1
3048	2218	1
3048	1460	1
3048	2502	1
3048	2200	1
3048	2457	1
3048	124	1
3048	3085	1
3048	2701	1
3048	700	1
3048	1356	1
3048	2811	1
3048	438	1
3048	584	1
3048	2734	1
3048	349	1
3048	1390	1
3048	1059	1
3049	767	1
3049	435	1
3049	1345	1
3049	1400	1
3049	1314	1
3049	111	1
3049	535	1
3049	1351	1
3050	2763	1
3050	2852	1
3050	1078	1
3051	809	1
3051	2970	1
3051	595	1
3051	767	1
3051	551	1
3051	287	1
3051	3067	1
3051	435	1
3051	940	1
3051	1042	1
3051	1014	1
3051	511	1
3051	194	1
3051	1565	1
3051	2880	1
3051	741	1
3051	2502	1
3051	1035	1
3051	543	1
3051	1345	1
3051	2703	1
3051	2344	1
3051	1449	1
3051	2018	1
3051	2296	1
3051	961	1
3051	895	1
3051	1400	1
3051	1447	1
3051	1314	1
3051	917	1
3051	2789	1
3051	1197	1
3051	1093	1
3051	163	1
3051	2356	1
3052	3100	1
3052	1683	1
3052	2970	1
3052	2976	1
3052	419	1
3052	551	1
3052	119	1
3052	219	1
3052	2534	1
3052	435	1
3052	2857	1
3052	2502	1
3052	1345	1
3052	2141	1
3052	1879	1
3052	2296	1
3052	1761	1
3052	1586	1
3052	2967	1
3052	1314	1
3052	2392	1
3052	1523	1
3052	2795	1
3052	1197	1
3052	2734	1
3052	535	1
3052	295	1
3053	2571	1
3053	2338	1
3053	219	1
3053	2628	1
3053	1790	1
3053	194	1
3053	653	1
3053	2986	1
3053	120	1
3053	1345	1
3053	1449	1
3053	7	1
3053	2137	1
3053	1032	1
3053	2701	1
3053	2746	1
3053	2987	1
3053	3098	1
3053	1356	1
3053	335	1
3053	89	1
3053	75	1
3053	1197	1
3053	2083	1
3053	1362	1
3053	954	1
3053	2130	1
3054	2987	1
3055	538	1
3055	1149	1
3056	1683	1
3056	653	1
3056	1460	1
3056	3020	1
3056	2457	1
3056	1449	1
3056	1344	1
3056	1197	1
3056	1604	1
3056	359	1
3056	2130	1
3057	89	1
3057	1149	1
3057	75	1
3057	1885	1
3057	1363	1
3057	2991	1
3058	2970	1
3058	119	1
3058	2857	1
3058	1345	1
3058	2746	1
3058	1314	1
3058	535	1
3059	98	1
3059	1294	1
3059	2414	1
3059	809	1
3059	1639	1
3059	2816	1
3059	1296	1
3059	910	1
3059	3034	1
3059	2150	1
3059	1079	1
3059	819	1
3059	543	1
3059	2703	1
3059	2344	1
3059	1883	1
3059	2439	1
3059	2643	1
3059	1654	1
3059	693	1
3059	2668	1
3059	1400	1
3059	2203	1
3059	2967	1
3059	1443	1
3059	1511	1
3059	3143	1
3059	253	1
3059	745	1
3059	2389	1
3059	349	1
3059	2980	1
3059	903	1
3060	1145	1
3060	299	1
3060	7	1
3060	762	1
3060	1149	1
3061	2120	1
3061	969	1
3061	7	1
3061	2710	1
3061	2481	1
3061	1149	1
3062	661	1
3062	354	1
3062	2296	1
3062	2585	1
3062	454	1
3062	1314	1
3062	1764	1
3062	1592	1
3062	349	1
3062	2118	1
3063	1790	1
3063	2763	1
3063	689	1
3064	938	1
3064	2338	1
3064	1940	1
3064	2877	1
3064	2703	1
3064	715	1
3064	299	1
3064	2763	1
3064	2753	1
3064	2701	1
3064	562	1
3064	689	1
3064	2852	1
3064	1098	1
3065	2857	1
3065	1149	1
3065	75	1
3066	352	1
3066	1661	1
3066	754	1
3066	219	1
3066	1162	1
3066	435	1
3066	3003	1
3066	2857	1
3066	194	1
3066	2735	1
3066	1200	1
3066	2275	1
3066	543	1
3066	1012	1
3066	1697	1
3066	2457	1
3066	33	1
3066	928	1
3066	240	1
3066	373	1
3066	1969	1
3066	1075	1
3066	2620	1
3066	335	1
3066	474	1
3066	1761	1
3066	1586	1
3066	89	1
3066	1149	1
3066	850	1
3066	2967	1
3066	2392	1
3066	1083	1
3066	1523	1
3066	437	1
3066	1197	1
3066	596	1
3066	1362	1
3066	2671	1
3066	1388	1
3066	2406	1
3066	2130	1
3066	2407	1
3067	1881	1
3067	299	1
3067	1442	1
3067	1149	1
3067	145	1
3067	75	1
3067	437	1
3067	1197	1
3067	107	1
3067	535	1
3067	2980	1
3068	920	1
3068	2643	1
3068	2763	1
3068	2916	1
3068	952	1
3068	1379	1
3068	2260	1
3068	1078	1
3069	653	1
3069	2643	1
3069	384	1
3069	2701	1
3069	700	1
3069	1276	1
3069	2602	1
3069	1761	1
3069	89	1
3069	2967	1
3069	3117	1
3070	2404	1
3070	219	1
3070	194	1
3070	1449	1
3070	2701	1
3070	1356	1
3070	1314	1
3071	1356	1
3071	75	1
3071	1314	1
3072	4	1
3072	219	1
3072	287	1
3072	1042	1
3072	653	1
3072	2486	1
3072	544	1
3072	543	1
3072	2344	1
3072	2643	1
3072	655	1
3072	2701	1
3072	2746	1
3072	2967	1
3072	75	1
3072	437	1
3072	1197	1
3072	535	1
3073	1294	1
3073	2119	1
3073	119	1
3073	435	1
3073	706	1
3073	1035	1
3073	3020	1
3073	2703	1
3073	2457	1
3073	715	1
3073	818	1
3073	1449	1
3073	2643	1
3073	2701	1
3073	2746	1
3073	2620	1
3073	1400	1
3073	833	1
3073	2154	1
3073	1148	1
3073	2967	1
3073	75	1
3073	2973	1
3073	1511	1
3073	1344	1
3073	349	1
3073	2520	1
3073	1612	1
3074	767	1
3074	592	1
3074	2857	1
3074	653	1
3074	543	1
3074	2643	1
3074	2701	1
3074	134	1
3074	1149	1
3074	437	1
3074	1197	1
3075	2763	1
3075	689	1
3076	1294	1
3076	706	1
3076	1880	1
3076	998	1
3076	1611	1
3076	45	1
3076	1314	1
3076	321	1
3076	1188	1
3076	939	1
3076	101	1
3077	2857	1
3077	145	1
3077	1197	1
3077	1479	1
3078	2857	1
3078	2457	1
3078	2791	1
3078	2620	1
3078	1314	1
3078	1197	1
3079	1790	1
3079	1947	1
3079	2763	1
3079	689	1
3080	1940	1
3080	2703	1
3080	2959	1
3080	1379	1
3080	689	1
3080	1078	1
3081	1699	1
3081	2959	1
3081	2701	1
3081	321	1
3081	871	1
3082	85	1
3082	2857	1
3082	3084	1
3082	1149	1
3082	2967	1
3082	2789	1
3083	920	1
3083	1790	1
3083	2735	1
3083	2643	1
3083	584	1
3083	689	1
3083	2260	1
3084	435	1
3084	653	1
3084	2502	1
3084	2701	1
3084	1149	1
3084	75	1
3084	1314	1
3084	525	1
3084	1689	1
3084	349	1
3085	1088	1
3085	2857	1
3085	1947	1
3085	2344	1
3085	936	1
3085	75	1
3085	560	1
3085	1867	1
3085	2578	1
3085	796	1
3086	1079	1
3087	1294	1
3087	2735	1
3087	2763	1
3087	197	1
3087	936	1
3087	689	1
3087	2852	1
3087	658	1
3088	555	1
3088	2435	1
3088	2248	1
3088	1622	1
3089	232	1
3089	1042	1
3089	3084	1
3089	1426	1
3089	3058	1
3089	543	1
3089	1772	1
3089	2701	1
3089	2620	1
3089	1803	1
3089	2967	1
3089	437	1
3089	1197	1
3090	1993	1
3090	1790	1
3090	2735	1
3090	2763	1
3090	2916	1
3090	689	1
3091	1938	1
3091	3060	1
3091	2220	1
3091	1145	1
3091	543	1
3091	2703	1
3091	1924	1
3091	2643	1
3091	7	1
3091	2481	1
3091	2701	1
3091	2593	1
3091	1314	1
3091	1197	1
3091	642	1
3092	2970	1
3092	2976	1
3092	119	1
3092	230	1
3092	435	1
3092	2551	1
3092	1345	1
3092	2703	1
3092	2344	1
3092	2984	1
3092	1693	1
3092	1400	1
3092	1314	1
3092	1197	1
3092	535	1
3092	1351	1
3093	1294	1
3093	2970	1
3093	2524	1
3093	551	1
3093	2637	1
3093	178	1
3093	430	1
3093	118	1
3093	653	1
3093	1947	1
3093	2917	1
3093	1366	1
3093	544	1
3093	2502	1
3093	1035	1
3093	2551	1
3093	281	1
3093	1345	1
3093	715	1
3093	1693	1
3093	2701	1
3093	2296	1
3093	1845	1
3093	2746	1
3093	862	1
3093	1213	1
3093	1586	1
3093	1904	1
3093	75	1
3093	1704	1
3093	1511	1
3093	2037	1
3093	2789	1
3093	80	1
3093	535	1
3093	418	1
3093	1351	1
3093	1008	1
3093	1612	1
3094	98	1
3094	2970	1
3094	2257	1
3094	1684	1
3094	767	1
3094	551	1
3094	774	1
3094	178	1
3094	219	1
3094	909	1
3094	435	1
3094	1042	1
3094	511	1
3094	741	1
3094	2502	1
3094	590	1
3094	1345	1
3094	876	1
3094	1611	1
3094	3128	1
3094	2701	1
3094	2746	1
3094	2006	1
3094	862	1
3094	1400	1
3094	75	1
3094	952	1
3094	2789	1
3094	1197	1
3094	472	1
3095	2857	1
3095	77	1
3095	2643	1
3095	2701	1
3095	2967	1
3095	1314	1
3095	2734	1
3095	1902	1
3096	2857	1
3096	2703	1
3096	2643	1
3096	1149	1
3096	75	1
3097	2970	1
3097	767	1
3097	435	1
3097	2857	1
3097	741	1
3097	2502	1
3097	543	1
3097	1345	1
3097	2759	1
3097	1728	1
3097	2984	1
3097	2967	1
3097	1197	1
3097	1351	1
3098	767	1
3098	230	1
3098	1433	1
3098	3008	1
3098	2857	1
3098	2502	1
3098	2344	1
3098	2701	1
3098	1314	1
3098	2973	1
3098	1197	1
3098	1604	1
3098	1351	1
3098	2980	1
3099	3100	1
3099	1294	1
3099	809	1
3099	2976	1
3099	767	1
3099	551	1
3099	119	1
3099	909	1
3099	940	1
3099	1042	1
3099	118	1
3099	741	1
3099	2150	1
3099	2551	1
3099	2703	1
3099	876	1
3099	2296	1
3099	307	1
3099	144	1
3099	1400	1
3099	1086	1
3099	1314	1
3099	2789	1
3099	437	1
3099	2248	1
3099	418	1
3100	1294	1
3100	2068	1
3100	741	1
3100	2344	1
3100	2643	1
3100	1611	1
3100	2701	1
3100	2620	1
3100	1400	1
3100	1149	1
3100	2967	1
3100	75	1
3100	1314	1
3100	1351	1
3100	1902	1
3101	98	1
3101	1358	1
3101	2970	1
3101	2068	1
3101	706	1
3101	653	1
3101	2502	1
3101	3133	1
3101	2703	1
3101	2791	1
3101	2344	1
3101	3085	1
3101	2701	1
3101	1356	1
3101	3124	1
3101	1149	1
3101	2967	1
3101	75	1
3101	1314	1
3101	952	1
3101	1902	1
3102	3100	1
3102	2970	1
3102	767	1
3102	774	1
3102	219	1
3102	1433	1
3102	909	1
3102	2534	1
3102	435	1
3102	679	1
3102	653	1
3102	2502	1
3102	590	1
3102	2703	1
3102	2344	1
3102	2643	1
3102	876	1
3102	2701	1
3102	2620	1
3102	762	1
3102	1149	1
3102	2967	1
3102	2784	1
3102	952	1
3102	2789	1
3102	1197	1
3102	2248	1
3102	2980	1
3102	1479	1
3102	267	1
3103	98	1
3103	706	1
3103	2344	1
3103	2701	1
3103	1149	1
3103	2967	1
3103	1314	1
3103	584	1
3104	1358	1
3104	2068	1
3104	2338	1
3104	1790	1
3104	299	1
3105	2970	1
3105	1296	1
3105	2344	1
3105	2701	1
3105	1356	1
3105	1314	1
3105	2789	1
3105	1612	1
3106	1294	1
3106	121	1
3106	2970	1
3106	2915	1
3106	1684	1
3106	551	1
3106	119	1
3106	940	1
3106	991	1
3106	1296	1
3106	118	1
3106	1947	1
3106	741	1
3106	2486	1
3106	1534	1
3106	2502	1
3106	1079	1
3106	2703	1
3106	2114	1
3106	2344	1
3106	1611	1
3106	3009	1
3106	2701	1
3106	2296	1
3106	2982	1
3106	2746	1
3106	1400	1
3106	2203	1
3106	2967	1
3106	75	1
3106	1314	1
3106	2440	1
3106	952	1
3106	418	1
3106	1351	1
3106	1612	1
3107	2970	1
3107	435	1
3107	2502	1
3107	2344	1
3107	1356	1
3107	2967	1
3107	1314	1
3107	1612	1
3108	2068	1
3108	2338	1
3108	2857	1
3108	77	1
3108	653	1
3108	299	1
3108	2967	1
3108	2130	1
3109	119	1
3109	435	1
3109	991	1
3109	511	1
3109	967	1
3109	2703	1
3109	715	1
3109	2701	1
3109	1753	1
3109	1356	1
3109	1400	1
3109	1432	1
3109	2440	1
3109	340	1
3109	2789	1
3109	2734	1
3109	1351	1
3110	1294	1
3110	230	1
3110	219	1
3110	2952	1
3110	991	1
3110	1042	1
3110	2857	1
3110	1296	1
3110	2402	1
3110	511	1
3110	220	1
3110	302	1
3110	741	1
3110	1302	1
3110	228	1
3110	1079	1
3110	1345	1
3110	2703	1
3110	715	1
3110	2344	1
3110	2597	1
3110	1611	1
3110	1693	1
3110	2701	1
3110	2296	1
3110	2982	1
3110	2746	1
3110	1400	1
3110	743	1
3110	1432	1
3110	75	1
3110	952	1
3110	1511	1
3110	1197	1
3110	594	1
3110	796	1
3110	1612	1
3111	767	1
3111	2502	1
3111	715	1
3111	2597	1
3111	2296	1
3111	2757	1
3111	1149	1
3111	1314	1
3111	1197	1
3112	98	1
3112	232	1
3112	230	1
3112	1433	1
3112	435	1
3112	1042	1
3112	1296	1
3112	1947	1
3112	2078	1
3112	802	1
3112	741	1
3112	2502	1
3112	1035	1
3112	2150	1
3112	1079	1
3112	3020	1
3112	2451	1
3112	429	1
3112	928	1
3112	655	1
3112	1370	1
3112	2701	1
3112	2620	1
3112	1642	1
3112	1149	1
3112	2154	1
3112	1989	1
3112	2967	1
3112	75	1
3112	2247	1
3112	1344	1
3112	1197	1
3112	2734	1
3112	359	1
3112	349	1
3112	1902	1
3112	2093	1
3112	2520	1
3112	267	1
3112	1612	1
3113	2970	1
3113	767	1
3113	551	1
3113	991	1
3113	2857	1
3113	118	1
3113	875	1
3113	2502	1
3113	2551	1
3113	543	1
3113	442	1
3113	2457	1
3113	715	1
3113	2597	1
3113	2296	1
3113	2746	1
3113	1149	1
3113	75	1
3113	1197	1
3113	2248	1
3114	1294	1
3114	2970	1
3114	2976	1
3114	767	1
3114	1433	1
3114	2857	1
3114	118	1
3114	653	1
3114	2551	1
3114	543	1
3114	1345	1
3114	715	1
3114	876	1
3114	1314	1
3114	2789	1
3114	2248	1
3114	1351	1
3115	98	1
3115	435	1
3115	2857	1
3115	2791	1
3115	2701	1
3115	2746	1
3115	1400	1
3115	2196	1
3115	1149	1
3115	2520	1
3116	1583	1
3116	2967	1
3116	75	1
3116	1314	1
3116	2248	1
3116	2980	1
3117	3057	1
3117	1294	1
3117	2970	1
3117	2915	1
3117	1684	1
3117	815	1
3117	551	1
3117	119	1
3117	232	1
3117	230	1
3117	909	1
3117	287	1
3117	435	1
3117	940	1
3117	2857	1
3117	511	1
3117	2917	1
3117	1366	1
3117	741	1
3117	2502	1
3117	1345	1
3117	3020	1
3117	2703	1
3117	715	1
3117	2344	1
3117	876	1
3117	1611	1
3117	2984	1
3117	3009	1
3117	358	1
3117	2296	1
3117	2982	1
3117	2746	1
3117	2006	1
3117	158	1
3117	75	1
3117	1103	1
3117	1511	1
3117	2789	1
3117	437	1
3117	2248	1
3117	1351	1
3117	1572	1
3118	98	1
3118	592	1
3118	1162	1
3118	2857	1
3118	1790	1
3118	77	1
3118	910	1
3118	2862	1
3118	2150	1
3118	2703	1
3118	3085	1
3118	2701	1
3118	1356	1
3118	1149	1
3118	75	1
3118	1344	1
3118	584	1
3119	555	1
3119	1684	1
3119	767	1
3119	551	1
3119	219	1
3119	435	1
3119	2857	1
3119	653	1
3119	1947	1
3119	3084	1
3119	2502	1
3119	2339	1
3119	2693	1
3119	543	1
3119	2703	1
3119	2457	1
3119	1611	1
3119	1693	1
3119	2746	1
3119	2620	1
3119	1400	1
3119	2967	1
3119	1432	1
3119	952	1
3119	2789	1
3119	1197	1
3119	2614	1
3119	418	1
3119	1479	1
3120	1294	1
3120	2414	1
3120	2538	1
3120	119	1
3120	392	1
3120	2857	1
3120	1296	1
3120	1079	1
3120	543	1
3120	2344	1
3120	2982	1
3120	2746	1
3120	1400	1
3120	2967	1
3120	1432	1
3120	952	1
3120	2441	1
3120	1197	1
3120	2358	1
3120	2980	1
3120	1612	1
3121	1294	1
3121	2970	1
3121	767	1
3121	232	1
3121	909	1
3121	2502	1
3121	1345	1
3121	836	1
3121	1834	1
3121	928	1
3121	2746	1
3121	1400	1
3121	75	1
3121	2789	1
3121	1197	1
3121	1351	1
3121	690	1
3121	2980	1
3122	2857	1
3122	1790	1
3122	2703	1
3122	2344	1
3122	818	1
3122	2643	1
3122	1693	1
3122	2196	1
3122	1149	1
3122	2967	1
3122	1314	1
3122	2854	1
3123	2068	1
3123	435	1
3123	1790	1
3123	2862	1
3123	3085	1
3123	1693	1
3123	1356	1
3123	1400	1
3123	1314	1
3124	1358	1
3124	2068	1
3124	2338	1
3124	435	1
3124	706	1
3124	2735	1
3124	2703	1
3124	124	1
3124	2344	1
3124	969	1
3124	2643	1
3124	7	1
3124	2763	1
3124	2481	1
3124	1693	1
3124	2701	1
3124	1969	1
3124	2593	1
3124	1149	1
3124	2148	1
3124	1363	1
3124	349	1
3125	592	1
3125	1993	1
3125	2735	1
3125	2862	1
3125	2763	1
3125	2916	1
3125	689	1
3125	1078	1
3126	1294	1
3126	551	1
3126	119	1
3126	653	1
3126	741	1
3126	2502	1
3126	2551	1
3126	543	1
3126	1345	1
3126	1693	1
3126	1400	1
3126	1314	1
3126	1197	1
3126	1351	1
3127	219	1
3127	2951	1
3127	2857	1
3127	757	1
3127	741	1
3127	1345	1
3127	2344	1
3127	2643	1
3127	2620	1
3127	2384	1
3127	2967	1
3127	952	1
3127	535	1
3128	2970	1
3128	551	1
3128	232	1
3128	219	1
3128	3008	1
3128	2857	1
3128	741	1
3128	2456	1
3128	2720	1
3128	3020	1
3128	2344	1
3128	2643	1
3128	2746	1
3128	2967	1
3128	1314	1
3128	952	1
3128	1523	1
3128	2789	1
3128	2441	1
3128	1197	1
3128	2248	1
3128	1351	1
3128	472	1
3129	3057	1
3129	1294	1
3129	551	1
3129	232	1
3129	230	1
3129	219	1
3129	1433	1
3129	909	1
3129	435	1
3129	543	1
3129	2457	1
3129	2344	1
3129	2984	1
3129	1063	1
3129	2296	1
3129	307	1
3129	75	1
3129	1314	1
3129	952	1
3129	2789	1
3129	1197	1
3129	2980	1
3129	1479	1
3130	2857	1
3130	1790	1
3130	77	1
3130	2703	1
3130	75	1
3130	584	1
3131	1294	1
3131	2970	1
3131	767	1
3131	551	1
3131	230	1
3131	909	1
3131	2857	1
3131	706	1
3131	741	1
3131	543	1
3131	1345	1
3131	2703	1
3131	2344	1
3131	2701	1
3131	1753	1
3131	1761	1
3131	75	1
3131	952	1
3131	2789	1
3131	2248	1
3131	1612	1
3132	98	1
3132	435	1
3132	77	1
3132	2735	1
3132	2862	1
3132	2703	1
3132	818	1
3132	3085	1
3132	1149	1
3132	2967	1
3132	584	1
3133	1358	1
3133	435	1
3133	1790	1
3133	77	1
3133	2735	1
3133	2701	1
3133	1356	1
3134	1358	1
3134	809	1
3134	2068	1
3134	2338	1
3134	1162	1
3134	435	1
3134	940	1
3134	2857	1
3134	77	1
3134	224	1
3134	2963	1
3134	124	1
3134	299	1
3134	818	1
3134	3085	1
3134	2701	1
3134	2746	1
3134	144	1
3134	1761	1
3134	1149	1
3134	2148	1
3134	1338	1
3134	1314	1
3134	952	1
3134	1197	1
3134	1902	1
3135	320	1
3135	2857	1
3135	1460	1
3135	543	1
3135	1345	1
3135	455	1
3135	1447	1
3135	535	1
3135	1351	1
3136	1294	1
3136	592	1
3136	2857	1
3136	1790	1
3136	706	1
3136	1685	1
3136	2735	1
3136	2862	1
3136	224	1
3136	543	1
3136	2344	1
3136	818	1
3136	1336	1
3136	3085	1
3136	1734	1
3136	2746	1
3136	1149	1
3136	2967	1
3136	1314	1
3136	952	1
3136	1197	1
3136	2406	1
3137	2976	1
3137	767	1
3137	435	1
3137	2857	1
3137	653	1
3137	1063	1
3137	1400	1
3137	1761	1
3137	1314	1
3137	2789	1
3137	111	1
3137	1351	1
3138	2970	1
3138	1684	1
3138	551	1
3138	232	1
3138	909	1
3138	2857	1
3138	118	1
3138	511	1
3138	2502	1
3138	3020	1
3138	2457	1
3138	2344	1
3138	655	1
3138	2296	1
3138	2982	1
3138	2746	1
3138	2967	1
3138	1103	1
3138	111	1
3138	1197	1
3138	2248	1
3138	1351	1
3138	2980	1
3139	2414	1
3139	1358	1
3139	2970	1
3139	2198	1
3139	435	1
3139	2857	1
3139	653	1
3139	2344	1
3139	2967	1
3139	1314	1
3139	1351	1
3139	349	1
3139	1612	1
3140	2068	1
3140	2857	1
3140	1790	1
3140	77	1
3140	2735	1
3140	3085	1
3141	2976	1
3141	767	1
3141	551	1
3141	119	1
3141	2857	1
3141	511	1
3141	855	1
3141	2502	1
3141	1079	1
3141	1345	1
3141	2791	1
3141	876	1
3141	2296	1
3141	2746	1
3141	1356	1
3141	1149	1
3141	2967	1
3141	1432	1
3141	75	1
3141	1704	1
3141	917	1
3141	1197	1
3141	2248	1
3141	1351	1
3141	2980	1
3141	2130	1
3141	1612	1
3142	2857	1
3142	2344	1
3142	876	1
3142	2984	1
3142	2746	1
3142	75	1
3142	1314	1
3142	2789	1
3142	2248	1
3142	1351	1
3142	2980	1
3143	2414	1
3143	2970	1
3143	920	1
3143	232	1
3143	2951	1
3143	435	1
3143	3008	1
3143	2857	1
3143	706	1
3143	910	1
3143	2150	1
3143	2038	1
3143	1079	1
3143	1881	1
3143	2457	1
3143	347	1
3143	2705	1
3143	1611	1
3143	2984	1
3143	2701	1
3143	2746	1
3143	862	1
3143	1400	1
3143	1149	1
3143	722	1
3143	1563	1
3143	75	1
3143	952	1
3143	2973	1
3143	1324	1
3143	437	1
3143	1197	1
3143	2118	1
3143	2980	1
3143	604	1
3143	472	1
3143	1612	1
3144	85	1
3144	1294	1
3144	2414	1
3144	2538	1
3144	767	1
3144	392	1
3144	230	1
3144	435	1
3144	1952	1
3144	2857	1
3144	679	1
3144	653	1
3144	2502	1
3144	224	1
3144	566	1
3144	1079	1
3144	543	1
3144	3020	1
3144	2703	1
3144	2344	1
3144	2556	1
3144	2757	1
3144	862	1
3144	1432	1
3144	1338	1
3144	422	1
3144	1444	1
3144	1314	1
3144	2440	1
3144	952	1
3144	2248	1
3144	1689	1
3144	2358	1
3144	1351	1
3144	1572	1
3144	1612	1
3145	98	1
3145	767	1
3145	1882	1
3145	774	1
3145	909	1
3145	435	1
3145	679	1
3145	1296	1
3145	741	1
3145	2502	1
3145	1312	1
3145	2457	1
3145	2746	1
3145	45	1
3145	1400	1
3145	2203	1
3145	2967	1
3145	75	1
3145	1314	1
3145	952	1
3145	241	1
3145	1197	1
3145	1351	1
3145	2356	1
3145	1346	1
3146	1294	1
3146	2970	1
3146	119	1
3146	435	1
3146	2857	1
3146	1079	1
3146	543	1
3146	2703	1
3146	1693	1
3146	2296	1
3146	2746	1
3146	2967	1
3146	1314	1
3146	952	1
3146	1511	1
3146	1344	1
3146	111	1
3146	1197	1
3146	2980	1
3147	1294	1
3147	767	1
3147	551	1
3147	909	1
3147	2486	1
3147	1345	1
3147	2296	1
3147	1356	1
3147	1400	1
3147	1149	1
3147	1314	1
3147	952	1
3147	1511	1
3147	1344	1
3147	1197	1
3147	1351	1
3147	2980	1
3148	909	1
3148	2857	1
3148	543	1
3148	1345	1
3148	876	1
3148	1400	1
3148	2967	1
3148	1314	1
3148	952	1
3148	1511	1
3148	1351	1
3149	1294	1
3149	2970	1
3149	2976	1
3149	1684	1
3149	767	1
3149	119	1
3149	1433	1
3149	909	1
3149	435	1
3149	511	1
3149	653	1
3149	741	1
3149	2486	1
3149	2502	1
3149	2457	1
3149	2344	1
3149	1611	1
3149	2296	1
3149	2746	1
3149	1356	1
3149	743	1
3149	2958	1
3149	2967	1
3149	75	1
3149	1314	1
3149	952	1
3149	2789	1
3149	1344	1
3149	111	1
3149	1197	1
3149	2248	1
3149	253	1
3149	2130	1
3149	1612	1
3150	98	1
3150	2068	1
3150	2338	1
3150	2857	1
3150	77	1
3150	706	1
3150	1356	1
3150	2967	1
3150	75	1
3150	952	1
3150	1344	1
3150	584	1
3151	435	1
3151	1790	1
3151	653	1
3151	543	1
3151	1345	1
3151	1149	1
3151	722	1
3151	75	1
3151	1344	1
3151	2734	1
3151	2130	1
3152	1294	1
3152	2970	1
3152	767	1
3152	232	1
3152	230	1
3152	219	1
3152	3008	1
3152	2857	1
3152	653	1
3152	543	1
3152	2344	1
3152	876	1
3152	2984	1
3152	517	1
3152	1063	1
3152	2701	1
3152	2746	1
3152	2967	1
3152	75	1
3152	1314	1
3152	952	1
3152	2789	1
3152	1197	1
3152	2980	1
3153	1294	1
3153	2371	1
3153	2970	1
3153	232	1
3153	3008	1
3153	2857	1
3153	511	1
3153	2889	1
3153	1685	1
3153	802	1
3153	2735	1
3153	2502	1
3153	1035	1
3153	1057	1
3153	2150	1
3153	414	1
3153	2191	1
3153	543	1
3153	3020	1
3153	2457	1
3153	715	1
3153	2344	1
3153	2643	1
3153	876	1
3153	1611	1
3153	1063	1
3153	1693	1
3153	2701	1
3153	2296	1
3153	45	1
3153	1356	1
3153	2620	1
3153	862	1
3153	2203	1
3153	2154	1
3153	2967	1
3153	952	1
3153	2973	1
3153	917	1
3153	2789	1
3153	1197	1
3153	1351	1
3153	1703	1
3153	349	1
3153	644	1
3153	2520	1
3153	2526	1
3153	472	1
3153	1612	1
3154	767	1
3154	2598	1
3154	230	1
3154	2951	1
3154	2857	1
3154	116	1
3154	1345	1
3154	3020	1
3154	1400	1
3154	2967	1
3154	75	1
3154	917	1
3154	1197	1
3154	1612	1
3155	1684	1
3155	767	1
3155	551	1
3155	119	1
3155	230	1
3155	435	1
3155	1042	1
3155	706	1
3155	741	1
3155	2502	1
3155	2457	1
3155	715	1
3155	2344	1
3155	1693	1
3155	2701	1
3155	1400	1
3155	1586	1
3155	1314	1
3155	952	1
3155	1511	1
3155	535	1
3155	1351	1
3155	349	1
3155	1612	1
3156	2970	1
3156	1684	1
3156	2598	1
3156	178	1
3156	219	1
3156	1433	1
3156	2951	1
3156	287	1
3156	991	1
3156	1042	1
3156	511	1
3156	194	1
3156	653	1
3156	757	1
3156	741	1
3156	2502	1
3156	967	1
3156	2551	1
3156	2588	1
3156	1915	1
3156	2703	1
3156	715	1
3156	2643	1
3156	358	1
3156	1265	1
3156	1693	1
3156	2701	1
3156	1356	1
3156	862	1
3156	2922	1
3156	1400	1
3156	2203	1
3156	2967	1
3156	1443	1
3156	75	1
3156	1314	1
3156	1704	1
3156	2564	1
3156	952	1
3156	2789	1
3156	107	1
3156	2734	1
3156	535	1
3156	1351	1
3156	1008	1
3156	2212	1
3156	2520	1
3156	472	1
3156	1783	1
3156	1612	1
3157	1294	1
3157	2502	1
3157	1693	1
3157	1356	1
3157	2967	1
3157	1314	1
3157	2734	1
3158	3100	1
3158	1294	1
3158	2970	1
3158	219	1
3158	1433	1
3158	157	1
3158	741	1
3158	1460	1
3158	543	1
3158	1345	1
3158	2763	1
3158	284	1
3158	358	1
3158	3135	1
3158	2701	1
3158	2746	1
3158	862	1
3158	1789	1
3158	2370	1
3158	2348	1
3158	2967	1
3158	75	1
3158	1314	1
3158	952	1
3158	2973	1
3158	2789	1
3158	437	1
3158	1197	1
3158	2248	1
3158	2325	1
3158	1091	1
3158	1703	1
3158	681	1
3158	2260	1
3158	1346	1
3158	701	1
3158	472	1
3159	2970	1
3159	767	1
3159	551	1
3159	119	1
3159	2502	1
3159	116	1
3159	543	1
3159	2344	1
3159	1611	1
3159	2701	1
3159	2296	1
3159	2746	1
3159	1356	1
3159	1400	1
3159	1197	1
3159	1351	1
3160	2857	1
3160	2344	1
3160	1611	1
3160	1356	1
3160	1400	1
3160	2967	1
3160	1314	1
3160	2789	1
3160	1197	1
3161	232	1
3161	3008	1
3161	653	1
3161	2502	1
3161	1035	1
3161	2551	1
3161	1079	1
3161	1345	1
3161	2296	1
3161	862	1
3161	952	1
3161	1511	1
3161	2789	1
3161	472	1
3161	1612	1
3162	2763	1
3162	562	1
3162	1379	1
3162	1078	1
3163	2338	1
3163	1790	1
3163	77	1
3163	2735	1
3163	2862	1
3163	2344	1
3163	3085	1
3163	1356	1
3163	2967	1
3163	584	1
3164	3100	1
3164	1294	1
3164	555	1
3164	1667	1
3164	2571	1
3164	682	1
3164	2865	1
3164	1358	1
3164	419	1
3164	767	1
3164	592	1
3164	3051	1
3164	774	1
3164	2534	1
3164	435	1
3164	2692	1
3164	696	1
3164	940	1
3164	409	1
3164	880	1
3164	991	1
3164	706	1
3164	910	1
3164	653	1
3164	541	1
3164	2712	1
3164	2150	1
3164	925	1
3164	116	1
3164	1881	1
3164	2273	1
3164	543	1
3164	1312	1
3164	2703	1
3164	1123	1
3164	2702	1
3164	124	1
3164	2898	1
3164	1449	1
3164	1548	1
3164	2643	1
3164	876	1
3164	1728	1
3164	1611	1
3164	3128	1
3164	1654	1
3164	2959	1
3164	2701	1
3164	2296	1
3164	2746	1
3164	2757	1
3164	2006	1
3164	2277	1
3164	459	1
3164	1356	1
3164	2620	1
3164	862	1
3164	588	1
3164	1935	1
3164	2196	1
3164	2040	1
3164	2203	1
3164	2045	1
3164	1619	1
3164	1564	1
3164	2958	1
3164	2370	1
3164	1432	1
3164	1086	1
3164	75	1
3164	2786	1
3164	2784	1
3164	952	1
3164	805	1
3164	917	1
3164	2964	1
3164	241	1
3164	2789	1
3164	1197	1
3164	2614	1
3164	107	1
3164	2248	1
3164	535	1
3164	349	1
3164	1902	1
3164	2260	1
3164	2980	1
3164	1346	1
3164	954	1
3164	2130	1
3164	1696	1
3164	1372	1
3164	1572	1
3164	1612	1
3164	903	1
3165	1684	1
3165	767	1
3165	2338	1
3165	2069	1
3165	2857	1
3165	511	1
3165	2712	1
3165	2699	1
3165	2046	1
3165	543	1
3165	1611	1
3165	2701	1
3165	2746	1
3165	2006	1
3165	1356	1
3165	1149	1
3165	2967	1
3165	75	1
3165	1197	1
3165	584	1
3166	3057	1
3166	232	1
3166	230	1
3166	118	1
3166	1947	1
3166	187	1
3166	2502	1
3166	543	1
3166	1345	1
3166	2344	1
3166	2051	1
3166	1641	1
3166	1063	1
3166	2701	1
3166	2378	1
3166	2160	1
3166	2967	1
3166	1314	1
3166	2392	1
3166	1197	1
3167	3100	1
3167	809	1
3167	1684	1
3167	767	1
3167	551	1
3167	909	1
3167	435	1
3167	940	1
3167	2735	1
3167	543	1
3167	1345	1
3167	2703	1
3167	2457	1
3167	2344	1
3167	1883	1
3167	2701	1
3167	2296	1
3167	2746	1
3167	145	1
3167	1563	1
3167	75	1
3167	952	1
3167	2789	1
3167	437	1
3167	1197	1
3167	107	1
3167	1351	1
3167	349	1
3167	1457	1
3168	1294	1
3168	785	1
3168	2970	1
3168	767	1
3168	232	1
3168	230	1
3168	2857	1
3168	741	1
3168	2502	1
3168	543	1
3168	442	1
3168	1345	1
3168	2457	1
3168	2344	1
3168	876	1
3168	2984	1
3168	2701	1
3168	2746	1
3168	1400	1
3168	1314	1
3168	2263	1
3168	2789	1
3168	1197	1
3168	690	1
3169	98	1
3169	1294	1
3169	2970	1
3169	767	1
3169	551	1
3169	774	1
3169	178	1
3169	219	1
3169	1433	1
3169	287	1
3169	435	1
3169	409	1
3169	2857	1
3169	511	1
3169	2502	1
3169	2150	1
3169	543	1
3169	863	1
3169	2703	1
3169	2344	1
3169	876	1
3169	1611	1
3169	2296	1
3169	2746	1
3169	1356	1
3169	2620	1
3169	862	1
3169	1314	1
3169	1976	1
3169	2789	1
3169	1197	1
3169	2248	1
3169	1351	1
3169	1346	1
3169	1372	1
3169	1612	1
3170	2970	1
3170	767	1
3170	435	1
3170	2857	1
3170	653	1
3170	2502	1
3170	1345	1
3170	2344	1
3170	2967	1
3170	2789	1
3170	1351	1
3171	1684	1
3171	2857	1
3171	653	1
3171	1345	1
3171	2967	1
3171	1314	1
3171	2789	1
3172	2857	1
3172	1149	1
3172	75	1
3172	584	1
3172	2734	1
3173	592	1
3173	1940	1
3173	2078	1
3173	1685	1
3173	1991	1
3173	2862	1
3173	2791	1
3173	2763	1
3173	689	1
3173	1078	1
3173	2714	1
3174	3100	1
3174	1294	1
3174	1667	1
3174	809	1
3174	1684	1
3174	551	1
3174	219	1
3174	435	1
3174	1599	1
3174	2857	1
3174	1947	1
3174	741	1
3174	1460	1
3174	2502	1
3174	543	1
3174	1345	1
3174	2791	1
3174	1123	1
3174	1883	1
3174	2643	1
3174	3009	1
3174	2268	1
3174	1693	1
3174	2668	1
3174	1400	1
3174	145	1
3174	158	1
3174	952	1
3174	1511	1
3174	2789	1
3174	777	1
3174	1197	1
3174	418	1
3174	1351	1
3174	1612	1
3174	903	1
3175	2643	1
3175	2763	1
3175	2916	1
3175	689	1
3176	1790	1
3176	2331	1
3176	2763	1
3176	1379	1
3176	689	1
3177	1790	1
3177	2643	1
3177	2763	1
3177	1078	1
3178	2643	1
3178	2763	1
3178	197	1
3178	689	1
3178	1078	1
3179	920	1
3179	1938	1
3179	2015	1
3179	3060	1
3179	1790	1
3179	2220	1
3179	1716	1
3179	2457	1
3179	969	1
3179	7	1
3179	2481	1
3179	2701	1
3179	1304	1
3179	2083	1
3179	1388	1
3179	1681	1
3179	1612	1
3180	592	1
3180	230	1
3180	1042	1
3180	2857	1
3180	2862	1
3180	120	1
3180	543	1
3180	2643	1
3180	2111	1
3180	7	1
3180	2481	1
3180	512	1
3180	1149	1
3180	2967	1
3180	1363	1
3180	1197	1
3180	954	1
3180	369	1
3181	1790	1
3181	689	1
3181	1078	1
3182	2857	1
3182	741	1
3182	1345	1
3182	2703	1
3182	2791	1
3182	2746	1
3182	1761	1
3182	1197	1
3183	85	1
3183	1940	1
3183	2331	1
3183	2862	1
3183	2305	1
3183	1853	1
3183	540	1
3183	1314	1
3183	1379	1
3184	920	1
3184	2643	1
3184	2763	1
3184	1619	1
3184	689	1
3185	1790	1
3185	1947	1
3185	2643	1
3185	2763	1
3185	197	1
3185	936	1
3185	689	1
3186	1991	1
3186	1761	1
3187	2524	1
3187	2598	1
3187	551	1
3187	119	1
3187	2242	1
3187	219	1
3187	287	1
3187	2952	1
3187	435	1
3187	3008	1
3187	1557	1
3187	991	1
3187	2857	1
3187	118	1
3187	2486	1
3187	649	1
3187	2473	1
3187	414	1
3187	1072	1
3187	1079	1
3187	543	1
3187	251	1
3187	2703	1
3187	2627	1
3187	2945	1
3187	2344	1
3187	1259	1
3187	2597	1
3187	1611	1
3187	1698	1
3187	358	1
3187	2701	1
3187	45	1
3187	1400	1
3187	923	1
3187	1074	1
3187	1044	1
3187	2967	1
3187	1432	1
3187	1283	1
3187	1314	1
3187	1511	1
3187	253	1
3187	1351	1
3188	2457	1
3188	820	1
3188	1400	1
3188	2967	1
3188	2770	1
3189	2331	1
3189	2763	1
3189	1379	1
3189	1078	1
3189	3119	1
3190	98	1
3190	435	1
3190	2857	1
3190	2502	1
3190	2701	1
3190	1619	1
3190	1314	1
3191	1661	1
3191	3060	1
3191	2049	1
3191	1790	1
3191	2275	1
3191	2151	1
3191	969	1
3191	2111	1
3191	335	1
3191	1149	1
3191	454	1
3191	368	1
3191	272	1
3191	2545	1
3191	584	1
3191	2083	1
3191	2839	1
3191	227	1
3192	352	1
3192	1661	1
3192	2015	1
3192	3060	1
3192	969	1
3192	899	1
3192	1032	1
3192	2481	1
3192	2602	1
3192	335	1
3192	611	1
3192	272	1
3192	2545	1
3192	2083	1
3192	2514	1
3192	1388	1
3192	1681	1
3192	916	1
3192	642	1
3192	2407	1
3193	1661	1
3193	3060	1
3193	2220	1
3193	543	1
3193	335	1
3193	89	1
3193	2154	1
3193	2967	1
3193	75	1
3193	1363	1
3194	2257	1
3194	767	1
3194	2457	1
3194	347	1
3194	1314	1
3194	2973	1
3194	2248	1
3194	2734	1
3194	2980	1
3195	1451	1
3195	1583	1
3195	1031	1
3195	2828	1
3195	1859	1
3195	1661	1
3195	551	1
3195	1938	1
3195	1162	1
3195	2628	1
3195	1042	1
3195	2857	1
3195	3034	1
3195	2735	1
3195	2502	1
3195	1531	1
3195	1079	1
3195	819	1
3195	116	1
3195	120	1
3195	543	1
3195	1817	1
3195	2457	1
3195	715	1
3195	1449	1
3195	1502	1
3195	2643	1
3195	1796	1
3195	655	1
3195	2701	1
3195	2746	1
3195	1969	1
3195	3101	1
3195	1447	1
3195	906	1
3195	1149	1
3195	2370	1
3195	2967	1
3195	75	1
3195	1314	1
3195	2854	1
3195	1344	1
3195	437	1
3195	1363	1
3195	3143	1
3195	2055	1
3195	596	1
3195	1362	1
3195	2389	1
3195	2520	1
3195	2130	1
3195	3136	1
3195	94	1
3195	71	1
3196	2865	1
3196	920	1
3196	2068	1
3196	3060	1
3196	2857	1
3196	706	1
3196	2862	1
3196	2275	1
3196	1734	1
3196	933	1
3196	1356	1
3196	1400	1
3196	1149	1
3196	75	1
3196	1363	1
3196	2734	1
3196	1388	1
3196	1390	1
3197	435	1
3197	2568	1
3197	1202	1
3197	1356	1
3197	1197	1
3197	359	1
3197	2130	1
3198	1149	1
3199	2571	1
3199	1790	1
3199	2220	1
3199	2735	1
3199	120	1
3199	2344	1
3199	969	1
3199	820	1
3199	1032	1
3199	2701	1
3199	2602	1
3199	1149	1
3199	1287	1
3199	1656	1
3199	2967	1
3199	1363	1
3199	2407	1
3200	98	1
3200	85	1
3200	2571	1
3200	920	1
3200	1042	1
3200	1790	1
3200	77	1
3200	194	1
3200	2220	1
3200	120	1
3200	1012	1
3200	1449	1
3200	2643	1
3200	7	1
3200	820	1
3200	384	1
3200	2481	1
3200	240	1
3200	1276	1
3200	3098	1
3200	1969	1
3200	2602	1
3200	1356	1
3200	2620	1
3200	1400	1
3200	512	1
3200	611	1
3200	89	1
3200	1149	1
3200	2154	1
3200	1486	1
3200	1083	1
3200	952	1
3200	437	1
3200	2545	1
3200	1363	1
3200	1197	1
3200	584	1
3200	1955	1
3200	2083	1
3200	2248	1
3200	2514	1
3200	2055	1
3200	1388	1
3200	369	1
3200	1612	1
3200	2407	1
3201	3060	1
3201	2857	1
3201	1790	1
3201	2220	1
3201	2275	1
3201	820	1
3201	2481	1
3201	1969	1
3201	1149	1
3201	454	1
3201	2202	1
3201	952	1
3202	2976	1
3202	1345	1
3203	2865	1
3203	2068	1
3203	1042	1
3203	2857	1
3203	1790	1
3203	543	1
3203	2481	1
3203	1734	1
3203	933	1
3203	1149	1
3203	75	1
3203	952	1
3203	1363	1
3203	1388	1
3203	349	1
3203	1902	1
3203	1390	1
3204	629	1
3204	2863	1
3204	1711	1
3204	1345	1
3204	2703	1
3204	1032	1
3204	2034	1
3204	1356	1
3204	1403	1
3204	3046	1
3204	2196	1
3204	1149	1
3204	272	1
3204	1363	1
3204	2248	1
3204	667	1
3204	2130	1
3204	316	1
3205	1042	1
3205	2857	1
3205	741	1
3205	2791	1
3205	2701	1
3205	75	1
3205	1197	1
3205	903	1
3206	1790	1
3206	77	1
3206	2986	1
3206	1697	1
3206	299	1
3206	1197	1
3207	555	1
3207	2158	1
3207	682	1
3207	815	1
3207	1833	1
3207	430	1
3207	771	1
3207	2703	1
3207	715	1
3207	825	1
3207	2597	1
3207	358	1
3207	2115	1
3207	1455	1
3207	221	1
3207	1852	1
3207	168	1
3208	2857	1
3208	1790	1
3208	1149	1
3208	75	1
3209	2857	1
3209	1790	1
3209	1149	1
3209	75	1
3210	3060	1
3210	2857	1
3210	969	1
3210	2643	1
3210	7	1
3210	820	1
3210	2481	1
3210	2646	1
3210	2811	1
3210	1149	1
3210	2154	1
3210	1486	1
3210	1083	1
3210	2545	1
3210	584	1
3210	2671	1
3210	1388	1
3210	1078	1
3210	954	1
3210	2821	1
3211	219	1
3211	3060	1
3211	2275	1
3211	738	1
3211	969	1
3211	2643	1
3211	7	1
3211	354	1
3211	1149	1
3211	2154	1
3211	1486	1
3211	454	1
3211	1083	1
3211	272	1
3211	2545	1
3211	1363	1
3211	584	1
3211	2083	1
3211	1388	1
3211	1078	1
3211	2544	1
3212	2643	1
3212	2763	1
3212	689	1
3213	947	1
3213	653	1
3213	2551	1
3213	116	1
3213	2296	1
3213	1761	1
3213	1655	1
3213	2967	1
3213	111	1
3214	2571	1
3214	2068	1
3214	2338	1
3214	2857	1
3214	1565	1
3214	2660	1
3214	543	1
3214	1345	1
3214	2457	1
3214	299	1
3214	1449	1
3214	1693	1
3214	2701	1
3214	2602	1
3214	1918	1
3214	1363	1
3214	1197	1
3214	2734	1
3215	2857	1
3215	3084	1
3215	936	1
3215	1149	1
3215	75	1
3215	584	1
3216	2857	1
3216	1790	1
3216	2220	1
3216	1947	1
3216	2481	1
3216	2602	1
3216	335	1
3216	762	1
3216	512	1
3216	1486	1
3216	454	1
3216	2432	1
3216	437	1
3217	219	1
3217	3060	1
3217	2857	1
3217	2331	1
3217	2702	1
3217	2643	1
3217	933	1
3217	1149	1
3217	1486	1
3217	722	1
3217	1538	1
3217	2967	1
3217	75	1
3217	952	1
3217	1363	1
3218	3060	1
3218	1790	1
3218	2862	1
3218	2457	1
3218	1032	1
3218	2701	1
3218	397	1
3218	2602	1
3218	1356	1
3218	951	1
3218	1149	1
3218	2967	1
3218	75	1
3218	2432	1
3218	952	1
3218	1363	1
3218	2734	1
3218	1902	1
3219	1790	1
3219	2457	1
3219	762	1
3219	454	1
3219	2432	1
3220	3060	1
3220	1790	1
3220	2220	1
3220	2735	1
3220	2862	1
3220	2481	1
3220	397	1
3220	335	1
3220	611	1
3220	1149	1
3220	75	1
3220	2734	1
3221	2571	1
3221	219	1
3221	435	1
3221	1042	1
3221	1947	1
3221	2486	1
3221	1460	1
3221	120	1
3221	543	1
3221	208	1
3221	936	1
3221	1761	1
3221	75	1
3222	1790	1
3222	2220	1
3222	1145	1
3222	2275	1
3222	2457	1
3222	2701	1
3222	3098	1
3222	1149	1
3223	1294	1
3223	767	1
3223	592	1
3223	232	1
3223	230	1
3223	741	1
3223	224	1
3223	2457	1
3223	2979	1
3223	208	1
3223	1923	1
3223	2701	1
3223	1149	1
3223	2967	1
3223	75	1
3223	1197	1
3223	584	1
3224	3060	1
3224	2220	1
3224	1032	1
3224	2481	1
3224	1149	1
3224	75	1
3224	1363	1
3224	2083	1
3225	1790	1
3225	2220	1
3225	2481	1
3225	641	1
3225	75	1
3226	119	1
3226	2339	1
3226	1012	1
3226	2457	1
3226	2602	1
3226	1314	1
3226	2248	1
3226	1351	1
3227	1938	1
3227	1042	1
3227	2857	1
3227	2862	1
3227	2344	1
3227	2643	1
3227	2034	1
3227	1356	1
3227	1149	1
3227	722	1
3227	2967	1
3227	75	1
3227	952	1
3227	2854	1
3227	316	1
3228	1379	1
3229	2632	1
3229	2262	1
3229	1988	1
3229	2610	1
3229	3011	1
3229	435	1
3229	696	1
3229	1991	1
3229	2735	1
3229	1112	1
3229	3049	1
3229	130	1
3229	1271	1
3229	3118	1
3229	2643	1
3229	843	1
3229	313	1
3229	3040	1
3229	1693	1
3229	105	1
3229	2053	1
3229	67	1
3229	1025	1
3229	3101	1
3229	1149	1
3229	1709	1
3229	75	1
3229	952	1
3229	852	1
3229	584	1
3229	349	1
3229	2086	1
3230	1991	1
3230	2735	1
3230	2660	1
3230	2862	1
3230	1149	1
3230	2154	1
3230	75	1
3230	1754	1
3230	584	1
3231	435	1
3231	1790	1
3231	2275	1
3231	2701	1
3231	2148	1
3232	2643	1
3232	2763	1
3232	197	1
3232	689	1
3232	1078	1
3233	1294	1
3233	435	1
3233	2857	1
3233	741	1
3233	2150	1
3233	2296	1
3233	1356	1
3233	75	1
3233	2130	1
3234	1790	1
3234	936	1
3234	1761	1
3234	2967	1
3234	75	1
3235	219	1
3235	543	1
3235	2643	1
3235	2701	1
3235	1149	1
3235	1314	1
3236	85	1
3236	2862	1
3236	1853	1
3236	540	1
3236	1314	1
3236	1379	1
3236	2260	1
3237	1790	1
3237	2763	1
3237	689	1
3237	1612	1
3238	2119	1
3238	1684	1
3238	592	1
3238	2606	1
3238	435	1
3238	1790	1
3238	77	1
3238	2960	1
3238	855	1
3238	2331	1
3238	2502	1
3238	2275	1
3238	526	1
3238	2701	1
3238	2668	1
3238	2148	1
3238	75	1
3238	952	1
3238	2299	1
3239	3001	1
3239	2729	1
3239	1379	1
3240	920	1
3240	592	1
3240	1790	1
3240	2643	1
3240	2916	1
3240	689	1
3240	2260	1
3240	1078	1
3241	2763	1
3241	197	1
3241	936	1
3241	1078	1
3242	1790	1
3242	197	1
3242	936	1
3242	689	1
3243	1790	1
3243	1947	1
3243	2643	1
3243	197	1
3243	1078	1
3244	767	1
3244	2857	1
3244	543	1
3244	2457	1
3244	1149	1
3244	1197	1
3245	2865	1
3245	119	1
3245	219	1
3245	3060	1
3245	2951	1
3245	1639	1
3245	2059	1
3245	3008	1
3245	1042	1
3245	2857	1
3245	1790	1
3245	653	1
3245	757	1
3245	2220	1
3245	741	1
3245	2502	1
3245	2339	1
3245	2150	1
3245	1145	1
3245	543	1
3245	1012	1
3245	2457	1
3245	2791	1
3245	2344	1
3245	969	1
3245	2643	1
3245	2989	1
3245	655	1
3245	936	1
3245	2746	1
3245	1356	1
3245	335	1
3245	1400	1
3245	1761	1
3245	2348	1
3245	2967	1
3245	1443	1
3245	75	1
3245	1314	1
3245	1523	1
3245	1363	1
3245	1197	1
3245	2248	1
3245	3117	1
3245	1351	1
3245	349	1
3245	1078	1
3245	2770	1
3245	2520	1
3245	472	1
3245	1612	1
3246	2701	1
3246	1403	1
3246	2585	1
3246	321	1
3247	2102	1
3247	2701	1
3247	1356	1
3248	2857	1
3248	2643	1
3248	75	1
3249	2857	1
3249	75	1
3250	2857	1
3250	75	1
3250	2854	1
3250	2130	1
3251	2857	1
3251	1149	1
3251	75	1
3251	1314	1
3252	1345	1
3252	1761	1
3252	1586	1
3252	2967	1
3252	437	1
3252	111	1
3253	98	1
3253	3057	1
3253	232	1
3253	230	1
3253	219	1
3253	1042	1
3253	1790	1
3253	653	1
3253	802	1
3253	3084	1
3253	2735	1
3253	543	1
3253	1345	1
3253	1449	1
3253	2701	1
3253	2746	1
3253	2743	1
3253	2620	1
3253	1563	1
3253	2967	1
3253	2392	1
3253	2973	1
3253	2789	1
3253	2654	1
3254	920	1
3254	592	1
3254	435	1
3254	1790	1
3254	2735	1
3254	2275	1
3254	2643	1
3254	2701	1
3254	1149	1
3254	2148	1
3254	2854	1
3254	689	1
3254	2260	1
3255	1790	1
3255	1947	1
3255	197	1
3255	1078	1
3256	1481	1
3256	1684	1
3256	1500	1
3256	1874	1
3256	2524	1
3256	119	1
3256	577	1
3256	1600	1
3256	219	1
3256	435	1
3256	2060	1
3256	1936	1
3256	2908	1
3256	1042	1
3256	2857	1
3256	1014	1
3256	118	1
3256	511	1
3256	672	1
3256	2880	1
3256	1333	1
3256	1366	1
3256	741	1
3256	2686	1
3256	2551	1
3256	543	1
3256	2568	1
3256	2141	1
3256	760	1
3256	2597	1
3256	324	1
3256	2772	1
3256	1265	1
3256	2296	1
3256	1498	1
3256	1101	1
3256	2463	1
3256	1314	1
3256	321	1
3256	997	1
3256	952	1
3256	340	1
3256	1344	1
3256	437	1
3256	777	1
3256	418	1
3256	1093	1
3256	736	1
3257	119	1
3257	435	1
3257	940	1
3257	2857	1
3257	118	1
3257	2880	1
3257	2502	1
3257	1462	1
3257	1883	1
3257	2296	1
3257	144	1
3257	2967	1
3258	1294	1
3258	1250	1
3258	119	1
3258	435	1
3258	2857	1
3258	48	1
3258	831	1
3258	543	1
3258	400	1
3258	1371	1
3258	2597	1
3258	1611	1
3258	1164	1
3258	2006	1
3258	1356	1
3258	2668	1
3258	743	1
3258	588	1
3258	923	1
3258	1935	1
3258	2203	1
3258	165	1
3258	1314	1
3258	1507	1
3258	1040	1
3258	605	1
3258	2789	1
3258	2248	1
3258	1093	1
3259	2976	1
3260	2976	1
3260	1500	1
3260	1183	1
3260	435	1
3260	1014	1
3260	968	1
3260	311	1
3260	2880	1
3260	2527	1
3260	715	1
3260	2197	1
3260	1101	1
3260	1234	1
3260	2967	1
3260	1314	1
3260	823	1
3260	1341	1
3260	437	1
3260	111	1
3260	535	1
3260	2941	1
3260	2185	1
3261	1988	1
3261	1993	1
3261	1790	1
3261	2735	1
3261	2275	1
3261	952	1
3261	1300	1
3261	2260	1
3261	3112	1
3261	207	1
3262	551	1
3262	2857	1
3262	118	1
3262	653	1
3262	2880	1
3262	1947	1
3262	741	1
3262	2551	1
3262	2703	1
3262	2344	1
3262	2597	1
3262	2701	1
3262	1101	1
3262	2348	1
3262	1690	1
3262	535	1
3262	1008	1
3263	1294	1
3263	2970	1
3263	767	1
3263	232	1
3263	230	1
3263	909	1
3263	435	1
3263	3008	1
3263	2857	1
3263	706	1
3263	543	1
3263	2703	1
3263	2791	1
3263	2344	1
3263	2643	1
3263	1063	1
3263	2701	1
3263	2746	1
3263	307	1
3263	2370	1
3263	2967	1
3263	1314	1
3263	952	1
3263	1197	1
3263	1351	1
3264	551	1
3264	2857	1
3264	2486	1
3264	2735	1
3264	2502	1
3264	2150	1
3264	953	1
3264	1345	1
3264	3020	1
3264	2344	1
3264	2296	1
3264	2746	1
3264	1356	1
3264	1586	1
3264	2967	1
3264	1314	1
3264	111	1
3265	2857	1
3265	1149	1
3266	809	1
3266	1874	1
3266	435	1
3266	242	1
3266	1345	1
3266	2268	1
3266	2296	1
3266	144	1
3266	2967	1
3266	1432	1
3266	1086	1
3266	2246	1
3266	1197	1
3266	168	1
3267	2857	1
3267	1387	1
3267	1063	1
3267	1693	1
3267	700	1
3267	1403	1
3267	75	1
3267	172	1
3268	1790	1
3268	118	1
3268	3084	1
3268	2703	1
3268	75	1
3268	2130	1
3269	2857	1
3269	1790	1
3269	653	1
3269	3084	1
3269	2791	1
3269	1149	1
3269	2967	1
3269	952	1
3270	98	1
3270	1790	1
3270	2415	1
3270	1761	1
3270	2154	1
3271	2068	1
3271	1387	1
3271	700	1
3271	1400	1
3271	1403	1
3271	1761	1
3271	1586	1
3271	1149	1
3271	2178	1
3272	2976	1
3272	2078	1
3272	3085	1
3272	1693	1
3272	700	1
3272	1403	1
3272	952	1
3272	2741	1
3273	1790	1
3273	2862	1
3273	818	1
3273	1693	1
3273	1403	1
3273	2741	1
3274	2068	1
3274	2857	1
3274	299	1
3274	3085	1
3274	1761	1
3274	2811	1
3274	2734	1
3274	2741	1
3275	1790	1
3275	910	1
3275	700	1
3275	1761	1
3275	1149	1
3275	2154	1
3275	2827	1
3276	1162	1
3276	2857	1
3276	1790	1
3276	2078	1
3276	3084	1
3276	1063	1
3276	1693	1
3276	2701	1
3276	700	1
3276	1761	1
3276	1149	1
3276	2154	1
3276	454	1
3276	2734	1
3276	172	1
3276	2741	1
3276	1612	1
3277	1790	1
3277	299	1
3277	700	1
3277	438	1
3277	1149	1
3278	2538	1
3278	1790	1
3278	2735	1
3278	2862	1
3278	429	1
3278	3085	1
3278	1403	1
3278	1149	1
3279	2857	1
3279	118	1
3279	653	1
3279	2551	1
3279	2746	1
3279	1400	1
3279	2967	1
3279	75	1
3279	2734	1
3280	1790	1
3280	1345	1
3280	299	1
3280	7	1
3280	933	1
3280	700	1
3280	1761	1
3280	2811	1
3280	2075	1
3280	1151	1
3280	1149	1
3280	368	1
3280	272	1
3280	2083	1
3280	172	1
3281	1042	1
3281	741	1
3281	3085	1
3281	700	1
3281	1356	1
3281	1761	1
3281	438	1
3281	1149	1
3281	2130	1
3282	119	1
3282	2857	1
3282	116	1
3282	543	1
3282	2344	1
3282	760	1
3282	2701	1
3282	2296	1
3282	1400	1
3282	2967	1
3282	1314	1
3282	2789	1
3283	2970	1
3283	1345	1
3283	1761	1
3283	2967	1
3283	2520	1
3284	427	1
3284	920	1
3284	592	1
3284	2857	1
3284	2150	1
3284	2275	1
3284	2643	1
3284	2701	1
3284	3124	1
3284	1149	1
3284	1619	1
3284	2370	1
3284	75	1
3284	952	1
3285	920	1
3285	1790	1
3285	2735	1
3285	936	1
3285	689	1
3285	3112	1
3286	1683	1
3286	2970	1
3286	1684	1
3286	767	1
3286	232	1
3286	435	1
3286	2857	1
3286	653	1
3286	3020	1
3286	2791	1
3286	655	1
3286	1761	1
3286	1586	1
3286	2967	1
3286	111	1
3287	1993	1
3287	1790	1
3287	2763	1
3287	197	1
3287	2916	1
3287	952	1
3287	689	1
3288	1294	1
3288	592	1
3288	2735	1
3288	1149	1
3288	1619	1
3288	2830	1
3288	2967	1
3288	75	1
3288	1314	1
3288	2544	1
3289	809	1
3289	178	1
3289	1580	1
3289	909	1
3289	940	1
3289	2857	1
3289	2502	1
3289	590	1
3289	715	1
3289	2102	1
3289	2746	1
3289	1356	1
3289	722	1
3289	1314	1
3289	1197	1
3289	1689	1
3289	1351	1
3289	1346	1
3290	419	1
3290	232	1
3290	230	1
3290	2502	1
3290	543	1
3290	1063	1
3290	2967	1
3290	75	1
3290	1314	1
3291	2970	1
3291	1684	1
3291	767	1
3291	119	1
3291	230	1
3291	1042	1
3291	1345	1
3291	2296	1
3291	1314	1
3291	2789	1
3291	1197	1
3291	1351	1
3292	2976	1
3292	551	1
3292	2551	1
3292	2141	1
3292	2967	1
3292	1314	1
3292	1008	1
3293	1993	1
3293	2763	1
3293	1078	1
3294	551	1
3294	2502	1
3294	2141	1
3294	2296	1
3294	1008	1
3295	3100	1
3295	551	1
3295	219	1
3295	435	1
3295	1042	1
3295	653	1
3295	2486	1
3295	1534	1
3295	2502	1
3295	1345	1
3295	2457	1
3295	2296	1
3295	1101	1
3295	1314	1
3295	1523	1
3295	535	1
3295	418	1
3296	920	1
3296	2857	1
3296	2862	1
3296	2275	1
3296	2344	1
3296	1149	1
3296	2830	1
3296	75	1
3296	952	1
3296	2544	1
3296	1612	1
3297	551	1
3297	1042	1
3297	2857	1
3297	2880	1
3297	2502	1
3297	2141	1
3297	2296	1
3297	1813	1
3297	535	1
3297	1783	1
3298	2857	1
3298	2502	1
3298	2457	1
3298	890	1
3298	1314	1
3298	1344	1
3298	1093	1
3298	2800	1
3299	767	1
3299	909	1
3299	435	1
3299	511	1
3299	2502	1
3299	543	1
3299	1345	1
3299	2457	1
3299	2791	1
3299	715	1
3299	876	1
3299	655	1
3299	913	1
3299	1813	1
3299	1655	1
3299	1314	1
3299	1507	1
3299	2520	1
3300	1993	1
3300	2643	1
3300	2763	1
3300	2916	1
3300	1619	1
3300	584	1
3301	119	1
3301	435	1
3301	2060	1
3301	2857	1
3301	2502	1
3301	543	1
3301	2703	1
3301	2791	1
3301	1123	1
3301	2643	1
3301	2746	1
3301	2006	1
3301	1356	1
3301	1400	1
3301	2967	1
3301	75	1
3301	1314	1
3301	1040	1
3302	119	1
3302	435	1
3302	511	1
3302	2502	1
3302	543	1
3302	2791	1
3302	2643	1
3302	2597	1
3302	1753	1
3302	2006	1
3302	1356	1
3302	1400	1
3302	2967	1
3302	75	1
3302	1040	1
3303	2344	1
3303	689	1
3303	1078	1
3304	1481	1
3304	809	1
3304	1684	1
3304	1874	1
3304	119	1
3304	59	1
3304	1433	1
3304	909	1
3304	287	1
3304	940	1
3304	1042	1
3304	2857	1
3304	1333	1
3304	741	1
3304	425	1
3304	875	1
3304	1462	1
3304	967	1
3304	2703	1
3304	950	1
3304	2597	1
3304	3009	1
3304	2268	1
3304	2296	1
3304	2746	1
3304	144	1
3304	588	1
3304	1101	1
3304	1640	1
3304	2967	1
3304	1314	1
3304	997	1
3304	777	1
3304	2248	1
3304	1008	1
3304	736	1
3305	767	1
3305	2857	1
3305	1881	1
3305	543	1
3305	2701	1
3305	1314	1
3305	2789	1
3306	767	1
3306	435	1
3306	2703	1
3306	2701	1
3306	2296	1
3306	2967	1
3306	1314	1
3306	1523	1
3306	1197	1
3307	1993	1
3307	1790	1
3307	1940	1
3307	2150	1
3307	689	1
3307	1078	1
3308	698	1
3308	1842	1
3308	2915	1
3308	1542	1
3308	232	1
3308	219	1
3308	287	1
3308	435	1
3308	1864	1
3308	1042	1
3308	2139	1
3308	2857	1
3308	194	1
3308	757	1
3308	741	1
3308	2994	1
3308	875	1
3308	2502	1
3308	2693	1
3308	2551	1
3308	2200	1
3308	1345	1
3308	1527	1
3308	715	1
3308	2772	1
3308	1173	1
3308	546	1
3308	2922	1
3308	2708	1
3308	2929	1
3308	1101	1
3308	1432	1
3308	1314	1
3308	2564	1
3308	3004	1
3308	367	1
3308	919	1
3308	1344	1
3308	279	1
3308	418	1
3308	2941	1
3308	2212	1
3308	2520	1
3308	764	1
3308	472	1
3309	2976	1
3309	1684	1
3309	551	1
3309	2452	1
3309	2551	1
3309	1345	1
3309	715	1
3309	2344	1
3309	2597	1
3309	2296	1
3309	1314	1
3309	535	1
3310	853	1
3310	3005	1
3310	2204	1
3310	809	1
3310	103	1
3310	1874	1
3310	2242	1
3310	435	1
3310	1380	1
3310	1557	1
3310	940	1
3310	804	1
3310	242	1
3310	543	1
3310	2141	1
3310	2733	1
3310	2268	1
3310	45	1
3310	2824	1
3310	217	1
3310	2967	1
3310	1457	1
3311	3100	1
3311	1481	1
3311	2371	1
3311	947	1
3311	551	1
3311	1042	1
3311	1254	1
3311	2857	1
3311	2880	1
3311	2551	1
3311	116	1
3311	543	1
3311	1345	1
3311	2703	1
3311	2141	1
3311	950	1
3311	2597	1
3311	1611	1
3311	655	1
3311	2746	1
3311	1356	1
3311	1101	1
3311	834	1
3311	1813	1
3311	1640	1
3311	2348	1
3311	1086	1
3311	2392	1
3311	1344	1
3311	437	1
3311	1197	1
3311	41	1
3311	1604	1
3311	1008	1
3311	1479	1
3311	1457	1
3312	2970	1
3312	1684	1
3312	119	1
3312	287	1
3312	435	1
3312	2857	1
3312	543	1
3312	1345	1
3312	2344	1
3312	2102	1
3312	876	1
3312	2757	1
3312	1356	1
3312	252	1
3312	1400	1
3312	722	1
3312	158	1
3312	1314	1
3312	2194	1
3312	2789	1
3312	1197	1
3312	1479	1
3313	809	1
3313	2970	1
3313	1684	1
3313	119	1
3313	2857	1
3313	2703	1
3313	1123	1
3313	2102	1
3313	1356	1
3313	1400	1
3313	743	1
3313	2196	1
3313	2967	1
3313	1432	1
3313	1086	1
3313	2789	1
3313	1197	1
3314	1481	1
3314	2976	1
3314	2164	1
3314	219	1
3314	435	1
3314	940	1
3314	2880	1
3314	741	1
3314	2486	1
3314	1462	1
3314	2304	1
3314	2551	1
3314	543	1
3314	1141	1
3314	2568	1
3314	2296	1
3314	144	1
3314	743	1
3314	1101	1
3314	2436	1
3314	2789	1
3314	437	1
3314	777	1
3314	418	1
3315	2571	1
3315	10	1
3315	435	1
3315	2857	1
3315	2563	1
3315	653	1
3315	771	1
3315	1856	1
3315	1826	1
3315	543	1
3315	1345	1
3315	1123	1
3315	738	1
3315	290	1
3315	2987	1
3315	3110	1
3315	2967	1
3315	1432	1
3315	1444	1
3315	2440	1
3315	1704	1
3315	111	1
3315	1197	1
3315	168	1
3316	3100	1
3316	2976	1
3316	232	1
3316	2534	1
3316	435	1
3316	2857	1
3316	1014	1
3316	543	1
3316	2268	1
3316	2746	1
3316	2359	1
3316	1403	1
3316	1761	1
3316	2203	1
3316	1563	1
3316	2967	1
3316	75	1
3316	2789	1
3316	1197	1
3316	107	1
3317	1874	1
3317	119	1
3317	612	1
3317	2298	1
3317	940	1
3317	242	1
3317	126	1
3317	251	1
3317	2703	1
3317	2733	1
3317	2359	1
3317	2967	1
3317	1314	1
3317	1197	1
3318	551	1
3318	119	1
3318	435	1
3318	940	1
3318	2857	1
3318	741	1
3318	1460	1
3318	116	1
3318	1345	1
3318	2703	1
3318	2268	1
3318	2746	1
3318	1511	1
3318	1197	1
3319	592	1
3319	2763	1
3319	689	1
3319	1078	1
3320	592	1
3320	1042	1
3320	706	1
3320	1947	1
3320	610	1
3320	741	1
3320	3084	1
3320	2486	1
3320	2735	1
3320	2862	1
3320	1079	1
3320	2703	1
3320	2457	1
3320	2344	1
3320	3085	1
3320	936	1
3320	1370	1
3320	2701	1
3320	2746	1
3320	2639	1
3320	2987	1
3320	2602	1
3320	335	1
3320	1400	1
3320	2154	1
3320	75	1
3320	1314	1
3320	437	1
3320	1363	1
3320	2130	1
3321	1790	1
3321	1947	1
3321	2735	1
3321	2763	1
3321	584	1
3321	689	1
3321	1078	1
3322	1993	1
3322	1947	1
3322	2643	1
3322	2763	1
3322	197	1
3322	936	1
3322	2916	1
3322	689	1
3323	969	1
3323	2481	1
3323	936	1
3323	252	1
3323	1149	1
3323	1363	1
3323	2130	1
3324	1358	1
3324	2068	1
3324	3060	1
3324	2857	1
3324	77	1
3324	2220	1
3324	299	1
3324	969	1
3324	2701	1
3324	1356	1
3324	1149	1
3324	1486	1
3324	75	1
3324	1363	1
3324	584	1
3324	642	1
3324	2407	1
3325	1294	1
3325	1667	1
3325	2538	1
3325	2857	1
3325	1651	1
3325	2611	1
3325	1035	1
3325	3133	1
3325	1370	1
3325	1356	1
3325	1400	1
3325	1149	1
3325	1676	1
3325	2967	1
3325	1314	1
3325	952	1
3325	349	1
3325	1902	1
3325	172	1
3325	903	1
3326	920	1
3326	1790	1
3326	1947	1
3326	2643	1
3326	2916	1
3326	952	1
3326	1379	1
3326	1078	1
3327	767	1
3327	2857	1
3327	3084	1
3327	543	1
3327	1314	1
3328	2976	1
3328	2502	1
3328	950	1
3328	777	1
3329	2276	1
3329	551	1
3329	2637	1
3329	3048	1
3329	1366	1
3329	2253	1
3329	1101	1
3329	1789	1
3329	1351	1
3330	1874	1
3330	119	1
3330	511	1
3330	2385	1
3330	2344	1
3330	399	1
3330	437	1
3330	1351	1
3331	1874	1
3331	815	1
3331	1308	1
3331	991	1
3331	511	1
3331	83	1
3331	2996	1
3331	2746	1
3331	2253	1
3331	1101	1
3331	563	1
3331	1314	1
3332	619	1
3332	551	1
3332	119	1
3332	2242	1
3332	1366	1
3332	2703	1
3332	2597	1
3332	3009	1
3332	1432	1
3332	1314	1
3332	1365	1
3333	2763	1
3333	1379	1
3333	689	1
3334	1874	1
3334	551	1
3334	1101	1
3335	85	1
3335	2735	1
3335	2660	1
3335	2862	1
3335	2305	1
3335	104	1
3335	974	1
3335	1379	1
3335	689	1
3335	1078	1
3336	592	1
3336	1790	1
3336	1940	1
3336	2331	1
3336	2735	1
3336	2791	1
3336	2643	1
3336	2763	1
3336	710	1
3336	2701	1
3336	1619	1
3336	584	1
3336	1766	1
3336	689	1
3336	3119	1
3337	1761	1
3337	1149	1
3337	1344	1
3337	1363	1
3337	2130	1
3338	98	1
3338	2857	1
3338	2643	1
3338	2967	1
3338	75	1
3338	2789	1
3339	2976	1
3339	119	1
3339	230	1
3339	2857	1
3339	116	1
3339	1345	1
3339	2746	1
3339	2967	1
3339	1314	1
3340	909	1
3340	2503	1
3340	741	1
3340	3084	1
3340	2339	1
3340	1881	1
3340	936	1
3340	1442	1
3340	437	1
3340	1351	1
3340	2654	1
3341	219	1
3341	2857	1
3341	2987	1
3341	3098	1
3342	219	1
3342	435	1
3342	2857	1
3342	653	1
3342	543	1
3342	1345	1
3342	762	1
3342	1761	1
3342	2967	1
3342	2392	1
3342	1523	1
3342	1197	1
3343	2970	1
3343	2068	1
3343	435	1
3343	706	1
3343	1947	1
3343	2735	1
3343	2150	1
3343	1079	1
3343	2275	1
3343	2680	1
3343	543	1
3343	2703	1
3343	2643	1
3343	3085	1
3343	1693	1
3343	2701	1
3343	45	1
3343	1400	1
3343	2203	1
3343	1149	1
3343	1619	1
3343	2734	1
3343	349	1
3343	168	1
3343	2544	1
3344	2414	1
3344	219	1
3344	435	1
3344	2862	1
3344	2150	1
3344	3133	1
3344	715	1
3344	354	1
3344	1654	1
3344	1149	1
3344	2967	1
3344	2432	1
3345	592	1
3345	1790	1
3345	1619	1
3345	689	1
3345	1078	1
3346	2857	1
3346	75	1
3346	2130	1
3347	1685	1
3347	2336	1
3347	2701	1
3347	2967	1
3348	2457	1
3348	2344	1
3348	2643	1
3348	1032	1
3348	2987	1
3348	3098	1
3348	1356	1
3348	335	1
3348	1149	1
3348	1344	1
3348	2797	1
3348	349	1
3349	1790	1
3349	2331	1
3349	1345	1
3349	2763	1
3349	358	1
3349	2701	1
3349	1314	1
3349	1078	1
3350	98	1
3350	2257	1
3350	767	1
3350	1010	1
3350	232	1
3350	435	1
3350	2857	1
3350	3084	1
3350	1881	1
3350	543	1
3350	1345	1
3350	347	1
3350	936	1
3350	2701	1
3350	2746	1
3350	2967	1
3350	111	1
3350	903	1
3351	3100	1
3351	283	1
3351	2257	1
3351	909	1
3351	2534	1
3351	2503	1
3351	3084	1
3351	347	1
3351	2032	1
3351	2296	1
3351	1563	1
3351	2967	1
3351	75	1
3351	1314	1
3351	2614	1
3351	2248	1
3351	2734	1
3351	1902	1
3352	3100	1
3352	767	1
3352	119	1
3352	232	1
3352	2951	1
3352	2534	1
3352	435	1
3352	2857	1
3352	653	1
3352	1695	1
3352	2735	1
3352	543	1
3352	3020	1
3352	2457	1
3352	347	1
3352	778	1
3352	1872	1
3352	2701	1
3352	2620	1
3352	1400	1
3352	2154	1
3352	2967	1
3352	75	1
3352	437	1
3352	1197	1
3352	584	1
3352	535	1
3352	1902	1
3352	2520	1
3352	903	1
3353	85	1
3353	2371	1
3353	1010	1
3353	232	1
3353	1433	1
3353	2857	1
3353	2078	1
3353	1881	1
3353	2680	1
3353	1312	1
3353	2791	1
3353	2354	1
3353	2967	1
3353	1338	1
3353	75	1
3353	952	1
3353	2790	1
3353	2441	1
3353	2980	1
3354	2857	1
3354	2862	1
3354	1149	1
3354	2967	1
3355	98	1
3355	1149	1
3355	369	1
3356	1790	1
3356	2643	1
3356	689	1
3356	1078	1
3357	2857	1
3357	653	1
3357	715	1
3357	1149	1
3358	2257	1
3358	2857	1
3358	347	1
3358	437	1
3358	1197	1
3358	1351	1
3359	219	1
3359	2857	1
3359	2986	1
3359	741	1
3359	1460	1
3359	1449	1
3359	2022	1
3359	438	1
3359	437	1
3359	1197	1
3359	488	1
3360	3100	1
3360	232	1
3360	1433	1
3360	2534	1
3360	2857	1
3360	3084	1
3360	934	1
3360	1881	1
3360	2680	1
3360	543	1
3360	2791	1
3360	347	1
3360	2451	1
3360	1449	1
3360	1923	1
3360	2746	1
3360	2378	1
3360	1400	1
3360	3054	1
3360	145	1
3360	1563	1
3360	2967	1
3360	1078	1
3360	2980	1
3360	267	1
3361	2857	1
3361	1149	1
3361	75	1
3362	1790	1
3362	2643	1
3362	936	1
3362	952	1
3362	689	1
3362	1078	1
3363	219	1
3363	2857	1
3363	1449	1
3363	1314	1
3363	2943	1
3363	1604	1
3364	767	1
3364	232	1
3364	287	1
3364	435	1
3364	2857	1
3364	194	1
3364	741	1
3364	515	1
3364	543	1
3364	2457	1
3364	1123	1
3364	1768	1
3364	2344	1
3364	2643	1
3364	2763	1
3364	478	1
3364	1998	1
3364	1064	1
3364	2701	1
3364	2987	1
3364	2743	1
3364	630	1
3364	1447	1
3364	2967	1
3364	1314	1
3364	509	1
3364	952	1
3364	437	1
3364	2943	1
3364	424	1
3364	2093	1
3364	1696	1
3364	2654	1
3364	479	1
3364	1612	1
3365	3100	1
3365	2534	1
3365	2857	1
3365	2503	1
3365	741	1
3365	1272	1
3365	1460	1
3365	347	1
3365	1449	1
3365	1563	1
3365	437	1
3365	488	1
3365	1351	1
3365	2048	1
3366	435	1
3366	2908	1
3366	1559	1
3366	446	1
3366	653	1
3366	2150	1
3366	2791	1
3366	2344	1
3366	778	1
3366	2701	1
3366	2967	1
3366	1344	1
3366	584	1
3366	349	1
3366	1902	1
3367	230	1
3367	435	1
3367	2611	1
3367	2735	1
3367	1872	1
3367	1113	1
3367	1283	1
3367	75	1
3367	1372	1
3368	767	1
3368	2857	1
3368	2344	1
3368	2701	1
3368	2620	1
3368	2967	1
3368	75	1
3368	1197	1
3369	2857	1
3369	1345	1
3369	2344	1
3369	2701	1
3369	2620	1
3369	3054	1
3369	2967	1
3369	75	1
3369	2980	1
3370	2257	1
3370	2860	1
3370	543	1
3370	2703	1
3370	2791	1
3370	3054	1
3370	75	1
3370	2973	1
3370	1197	1
3370	2614	1
3371	232	1
3371	2857	1
3371	3084	1
3371	543	1
3371	1449	1
3371	936	1
3371	2620	1
3372	2257	1
3372	230	1
3372	3008	1
3372	653	1
3372	2503	1
3372	3084	1
3372	543	1
3372	2643	1
3372	2620	1
3372	749	1
3372	1563	1
3372	75	1
3372	952	1
3372	437	1
3372	1197	1
3372	1078	1
3373	3100	1
3373	232	1
3373	2534	1
3373	741	1
3373	3084	1
3373	543	1
3373	2703	1
3373	347	1
3373	2344	1
3373	2701	1
3373	2620	1
3373	437	1
3373	1197	1
3373	2614	1
3373	1351	1
3374	2552	1
3374	880	1
3374	2857	1
3374	741	1
3374	543	1
3374	2703	1
3374	1449	1
3374	2296	1
3374	2967	1
3374	1197	1
3374	1351	1
3375	419	1
3375	219	1
3375	2150	1
3375	1063	1
3375	2348	1
3375	2967	1
3375	75	1
3375	2392	1
3375	2973	1
3375	111	1
3376	592	1
3376	2857	1
3376	77	1
3376	653	1
3376	2502	1
3376	543	1
3376	1345	1
3376	2643	1
3376	1063	1
3376	700	1
3376	45	1
3376	2620	1
3376	1400	1
3376	1149	1
3376	2154	1
3376	2967	1
3376	75	1
3376	1314	1
3376	2392	1
3376	952	1
3376	111	1
3376	1197	1
3376	584	1
3376	1612	1
3377	2857	1
3377	1790	1
3377	653	1
3377	1345	1
3377	2791	1
3377	2643	1
3377	7	1
3377	936	1
3377	2701	1
3377	700	1
3377	1761	1
3377	1149	1
3377	2154	1
3377	3117	1
3377	2130	1
3378	2857	1
3378	2701	1
3378	1149	1
3378	75	1
3379	1583	1
3379	2257	1
3379	419	1
3379	767	1
3379	232	1
3379	1433	1
3379	435	1
3379	653	1
3379	802	1
3379	741	1
3379	2502	1
3379	1035	1
3379	2551	1
3379	1499	1
3379	116	1
3379	2720	1
3379	1345	1
3379	2457	1
3379	1123	1
3379	347	1
3379	836	1
3379	778	1
3379	876	1
3379	1611	1
3379	711	1
3379	2984	1
3379	2989	1
3379	928	1
3379	1496	1
3379	2701	1
3379	2746	1
3379	1563	1
3379	1314	1
3379	952	1
3379	1523	1
3379	2973	1
3379	437	1
3379	1197	1
3379	1248	1
3379	2325	1
3379	535	1
3379	359	1
3379	349	1
3379	1612	1
3380	2857	1
3380	1149	1
3380	75	1
3381	232	1
3381	1183	1
3381	2534	1
3381	435	1
3381	3084	1
3381	2486	1
3381	1035	1
3381	543	1
3381	2457	1
3381	2791	1
3381	836	1
3381	1449	1
3381	1654	1
3381	936	1
3381	1400	1
3381	1761	1
3381	1989	1
3381	1185	1
3381	2967	1
3381	2973	1
3381	1604	1
3381	2093	1
3382	2534	1
3382	2857	1
3382	364	1
3382	543	1
3382	2457	1
3382	2791	1
3382	836	1
3382	45	1
3382	2620	1
3382	1400	1
3382	1761	1
3382	1989	1
3382	2967	1
3382	75	1
3382	952	1
3382	1197	1
3382	1604	1
3382	1624	1
3383	1667	1
3383	767	1
3383	2150	1
3383	543	1
3383	3020	1
3383	2457	1
3383	2791	1
3383	2945	1
3383	818	1
3383	2643	1
3383	1063	1
3383	1761	1
3383	1149	1
3383	75	1
3383	1314	1
3383	349	1
3383	2406	1
3383	369	1
3384	767	1
3384	219	1
3384	1433	1
3384	909	1
3384	194	1
3384	741	1
3384	2457	1
3384	1449	1
3384	2620	1
3384	2967	1
3384	75	1
3384	1197	1
3384	1351	1
3384	954	1
3385	2857	1
3385	1149	1
3386	3100	1
3386	98	1
3386	283	1
3386	2257	1
3386	767	1
3386	1433	1
3386	2534	1
3386	435	1
3386	511	1
3386	706	1
3386	2503	1
3386	3084	1
3386	934	1
3386	2502	1
3386	1035	1
3386	1397	1
3386	116	1
3386	1881	1
3386	2273	1
3386	543	1
3386	124	1
3386	1449	1
3386	2643	1
3386	1265	1
3386	1645	1
3386	1753	1
3386	459	1
3386	45	1
3386	2620	1
3386	516	1
3386	1761	1
3386	2203	1
3386	3124	1
3386	2463	1
3386	2154	1
3386	75	1
3386	952	1
3386	340	1
3386	437	1
3386	1197	1
3386	2248	1
3386	1689	1
3386	1351	1
3386	349	1
3386	1902	1
3386	508	1
3386	2980	1
3386	369	1
3387	419	1
3387	119	1
3387	2339	1
3387	111	1
3388	2571	1
3388	232	1
3388	1559	1
3388	2857	1
3388	194	1
3388	757	1
3388	1822	1
3388	543	1
3388	2457	1
3388	1586	1
3388	437	1
3388	2055	1
3389	232	1
3389	757	1
3389	1460	1
3389	1761	1
3389	2392	1
3390	2763	1
3390	1379	1
3391	2763	1
3391	689	1
3392	2960	1
3392	1947	1
3392	2862	1
3392	2763	1
3392	1078	1
3393	1684	1
3393	435	1
3393	2502	1
3393	1356	1
3394	1790	1
3394	1379	1
3394	1078	1
3395	592	1
3395	2338	1
3395	1947	1
3395	2735	1
3395	2862	1
3395	3085	1
3395	1149	1
3395	2154	1
3395	465	1
3395	584	1
3396	98	1
3396	2857	1
3396	77	1
3396	741	1
3396	3084	1
3396	2735	1
3396	2627	1
3396	208	1
3396	655	1
3396	3085	1
3396	2701	1
3396	75	1
3396	954	1
3396	2130	1
3397	1356	1
3397	321	1
3398	1358	1
3398	2735	1
3398	1345	1
3398	2643	1
3398	2701	1
3398	1149	1
3398	75	1
3398	2406	1
3399	991	1
3399	2857	1
3399	741	1
3399	967	1
3399	3009	1
3399	1149	1
3399	2967	1
3399	75	1
3399	952	1
3400	1356	1
3400	2967	1
3401	1294	1
3401	767	1
3401	551	1
3401	2857	1
3401	741	1
3401	543	1
3401	2296	1
3401	2967	1
3401	1344	1
3401	1197	1
3401	2614	1
3402	435	1
3402	2857	1
3402	1356	1
3402	2967	1
3403	1358	1
3403	1684	1
3403	287	1
3403	77	1
3403	1947	1
3403	2735	1
3403	1035	1
3403	2275	1
3403	2643	1
3403	2701	1
3403	2296	1
3403	1642	1
3403	617	1
3403	2148	1
3403	1142	1
3403	830	1
3403	1420	1
3404	2976	1
3404	435	1
3404	2643	1
3404	1693	1
3404	2967	1
3405	525	1
3406	119	1
3406	435	1
3406	2502	1
3406	715	1
3406	525	1
3406	2975	1
3407	2275	1
3407	2701	1
3407	1356	1
3407	1149	1
3407	2967	1
3408	1992	1
3408	2448	1
3408	2857	1
3408	818	1
3408	2314	1
3408	2701	1
3408	862	1
3408	134	1
3408	1931	1
3408	2154	1
3408	1668	1
3408	2130	1
3409	2338	1
3409	1947	1
3409	299	1
3409	936	1
3409	1149	1
3410	1149	1
3411	2970	1
3411	2789	1
3412	1294	1
3412	2414	1
3412	2865	1
3412	2970	1
3412	767	1
3412	647	1
3412	2857	1
3412	653	1
3412	802	1
3412	2150	1
3412	819	1
3412	116	1
3412	543	1
3412	1113	1
3412	1654	1
3412	1314	1
3412	952	1
3412	1670	1
3412	1197	1
3412	2980	1
3413	767	1
3413	435	1
3413	2857	1
3413	1079	1
3413	862	1
3413	2967	1
3413	1314	1
3413	2789	1
3414	2976	1
3414	435	1
3414	2857	1
3414	653	1
3414	2502	1
3414	2114	1
3414	655	1
3414	2701	1
3414	2296	1
3414	1761	1
3414	2160	1
3414	2967	1
3414	87	1
3414	2827	1
3415	555	1
3415	2976	1
3415	767	1
3415	119	1
3415	232	1
3415	230	1
3415	435	1
3415	2857	1
3415	653	1
3415	2486	1
3415	2502	1
3415	1984	1
3415	967	1
3415	2551	1
3415	1191	1
3415	543	1
3415	1345	1
3415	1595	1
3415	1558	1
3415	2344	1
3415	3021	1
3415	2984	1
3415	2341	1
3415	1063	1
3415	3090	1
3415	1761	1
3415	164	1
3415	1655	1
3415	2392	1
3415	952	1
3415	1511	1
3415	111	1
3415	349	1
3415	2770	1
3415	2130	1
3415	2207	1
3416	3057	1
3416	551	1
3416	1790	1
3416	187	1
3416	2456	1
3416	2457	1
3416	1972	1
3416	936	1
3416	2022	1
3416	2967	1
3416	488	1
3416	2654	1
3417	1684	1
3417	767	1
3417	119	1
3417	143	1
3417	1521	1
3417	2107	1
3417	802	1
3417	2365	1
3417	2502	1
3417	2551	1
3417	1345	1
3417	2568	1
3417	1356	1
3417	2392	1
3417	1523	1
3417	111	1
3417	2980	1
3418	1684	1
3418	551	1
3418	119	1
3418	230	1
3418	1759	1
3418	3008	1
3418	991	1
3418	1254	1
3418	1790	1
3418	118	1
3418	653	1
3418	187	1
3418	875	1
3418	2344	1
3418	1972	1
3418	413	1
3418	3009	1
3418	358	1
3418	2296	1
3418	2022	1
3418	2620	1
3418	917	1
3418	1351	1
3418	1008	1
3418	2849	1
3419	98	1
3419	1294	1
3419	2970	1
3419	2068	1
3419	77	1
3419	706	1
3419	2735	1
3419	3085	1
3419	2701	1
3419	2967	1
3419	2734	1
3419	2406	1
3420	435	1
3420	2735	1
3420	124	1
3420	818	1
3420	2314	1
3420	2701	1
3420	1149	1
3420	2967	1
3420	2734	1
3420	2406	1
3421	2976	1
3421	1684	1
3421	767	1
3421	725	1
3421	232	1
3421	230	1
3421	1183	1
3421	2183	1
3421	653	1
3421	2720	1
3421	2643	1
3421	2597	1
3421	20	1
3421	1419	1
3421	1063	1
3421	1498	1
3421	1640	1
3421	1655	1
3421	1026	1
3421	2967	1
3421	1314	1
3421	1523	1
3421	917	1
3421	2789	1
3421	41	1
3421	915	1
3422	1294	1
3422	2414	1
3422	555	1
3422	2970	1
3422	435	1
3422	2857	1
3422	78	1
3422	2502	1
3422	2551	1
3422	2141	1
3422	2701	1
3422	2359	1
3422	321	1
3422	952	1
3422	349	1
3423	230	1
3423	653	1
3423	1345	1
3423	1037	1
3423	1197	1
3423	535	1
3424	1488	1
3424	617	1
3424	316	1
3425	2865	1
3425	2857	1
3425	543	1
3425	1314	1
3425	952	1
3425	1457	1
3426	2865	1
3426	1684	1
3426	1795	1
3426	742	1
3426	1337	1
3426	419	1
3426	2121	1
3426	767	1
3426	1921	1
3426	119	1
3426	1325	1
3426	412	1
3426	219	1
3426	1433	1
3426	909	1
3426	38	1
3426	2857	1
3426	511	1
3426	706	1
3426	757	1
3426	1565	1
3426	242	1
3426	2486	1
3426	74	1
3426	2024	1
3426	2445	1
3426	505	1
3426	934	1
3426	2502	1
3426	1035	1
3426	2750	1
3426	1278	1
3426	676	1
3426	967	1
3426	2715	1
3426	571	1
3426	100	1
3426	1079	1
3426	266	1
3426	543	1
3426	1374	1
3426	527	1
3426	2791	1
3426	2205	1
3426	2702	1
3426	1271	1
3426	1355	1
3426	1883	1
3426	2138	1
3426	686	1
3426	3021	1
3426	1488	1
3426	1964	1
3426	2195	1
3426	2297	1
3426	1178	1
3426	2765	1
3426	1611	1
3426	489	1
3426	513	1
3426	2778	1
3426	1693	1
3426	2296	1
3426	2746	1
3426	36	1
3426	761	1
3426	2411	1
3426	2620	1
3426	2668	1
3426	1400	1
3426	193	1
3426	2040	1
3426	1931	1
3426	2832	1
3426	1876	1
3426	1813	1
3426	680	1
3426	2461	1
3426	145	1
3426	1563	1
3426	2967	1
3426	15	1
3426	1314	1
3426	1116	1
3426	2309	1
3426	744	1
3426	1631	1
3426	1507	1
3426	2575	1
3426	949	1
3426	49	1
3426	1561	1
3426	952	1
3426	1713	1
3426	1045	1
3426	276	1
3426	437	1
3426	504	1
3426	525	1
3426	185	1
3426	1197	1
3426	572	1
3426	1420	1
3426	107	1
3426	390	1
3426	1689	1
3426	1636	1
3426	535	1
3426	1351	1
3426	832	1
3426	2299	1
3426	2520	1
3426	2324	1
3426	336	1
3427	98	1
3427	1042	1
3427	706	1
3427	2502	1
3427	2296	1
3427	1149	1
3428	1294	1
3428	2857	1
3428	3084	1
3428	2150	1
3428	1079	1
3428	124	1
3428	2620	1
3428	2370	1
3428	2967	1
3428	1670	1
3428	3143	1
3428	349	1
3428	2406	1
3428	2130	1
3429	1947	1
3429	1149	1
3429	2671	1
3430	98	1
3430	1294	1
3430	2119	1
3430	767	1
3430	696	1
3430	2712	1
3430	2502	1
3430	527	1
3430	715	1
3430	2344	1
3430	1654	1
3430	1400	1
3430	2967	1
3430	75	1
3430	1314	1
3430	952	1
3430	2789	1
3430	1689	1
3430	349	1
3431	2666	1
3431	2970	1
3431	2431	1
3431	435	1
3431	1079	1
3431	819	1
3431	1345	1
3431	1113	1
3431	1654	1
3431	862	1
3431	1400	1
3431	1314	1
3431	2789	1
3431	745	1
3431	349	1
3431	1612	1
3432	2857	1
3432	936	1
3433	116	1
3433	543	1
3433	1563	1
3433	437	1
3433	525	1
3433	1197	1
3433	107	1
3433	1689	1
3434	1294	1
3434	2976	1
3434	767	1
3434	119	1
3434	219	1
3434	2183	1
3434	653	1
3434	1984	1
3434	2150	1
3434	863	1
3434	715	1
3434	2344	1
3434	2051	1
3434	2597	1
3434	2772	1
3434	1063	1
3434	1761	1
3434	1181	1
3434	1423	1
3434	1523	1
3434	437	1
3434	111	1
3434	535	1
3434	1351	1
3435	119	1
3435	1462	1
3435	535	1
3435	1351	1
3435	764	1
3435	2400	1
3436	2976	1
3436	767	1
3436	2523	1
3436	2551	1
3436	1063	1
3436	186	1
3436	834	1
3436	2194	1
3436	917	1
3436	111	1
3436	2441	1
3436	1197	1
3436	1689	1
3436	1351	1
3437	435	1
3437	77	1
3437	706	1
3437	2735	1
3437	2701	1
3437	617	1
3437	2148	1
3437	1314	1
3437	349	1
3437	2406	1
3437	1612	1
3438	435	1
3438	2735	1
3438	1079	1
3438	124	1
3438	2701	1
3438	3101	1
3438	617	1
3438	349	1
3438	2406	1
3439	252	1
3439	617	1
3440	2068	1
3440	2338	1
3440	299	1
3440	617	1
3440	1149	1
3440	2967	1
3441	1294	1
3441	2865	1
3441	1358	1
3441	2150	1
3441	124	1
3441	2701	1
3441	252	1
3441	2370	1
3441	2967	1
3441	1314	1
3441	2406	1
3442	98	1
3442	1294	1
3442	77	1
3442	1947	1
3442	2486	1
3442	2735	1
3442	2150	1
3442	2701	1
3442	617	1
3442	1810	1
3442	1197	1
3442	87	1
3442	349	1
3442	2406	1
3443	1790	1
3443	2862	1
3443	2763	1
3443	2916	1
3443	1078	1
3444	2763	1
3444	689	1
3445	1790	1
3445	2643	1
3445	2763	1
3445	1379	1
3446	2660	1
3446	116	1
3446	843	1
3446	1436	1
3446	2226	1
3446	878	1
3447	2970	1
3447	119	1
3447	909	1
3447	435	1
3447	2857	1
3447	2502	1
3447	543	1
3447	1345	1
3447	2967	1
3447	1351	1
3448	3057	1
3448	619	1
3448	2371	1
3448	419	1
3448	119	1
3448	2059	1
3448	435	1
3448	3008	1
3448	1095	1
3448	1565	1
3448	741	1
3448	1744	1
3448	2014	1
3448	277	1
3448	1534	1
3448	2502	1
3448	1057	1
3448	515	1
3448	2693	1
3448	327	1
3448	2588	1
3448	2334	1
3448	863	1
3448	2451	1
3448	1970	1
3448	1994	1
3448	1449	1
3448	1398	1
3448	688	1
3448	3072	1
3448	1611	1
3448	1998	1
3448	1064	1
3448	1724	1
3448	3135	1
3448	3139	1
3448	2022	1
3448	1614	1
3448	1400	1
3448	630	1
3448	1305	1
3448	1186	1
3448	1564	1
3448	2967	1
3448	1314	1
3448	2786	1
3448	509	1
3448	1197	1
3448	488	1
3448	2248	1
3448	1821	1
3448	383	1
3448	2943	1
3448	2355	1
3448	1081	1
3448	1604	1
3448	359	1
3448	2292	1
3448	1520	1
3448	3107	1
3449	3100	1
3449	232	1
3449	435	1
3449	2857	1
3449	2150	1
3449	1881	1
3449	1400	1
3449	1447	1
3449	1761	1
3449	1563	1
3449	2967	1
3449	1314	1
3449	437	1
3449	1351	1
3450	1451	1
3450	85	1
3450	259	1
3450	1358	1
3450	2119	1
3450	435	1
3450	696	1
3450	3075	1
3450	2735	1
3450	2660	1
3450	1079	1
3450	1907	1
3450	847	1
3450	715	1
3450	1087	1
3450	1467	1
3450	313	1
3450	2843	1
3450	2701	1
3450	474	1
3450	1400	1
3450	67	1
3450	134	1
3450	1708	1
3450	2306	1
3450	1149	1
3450	2148	1
3450	1253	1
3450	1314	1
3450	583	1
3450	798	1
3450	852	1
3450	1668	1
3450	1197	1
3450	584	1
3450	2941	1
3450	349	1
3450	724	1
3450	108	1
3451	1711	1
3451	2196	1
3452	85	1
3452	2862	1
3452	2791	1
3452	1853	1
3452	1379	1
3452	2254	1
3453	592	1
3453	219	1
3453	1042	1
3453	1947	1
3453	2275	1
3453	299	1
3453	2643	1
3453	7	1
3453	2593	1
3453	1149	1
3453	2967	1
3453	75	1
3453	1363	1
3453	1902	1
3454	2857	1
3454	1149	1
3454	2967	1
3454	75	1
3455	2571	1
3455	232	1
3455	2534	1
3455	3008	1
3455	653	1
3455	543	1
3455	2457	1
3455	1123	1
3455	936	1
3455	700	1
3455	1761	1
3455	1149	1
3455	1363	1
3455	3117	1
3455	2130	1
3456	1790	1
3456	2862	1
3456	2435	1
3456	2703	1
3456	299	1
3456	2344	1
3456	2481	1
3456	2959	1
3456	2701	1
3456	1356	1
3456	1149	1
3456	75	1
3456	1314	1
3456	1363	1
3456	584	1
3456	2734	1
3456	1388	1
3456	1612	1
3457	1328	1
3457	435	1
3457	967	1
3457	1468	1
3457	715	1
3457	2643	1
3457	1149	1
3457	75	1
3457	2854	1
3457	584	1
3457	1078	1
3458	2402	1
3458	543	1
3458	2701	1
3458	1400	1
3458	75	1
3458	952	1
3458	2973	1
3458	1197	1
3458	2248	1
3458	359	1
3458	2980	1
3458	267	1
3459	2763	1
3460	541	1
3460	2190	1
3460	2275	1
3460	1619	1
3460	952	1
3460	1379	1
3460	584	1
3460	689	1
3460	2544	1
3460	3112	1
3461	541	1
3461	224	1
3461	1079	1
3461	818	1
3461	2643	1
3461	2763	1
3461	2916	1
3461	1149	1
3461	1379	1
3461	182	1
3461	2260	1
3461	2544	1
3461	2498	1
3462	592	1
3462	2328	1
3462	2239	1
3462	2409	1
3462	1947	1
3462	3105	1
3462	224	1
3462	116	1
3462	2791	1
3462	1271	1
3462	1510	1
3462	317	1
3462	2763	1
3462	1693	1
3462	862	1
3462	762	1
3462	97	1
3462	1149	1
3462	1636	1
3462	689	1
3462	1078	1
3462	212	1
3462	2544	1
3462	188	1
3462	94	1
3463	2331	1
3463	2862	1
3463	2305	1
3463	1379	1
3463	1078	1
3464	2338	1
3464	1790	1
3464	77	1
3464	910	1
3464	1460	1
3464	3085	1
3464	1149	1
3464	2967	1
3465	435	1
3465	1790	1
3465	541	1
3465	2763	1
3466	1947	1
3466	2862	1
3466	2275	1
3466	689	1
3466	2852	1
3466	1078	1
3467	2890	1
3467	1379	1
3467	1078	1
3468	2976	1
3468	1345	1
3469	435	1
3469	2703	1
3469	2344	1
3469	1400	1
3469	1935	1
3469	1314	1
3469	2734	1
3470	2857	1
3470	1790	1
3470	2735	1
3470	7	1
3470	354	1
3470	2481	1
3470	1149	1
3470	2154	1
3470	272	1
3470	1902	1
3471	219	1
3471	1790	1
3471	1697	1
3471	299	1
3471	700	1
3471	1356	1
3471	2967	1
3472	2338	1
3472	1790	1
3472	299	1
3472	2481	1
3472	1734	1
3472	700	1
3472	1356	1
3472	2811	1
3473	1790	1
3473	2763	1
3473	689	1
3473	1078	1
3473	3119	1
3474	1940	1
3474	2331	1
3474	2763	1
3474	689	1
3475	741	1
3475	2486	1
3475	1460	1
3475	299	1
3475	936	1
3475	418	1
3476	1790	1
3476	299	1
3476	1356	1
3477	2186	1
3477	1162	1
3477	77	1
3477	706	1
3477	299	1
3477	429	1
3477	1390	1
3478	1947	1
3478	2643	1
3478	2763	1
3478	1078	1
3479	98	1
3479	1145	1
3479	2275	1
3479	299	1
3479	2481	1
3479	655	1
3479	1356	1
3479	2593	1
3479	951	1
3479	1149	1
3479	2083	1
3479	1388	1
3479	2259	1
3480	98	1
3480	2915	1
3480	119	1
3480	219	1
3480	1790	1
3480	2986	1
3480	3084	1
3480	2486	1
3480	2457	1
3480	2344	1
3480	2643	1
3480	208	1
3480	655	1
3480	2959	1
3480	2296	1
3480	2746	1
3480	1400	1
3480	2196	1
3480	2967	1
3480	1314	1
3480	952	1
3480	584	1
3480	418	1
3480	349	1
3480	1902	1
3480	954	1
3481	592	1
3481	1790	1
3481	541	1
3481	2275	1
3481	689	1
3481	1078	1
3482	1790	1
3482	1947	1
3482	2331	1
3482	2660	1
3482	197	1
3482	936	1
3482	1149	1
3482	1379	1
3482	1197	1
3482	689	1
3483	435	1
3483	2857	1
3483	118	1
3483	2486	1
3483	2457	1
3483	655	1
3483	2296	1
3483	1400	1
3483	1149	1
3483	2967	1
3483	75	1
3483	1314	1
3484	119	1
3484	219	1
3484	287	1
3484	435	1
3484	940	1
3484	2486	1
3484	2693	1
3484	543	1
3484	1883	1
3484	2597	1
3484	3009	1
3484	2679	1
3484	2996	1
3484	2268	1
3484	2746	1
3484	2757	1
3484	2235	1
3484	1101	1
3484	1640	1
3484	158	1
3484	2967	1
3484	1086	1
3484	1197	1
3484	1351	1
3484	108	1
3484	1457	1
3485	1874	1
3485	551	1
3485	119	1
3485	2296	1
3486	1874	1
3486	551	1
3486	119	1
3486	543	1
3487	1874	1
3487	551	1
3487	119	1
3487	940	1
3487	2857	1
3487	2296	1
3488	1874	1
3488	2524	1
3488	551	1
3488	119	1
3488	723	1
3488	287	1
3488	2857	1
3488	118	1
3488	2551	1
3488	1883	1
3488	1101	1
3488	1008	1
3488	1457	1
3489	809	1
3489	1684	1
3489	2600	1
3489	940	1
3489	991	1
3489	1948	1
3489	1333	1
3489	1947	1
3489	541	1
3489	2486	1
3489	875	1
3489	1746	1
3489	1298	1
3489	543	1
3489	2791	1
3489	715	1
3489	1674	1
3489	3009	1
3489	1456	1
3489	1772	1
3489	2268	1
3489	2630	1
3489	2296	1
3489	1579	1
3489	129	1
3489	1005	1
3489	1034	1
3489	1346	1
3489	2849	1
3490	119	1
3490	435	1
3490	2857	1
3490	543	1
3490	1314	1
3490	1197	1
3490	2980	1
3490	108	1
3491	116	1
3491	543	1
3491	1356	1
3491	1314	1
3492	2970	1
3492	543	1
3492	124	1
3492	1356	1
3492	2406	1
3493	2976	1
3493	119	1
3493	435	1
3493	1345	1
3493	2701	1
3493	1761	1
3493	1197	1
3493	2980	1
3494	435	1
3494	1611	1
3494	1356	1
3494	1314	1
3494	2789	1
3495	2970	1
3495	2857	1
3495	543	1
3495	2746	1
3495	1356	1
3495	2967	1
3495	1197	1
3496	2828	1
3496	230	1
3496	3008	1
3496	2857	1
3496	1947	1
3496	1968	1
3496	2967	1
3496	1314	1
3496	1197	1
3497	2746	1
3497	1761	1
3497	75	1
3498	2967	1
3498	1314	1
3498	2392	1
3498	2520	1
3499	2970	1
3499	2524	1
3499	909	1
3499	10	1
3499	435	1
3499	940	1
3499	2857	1
3499	118	1
3499	706	1
3499	741	1
3499	1382	1
3499	2486	1
3499	1880	1
3499	1746	1
3499	2705	1
3499	683	1
3499	1883	1
3499	2733	1
3499	2597	1
3499	2679	1
3499	2268	1
3499	2701	1
3499	2746	1
3499	45	1
3499	144	1
3499	2359	1
3499	1400	1
3499	158	1
3499	1432	1
3499	1086	1
3499	1314	1
3499	1103	1
3499	997	1
3499	437	1
3499	777	1
3499	1197	1
3499	1605	1
3500	1684	1
3500	119	1
3500	435	1
3500	2502	1
3500	1356	1
3500	2967	1
3500	1197	1
3501	2502	1
3501	1356	1
3502	1693	1
3502	2701	1
3502	2967	1
3502	2734	1
3502	954	1
3503	2857	1
3503	757	1
3503	1761	1
3503	2967	1
3503	2392	1
3503	437	1
3503	111	1
3503	2520	1
3504	938	1
3504	119	1
3504	353	1
3504	1878	1
3504	1409	1
3504	1880	1
3504	481	1
3504	116	1
3504	543	1
3504	715	1
3504	1674	1
3504	2746	1
3504	129	1
3504	2626	1
3504	2967	1
3504	1314	1
3504	2789	1
3504	1197	1
3504	1702	1
3505	947	1
3505	232	1
3505	230	1
3505	435	1
3505	3008	1
3505	2857	1
3505	116	1
3505	2457	1
3505	3037	1
3505	1523	1
3505	111	1
3506	2976	1
3506	1356	1
3506	1761	1
3506	2967	1
3506	2789	1
3507	98	1
3507	435	1
3507	3008	1
3507	2551	1
3507	1676	1
3507	1511	1
3507	867	1
3508	1761	1
3508	2789	1
3508	796	1
3509	98	1
3509	809	1
3509	2976	1
3509	767	1
3509	2598	1
3509	2452	1
3509	219	1
3509	287	1
3509	3008	1
3509	1254	1
3509	706	1
3509	757	1
3509	1947	1
3509	2486	1
3509	116	1
3509	2344	1
3509	2597	1
3509	2274	1
3509	1053	1
3509	2746	1
3509	1691	1
3509	2253	1
3509	1498	1
3509	1101	1
3509	2967	1
3509	323	1
3509	1511	1
3509	917	1
3509	2789	1
3509	111	1
3509	1197	1
3509	3022	1
3509	2520	1
3509	1783	1
3510	287	1
3511	809	1
3511	2257	1
3511	1433	1
3511	909	1
3511	543	1
3511	950	1
3511	2268	1
3511	2967	1
3511	1197	1
3511	2980	1
3512	2976	1
3512	2857	1
3512	2551	1
3512	1314	1
3513	809	1
3513	2970	1
3513	2976	1
3513	767	1
3513	119	1
3513	59	1
3513	723	1
3513	2242	1
3513	435	1
3513	982	1
3513	2857	1
3513	118	1
3513	511	1
3513	706	1
3513	2486	1
3513	1460	1
3513	2502	1
3513	1462	1
3513	543	1
3513	1345	1
3513	2703	1
3513	1883	1
3513	950	1
3513	2597	1
3513	1794	1
3513	3009	1
3513	2772	1
3513	2296	1
3513	2746	1
3513	2359	1
3513	1101	1
3513	1904	1
3513	2938	1
3513	1210	1
3513	158	1
3513	2881	1
3513	1704	1
3513	1005	1
3513	917	1
3513	2246	1
3513	777	1
3513	1351	1
3513	2849	1
3513	1059	1
3513	1365	1
3514	809	1
3514	940	1
3514	2857	1
3514	2502	1
3514	1880	1
3514	2296	1
3514	2967	1
3514	1432	1
3514	1086	1
3514	1197	1
3514	2980	1
3515	2857	1
3515	1611	1
3515	2789	1
3515	1197	1
3516	119	1
3516	435	1
3516	116	1
3516	2982	1
3516	1432	1
3516	1314	1
3516	2440	1
3516	2789	1
3516	1197	1
3517	435	1
3517	543	1
3517	1345	1
3517	2746	1
3517	1314	1
3518	3100	1
3518	809	1
3518	2970	1
3518	119	1
3518	287	1
3518	435	1
3518	2857	1
3518	653	1
3518	543	1
3518	3020	1
3518	2268	1
3518	2296	1
3518	2746	1
3518	1761	1
3518	1563	1
3518	2967	1
3518	1314	1
3518	2392	1
3518	1523	1
3518	2246	1
3518	107	1
3518	1248	1
3518	2130	1
3519	809	1
3519	1684	1
3519	3051	1
3519	1580	1
3519	909	1
3519	287	1
3519	435	1
3519	2502	1
3519	2551	1
3519	116	1
3519	543	1
3519	2703	1
3519	950	1
3519	2597	1
3519	2296	1
3519	2746	1
3519	2967	1
3519	1314	1
3519	2246	1
3519	2789	1
3519	1197	1
3519	1689	1
3519	2980	1
3519	108	1
3520	2970	1
3520	2976	1
3520	1684	1
3520	119	1
3520	178	1
3520	96	1
3520	287	1
3520	2857	1
3520	116	1
3520	2133	1
3520	429	1
3520	950	1
3520	2597	1
3520	1367	1
3520	1356	1
3520	894	1
3520	1005	1
3520	2246	1
3520	777	1
3520	1689	1
3520	2980	1
3521	809	1
3521	2976	1
3521	2524	1
3521	551	1
3521	435	1
3521	2857	1
3521	2551	1
3521	116	1
3521	543	1
3521	1883	1
3521	2679	1
3521	2296	1
3521	1761	1
3521	1314	1
3521	2789	1
3522	551	1
3522	232	1
3522	230	1
3522	435	1
3522	2857	1
3522	118	1
3522	2486	1
3522	2502	1
3522	2551	1
3522	543	1
3522	2701	1
3522	1761	1
3522	75	1
3522	2392	1
3522	1523	1
3522	1197	1
3523	2976	1
3523	119	1
3523	232	1
3523	230	1
3523	287	1
3523	653	1
3523	2502	1
3523	3009	1
3523	2296	1
3523	1761	1
3523	158	1
3523	2967	1
3523	111	1
3523	535	1
3524	2857	1
3524	2502	1
3524	116	1
3524	543	1
3524	2703	1
3524	1123	1
3524	2967	1
3524	1432	1
3524	1086	1
3524	1314	1
3524	777	1
3524	1372	1
3525	2857	1
3525	1356	1
3525	2967	1
3526	2377	1
3526	2865	1
3526	1684	1
3526	551	1
3526	119	1
3526	219	1
3526	435	1
3526	380	1
3526	1042	1
3526	194	1
3526	757	1
3526	1947	1
3526	2486	1
3526	1460	1
3526	1534	1
3526	1426	1
3526	2551	1
3526	543	1
3526	2703	1
3526	2457	1
3526	1539	1
3526	2772	1
3526	700	1
3526	2096	1
3526	1871	1
3526	2427	1
3526	1400	1
3526	1935	1
3526	1176	1
3526	1395	1
3526	1071	1
3526	2967	1
3526	1432	1
3526	2392	1
3526	2005	1
3526	2564	1
3526	1511	1
3526	418	1
3526	724	1
3526	2520	1
3527	947	1
3527	232	1
3527	653	1
3527	757	1
3527	543	1
3527	2520	1
3528	435	1
3528	2857	1
3528	1125	1
3528	2699	1
3528	2213	1
3528	2703	1
3528	2457	1
3528	2344	1
3528	711	1
3528	1772	1
3528	1969	1
3528	743	1
3528	1447	1
3528	890	1
3528	1314	1
3528	628	1
3528	1093	1
3528	2471	1
3528	1602	1
3528	2683	1
3529	1761	1
3529	1432	1
3529	1103	1
3530	98	1
3530	3057	1
3530	767	1
3530	119	1
3530	2523	1
3530	232	1
3530	3008	1
3530	653	1
3530	2551	1
3530	116	1
3530	543	1
3530	1345	1
3530	2344	1
3530	1834	1
3530	2643	1
3530	2268	1
3530	1063	1
3530	438	1
3530	2967	1
3530	2789	1
3530	1197	1
3530	349	1
3530	2980	1
3530	108	1
3530	1612	1
3531	1993	1
3531	1790	1
3531	2763	1
3531	936	1
3531	689	1
3531	1078	1
3532	1790	1
3532	2735	1
3532	2643	1
3532	2763	1
3532	197	1
3532	936	1
3532	689	1
3532	658	1
3533	1993	1
3533	2735	1
3533	2643	1
3533	2763	1
3533	689	1
3533	2852	1
3534	938	1
3535	119	1
3535	3051	1
3535	435	1
3535	2705	1
3535	2746	1
3535	2967	1
3535	2392	1
3535	111	1
3535	2980	1
3535	1479	1
3535	2130	1
3535	108	1
3536	1874	1
3536	119	1
3536	2296	1
3537	1874	1
3537	2296	1
3537	2359	1
3538	2701	1
3538	1379	1
3538	689	1
3538	1078	1
3538	3119	1
3539	551	1
3539	119	1
3539	435	1
3539	544	1
3539	2502	1
3539	116	1
3539	2703	1
3539	715	1
3539	2344	1
3539	950	1
3539	2268	1
3539	2296	1
3539	997	1
3539	2734	1
3539	2741	1
3540	435	1
3540	1042	1
3540	2857	1
3540	1947	1
3540	543	1
3540	2967	1
3541	2857	1
3541	543	1
3541	2296	1
3541	2789	1
3541	1197	1
3541	2741	1
3542	592	1
3542	1790	1
3542	2763	1
3542	689	1
3542	2260	1
3542	1078	1
3543	2857	1
3543	1149	1
3543	2967	1
3543	75	1
3544	1345	1
3544	1739	1
3544	1149	1
3544	75	1
3544	321	1
3545	2976	1
3545	119	1
3545	219	1
3545	287	1
3545	1042	1
3545	2857	1
3545	446	1
3545	741	1
3545	1460	1
3545	2502	1
3545	543	1
3545	1611	1
3545	700	1
3545	1761	1
3545	1655	1
3545	75	1
3545	1008	1
3546	2857	1
3546	543	1
3546	3009	1
3546	2746	1
3546	158	1
3546	2246	1
3546	1344	1
3546	1197	1
3547	2976	1
3547	1761	1
3547	2392	1
3547	2194	1
3548	1457	1
3549	2976	1
3549	815	1
3549	119	1
3549	1279	1
3549	232	1
3549	2367	1
3549	287	1
3549	435	1
3549	1333	1
3549	2502	1
3549	2344	1
3549	739	1
3549	3009	1
3549	2772	1
3549	2296	1
3549	2569	1
3549	1761	1
3549	1197	1
3549	535	1
3549	764	1
3549	1117	1
3549	2322	1
3549	1119	1
3549	1457	1
3549	1783	1
3550	1761	1
3550	2967	1
3550	75	1
3551	2828	1
3551	2967	1
3551	1314	1
3552	1149	1
3552	75	1
3553	2970	1
3553	435	1
3553	940	1
3553	2502	1
3553	2551	1
3553	2359	1
3553	2967	1
3553	1086	1
3553	1314	1
3553	2392	1
3553	1197	1
3553	1933	1
3554	3057	1
3554	435	1
3554	2857	1
3554	116	1
3554	543	1
3554	1345	1
3554	2457	1
3554	2945	1
3554	2620	1
3554	2967	1
3554	1197	1
3555	3057	1
3555	435	1
3555	543	1
3555	1345	1
3555	2457	1
3555	2746	1
3555	2967	1
3555	1197	1
3555	535	1
3556	1938	1
3556	543	1
3556	2457	1
3556	2967	1
3556	75	1
3557	98	1
3557	653	1
3557	543	1
3557	899	1
3557	2701	1
3557	1356	1
3557	1400	1
3557	879	1
3557	2203	1
3557	2967	1
3557	1314	1
3557	2545	1
3557	1363	1
3557	1902	1
3557	1479	1
3557	1612	1
3558	2360	1
3558	435	1
3558	543	1
3558	2705	1
3558	1356	1
3558	1314	1
3558	1197	1
3559	2475	1
3559	555	1
3559	435	1
3559	2857	1
3559	1356	1
3559	2967	1
3559	2789	1
3559	2975	1
3559	2389	1
3560	1790	1
3560	969	1
3560	2481	1
3560	2593	1
3560	1149	1
3561	1684	1
3561	1790	1
3561	77	1
3561	124	1
3561	299	1
3561	1149	1
3561	321	1
3561	268	1
3561	2741	1
3562	2857	1
3562	1790	1
3562	706	1
3562	1947	1
3562	1012	1
3562	1697	1
3562	2457	1
3562	969	1
3562	1924	1
3562	2481	1
3562	3085	1
3562	1356	1
3562	1149	1
3562	1538	1
3562	1363	1
3562	2083	1
3562	2130	1
3563	1790	1
3563	2151	1
3563	1012	1
3563	1924	1
3563	354	1
3563	2593	1
3563	1149	1
3563	2674	1
3564	1162	1
3564	2653	1
3564	1790	1
3565	1790	1
3565	77	1
3565	2735	1
3565	2481	1
3565	1902	1
3566	119	1
3566	940	1
3566	2857	1
3566	2551	1
3566	1881	1
3566	543	1
3566	950	1
3566	2967	1
3566	1086	1
3566	1197	1
3567	2976	1
3567	435	1
3567	511	1
3567	2551	1
3567	543	1
3567	2705	1
3567	700	1
3567	1753	1
3567	1761	1
3567	108	1
3568	1356	1
3569	1684	1
3569	1356	1
3569	2967	1
3569	1314	1
3570	1356	1
3570	1314	1
3570	2789	1
3571	543	1
3571	1356	1
3571	1314	1
3572	1356	1
3572	2967	1
3572	2789	1
3573	1684	1
3573	1356	1
3573	1314	1
3573	2789	1
3573	1344	1
3573	1197	1
3574	543	1
3574	2746	1
3574	2967	1
3574	2789	1
3574	1344	1
3575	1356	1
3575	2789	1
3576	1356	1
3576	2789	1
3576	1344	1
3577	2789	1
3578	1356	1
3578	2789	1
3578	1197	1
3579	1684	1
3579	119	1
3579	1356	1
3579	1314	1
3579	2789	1
3579	1344	1
3580	2502	1
3580	543	1
3580	2703	1
3580	1356	1
3580	2967	1
3580	2789	1
3581	1684	1
3581	2502	1
3581	1314	1
3582	2699	1
3582	1356	1
3582	617	1
3582	2789	1
3582	1344	1
3583	543	1
3583	2296	1
3583	1356	1
3583	1197	1
3584	1684	1
3584	1356	1
3584	1314	1
3584	2789	1
3585	1356	1
3585	1314	1
3585	2789	1
3586	119	1
3586	2857	1
3586	2789	1
3587	2746	1
3587	1356	1
3588	543	1
3588	1356	1
3588	2789	1
3589	1356	1
3590	1580	1
3590	940	1
3590	118	1
3590	543	1
3590	1883	1
3590	1314	1
3590	1197	1
3590	2980	1
3590	1457	1
3591	809	1
3591	178	1
3591	1380	1
3591	2857	1
3591	511	1
3591	1123	1
3591	1883	1
3591	2296	1
3591	1407	1
3591	1314	1
3591	1197	1
3591	1406	1
3592	119	1
3592	966	1
3592	178	1
3592	287	1
3592	435	1
3592	804	1
3592	2525	1
3592	118	1
3592	741	1
3592	2486	1
3592	2502	1
3592	1880	1
3592	543	1
3592	2457	1
3592	1883	1
3592	3009	1
3592	3036	1
3592	2268	1
3592	2296	1
3592	2746	1
3592	1407	1
3592	1356	1
3592	2967	1
3592	1314	1
3592	2881	1
3592	2246	1
3592	1344	1
3592	777	1
3592	1197	1
3592	1689	1
3592	1257	1
3592	1457	1
3593	809	1
3593	2068	1
3593	1684	1
3593	216	1
3593	287	1
3593	2857	1
3593	1948	1
3593	118	1
3593	1333	1
3593	2486	1
3593	2502	1
3593	1746	1
3593	1883	1
3593	2733	1
3593	950	1
3593	3036	1
3593	2679	1
3593	2296	1
3593	2746	1
3593	1356	1
3593	894	1
3593	2154	1
3593	2967	1
3593	1086	1
3593	1448	1
3593	1005	1
3593	1344	1
3593	1197	1
3593	1257	1
3593	418	1
3593	2770	1
3593	2130	1
3594	809	1
3594	1684	1
3594	178	1
3594	287	1
3594	2857	1
3594	2502	1
3594	1883	1
3594	950	1
3594	2268	1
3594	1086	1
3594	1197	1
3594	2770	1
3594	1457	1
3595	287	1
3595	940	1
3595	2857	1
3595	3036	1
3595	2746	1
3595	1356	1
3595	2967	1
3595	2408	1
3595	2881	1
3595	1197	1
3595	1257	1
3596	543	1
3596	2457	1
3596	2746	1
3596	1344	1
3596	1197	1
3597	435	1
3597	875	1
3597	543	1
3597	2980	1
3598	178	1
3598	909	1
3598	2857	1
3598	543	1
3598	1197	1
3598	2980	1
3599	1294	1
3599	1380	1
3599	543	1
3599	1883	1
3599	2268	1
3599	2746	1
3599	2967	1
3599	1086	1
3599	1314	1
3599	952	1
3599	777	1
3599	1197	1
3600	1356	1
3600	1314	1
3600	1197	1
3601	809	1
3601	966	1
3601	178	1
3601	96	1
3601	1380	1
3601	1042	1
3601	2857	1
3601	118	1
3601	1947	1
3601	741	1
3601	543	1
3601	2703	1
3601	715	1
3601	1883	1
3601	1674	1
3601	3036	1
3601	2679	1
3601	2630	1
3601	1407	1
3601	894	1
3601	1086	1
3601	1314	1
3601	2408	1
3601	2881	1
3601	1005	1
3601	2246	1
3601	437	1
3601	1406	1
3601	2980	1
3601	2849	1
3602	435	1
3602	543	1
3602	1197	1
3602	2980	1
3603	1580	1
3603	543	1
3603	715	1
3603	2268	1
3603	1356	1
3603	1197	1
3604	809	1
3604	178	1
3604	287	1
3604	2857	1
3604	543	1
3604	3036	1
3604	1407	1
3604	144	1
3604	1086	1
3604	1314	1
3604	2881	1
3604	2980	1
3605	809	1
3605	940	1
3605	2857	1
3605	118	1
3605	2486	1
3605	543	1
3605	3009	1
3605	2679	1
3605	1314	1
3605	1257	1
3605	2980	1
3606	1333	1
3606	2486	1
3606	3009	1
3606	1344	1
3607	551	1
3607	435	1
3607	2857	1
3607	1460	1
3607	2693	1
3607	543	1
3607	1345	1
3607	2703	1
3607	655	1
3607	2296	1
3607	2746	1
3607	1356	1
3607	1344	1
3607	1197	1
3607	279	1
3607	418	1
3608	551	1
3608	2857	1
3608	2502	1
3608	1761	1
3609	1874	1
3609	2703	1
3609	2344	1
3609	2296	1
3609	2967	1
3610	1874	1
3610	2967	1
3611	1356	1
3612	219	1
3612	2857	1
3612	2551	1
3612	2967	1
3612	1314	1
3613	1192	1
3613	2571	1
3613	767	1
3613	119	1
3613	230	1
3613	1433	1
3613	909	1
3613	2857	1
3613	653	1
3613	741	1
3613	2502	1
3613	2457	1
3613	836	1
3613	1149	1
3613	1989	1
3613	2967	1
3613	75	1
3613	917	1
3613	359	1
3613	1351	1
3614	653	1
3614	2457	1
3614	936	1
3615	2976	1
3615	2857	1
3615	543	1
3615	2296	1
3615	1351	1
3616	767	1
3616	2857	1
3616	543	1
3616	2296	1
3616	1356	1
3616	2967	1
3616	1197	1
3616	2849	1
3617	1356	1
3617	183	1
3618	2970	1
3618	119	1
3618	2857	1
3618	2699	1
3618	543	1
3618	2114	1
3618	1356	1
3618	1197	1
3619	1356	1
3619	2967	1
3619	1314	1
3619	1197	1
3620	2967	1
3620	1314	1
3620	2789	1
3621	2970	1
3621	435	1
3621	2857	1
3621	2699	1
3621	1356	1
3621	2967	1
3621	1197	1
3622	1294	1
3622	717	1
3622	2865	1
3622	809	1
3622	920	1
3622	767	1
3622	1874	1
3622	2524	1
3622	551	1
3622	119	1
3622	59	1
3622	2242	1
3622	178	1
3622	219	1
3622	287	1
3622	435	1
3622	1380	1
3622	940	1
3622	1296	1
3622	118	1
3622	1947	1
3622	741	1
3622	2486	1
3622	1534	1
3622	1746	1
3622	2150	1
3622	543	1
3622	1141	1
3622	2703	1
3622	1123	1
3622	2705	1
3622	2733	1
3622	3009	1
3622	358	1
3622	2268	1
3622	455	1
3622	2296	1
3622	1400	1
3622	2203	1
3622	286	1
3622	158	1
3622	2348	1
3622	2967	1
3622	1314	1
3622	2392	1
3622	2789	1
3622	1689	1
3622	349	1
3622	1008	1
3622	1372	1
3622	2576	1
3622	1059	1
3622	1612	1
3623	2857	1
3623	1356	1
3623	1314	1
3624	2857	1
3624	2502	1
3624	543	1
3624	1356	1
3624	2789	1
3625	2699	1
3625	1079	1
3625	543	1
3625	1314	1
3625	1197	1
3626	119	1
3626	2502	1
3626	2102	1
3626	2746	1
3626	1356	1
3626	2789	1
3626	1197	1
3627	1296	1
3627	2699	1
3627	1197	1
3628	2970	1
3628	1296	1
3628	1356	1
3628	2789	1
3629	1684	1
3629	1314	1
3629	2789	1
3630	435	1
3630	1079	1
3630	1356	1
3630	2789	1
3631	1684	1
3631	2699	1
3631	1079	1
3631	1356	1
3631	1314	1
3631	2789	1
3631	1197	1
3632	1684	1
3632	435	1
3632	940	1
3632	1356	1
3632	1197	1
3633	435	1
3633	2746	1
3633	2967	1
3633	2789	1
3634	1356	1
3635	1344	1
3636	119	1
3636	1356	1
3636	2967	1
3636	1314	1
3637	1684	1
3637	119	1
3637	2699	1
3637	2502	1
3637	1356	1
3637	2789	1
3637	1344	1
3637	1197	1
3638	2502	1
3638	1356	1
3639	1938	1
3639	435	1
3639	2857	1
3639	543	1
3639	818	1
3639	2643	1
3639	7	1
3639	2481	1
3639	1356	1
3639	1761	1
3639	1314	1
3639	368	1
3639	2973	1
3639	1363	1
3639	584	1
3639	1612	1
3640	1790	1
3640	2763	1
3640	1379	1
3640	2036	1
3641	2763	1
3641	1379	1
3641	689	1
3641	1078	1
3642	1790	1
3642	2763	1
3642	936	1
3642	3040	1
3642	2916	1
3642	1149	1
3642	689	1
3643	1993	1
3643	1790	1
3643	1947	1
3643	2643	1
3643	2763	1
3643	936	1
3643	2916	1
3643	1078	1
3644	1947	1
3644	2763	1
3644	197	1
3644	936	1
3644	2852	1
3644	1078	1
3645	320	1
3645	1042	1
3645	364	1
3645	1449	1
3645	750	1
3645	2987	1
3645	1314	1
3645	952	1
3645	1696	1
3646	119	1
3646	232	1
3646	2857	1
3646	2078	1
3646	1856	1
3646	2735	1
3646	2457	1
3646	2791	1
3646	2643	1
3646	2989	1
3646	1772	1
3646	1063	1
3646	1400	1
3646	2154	1
3646	75	1
3646	1314	1
3646	2973	1
3646	2789	1
3646	1197	1
3646	2734	1
3646	349	1
3646	369	1
3646	1612	1
3647	920	1
3647	1790	1
3647	1685	1
3647	1991	1
3647	1079	1
3647	2275	1
3647	2791	1
3647	2643	1
3647	2763	1
3647	2701	1
3647	2916	1
3647	693	1
3647	134	1
3647	437	1
3647	584	1
3647	689	1
3647	1078	1
3648	1684	1
3648	552	1
3648	435	1
3648	855	1
3648	1991	1
3648	2862	1
3648	967	1
3648	2703	1
3648	715	1
3648	526	1
3648	1149	1
3648	2148	1
3648	1619	1
3648	1379	1
3648	1197	1
3648	584	1
3648	1689	1
3648	2299	1
3648	1078	1
3649	767	1
3649	230	1
3649	2857	1
3649	1790	1
3649	653	1
3649	2078	1
3649	3084	1
3649	116	1
3649	1345	1
3649	2457	1
3649	2791	1
3649	2451	1
3649	836	1
3649	1834	1
3649	517	1
3649	2701	1
3649	3139	1
3649	2746	1
3649	1356	1
3649	2620	1
3649	2668	1
3649	1400	1
3649	1761	1
3649	2967	1
3649	75	1
3649	1314	1
3649	1631	1
3649	952	1
3649	2789	1
3649	437	1
3649	525	1
3649	1197	1
3649	584	1
3649	2248	1
3649	424	1
3649	1604	1
3649	359	1
3649	954	1
3649	2130	1
3650	232	1
3650	2857	1
3650	3084	1
3650	2275	1
3650	1449	1
3650	2987	1
3650	75	1
3650	2734	1
3650	1604	1
3651	1294	1
3651	1947	1
3651	2643	1
3651	689	1
3651	1078	1
3652	920	1
3652	2857	1
3652	2763	1
3652	1619	1
3652	689	1
3652	2260	1
3653	1294	1
3653	2328	1
3653	1920	1
3653	2908	1
3653	1042	1
3653	795	1
3653	2889	1
3653	2817	1
3653	243	1
3653	543	1
3653	1587	1
3653	2457	1
3653	1123	1
3653	2344	1
3653	2657	1
3653	2763	1
3653	2701	1
3653	45	1
3653	1149	1
3653	1676	1
3653	1044	1
3653	1314	1
3653	1307	1
3653	952	1
3653	2789	1
3653	791	1
3653	2130	1
3653	2648	1
3653	2654	1
3653	1372	1
3654	2828	1
3654	414	1
3654	120	1
3654	1449	1
3654	2643	1
3654	2620	1
3654	1149	1
3654	75	1
3654	1314	1
3654	1902	1
3655	1016	1
3655	1379	1
3655	1078	1
3656	2763	1
3656	1379	1
3656	689	1
3656	1078	1
3657	2119	1
3657	2655	1
3657	1693	1
3657	3046	1
3657	1314	1
3657	1636	1
3657	1052	1
3657	2734	1
3657	101	1
3658	1790	1
3658	2502	1
3658	2275	1
3658	2791	1
3658	2643	1
3658	75	1
3658	689	1
3659	1790	1
3659	2862	1
3659	2763	1
3659	689	1
3660	2338	1
3660	805	1
3660	689	1
3661	2763	1
3661	1379	1
3661	1078	1
3662	1790	1
3662	1379	1
3662	1078	1
3663	592	1
3663	2862	1
3663	2701	1
3663	2916	1
3663	474	1
3663	584	1
3663	1078	1
3664	2331	1
3664	1379	1
3664	1078	1
3665	120	1
3665	2457	1
3665	969	1
3665	1924	1
3665	2643	1
3665	2111	1
3665	7	1
3665	354	1
3665	820	1
3665	1486	1
3665	454	1
3665	1656	1
3665	1538	1
3665	2967	1
3665	2202	1
3665	2674	1
3665	1939	1
3666	767	1
3666	230	1
3666	2857	1
3666	2693	1
3666	2457	1
3666	2984	1
3666	1063	1
3666	2296	1
3666	2967	1
3666	75	1
3666	535	1
3667	1358	1
3667	767	1
3667	435	1
3667	3008	1
3667	991	1
3667	2486	1
3667	2150	1
3667	116	1
3667	2344	1
3667	2701	1
3667	1356	1
3667	2620	1
3667	1149	1
3667	1563	1
3667	2967	1
3667	75	1
3667	1314	1
3667	2789	1
3667	2248	1
3667	1351	1
3667	2118	1
3667	1612	1
3668	551	1
3668	435	1
3668	940	1
3668	910	1
3668	2150	1
3668	543	1
3668	1356	1
3668	1149	1
3668	777	1
3668	1351	1
3668	903	1
3669	2857	1
3669	1149	1
3669	2967	1
3670	230	1
3670	1433	1
3670	435	1
3670	3139	1
3670	2967	1
3670	2248	1
3670	359	1
3670	1351	1
3671	2857	1
3671	2967	1
3671	75	1
3672	435	1
3672	2857	1
3672	2967	1
3672	75	1
3672	1314	1
3673	2857	1
3673	2701	1
3673	2967	1
3674	2571	1
3674	219	1
3674	3084	1
3674	2643	1
3674	2701	1
3674	1761	1
3674	1149	1
3674	2967	1
3675	2857	1
3675	2701	1
3675	1149	1
3676	3084	1
3676	2643	1
3676	2701	1
3676	75	1
3677	2857	1
3677	1790	1
3677	1149	1
3677	75	1
3678	2857	1
3678	2701	1
3678	762	1
3678	2967	1
3678	75	1
3678	1197	1
3679	543	1
3679	2457	1
3679	2620	1
3679	1149	1
3679	75	1
3679	1314	1
3679	1197	1
3679	2248	1
3680	2763	1
3680	689	1
3681	1790	1
3682	2857	1
3682	1149	1
3682	75	1
3683	2857	1
3683	1790	1
3683	75	1
3683	1955	1
3683	2800	1
3684	2857	1
3684	1790	1
3684	2967	1
3684	75	1
3685	2701	1
3685	1149	1
3685	2967	1
3686	2857	1
3686	1761	1
3686	1149	1
3686	75	1
3687	2857	1
3687	75	1
3687	1314	1
3688	2857	1
3688	543	1
3688	2967	1
3688	1363	1
3689	2857	1
3689	1149	1
3689	2967	1
3689	75	1
3690	2857	1
3690	2701	1
3690	1149	1
3690	75	1
3691	2857	1
3691	1149	1
3691	75	1
3692	2857	1
3692	1149	1
3692	75	1
3693	2857	1
3693	2296	1
3693	1149	1
3694	1790	1
3694	1149	1
3694	75	1
3695	1149	1
3695	75	1
3696	2857	1
3696	2701	1
3696	1149	1
3696	75	1
3697	2857	1
3697	2701	1
3697	1149	1
3697	75	1
3698	1149	1
3698	75	1
3699	219	1
3699	2857	1
3699	2296	1
3699	75	1
3700	2857	1
3700	1149	1
3700	75	1
3701	2857	1
3701	1149	1
3701	75	1
3702	2735	1
3702	2150	1
3702	1149	1
3702	75	1
3703	2857	1
3703	1149	1
3703	75	1
3704	77	1
3704	2296	1
3704	75	1
3705	2857	1
3705	2701	1
3705	1149	1
3705	75	1
3706	2857	1
3706	1149	1
3706	75	1
3707	2857	1
3707	2701	1
3707	75	1
3708	2857	1
3708	2701	1
3708	1149	1
3708	75	1
3709	2857	1
3709	2701	1
3709	2296	1
3709	2967	1
3710	2857	1
3710	2701	1
3710	1149	1
3711	2857	1
3711	1149	1
3711	75	1
3712	2857	1
3712	1149	1
3712	2967	1
3712	75	1
3713	2857	1
3713	2701	1
3713	1149	1
3713	75	1
3714	2857	1
3714	2746	1
3714	1149	1
3714	2967	1
3715	2857	1
3715	653	1
3715	2701	1
3715	2296	1
3715	2967	1
3715	1523	1
3716	2701	1
3716	1149	1
3716	2967	1
3716	75	1
3717	2857	1
3717	2296	1
3717	1149	1
3717	75	1
3718	2857	1
3718	2701	1
3718	2296	1
3718	1149	1
3719	2857	1
3719	2701	1
3719	1149	1
3719	75	1
3720	2857	1
3720	1149	1
3720	75	1
3721	767	1
3721	232	1
3721	2857	1
3721	414	1
3721	2415	1
3721	543	1
3721	2457	1
3721	1123	1
3721	2979	1
3721	1321	1
3721	3139	1
3721	75	1
3721	1314	1
3721	2980	1
3722	1790	1
3722	2701	1
3722	1149	1
3722	75	1
3723	2857	1
3723	1790	1
3723	2701	1
3724	2857	1
3724	1149	1
3724	75	1
3725	2857	1
3725	2701	1
3725	1149	1
3725	75	1
3726	2857	1
3726	2150	1
3726	2701	1
3726	1149	1
3726	1197	1
3726	1902	1
3727	2857	1
3727	1149	1
3727	75	1
3728	2857	1
3728	1149	1
3728	75	1
3729	3084	1
3729	2296	1
3729	1149	1
3729	75	1
3730	2857	1
3730	543	1
3730	1149	1
3730	2967	1
3730	359	1
3730	2130	1
3731	543	1
3731	2344	1
3731	1149	1
3731	2967	1
3731	75	1
3732	1790	1
3732	2457	1
3732	1149	1
3732	2967	1
3733	1940	1
3733	2763	1
3733	689	1
3733	1078	1
3734	2703	1
3734	321	1
3735	3100	1
3735	3057	1
3735	1684	1
3735	178	1
3735	2523	1
3735	232	1
3735	230	1
3735	2404	1
3735	219	1
3735	2999	1
3735	287	1
3735	435	1
3735	3008	1
3735	940	1
3735	1042	1
3735	1014	1
3735	220	1
3735	1947	1
3735	741	1
3735	2486	1
3735	1744	1
3735	1460	1
3735	1534	1
3735	1057	1
3735	2693	1
3735	1968	1
3735	1881	1
3735	2457	1
3735	155	1
3735	112	1
3735	973	1
3735	1449	1
3735	2346	1
3735	3021	1
3735	1548	1
3735	2051	1
3735	760	1
3735	489	1
3735	1064	1
3735	1724	1
3735	2914	1
3735	2296	1
3735	2987	1
3735	2065	1
3735	2383	1
3735	645	1
3735	2623	1
3735	3088	1
3735	625	1
3735	1186	1
3735	1767	1
3735	360	1
3735	3059	1
3735	2786	1
3735	2422	1
3735	437	1
3735	2614	1
3735	1396	1
3735	2055	1
3735	2325	1
3735	424	1
3735	535	1
3735	1351	1
3735	2011	1
3735	72	1
3735	1520	1
3735	2648	1
3735	1457	1
3736	555	1
3736	551	1
3736	119	1
3736	59	1
3736	1541	1
3736	219	1
3736	216	1
3736	435	1
3736	940	1
3736	1042	1
3736	2525	1
3736	118	1
3736	2706	1
3736	1947	1
3736	2456	1
3736	2502	1
3736	1267	1
3736	1397	1
3736	699	1
3736	2657	1
3736	358	1
3736	2296	1
3736	961	1
3736	2581	1
3736	2383	1
3736	1210	1
3736	2967	1
3736	997	1
3736	1034	1
3736	1537	1
3737	1790	1
3737	2735	1
3737	2643	1
3737	2763	1
3737	197	1
3737	689	1
3738	3086	1
3738	521	1
3738	164	1
3738	2870	1
3739	2967	1
3739	2520	1
3740	1294	1
3740	3001	1
3740	1790	1
3740	1940	1
3740	541	1
3740	2331	1
3740	2791	1
3740	2890	1
3740	2763	1
3740	197	1
3740	1750	1
3740	1016	1
3740	2492	1
3740	936	1
3740	2959	1
3740	75	1
3740	321	1
3740	974	1
3740	952	1
3740	1379	1
3740	1197	1
3740	1689	1
3740	689	1
3740	2852	1
3740	1425	1
3740	3119	1
3741	1699	1
3741	2361	1
3741	2959	1
3741	1314	1
3741	1078	1
3742	809	1
3742	2119	1
3742	2970	1
3742	1684	1
3742	551	1
3742	1308	1
3742	435	1
3742	380	1
3742	1042	1
3742	118	1
3742	1947	1
3742	2502	1
3742	2693	1
3742	2551	1
3742	543	1
3742	1345	1
3742	2114	1
3742	3021	1
3742	2597	1
3742	1611	1
3742	2746	1
3742	2197	1
3742	2253	1
3742	2620	1
3742	1400	1
3742	1761	1
3742	2160	1
3742	1432	1
3742	1314	1
3742	2476	1
3742	2440	1
3742	1344	1
3742	1197	1
3742	535	1
3742	644	1
3742	2212	1
3742	2520	1
3742	764	1
3742	1783	1
3743	85	1
3743	1790	1
3743	2331	1
3743	2862	1
3743	1379	1
3743	1078	1
3744	2763	1
3744	2916	1
3744	689	1
3744	2260	1
3744	1078	1
3745	2668	1
3745	252	1
3746	1790	1
3746	2643	1
3746	2763	1
3746	584	1
3747	592	1
3747	2763	1
3747	952	1
3747	689	1
3747	2260	1
3747	1078	1
3748	1345	1
3749	2865	1
3749	1379	1
3750	2857	1
3750	1149	1
3750	75	1
3751	2643	1
3751	2763	1
3751	936	1
3751	2701	1
3751	2916	1
3751	1379	1
3751	1078	1
3752	920	1
3752	1609	1
3752	2862	1
3752	2763	1
3752	1379	1
3753	938	1
3753	2620	1
3753	2967	1
3754	767	1
3754	694	1
3754	1042	1
3754	2857	1
3754	1014	1
3754	116	1
3754	2133	1
3754	1883	1
3754	778	1
3754	2296	1
3754	2929	1
3754	2061	1
3754	1640	1
3754	2967	1
3754	1314	1
3754	367	1
3754	437	1
3754	2711	1
3754	1351	1
3754	2520	1
3754	484	1
3754	497	1
3755	767	1
3755	551	1
3755	435	1
3755	1042	1
3755	2857	1
3755	741	1
3755	2150	1
3755	543	1
3755	2701	1
3755	2296	1
3755	2967	1
3755	1314	1
3755	535	1
3756	2857	1
3756	1296	1
3756	3084	1
3756	936	1
3757	2976	1
3757	1761	1
3757	1586	1
3757	2348	1
3757	2967	1
3757	437	1
3757	535	1
3757	1351	1
3758	2763	1
3758	1379	1
3758	1078	1
3759	435	1
3759	1356	1
3759	2967	1
3759	2130	1
3760	2735	1
3760	2643	1
3760	2763	1
3760	197	1
3760	952	1
3760	689	1
3760	1078	1
3761	1790	1
3761	81	1
3761	2763	1
3761	1379	1
3761	1078	1
3762	1940	1
3762	2331	1
3762	1078	1
3763	1790	1
3763	2331	1
3763	936	1
3763	1379	1
3763	689	1
3763	1078	1
3764	2701	1
3764	1379	1
3764	689	1
3765	2746	1
3765	1356	1
3766	1790	1
3766	1947	1
3766	2763	1
3766	2916	1
3766	2852	1
3766	1078	1
3767	2763	1
3767	689	1
3768	321	1
3769	1565	1
3769	1449	1
3769	2987	1
3769	2620	1
3769	1186	1
3769	2943	1
3769	2734	1
3769	424	1
3769	359	1
3770	1294	1
3770	2059	1
3770	2502	1
3770	2457	1
3770	1449	1
3770	2987	1
3770	1761	1
3770	2196	1
3770	1186	1
3770	2967	1
3770	1197	1
3770	2734	1
3771	220	1
3771	302	1
3771	541	1
3771	2906	1
3771	2518	1
3771	2746	1
3771	2757	1
3771	2006	1
3771	1356	1
3771	252	1
3771	2967	1
3771	1040	1
3771	1495	1
3771	2489	1
3771	1346	1
3772	706	1
3772	2741	1
3773	1403	1
3774	1403	1
3775	1684	1
3775	232	1
3775	435	1
3775	1042	1
3775	2857	1
3775	2986	1
3775	1947	1
3775	2486	1
3775	2457	1
3775	715	1
3775	2296	1
3775	700	1
3775	1420	1
3775	418	1
3775	2299	1
3776	435	1
3776	1042	1
3776	2857	1
3776	715	1
3776	2701	1
3776	2757	1
3776	75	1
3776	1420	1
3777	1403	1
3778	2338	1
3779	435	1
3779	1685	1
3779	855	1
3779	2735	1
3779	2275	1
3779	2701	1
3779	1853	1
3779	1149	1
3779	75	1
3779	1379	1
3779	1078	1
3780	689	1
3781	299	1
3781	2108	1
3781	321	1
3782	77	1
3782	321	1
3783	299	1
3783	3085	1
3784	1314	1
3784	952	1
3784	2741	1
3785	748	1
3785	2534	1
3785	435	1
3785	2586	1
3785	2660	1
3785	3066	1
3785	1023	1
3785	819	1
3785	1555	1
3785	2275	1
3785	338	1
3785	979	1
3785	2702	1
3785	1719	1
3785	45	1
3785	3101	1
3785	134	1
3785	2570	1
3785	906	1
3785	2148	1
3785	2967	1
3785	75	1
3785	1754	1
3785	1668	1
3785	35	1
3786	2862	1
3786	967	1
3786	1403	1
3787	2068	1
3787	967	1
3787	1403	1
3788	3100	1
3788	2976	1
3788	767	1
3788	653	1
3788	2551	1
3788	2967	1
3788	369	1
3789	809	1
3789	2915	1
3789	2524	1
3789	2164	1
3789	551	1
3789	320	1
3789	219	1
3789	287	1
3789	435	1
3789	982	1
3789	991	1
3789	2857	1
3789	1014	1
3789	118	1
3789	653	1
3789	741	1
3789	2486	1
3789	2735	1
3789	1462	1
3789	2942	1
3789	116	1
3789	476	1
3789	1345	1
3789	715	1
3789	2344	1
3789	1883	1
3789	1449	1
3789	2597	1
3789	1062	1
3789	1159	1
3789	1367	1
3789	2679	1
3789	2268	1
3789	2296	1
3789	144	1
3789	3080	1
3789	2983	1
3789	3096	1
3789	1900	1
3789	2749	1
3789	305	1
3789	158	1
3789	75	1
3789	1314	1
3789	997	1
3789	917	1
3789	1438	1
3789	2246	1
3789	1197	1
3789	418	1
3789	359	1
3789	1457	1
3789	1365	1
3789	817	1
3790	2763	1
3790	689	1
3791	1790	1
3791	511	1
3791	2502	1
3791	3120	1
3791	876	1
3791	1753	1
3791	2196	1
3791	1314	1
3791	1093	1
3792	2976	1
3792	2296	1
3792	2757	1
3792	2789	1
3793	3100	1
3793	2976	1
3793	119	1
3793	437	1
3794	3028	1
3794	1720	1
3794	1041	1
3794	1886	1
3794	2782	1
3794	2850	1
3794	2295	1
3794	2021	1
3794	1330	1
3794	338	1
3794	2221	1
3794	404	1
3794	576	1
3794	2449	1
3794	1149	1
3794	2967	1
3794	75	1
3794	1314	1
3794	1553	1
3794	1511	1
3794	2406	1
3794	3099	1
3794	108	1
3795	2970	1
3795	767	1
3795	2857	1
3795	2551	1
3795	543	1
3795	1345	1
3795	2457	1
3795	1356	1
3795	1400	1
3795	1197	1
3795	1351	1
3796	1294	1
3796	2502	1
3796	543	1
3796	1345	1
3796	2457	1
3796	1693	1
3796	2987	1
3796	1400	1
3796	2967	1
3796	75	1
3796	1314	1
3796	952	1
3796	111	1
3796	1351	1
3797	1790	1
3797	2741	1
3798	3001	1
3798	1940	1
3798	2331	1
3798	2791	1
3798	2890	1
3798	1078	1
3799	2551	1
3799	1356	1
3799	111	1
3800	511	1
3800	1356	1
3801	1790	1
3801	511	1
3801	1356	1
3801	2854	1
3802	511	1
3802	1753	1
3802	2967	1
3803	511	1
3803	1611	1
3803	1753	1
3803	2006	1
3803	1356	1
3803	2967	1
3804	511	1
3804	1356	1
3804	252	1
3804	2967	1
3805	2457	1
3805	354	1
3805	1032	1
3805	2481	1
3805	2593	1
3805	951	1
3806	767	1
3806	1356	1
3807	232	1
3807	1042	1
3807	2857	1
3807	741	1
3807	1915	1
3807	2703	1
3807	2344	1
3807	2296	1
3807	2757	1
3807	2197	1
3807	2253	1
3807	2620	1
3807	1803	1
3807	563	1
3807	1314	1
3807	1197	1
3808	1947	1
3808	2486	1
3808	2150	1
3808	1356	1
3809	1294	1
3809	2414	1
3809	1667	1
3809	767	1
3809	1882	1
3809	1162	1
3809	435	1
3809	1042	1
3809	2857	1
3809	1840	1
3809	2611	1
3809	910	1
3809	831	1
3809	1685	1
3809	2735	1
3809	2150	1
3809	3052	1
3809	2275	1
3809	1817	1
3809	1345	1
3809	2703	1
3809	2117	1
3809	124	1
3809	715	1
3809	1360	1
3809	33	1
3809	405	1
3809	1693	1
3809	2701	1
3809	2296	1
3809	1686	1
3809	45	1
3809	862	1
3809	1400	1
3809	1935	1
3809	2196	1
3809	2203	1
3809	1918	1
3809	2370	1
3809	2967	1
3809	1314	1
3809	1511	1
3809	584	1
3809	1491	1
3809	2248	1
3809	1902	1
3809	2406	1
3809	472	1
3809	903	1
3810	1790	1
3810	2741	1
3811	631	1
3811	119	1
3811	435	1
3811	2060	1
3811	511	1
3811	1873	1
3811	51	1
3811	648	1
3811	1841	1
3811	1505	1
3811	2686	1
3811	3105	1
3811	633	1
3811	2792	1
3811	2703	1
3811	715	1
3811	2209	1
3811	2344	1
3811	400	1
3811	1734	1
3811	1693	1
3811	2701	1
3811	314	1
3811	2668	1
3811	2028	1
3811	2585	1
3811	1288	1
3811	2967	1
3811	2247	1
3811	1689	1
3811	406	1
3811	1838	1
3811	2604	1
3811	168	1
3811	1277	1
3811	326	1
3812	321	1
3813	435	1
3813	511	1
3813	1734	1
3813	1403	1
3814	1583	1
3814	2282	1
3814	1947	1
3814	3034	1
3814	2502	1
3814	3101	1
3814	906	1
3814	321	1
3814	1390	1
3815	1294	1
3815	1358	1
3815	2068	1
3815	773	1
3815	1041	1
3815	77	1
3815	741	1
3815	2735	1
3815	1079	1
3815	339	1
3815	338	1
3815	970	1
3815	2701	1
3815	2296	1
3815	1400	1
3815	3101	1
3815	1303	1
3815	2203	1
3815	906	1
3815	2370	1
3815	563	1
3815	1076	1
3815	2337	1
3815	349	1
3815	1913	1
3815	1390	1
3815	108	1
3815	369	1
3816	1294	1
3816	2735	1
3816	1345	1
3816	1654	1
3816	1761	1
3816	2196	1
3816	2203	1
3816	2154	1
3816	75	1
3816	2973	1
3816	584	1
3816	369	1
3817	2976	1
3817	2735	1
3817	1345	1
3817	1761	1
3818	2791	1
3818	2763	1
3818	1379	1
3818	689	1
3819	689	1
3820	2331	1
3820	2763	1
3820	1379	1
3820	1078	1
3821	2763	1
3821	689	1
3822	1379	1
3822	689	1
3823	2551	1
3823	429	1
3823	2701	1
3823	252	1
3823	1149	1
3823	75	1
3823	2130	1
3824	1356	1
3824	2967	1
3825	511	1
3825	967	1
3825	1611	1
3825	2746	1
3825	2757	1
3825	1356	1
3825	252	1
3825	2967	1
3826	435	1
3826	2006	1
3826	2967	1
3826	1314	1
3826	2248	1
3827	767	1
3827	435	1
3827	511	1
3827	967	1
3827	543	1
3827	558	1
3827	2597	1
3827	1753	1
3827	2967	1
3827	2248	1
3828	98	1
3828	1481	1
3828	1358	1
3828	2068	1
3828	1684	1
3828	1500	1
3828	119	1
3828	178	1
3828	232	1
3828	1433	1
3828	1162	1
3828	3008	1
3828	1521	1
3828	940	1
3828	2857	1
3828	220	1
3828	242	1
3828	741	1
3828	2735	1
3828	1035	1
3828	2275	1
3828	2703	1
3828	715	1
3828	2639	1
3828	2757	1
3828	307	1
3828	2620	1
3828	1400	1
3828	1403	1
3828	1492	1
3828	2154	1
3828	1803	1
3828	1432	1
3828	1561	1
3828	917	1
3828	2247	1
3828	2614	1
3828	2489	1
3828	2248	1
3828	41	1
3828	2734	1
3828	2732	1
3828	349	1
3828	1913	1
3828	2192	1
3828	1457	1
3829	2741	1
3830	1734	1
3830	1761	1
3830	1390	1
3831	2970	1
3831	119	1
3831	1790	1
3831	511	1
3831	1611	1
3831	1734	1
3831	1693	1
3831	2701	1
3831	2967	1
3831	1479	1
3832	656	1
3832	551	1
3832	1308	1
3832	991	1
3832	2857	1
3832	302	1
3832	3084	1
3832	2177	1
3832	2133	1
3832	715	1
3832	2518	1
3832	2296	1
3832	2040	1
3832	75	1
3832	1314	1
3832	2422	1
3832	1197	1
3832	2642	1
3833	2763	1
3833	689	1
3833	1078	1
3834	2457	1
3834	299	1
3834	1186	1
3834	2967	1
3834	1314	1
3834	2943	1
3835	2976	1
3835	1790	1
3836	2857	1
3836	1149	1
3836	2967	1
3836	75	1
3837	1403	1
3838	1874	1
3839	2976	1
3839	1790	1
3840	1874	1
3840	1693	1
3841	3100	1
3841	2571	1
3841	2976	1
3841	435	1
3841	1014	1
3841	386	1
3841	2502	1
3841	543	1
3841	1345	1
3841	2791	1
3841	2344	1
3841	1449	1
3841	747	1
3841	2859	1
3841	2987	1
3841	144	1
3841	1400	1
3841	2045	1
3841	75	1
3841	1314	1
3841	111	1
3841	1197	1
3841	2734	1
3841	1351	1
3842	551	1
3842	2486	1
3842	2296	1
3842	1149	1
3842	75	1
3843	2763	1
3843	689	1
3844	2763	1
3844	540	1
3845	1565	1
3845	2987	1
3845	2325	1
3845	2943	1
3846	2987	1
3847	435	1
3847	940	1
3847	1014	1
3847	77	1
3847	741	1
3847	2502	1
3847	543	1
3847	1345	1
3847	284	1
3847	1181	1
3847	1563	1
3847	1314	1
3847	2789	1
3847	2055	1
3847	1351	1
3848	2571	1
3848	2987	1
3848	2943	1
3849	2987	1
3850	741	1
3850	543	1
3850	2457	1
3850	1449	1
3850	1400	1
3850	630	1
3850	1186	1
3850	2967	1
3850	1314	1
3851	2857	1
3851	118	1
3851	2296	1
3851	1753	1
3851	252	1
3851	1149	1
3851	722	1
3851	75	1
3851	1314	1
3851	1197	1
3851	2130	1
3852	2571	1
3852	925	1
3852	2457	1
3852	2987	1
3852	630	1
3852	1186	1
3852	1314	1
3852	2355	1
3852	424	1
3853	2457	1
3853	2987	1
3853	437	1
3853	2943	1
3854	2857	1
3854	1565	1
3854	543	1
3854	2457	1
3854	2987	1
3854	1400	1
3854	630	1
3854	1563	1
3854	2440	1
3854	2943	1
3854	424	1
3854	1351	1
3855	2970	1
3855	2059	1
3855	1449	1
3855	2746	1
3855	2987	1
3855	630	1
3855	1186	1
3855	2967	1
3855	1314	1
3856	116	1
3856	543	1
3856	2457	1
3856	2987	1
3856	1314	1
3856	2943	1
3856	424	1
3857	1449	1
3857	2987	1
3857	2967	1
3857	1314	1
3858	2857	1
3858	1149	1
3858	75	1
3859	1064	1
3859	2987	1
3859	1314	1
3859	2943	1
3859	424	1
3860	2571	1
3860	2059	1
3860	2857	1
3860	543	1
3860	2457	1
3860	2987	1
3860	1186	1
3860	2967	1
3860	2943	1
3861	2457	1
3861	2987	1
3862	219	1
3862	435	1
3862	77	1
3862	2862	1
3862	299	1
3862	2643	1
3862	349	1
3862	2544	1
3863	2571	1
3863	2970	1
3863	1565	1
3863	1064	1
3863	2987	1
3863	1186	1
3863	2967	1
3863	1314	1
3863	2943	1
3864	2457	1
3864	1314	1
3864	2943	1
3864	424	1
3865	2987	1
3866	2059	1
3866	1565	1
3866	2760	1
3866	2703	1
3866	2457	1
3866	450	1
3866	2987	1
3866	625	1
3866	1314	1
3866	2564	1
3866	437	1
3866	1081	1
3866	2935	1
3867	2059	1
3867	1565	1
3867	2457	1
3867	1449	1
3867	1186	1
3868	2857	1
3868	1565	1
3868	2457	1
3868	1929	1
3868	1753	1
3868	1314	1
3868	2564	1
3868	2943	1
3868	424	1
3869	1064	1
3869	2987	1
3869	1314	1
3869	2943	1
3870	1565	1
3870	515	1
3870	2457	1
3871	2987	1
3872	1790	1
3872	2643	1
3872	2763	1
3872	197	1
3872	689	1
3873	2857	1
3873	1881	1
3873	1761	1
3873	2520	1
3874	1014	1
3874	1881	1
3874	543	1
3874	2967	1
3874	1314	1
3874	437	1
3874	535	1
3874	644	1
3874	2520	1
3875	2976	1
3875	2857	1
3875	2967	1
3875	1351	1
3876	219	1
3876	1761	1
3876	2967	1
3877	219	1
3877	435	1
3877	1042	1
3877	2857	1
3877	700	1
3877	2154	1
3877	1314	1
3878	98	1
3878	1451	1
3878	2865	1
3878	2360	1
3878	592	1
3878	1639	1
3878	435	1
3878	2372	1
3878	116	1
3878	2643	1
3878	824	1
3878	3101	1
3878	3013	1
3878	1761	1
3878	75	1
3878	1314	1
3878	1307	1
3878	952	1
3878	1668	1
3878	2975	1
3878	1091	1
3879	592	1
3879	2328	1
3879	818	1
3879	2758	1
3879	2701	1
3879	2967	1
3879	75	1
3879	525	1
3879	584	1
3879	2544	1
3879	1612	1
3880	119	1
3880	2857	1
3880	118	1
3880	2967	1
3880	1314	1
3880	2980	1
3881	767	1
3881	774	1
3881	2687	1
3881	1565	1
3881	1947	1
3881	741	1
3881	364	1
3881	2457	1
3881	1998	1
3881	2757	1
3881	2987	1
3881	2196	1
3881	1186	1
3881	2967	1
3881	1314	1
3881	2786	1
3881	1765	1
3881	1533	1
3881	2943	1
3881	424	1
3881	359	1
3881	1696	1
3881	817	1
3882	1294	1
3882	2865	1
3882	1358	1
3882	2328	1
3882	918	1
3882	2395	1
3882	1639	1
3882	2653	1
3882	435	1
3882	2448	1
3882	2857	1
3882	543	1
3882	2634	1
3882	2703	1
3882	331	1
3882	2979	1
3882	2344	1
3882	2314	1
3882	2643	1
3882	2468	1
3882	1719	1
3882	1370	1
3882	45	1
3882	862	1
3882	1400	1
3882	3101	1
3882	319	1
3882	2203	1
3882	61	1
3882	2154	1
3882	1810	1
3882	2967	1
3882	2601	1
3882	1142	1
3882	1197	1
3882	2975	1
3882	745	1
3882	2363	1
3882	349	1
3882	1902	1
3882	1933	1
3882	2827	1
3882	2406	1
3882	915	1
3882	369	1
3882	1612	1
3883	619	1
3883	2699	1
3883	2457	1
3883	1611	1
3883	2746	1
3883	2987	1
3883	1186	1
3883	2248	1
3884	3057	1
3884	119	1
3884	230	1
3884	1433	1
3884	909	1
3884	2059	1
3884	2857	1
3884	1565	1
3884	1201	1
3884	543	1
3884	2344	1
3884	1449	1
3884	688	1
3884	1064	1
3884	2987	1
3884	1181	1
3884	1186	1
3884	145	1
3884	2348	1
3884	1563	1
3884	1444	1
3884	2440	1
3884	1197	1
3884	2325	1
3884	424	1
3884	1604	1
3884	535	1
3884	1520	1
3884	1372	1
3885	232	1
3885	219	1
3885	2857	1
3885	741	1
3885	1460	1
3885	543	1
3885	2457	1
3885	2701	1
3885	2746	1
3885	700	1
3885	2620	1
3885	2203	1
3885	2967	1
3885	75	1
3885	1314	1
3885	1197	1
3885	2055	1
3885	1351	1
3886	1667	1
3886	2970	1
3886	767	1
3886	694	1
3886	219	1
3886	1042	1
3886	741	1
3886	1460	1
3886	2791	1
3886	2945	1
3886	154	1
3886	2841	1
3886	2746	1
3886	1498	1
3886	2620	1
3886	2967	1
3886	1314	1
3886	2392	1
3886	2789	1
3886	2441	1
3886	1197	1
3886	2711	1
3886	535	1
3886	644	1
3886	2140	1
3886	497	1
3887	2643	1
3887	2763	1
3887	197	1
3887	1149	1
3887	1078	1
3888	2857	1
3888	543	1
3888	1345	1
3889	1790	1
3889	2643	1
3889	2763	1
3889	689	1
3889	1078	1
3890	1993	1
3890	1790	1
3890	2735	1
3890	2502	1
3890	2763	1
3890	1078	1
3891	1947	1
3891	2703	1
3891	2643	1
3891	197	1
3891	689	1
3892	2763	1
3892	197	1
3892	689	1
3892	1078	1
3893	1790	1
3893	2643	1
3893	2763	1
3893	584	1
3893	1078	1
3894	2763	1
3894	689	1
3895	1790	1
3895	1947	1
3895	2791	1
3895	2643	1
3895	2701	1
3895	689	1
3896	1993	1
3896	2643	1
3896	2916	1
3896	1149	1
3896	1619	1
3896	1078	1
3897	2907	1
3897	2712	1
3897	1271	1
3898	170	1
3898	2976	1
3898	2598	1
3898	1187	1
3898	2344	1
3898	394	1
3898	756	1
3898	2197	1
3898	1518	1
3898	2253	1
3898	1356	1
3898	2708	1
3898	1761	1
3898	1640	1
3898	158	1
3898	2348	1
3898	1314	1
3898	917	1
3898	1438	1
3898	2789	1
3898	437	1
3898	2520	1
3898	2176	1
3899	938	1
3899	2967	1
3899	1314	1
3900	401	1
3900	2119	1
3900	119	1
3900	219	1
3900	435	1
3900	2150	1
3900	116	1
3900	1881	1
3900	1826	1
3900	1345	1
3900	2457	1
3900	2344	1
3900	1611	1
3900	2937	1
3900	2268	1
3900	2326	1
3900	1400	1
3900	1186	1
3900	1444	1
3900	75	1
3900	1314	1
3900	1103	1
3900	437	1
3900	2441	1
3900	1197	1
3901	2571	1
3901	2059	1
3901	1345	1
3901	2457	1
3901	1449	1
3902	3100	1
3902	2857	1
3902	1565	1
3902	802	1
3902	1079	1
3902	543	1
3902	1345	1
3902	1400	1
3902	1186	1
3902	1443	1
3902	2440	1
3902	1197	1
3903	2976	1
3903	2598	1
3903	119	1
3903	1042	1
3903	757	1
3903	2551	1
3903	2457	1
3903	756	1
3903	2296	1
3903	2620	1
3903	437	1
3903	111	1
3903	764	1
3904	219	1
3904	757	1
3904	1400	1
3904	2520	1
3905	920	1
3905	1790	1
3905	1947	1
3905	2275	1
3905	2791	1
3905	2763	1
3905	689	1
3905	2852	1
3906	1790	1
3906	2643	1
3906	2763	1
3907	3100	1
3907	2571	1
3907	2857	1
3907	2502	1
3907	116	1
3907	543	1
3907	2457	1
3907	2597	1
3907	2987	1
3907	1186	1
3907	2943	1
3908	2059	1
3908	2987	1
3908	2943	1
3909	1790	1
3909	2643	1
3909	2763	1
3909	1078	1
3910	2643	1
3910	197	1
3910	689	1
3910	1078	1
3911	2763	1
3911	1149	1
3911	689	1
3911	1078	1
3912	920	1
3912	1790	1
3912	2735	1
3912	2643	1
3912	936	1
3912	1619	1
3912	689	1
3912	1078	1
3913	2643	1
3913	197	1
3913	936	1
3913	689	1
3913	1078	1
3914	1294	1
3914	592	1
3914	1947	1
3914	2735	1
3914	2275	1
3914	2701	1
3914	2852	1
3914	1078	1
3915	1149	1
3915	2967	1
3915	75	1
3915	584	1
3916	2857	1
3916	1079	1
3916	1149	1
3916	2130	1
3917	98	1
3917	1667	1
3917	2976	1
3917	920	1
3917	767	1
3917	2857	1
3917	2680	1
3917	543	1
3917	2703	1
3917	1611	1
3917	1063	1
3917	2757	1
3917	45	1
3917	1400	1
3917	1761	1
3917	164	1
3917	917	1
3918	2763	1
3918	689	1
3918	1078	1
3919	689	1
3920	2763	1
3920	689	1
3921	2763	1
3921	1379	1
3921	689	1
3922	2763	1
3922	1379	1
3922	689	1
3923	2763	1
3923	689	1
3924	551	1
3924	232	1
3924	1042	1
3924	2857	1
3924	741	1
3924	1079	1
3924	116	1
3924	45	1
3924	1400	1
3924	1149	1
3925	2701	1
3925	45	1
3925	1149	1
3925	75	1
3925	1314	1
3925	584	1
3926	1016	1
3926	689	1
3926	2741	1
3927	2763	1
3927	689	1
3928	2763	1
3929	2763	1
3929	689	1
3930	2763	1
3930	689	1
3931	2763	1
3931	689	1
3932	1294	1
3932	920	1
3932	1685	1
3932	2735	1
3932	1149	1
3933	2763	1
3933	689	1
3934	2763	1
3934	146	1
3934	1016	1
3934	689	1
3934	1078	1
3935	2763	1
3935	1016	1
3935	689	1
3936	2791	1
3936	2763	1
3936	2701	1
3936	1379	1
3936	1078	1
3936	3119	1
3937	1345	1
3937	1149	1
3937	2967	1
3937	2789	1
3937	1197	1
3938	2331	1
3938	2763	1
3938	1379	1
3939	435	1
3939	2857	1
3939	876	1
3939	1149	1
3939	2348	1
3939	2967	1
3939	75	1
3939	1197	1
3939	1351	1
3940	2414	1
3940	232	1
3940	230	1
3940	653	1
3940	2551	1
3940	2791	1
3940	1356	1
3940	862	1
3940	2967	1
3940	75	1
3940	437	1
3940	1612	1
3941	2976	1
3941	767	1
3941	653	1
3941	1511	1
3941	111	1
3942	435	1
3942	1761	1
3942	2967	1
3942	1314	1
3942	111	1
3943	1345	1
3943	2967	1
3943	75	1
3943	2789	1
3943	1351	1
3944	2538	1
3944	178	1
3944	435	1
3944	940	1
3944	2857	1
3944	543	1
3944	2344	1
3944	2268	1
3944	305	1
3944	2967	1
3944	1432	1
3944	1086	1
3944	2789	1
3944	1197	1
3945	2970	1
3945	767	1
3945	909	1
3945	435	1
3945	2857	1
3945	1881	1
3945	543	1
3945	1400	1
3945	2348	1
3945	1563	1
3945	1314	1
3945	2789	1
3945	2248	1
3945	2520	1
3946	809	1
3946	2970	1
3946	909	1
3946	435	1
3946	2551	1
3946	543	1
3946	1345	1
3946	2967	1
3946	1314	1
3947	219	1
3947	1433	1
3947	2857	1
3947	1345	1
3947	2701	1
3947	2967	1
3947	1314	1
3947	2789	1
3947	1197	1
3947	2520	1
3948	2857	1
3948	543	1
3948	1345	1
3948	1563	1
3948	2967	1
3948	1197	1
3949	2551	1
3949	1345	1
3950	435	1
3950	2857	1
3950	1356	1
3950	1314	1
3950	777	1
3951	1684	1
3951	119	1
3951	2857	1
3951	715	1
3951	1611	1
3951	2746	1
3951	1356	1
3951	722	1
3951	1314	1
3951	1197	1
3951	418	1
3952	435	1
3952	2502	1
3952	1356	1
3952	722	1
3952	2967	1
3952	1197	1
3953	809	1
3953	1684	1
3953	435	1
3953	2857	1
3953	2502	1
3953	715	1
3953	1197	1
3953	1479	1
3954	543	1
3954	2746	1
3954	1356	1
3954	2967	1
3954	1314	1
3954	1197	1
3955	435	1
3955	1356	1
3956	2857	1
3956	1356	1
3956	2967	1
3956	1314	1
3956	1197	1
3957	435	1
3957	2502	1
3957	1356	1
3957	1314	1
3957	1197	1
3958	2862	1
3958	2791	1
3958	2763	1
3958	1379	1
3958	1197	1
3958	689	1
3958	1078	1
3959	435	1
3959	1356	1
3959	2967	1
3959	1314	1
3960	1684	1
3960	435	1
3960	2502	1
3960	116	1
3960	2703	1
3960	950	1
3960	2296	1
3960	2967	1
3960	1314	1
3961	2502	1
3961	2746	1
3961	1314	1
3961	2789	1
3961	1197	1
3962	1356	1
3963	119	1
3963	2502	1
3963	1356	1
3963	2975	1
3964	435	1
3964	715	1
3964	1356	1
3964	2967	1
3964	1314	1
3965	119	1
3965	1356	1
3966	119	1
3966	1197	1
3966	2975	1
3967	1684	1
3967	2703	1
3967	715	1
3967	2746	1
3967	1356	1
3967	2967	1
3967	75	1
3967	525	1
3967	2975	1
3968	119	1
3968	1356	1
3968	2789	1
3969	525	1
3970	1684	1
3970	119	1
3970	435	1
3970	2502	1
3970	1356	1
3970	1314	1
3970	777	1
3970	525	1
3970	1689	1
3971	435	1
3971	2502	1
3971	2703	1
3971	2789	1
3971	525	1
3971	1197	1
3972	119	1
3972	435	1
3972	525	1
3973	1356	1
3973	75	1
3973	1314	1
3973	2789	1
3973	525	1
3974	119	1
3974	2502	1
3974	2967	1
3974	1314	1
3974	1197	1
3974	2975	1
3975	119	1
3975	2703	1
3975	1356	1
3975	1314	1
3976	2970	1
3976	1684	1
3976	2502	1
3976	1739	1
3976	2102	1
3976	2746	1
3976	2967	1
3976	2789	1
3976	1197	1
3976	2975	1
3976	1689	1
3977	119	1
3977	435	1
3977	715	1
3978	119	1
3978	435	1
3978	2502	1
3978	2703	1
3978	2967	1
3978	1314	1
3979	1356	1
3980	119	1
3980	1356	1
3980	1314	1
3980	2975	1
3981	1790	1
3981	2735	1
3981	2643	1
3981	2763	1
3981	1379	1
3981	689	1
3981	2852	1
3981	1078	1
3982	119	1
3982	2502	1
3982	1356	1
3982	2967	1
3982	1314	1
3983	920	1
3983	592	1
3983	1790	1
3983	2862	1
3983	2763	1
3983	1619	1
3983	1379	1
3983	2260	1
3983	1078	1
3983	3112	1
3984	1790	1
3984	1947	1
3984	2763	1
3984	689	1
3984	2852	1
3985	435	1
3985	2857	1
3985	2502	1
3985	2746	1
3985	2967	1
3985	1197	1
3986	119	1
3986	435	1
3986	1356	1
3986	1314	1
3986	1197	1
3986	1372	1
3987	119	1
3987	435	1
3987	2857	1
3987	1356	1
3987	1197	1
3988	2763	1
3988	689	1
3988	1078	1
3989	1356	1
3989	2967	1
3989	1432	1
3989	1314	1
3990	119	1
3990	435	1
3990	1356	1
3990	1197	1
3991	1356	1
3991	1314	1
3991	1197	1
3992	119	1
3992	435	1
3992	2857	1
3992	543	1
3992	2703	1
3992	715	1
3992	2344	1
3992	1611	1
3992	2296	1
3992	2746	1
3992	1356	1
3992	2967	1
3992	1432	1
3992	1197	1
3993	435	1
3993	1356	1
3994	435	1
3994	1356	1
3995	435	1
3995	1356	1
3996	1790	1
3996	197	1
3996	936	1
3996	1078	1
3997	119	1
3997	435	1
3997	1356	1
3997	1314	1
3998	435	1
3998	1356	1
3999	119	1
3999	435	1
3999	1042	1
3999	2502	1
3999	543	1
3999	2344	1
3999	2597	1
3999	2296	1
3999	2746	1
3999	1356	1
3999	2967	1
3999	1432	1
3999	2789	1
3999	777	1
4000	1684	1
4000	119	1
4000	435	1
4000	1042	1
4000	116	1
4000	2703	1
4000	715	1
4000	2597	1
4000	2296	1
4000	1356	1
4000	2967	1
4000	1314	1
4000	2789	1
4000	777	1
4001	1790	1
4001	1947	1
4001	2763	1
4001	2701	1
4001	689	1
4001	2852	1
4001	1078	1
4002	1790	1
4002	2643	1
4002	689	1
4002	1078	1
4003	1790	1
4003	2763	1
4003	936	1
4003	689	1
4003	1078	1
4004	1358	1
4004	592	1
4004	1938	1
4004	2960	1
4004	2735	1
4004	2862	1
4004	3033	1
4004	2275	1
4004	2634	1
4004	2394	1
4004	2791	1
4004	1567	1
4004	818	1
4004	75	1
4004	1668	1
4004	689	1
4004	1078	1
4004	369	1
4005	2275	1
4005	2643	1
4005	2763	1
4005	2916	1
4005	134	1
4005	689	1
4005	2852	1
4005	1078	1
4006	1947	1
4006	2735	1
4006	2643	1
4006	197	1
4006	936	1
4006	1078	1
4007	1947	1
4007	2763	1
4007	1078	1
4008	1790	1
4008	2643	1
4008	2763	1
4008	689	1
4009	2763	1
4009	197	1
4009	689	1
4010	1790	1
4010	2763	1
4010	689	1
4010	1078	1
4011	1790	1
4011	584	1
4011	689	1
4011	1078	1
4012	1790	1
4012	2643	1
4012	2763	1
4012	936	1
4012	1149	1
4012	1078	1
4013	1790	1
4013	1947	1
4013	2643	1
4013	2763	1
4013	689	1
4014	1947	1
4014	2763	1
4014	1379	1
4014	2852	1
4014	1078	1
4015	1947	1
4015	2735	1
4015	2791	1
4015	2643	1
4015	197	1
4015	952	1
4015	1379	1
4015	1078	1
4016	2763	1
4016	689	1
4017	1790	1
4017	2763	1
4017	2701	1
4017	1149	1
4017	1078	1
4018	592	1
4018	1790	1
4018	2763	1
4018	2916	1
4019	1790	1
4019	2344	1
4019	526	1
4019	693	1
4019	562	1
4019	794	1
4019	952	1
4019	584	1
4019	1078	1
4020	1790	1
4020	2862	1
4020	2643	1
4020	2916	1
4020	689	1
4021	2735	1
4021	2643	1
4021	138	1
4021	226	1
4021	1078	1
4022	920	1
4022	1609	1
4022	2603	1
4022	151	1
4022	1663	1
4022	2735	1
4022	2275	1
4022	715	1
4022	2305	1
4022	1853	1
4022	540	1
4022	3029	1
4022	1379	1
4022	584	1
4022	689	1
4022	2852	1
4022	1078	1
4023	1993	1
4023	1790	1
4023	2643	1
4023	2763	1
4023	197	1
4023	689	1
4024	85	1
4024	2735	1
4024	2275	1
4024	2763	1
4024	2305	1
4024	689	1
4025	1790	1
4025	2862	1
4025	2643	1
4025	2763	1
4025	689	1
4025	1078	1
4026	1947	1
4026	2735	1
4026	2763	1
4026	584	1
4026	1078	1
4027	1790	1
4027	1947	1
4027	689	1
4027	1078	1
4028	1790	1
4028	2735	1
4028	1149	1
4029	2763	1
4029	689	1
4029	1078	1
4030	2643	1
4030	2763	1
4030	197	1
4030	689	1
4030	1078	1
4031	1947	1
4031	2862	1
4031	2643	1
4031	2701	1
4031	689	1
4031	1078	1
4032	1790	1
4032	2643	1
4032	2763	1
4032	689	1
4032	1078	1
4033	1790	1
4033	2643	1
4033	197	1
4033	689	1
4033	1078	1
4034	1790	1
4034	2862	1
4034	2643	1
4034	2763	1
4034	689	1
4035	1947	1
4035	541	1
4035	2735	1
4035	2643	1
4035	2763	1
4035	2701	1
4035	2916	1
4035	689	1
4035	1078	1
4036	1940	1
4036	1947	1
4036	2331	1
4036	2791	1
4036	2763	1
4037	2331	1
4037	2763	1
4037	1149	1
4037	1379	1
4037	1078	1
4038	2763	1
4038	1379	1
4038	689	1
4039	592	1
4039	552	1
4039	435	1
4039	1790	1
4039	855	1
4039	2331	1
4039	2735	1
4039	2862	1
4039	2275	1
4039	2701	1
4039	1931	1
4039	1149	1
4039	1379	1
4039	689	1
4039	2299	1
4039	1078	1
4039	1461	1
4040	2735	1
4040	2275	1
4040	2763	1
4040	2968	1
4040	689	1
4040	1078	1
4040	3112	1
4041	1940	1
4041	2701	1
4041	689	1
4041	3119	1
4042	1016	1
4042	2916	1
4042	1379	1
4042	2968	1
4042	689	1
4042	2852	1
4043	2331	1
4043	1379	1
4043	1078	1
4044	3001	1
4044	2763	1
4044	689	1
4045	1790	1
4045	2862	1
4045	1078	1
4046	3001	1
4046	2763	1
4046	562	1
4046	1149	1
4046	689	1
4046	1078	1
4047	2865	1
4047	119	1
4047	435	1
4047	940	1
4047	2857	1
4047	2502	1
4047	2703	1
4047	2344	1
4047	3086	1
4047	2102	1
4047	2065	1
4047	1314	1
4047	2422	1
4047	525	1
4047	1197	1
4047	1689	1
4047	2130	1
4048	119	1
4048	435	1
4048	696	1
4048	2502	1
4048	2967	1
4048	1197	1
4049	1790	1
4049	2331	1
4049	689	1
4050	2763	1
4050	1379	1
4050	689	1
4051	1684	1
4051	696	1
4051	2502	1
4051	2703	1
4051	715	1
4051	1356	1
4051	2975	1
4051	1689	1
4052	435	1
4052	696	1
4052	2502	1
4052	116	1
4052	1356	1
4052	2967	1
4052	2975	1
4052	1689	1
4053	2890	1
4053	2763	1
4053	562	1
4053	689	1
4053	1078	1
4054	2331	1
4054	1379	1
4054	689	1
4055	119	1
4055	435	1
4055	2502	1
4055	2703	1
4055	715	1
4055	2746	1
4056	2331	1
4056	1149	1
4056	689	1
4057	1790	1
4057	1379	1
4057	689	1
4058	2331	1
4058	2763	1
4058	689	1
4059	119	1
4059	2502	1
4059	2703	1
4059	715	1
4059	2746	1
4059	2967	1
4059	525	1
4060	85	1
4060	1294	1
4060	1790	1
4060	2960	1
4060	1947	1
4060	2735	1
4060	2862	1
4060	2763	1
4060	1379	1
4060	1078	1
4061	592	1
4061	2643	1
4061	2763	1
4061	2916	1
4061	689	1
4061	2852	1
4062	1294	1
4062	592	1
4062	2735	1
4062	2275	1
4062	689	1
4063	3084	1
4063	2331	1
4063	2763	1
4063	1853	1
4063	104	1
4063	1197	1
4063	1078	1
4064	555	1
4064	809	1
4064	1684	1
4064	767	1
4064	551	1
4064	232	1
4064	219	1
4064	435	1
4064	2857	1
4064	118	1
4064	1947	1
4064	741	1
4064	3084	1
4064	2486	1
4064	2703	1
4064	715	1
4064	1271	1
4064	1883	1
4064	2268	1
4064	936	1
4064	2746	1
4064	2967	1
4064	75	1
4064	1314	1
4064	1523	1
4064	2789	1
4064	777	1
4064	535	1
4064	1902	1
4064	954	1
4065	920	1
4065	592	1
4065	219	1
4065	435	1
4065	77	1
4065	3084	1
4065	2502	1
4065	2275	1
4065	543	1
4065	1345	1
4065	2791	1
4065	2701	1
4065	2620	1
4065	512	1
4065	1149	1
4065	2967	1
4065	75	1
4065	952	1
4065	1363	1
4065	1197	1
4065	349	1
4065	1479	1
4066	1294	1
4066	435	1
4066	1042	1
4066	2857	1
4066	706	1
4066	1856	1
4066	1079	1
4066	543	1
4066	2791	1
4066	2344	1
4066	936	1
4066	2701	1
4066	2746	1
4066	512	1
4066	1149	1
4066	1314	1
4066	1363	1
4066	1197	1
4066	584	1
4066	954	1
4067	1294	1
4067	1667	1
4067	920	1
4067	2068	1
4067	592	1
4067	2857	1
4067	2862	1
4067	2344	1
4067	2746	1
4067	45	1
4067	2203	1
4067	1149	1
4067	1314	1
4067	1689	1
4067	2130	1
4068	2857	1
4068	543	1
4068	2620	1
4068	75	1
4068	1314	1
4068	1197	1
4069	1790	1
4069	706	1
4069	1693	1
4070	219	1
4070	2908	1
4070	1042	1
4070	2857	1
4070	1790	1
4070	118	1
4070	741	1
4070	2150	1
4070	2457	1
4070	2643	1
4070	2701	1
4070	2296	1
4070	2757	1
4070	1400	1
4070	2967	1
4070	1314	1
4070	1344	1
4070	1197	1
4070	2734	1
4070	418	1
4070	2130	1
4070	903	1
4071	2068	1
4071	1790	1
4071	706	1
4071	2275	1
4071	299	1
4071	429	1
4071	1734	1
4071	1693	1
4071	2677	1
4071	2108	1
4071	2734	1
4071	2741	1
4072	2502	1
4072	1035	1
4072	936	1
4072	2154	1
4072	2967	1
4072	75	1
4072	952	1
4072	2734	1
4072	1902	1
4073	98	1
4073	1294	1
4073	2538	1
4073	2068	1
4073	1684	1
4073	551	1
4073	287	1
4073	1162	1
4073	435	1
4073	1042	1
4073	1790	1
4073	77	1
4073	706	1
4073	910	1
4073	2735	1
4073	2502	1
4073	543	1
4073	2703	1
4073	2643	1
4073	2296	1
4073	1017	1
4073	1356	1
4073	2620	1
4073	3046	1
4073	3035	1
4073	2196	1
4073	2370	1
4073	2967	1
4073	952	1
4073	2734	1
4073	349	1
4073	2299	1
4073	2406	1
4073	3136	1
4074	1790	1
4074	2960	1
4074	1947	1
4074	2763	1
4074	1149	1
4074	1078	1
4075	592	1
4075	435	1
4075	2857	1
4075	1149	1
4075	75	1
4076	938	1
4076	1294	1
4076	1667	1
4076	119	1
4076	2857	1
4076	541	1
4076	2150	1
4076	967	1
4076	3033	1
4076	3133	1
4076	1079	1
4076	543	1
4076	715	1
4076	3021	1
4076	2643	1
4076	1611	1
4076	358	1
4076	2959	1
4076	2701	1
4076	2757	1
4076	2620	1
4076	2967	1
4076	75	1
4076	1314	1
4076	1561	1
4076	805	1
4076	437	1
4076	1197	1
4076	1689	1
4076	2827	1
4076	903	1
4077	2643	1
4077	2746	1
4077	722	1
4077	75	1
4077	2130	1
4078	767	1
4078	2150	1
4078	543	1
4078	2296	1
4078	45	1
4078	1356	1
4078	1400	1
4078	2967	1
4078	1314	1
4078	952	1
4079	1790	1
4079	1947	1
4079	2331	1
4079	2862	1
4079	2763	1
4079	936	1
4079	584	1
4079	1078	1
4080	1149	1
4080	2967	1
4080	75	1
4081	3100	1
4081	119	1
4081	940	1
4081	1042	1
4081	2857	1
4081	1327	1
4081	511	1
4081	653	1
4081	741	1
4081	2699	1
4081	2502	1
4081	543	1
4081	2703	1
4081	2791	1
4081	1123	1
4081	2344	1
4081	358	1
4081	2296	1
4081	2006	1
4081	2922	1
4081	2359	1
4081	1400	1
4081	1761	1
4081	746	1
4081	2967	1
4081	1314	1
4081	437	1
4081	2212	1
4081	2520	1
4081	1706	1
4081	177	1
4081	1119	1
4082	435	1
4082	2502	1
4082	543	1
4082	2967	1
4082	1314	1
4082	1344	1
4083	1583	1
4083	1947	1
4083	2344	1
4084	119	1
4084	3034	1
4084	1426	1
4084	2150	1
4084	45	1
4084	1586	1
4084	2370	1
4084	1314	1
4084	437	1
4085	2457	1
4085	2791	1
4085	2361	1
4085	1314	1
4085	437	1
4085	3141	1
4086	3084	1
4086	2275	1
4086	2791	1
4086	2701	1
4086	1149	1
4086	2967	1
4086	1197	1
4086	2130	1
4087	2068	1
4087	1162	1
4087	435	1
4087	2857	1
4087	2339	1
4087	116	1
4087	543	1
4087	2457	1
4087	2620	1
4087	1400	1
4087	1761	1
4087	1803	1
4087	75	1
4087	1314	1
4087	1511	1
4087	437	1
4087	584	1
4088	98	1
4088	592	1
4088	219	1
4088	910	1
4088	3084	1
4088	2643	1
4088	2746	1
4088	1400	1
4088	1149	1
4088	2967	1
4088	952	1
4088	584	1
4088	2734	1
4088	1902	1
4089	219	1
4089	3008	1
4089	2857	1
4089	194	1
4089	1397	1
4089	1265	1
4089	2701	1
4089	1400	1
4089	2967	1
4089	75	1
4089	1314	1
4089	298	1
4089	437	1
4089	111	1
4089	1197	1
4090	119	1
4090	435	1
4090	855	1
4090	1991	1
4090	2735	1
4090	2660	1
4090	2275	1
4090	2344	1
4090	2989	1
4090	2701	1
4090	2154	1
4090	75	1
4090	2587	1
4090	952	1
4090	1612	1
4091	2862	1
4091	2763	1
4091	689	1
4091	1078	1
4092	2763	1
4092	1379	1
4092	689	1
4092	1078	1
4093	2791	1
4093	2643	1
4093	2701	1
4093	1149	1
4093	2130	1
4094	592	1
4094	3084	1
4094	2701	1
4094	1149	1
4095	1947	1
4095	1478	1
4095	2701	1
4095	1149	1
4095	75	1
4095	2188	1
4095	1078	1
4096	2857	1
4096	3084	1
4096	75	1
4096	1362	1
4097	1294	1
4097	1042	1
4097	1460	1
4097	543	1
4097	2701	1
4097	1356	1
4097	1400	1
4097	1149	1
4097	2370	1
4097	2967	1
4097	75	1
4097	1363	1
4097	1362	1
4098	1294	1
4098	592	1
4098	435	1
4098	2857	1
4098	77	1
4098	1460	1
4098	2791	1
4098	2643	1
4098	2701	1
4098	1619	1
4098	2370	1
4098	75	1
4098	1314	1
4098	584	1
4098	1078	1
4099	1790	1
4099	197	1
4099	689	1
4099	1078	1
4100	2571	1
4100	1042	1
4100	1947	1
4100	3084	1
4100	543	1
4100	1478	1
4100	299	1
4100	2643	1
4100	936	1
4100	2646	1
4100	1149	1
4100	1197	1
4100	584	1
4100	1362	1
4100	1078	1
4101	592	1
4101	2857	1
4101	653	1
4101	3084	1
4101	543	1
4101	1345	1
4101	936	1
4101	1356	1
4101	1149	1
4101	1197	1
4101	1362	1
4101	2130	1
4102	592	1
4102	219	1
4102	2628	1
4102	2857	1
4102	741	1
4102	3084	1
4102	2150	1
4102	120	1
4102	2791	1
4102	2627	1
4102	2643	1
4102	936	1
4102	700	1
4102	1149	1
4102	75	1
4102	437	1
4102	1363	1
4102	1197	1
4102	1078	1
4102	1612	1
4103	938	1
4103	2703	1
4103	506	1
4103	2701	1
4104	2857	1
4104	2643	1
4104	2701	1
4104	1149	1
4105	232	1
4105	2857	1
4105	2078	1
4105	543	1
4105	2791	1
4105	1149	1
4105	1197	1
4105	359	1
4106	592	1
4106	219	1
4106	2857	1
4106	741	1
4106	1460	1
4106	1063	1
4106	1400	1
4106	2370	1
4106	75	1
4106	1523	1
4106	1363	1
4106	2083	1
4106	1059	1
4107	219	1
4107	3084	1
4107	1149	1
4108	562	1
4108	689	1
4109	2791	1
4109	2763	1
4109	1379	1
4109	689	1
4109	1078	1
4110	435	1
4110	2857	1
4110	2746	1
4110	1356	1
4111	1790	1
4111	2643	1
4111	197	1
4111	936	1
4111	1078	1
4112	1684	1
4112	119	1
4112	435	1
4112	2857	1
4112	2502	1
4112	2597	1
4112	1611	1
4112	2296	1
4112	1432	1
4112	1314	1
4112	777	1
4112	1197	1
4113	119	1
4113	435	1
4113	2502	1
4113	116	1
4113	715	1
4113	2344	1
4113	1611	1
4113	2746	1
4113	1356	1
4113	1432	1
4113	2789	1
4113	1197	1
4114	1874	1
4114	2857	1
4114	2296	1
4114	2746	1
4114	2967	1
4115	435	1
4115	2699	1
4115	543	1
4115	1611	1
4115	655	1
4115	2746	1
4115	1356	1
4115	1314	1
4115	1344	1
4116	2371	1
4116	219	1
4116	2857	1
4116	741	1
4116	2486	1
4116	2150	1
4116	116	1
4116	1817	1
4116	715	1
4116	2344	1
4116	358	1
4116	2620	1
4116	1586	1
4116	2967	1
4116	1197	1
4117	435	1
4117	2857	1
4117	2502	1
4117	543	1
4117	1356	1
4117	2967	1
4117	1344	1
4117	1197	1
4118	767	1
4118	435	1
4118	2857	1
4118	2699	1
4118	2502	1
4118	2551	1
4118	543	1
4118	655	1
4118	2746	1
4118	1356	1
4118	75	1
4118	1314	1
4118	1479	1
4119	435	1
4119	2857	1
4119	543	1
4119	1611	1
4119	655	1
4119	1356	1
4119	2967	1
4119	1197	1
4120	219	1
4120	435	1
4120	2502	1
4120	543	1
4120	1345	1
4120	1611	1
4120	655	1
4120	455	1
4120	2701	1
4120	722	1
4120	2967	1
4120	1344	1
4120	1197	1
4120	535	1
4120	1479	1
4121	435	1
4121	1042	1
4121	2857	1
4121	653	1
4121	2502	1
4121	543	1
4121	2703	1
4121	1356	1
4121	2620	1
4121	2967	1
4121	1197	1
4122	435	1
4122	543	1
4122	1344	1
4123	219	1
4123	435	1
4123	2857	1
4123	741	1
4123	2502	1
4123	543	1
4123	2746	1
4123	1356	1
4123	1197	1
4124	435	1
4124	2857	1
4124	2703	1
4124	2296	1
4124	1356	1
4124	1197	1
4124	2642	1
4125	435	1
4125	2857	1
4125	1739	1
4125	2296	1
4125	2746	1
4125	2967	1
4126	435	1
4126	2857	1
4126	2502	1
4126	655	1
4126	2967	1
4126	1314	1
4126	1344	1
4126	1197	1
4127	543	1
4127	1356	1
4127	1197	1
4128	2857	1
4128	2746	1
4128	2967	1
4128	1344	1
4129	1684	1
4129	1380	1
4129	940	1
4129	2857	1
4129	543	1
4129	655	1
4129	2296	1
4129	1356	1
4129	1234	1
4129	1314	1
4129	1344	1
4129	1197	1
4130	435	1
4130	2502	1
4130	543	1
4130	1345	1
4130	2746	1
4130	2967	1
4130	1197	1
4131	435	1
4131	2502	1
4131	1356	1
4131	2967	1
4132	543	1
4132	1345	1
4132	2746	1
4132	1344	1
4132	1197	1
4133	435	1
4133	2857	1
4133	543	1
4133	1344	1
4134	4	1
4134	219	1
4134	435	1
4134	2908	1
4134	1042	1
4134	2699	1
4134	2502	1
4134	543	1
4134	2296	1
4134	2746	1
4134	722	1
4134	1344	1
4134	1197	1
4134	1479	1
4135	1684	1
4135	435	1
4135	2857	1
4135	2699	1
4135	543	1
4135	2967	1
4135	1314	1
4135	1344	1
4135	1372	1
4136	435	1
4136	1042	1
4136	741	1
4136	2502	1
4136	2693	1
4136	83	1
4136	543	1
4136	1611	1
4136	655	1
4136	2967	1
4136	1314	1
4136	1344	1
4136	1197	1
4136	1479	1
4136	1372	1
4137	435	1
4137	2502	1
4137	543	1
4137	1611	1
4137	2296	1
4137	2746	1
4137	1344	1
4137	1197	1
4137	1372	1
4138	1356	1
4139	2502	1
4139	543	1
4139	1356	1
4140	1356	1
4141	1739	1
4141	1314	1
4142	435	1
4142	2703	1
4142	1739	1
4142	655	1
4142	2585	1
4142	2130	1
4143	435	1
4143	1356	1
4143	1314	1
4144	119	1
4144	435	1
4144	2502	1
4144	116	1
4144	1356	1
4145	435	1
4145	116	1
4145	1356	1
4145	1314	1
4146	1379	1
4146	689	1
4146	1078	1
4147	2735	1
4147	2862	1
4147	2190	1
4147	2643	1
4147	2763	1
4147	936	1
4147	2701	1
4147	2916	1
4147	1149	1
4147	1379	1
4147	2852	1
4148	2338	1
4148	1790	1
4148	1947	1
4148	3084	1
4148	2735	1
4148	2275	1
4148	526	1
4148	936	1
4148	1078	1
4149	98	1
4149	685	1
4149	2571	1
4149	2865	1
4149	1358	1
4149	2119	1
4149	2068	1
4149	219	1
4149	918	1
4149	435	1
4149	3008	1
4149	2857	1
4149	1296	1
4149	741	1
4149	2150	1
4149	1079	1
4149	116	1
4149	543	1
4149	2945	1
4149	715	1
4149	1449	1
4149	1356	1
4149	1400	1
4149	2203	1
4149	2967	1
4149	2247	1
4149	1197	1
4149	2943	1
4149	1386	1
4149	349	1
4149	1902	1
4149	472	1
4150	2857	1
4150	2699	1
4150	543	1
4150	1314	1
4150	1344	1
4150	1197	1
4151	435	1
4151	2857	1
4151	2699	1
4151	2502	1
4151	543	1
4151	1356	1
4151	722	1
4151	2967	1
4151	1197	1
4152	2976	1
4153	98	1
4153	2538	1
4153	2862	1
4153	421	1
4153	349	1
4153	316	1
4154	3001	1
4154	1940	1
4154	2763	1
4154	2305	1
4154	689	1
4155	119	1
4155	2857	1
4155	1790	1
4155	1985	1
4155	2735	1
4155	1149	1
4155	2154	1
4155	3130	1
4155	75	1
4155	1314	1
4155	1300	1
4155	2130	1
4156	3100	1
4156	3057	1
4156	119	1
4156	230	1
4156	2059	1
4156	1042	1
4156	1565	1
4156	741	1
4156	2502	1
4156	1079	1
4156	116	1
4156	2334	1
4156	543	1
4156	2344	1
4156	1611	1
4156	1064	1
4156	517	1
4156	2953	1
4156	2701	1
4156	2746	1
4156	2987	1
4156	2620	1
4156	1400	1
4156	1186	1
4156	1563	1
4156	2967	1
4156	75	1
4156	952	1
4156	1197	1
4156	2943	1
4156	1604	1
4156	359	1
4156	1351	1
4157	3100	1
4157	2970	1
4157	219	1
4157	435	1
4157	2857	1
4157	1460	1
4157	543	1
4157	2344	1
4157	1972	1
4157	2643	1
4157	1400	1
4157	1149	1
4157	2967	1
4157	75	1
4157	437	1
4158	116	1
4158	2703	1
4158	2701	1
4158	1400	1
4158	61	1
4158	2879	1
4158	2967	1
4158	1314	1
4158	952	1
4158	472	1
4159	767	1
4159	2457	1
4159	1063	1
4159	2967	1
4159	75	1
4159	1314	1
4159	2973	1
4160	2857	1
4160	2701	1
4160	1149	1
4160	75	1
4161	435	1
4161	2857	1
4161	543	1
4161	145	1
4161	2967	1
4161	1314	1
4161	1197	1
4161	1351	1
4162	2970	1
4162	435	1
4162	940	1
4162	2857	1
4162	2457	1
4162	1314	1
4162	1197	1
4163	1356	1
4164	2857	1
4164	543	1
4164	1149	1
4164	75	1
4165	2857	1
4165	1790	1
4165	2481	1
4165	2701	1
4166	335	1
4166	1149	1
4166	2967	1
4166	75	1
4167	2857	1
4167	2220	1
4167	3084	1
4167	2791	1
4167	299	1
4167	936	1
4167	2746	1
4167	1356	1
4167	335	1
4167	611	1
4167	1149	1
4167	75	1
4168	2857	1
4168	1149	1
4168	2967	1
4168	75	1
4169	2857	1
4169	2701	1
4169	1149	1
4169	75	1
4170	2857	1
4170	2701	1
4170	1149	1
4170	75	1
4171	2857	1
4171	2220	1
4171	1149	1
4171	2967	1
4171	1197	1
4172	2857	1
4172	1149	1
4172	75	1
4173	3060	1
4173	2857	1
4173	2967	1
4173	75	1
4173	642	1
4174	1661	1
4174	2857	1
4174	2220	1
4174	3084	1
4174	2862	1
4174	820	1
4174	247	1
4174	1032	1
4174	2481	1
4174	936	1
4174	335	1
4174	1149	1
4174	2154	1
4174	1287	1
4174	1538	1
4174	2967	1
4174	1955	1
4174	642	1
4174	2407	1
4175	1859	1
4175	767	1
4175	1661	1
4175	3060	1
4175	435	1
4175	2908	1
4175	1947	1
4175	741	1
4175	2862	1
4175	2150	1
4175	543	1
4175	1345	1
4175	2457	1
4175	299	1
4175	2643	1
4175	820	1
4175	899	1
4175	936	1
4175	2602	1
4175	1356	1
4175	335	1
4175	2646	1
4175	951	1
4175	611	1
4175	1287	1
4175	2967	1
4175	75	1
4175	2432	1
4175	1363	1
4175	1197	1
4175	2248	1
4175	2734	1
4175	1966	1
4175	2797	1
4175	1902	1
4175	2130	1
4175	2407	1
4176	2857	1
4176	2701	1
4176	1149	1
4176	75	1
4177	3060	1
4177	3084	1
4177	2746	1
4177	335	1
4177	1761	1
4177	1149	1
4177	2967	1
4177	75	1
4177	1197	1
4177	1351	1
4177	2130	1
4177	642	1
4178	1667	1
4178	2857	1
4178	124	1
4178	2643	1
4178	2701	1
4178	1149	1
4178	2154	1
4178	2734	1
4179	2857	1
4179	2701	1
4179	1149	1
4179	75	1
4180	1667	1
4180	1790	1
4180	2078	1
4180	820	1
4180	2481	1
4180	2701	1
4180	1400	1
4180	1619	1
4180	1612	1
4181	219	1
4181	3060	1
4181	2857	1
4181	741	1
4181	2701	1
4181	1356	1
4181	1149	1
4181	75	1
4182	2857	1
4182	1149	1
4182	75	1
4183	2857	1
4183	2701	1
4183	1149	1
4183	75	1
4184	2862	1
4184	818	1
4184	75	1
4185	3060	1
4185	2857	1
4185	2220	1
4185	335	1
4185	1149	1
4185	75	1
4185	1197	1
4185	642	1
4186	2857	1
4186	2701	1
4186	1149	1
4186	75	1
4187	2857	1
4187	2701	1
4187	1149	1
4187	75	1
4188	2857	1
4188	2701	1
4188	1149	1
4188	75	1
4189	2857	1
4189	2701	1
4189	1149	1
4189	75	1
4190	2857	1
4190	2701	1
4190	1149	1
4190	75	1
4191	2857	1
4191	2701	1
4191	1149	1
4191	75	1
4192	3060	1
4192	2220	1
4192	2862	1
4192	1145	1
4192	1032	1
4192	335	1
4192	2967	1
4192	1902	1
4192	642	1
4192	2407	1
4193	2857	1
4193	2701	1
4193	1149	1
4193	75	1
4194	1149	1
4194	2967	1
4194	75	1
4194	2734	1
4194	1902	1
4195	2857	1
4195	2701	1
4195	1149	1
4195	75	1
4196	1449	1
4196	2643	1
4196	2987	1
4196	3098	1
4196	2602	1
4196	1149	1
4196	75	1
4196	2130	1
4197	2857	1
4197	2701	1
4197	1149	1
4197	75	1
4198	2701	1
4198	1149	1
4198	75	1
4199	2857	1
4199	2457	1
4199	1149	1
4199	75	1
4199	1363	1
4199	1197	1
4200	2857	1
4200	2701	1
4200	2154	1
4200	75	1
4200	1902	1
4201	592	1
4201	2857	1
4201	910	1
4201	2862	1
4201	2150	1
4201	2643	1
4201	1032	1
4201	2701	1
4201	335	1
4201	1149	1
4201	2967	1
4201	1314	1
4201	1363	1
4201	2083	1
4202	3060	1
4202	2857	1
4202	1149	1
4202	75	1
4203	1149	1
4203	2154	1
4203	2967	1
4203	2734	1
4203	1902	1
4204	2857	1
4204	2481	1
4204	1149	1
4205	85	1
4205	2331	1
4205	2862	1
4206	1790	1
4206	2763	1
4206	689	1
4206	1078	1
4207	1947	1
4207	2643	1
4207	197	1
4207	936	1
4207	1078	1
4208	1790	1
4208	2763	1
4208	689	1
4208	1078	1
4209	1790	1
4209	2763	1
4209	689	1
4209	1078	1
4210	2763	1
4210	689	1
4210	1078	1
4211	2976	1
4211	947	1
4211	551	1
4211	287	1
4211	435	1
4211	430	1
4211	1254	1
4211	2857	1
4211	544	1
4211	875	1
4211	2699	1
4211	2551	1
4211	715	1
4211	2772	1
4211	2296	1
4211	252	1
4211	1586	1
4211	2087	1
4211	1314	1
4211	2392	1
4211	2194	1
4211	1523	1
4211	1034	1
4211	1024	1
4211	1008	1
4211	2520	1
4212	1684	1
4212	1500	1
4212	119	1
4212	287	1
4212	430	1
4212	2857	1
4212	1014	1
4212	2486	1
4212	544	1
4212	2699	1
4212	2280	1
4212	1345	1
4212	1488	1
4212	1139	1
4212	1846	1
4212	3085	1
4212	2746	1
4212	2253	1
4212	1356	1
4212	1586	1
4212	1314	1
4212	2194	1
4212	777	1
4212	1351	1
4212	1008	1
4212	2520	1
4212	1783	1
4213	2164	1
4213	435	1
4213	2141	1
4213	1794	1
4213	1457	1
4213	903	1
4214	421	1
4214	1697	1
4214	1065	1
4214	2620	1
4215	3100	1
4215	1500	1
4215	551	1
4215	723	1
4215	725	1
4215	230	1
4215	1183	1
4215	219	1
4215	2857	1
4215	1790	1
4215	511	1
4215	2486	1
4215	649	1
4215	925	1
4215	708	1
4215	2344	1
4215	950	1
4215	354	1
4215	2597	1
4215	2630	1
4215	2701	1
4215	2296	1
4215	2359	1
4215	588	1
4215	1437	1
4215	951	1
4215	1149	1
4215	3061	1
4215	1210	1
4215	1538	1
4215	2967	1
4215	75	1
4215	1314	1
4215	952	1
4215	418	1
4215	472	1
4216	1042	1
4216	2141	1
4216	2296	1
4217	2976	1
4218	1790	1
4218	2701	1
4218	1149	1
4218	2967	1
4218	75	1
4218	584	1
4219	551	1
4219	287	1
4219	2857	1
4219	1790	1
4219	2568	1
4219	1032	1
4219	1356	1
4219	2620	1
4219	335	1
4219	951	1
4219	1149	1
4219	722	1
4219	2967	1
4219	75	1
4219	1197	1
4219	2734	1
4219	2130	1
4220	119	1
4220	2606	1
4220	2857	1
4220	2844	1
4220	543	1
4220	2703	1
4220	2457	1
4220	2114	1
4220	394	1
4220	1611	1
4220	3128	1
4220	459	1
4220	1356	1
4220	1400	1
4220	2040	1
4220	2967	1
4220	1314	1
4220	1507	1
4220	1197	1
4220	2489	1
4220	2248	1
4220	1604	1
4220	72	1
4220	1372	1
4221	2976	1
4221	2857	1
4221	543	1
4221	2620	1
4221	1761	1
4222	839	1
4222	435	1
4222	1995	1
4222	511	1
4222	2699	1
4222	2457	1
4222	2597	1
4222	1611	1
4222	2967	1
4222	75	1
4222	1314	1
4222	1507	1
4222	1902	1
4223	1639	1
4223	435	1
4223	1568	1
4223	940	1
4223	1460	1
4223	1881	1
4223	1345	1
4223	836	1
4223	489	1
4223	2668	1
4223	1935	1
4223	75	1
4223	2784	1
4223	952	1
4223	2876	1
4223	924	1
4223	1197	1
4223	2614	1
4223	168	1
4223	2648	1
4224	2693	1
4224	2378	1
4224	6	1
4224	1761	1
4224	2967	1
4224	1314	1
4225	3100	1
4225	2976	1
4225	551	1
4225	435	1
4225	940	1
4225	1014	1
4225	2296	1
4225	1400	1
4225	1101	1
4225	2967	1
4225	1314	1
4225	777	1
4225	1197	1
4225	1902	1
4226	2976	1
4226	2880	1
4226	1101	1
4227	1425	1
4228	2331	1
4228	1379	1
4228	1078	1
4229	2763	1
4229	689	1
4229	1078	1
4230	2414	1
4230	2976	1
4230	592	1
4230	2198	1
4230	119	1
4230	2534	1
4230	435	1
4230	2502	1
4230	3020	1
4230	2344	1
4230	1787	1
4230	824	1
4230	2701	1
4230	2556	1
4230	45	1
4230	2369	1
4230	1761	1
4230	2160	1
4230	2967	1
4230	1444	1
4230	2392	1
4230	1523	1
4230	111	1
4230	777	1
4230	253	1
4230	1802	1
4230	1703	1
4230	349	1
4230	2648	1
4230	921	1
4230	1612	1
4231	1790	1
4231	2701	1
4231	1149	1
4231	689	1
4231	1078	1
4232	1790	1
4232	1947	1
4232	2643	1
4232	2763	1
4232	1078	1
4233	1790	1
4233	1940	1
4233	1991	1
4233	2791	1
4233	2643	1
4233	2763	1
4233	197	1
4233	584	1
4234	1790	1
4234	2763	1
4234	936	1
4234	1078	1
4235	2763	1
4235	197	1
4235	936	1
4235	2959	1
4235	2701	1
4235	1149	1
4235	689	1
4235	1078	1
4236	2735	1
4236	2275	1
4236	2347	1
4236	2872	1
4236	936	1
4236	226	1
4236	689	1
4236	1078	1
4236	582	1
4237	1790	1
4237	1947	1
4237	2331	1
4237	197	1
4237	689	1
4238	3100	1
4238	2976	1
4238	435	1
4238	2502	1
4238	1345	1
4238	1586	1
4238	1344	1
4238	437	1
4239	3100	1
4239	119	1
4239	435	1
4239	2857	1
4239	1014	1
4239	741	1
4239	3084	1
4239	2502	1
4239	1345	1
4239	715	1
4239	1611	1
4239	1442	1
4239	1356	1
4239	1761	1
4239	3046	1
4239	2967	1
4239	1314	1
4239	2392	1
4239	1523	1
4239	2789	1
4239	1344	1
4239	437	1
4239	2520	1
4240	3100	1
4240	1183	1
4240	437	1
4240	2520	1
4241	1761	1
4241	145	1
4241	2348	1
4241	2392	1
4241	111	1
4242	1790	1
4242	2643	1
4242	936	1
4242	2916	1
4242	226	1
4242	689	1
4242	1078	1
4243	1013	1
4244	592	1
4244	2960	1
4244	2735	1
4244	2275	1
4244	2701	1
4244	584	1
4244	689	1
4244	2260	1
4244	1078	1
4245	1790	1
4245	1947	1
4245	2763	1
4245	2916	1
4245	2852	1
4245	1078	1
4246	1947	1
4246	2643	1
4246	2763	1
4246	197	1
4246	2916	1
4247	1790	1
4247	2763	1
4247	1379	1
4248	1684	1
4248	119	1
4248	435	1
4248	2857	1
4248	2701	1
4248	1356	1
4248	2967	1
4248	2789	1
4248	1197	1
4248	2734	1
4249	555	1
4249	2119	1
4249	2970	1
4249	1992	1
4249	529	1
4249	2957	1
4249	1856	1
4249	3034	1
4249	967	1
4249	1915	1
4249	2020	1
4249	3133	1
4249	1072	1
4249	819	1
4249	1734	1
4249	2810	1
4249	134	1
4249	906	1
4249	2370	1
4249	1432	1
4249	2247	1
4249	1324	1
4249	1197	1
4249	584	1
4249	2300	1
4249	2827	1
4250	435	1
4250	2502	1
4250	75	1
4250	1314	1
4250	2975	1
4251	2068	1
4251	1684	1
4251	592	1
4251	2960	1
4251	2735	1
4251	2150	1
4251	224	1
4251	2703	1
4251	2701	1
4251	2620	1
4251	1149	1
4251	1554	1
4251	2842	1
4251	584	1
4252	435	1
4252	2857	1
4252	2979	1
4252	2701	1
4252	45	1
4252	2842	1
4252	75	1
4252	584	1
4252	1612	1
4253	2763	1
4253	689	1
4254	1294	1
4254	920	1
4254	119	1
4254	1162	1
4254	435	1
4254	1896	1
4254	2150	1
4254	1079	1
4254	2703	1
4254	715	1
4254	2344	1
4254	3009	1
4254	358	1
4254	1370	1
4254	2701	1
4254	1149	1
4254	1314	1
4254	349	1
4255	1790	1
4255	2862	1
4255	2643	1
4255	689	1
4256	2150	1
4256	2979	1
4256	1149	1
4256	2154	1
4256	1283	1
4257	1379	1
4257	689	1
4258	1667	1
4258	2970	1
4258	435	1
4258	706	1
4258	2735	1
4258	2502	1
4258	1926	1
4258	1345	1
4258	2703	1
4258	124	1
4258	2620	1
4258	1400	1
4258	2967	1
4258	1314	1
4258	952	1
4258	1511	1
4258	2789	1
4258	1197	1
4258	349	1
4258	472	1
4259	1294	1
4259	1667	1
4259	435	1
4259	2344	1
4259	2643	1
4259	2701	1
4259	45	1
4259	1400	1
4259	1149	1
4259	2967	1
4259	1314	1
4259	952	1
4260	2763	1
4260	1379	1
4261	3001	1
4261	2763	1
4261	1379	1
4261	1078	1
4262	920	1
4262	2857	1
4262	1079	1
4262	421	1
4262	818	1
4262	2643	1
4262	2989	1
4262	75	1
4262	1314	1
4262	952	1
4262	1511	1
4262	1324	1
4262	2441	1
4262	472	1
4263	2331	1
4263	2763	1
4263	1379	1
4263	689	1
4264	2763	1
4264	1379	1
4264	689	1
4265	1294	1
4265	2344	1
4265	2643	1
4265	1065	1
4265	2701	1
4265	45	1
4265	1151	1
4265	1149	1
4265	75	1
4265	1314	1
4265	584	1
4266	1790	1
4266	2862	1
4266	2643	1
4266	2916	1
4266	1078	1
4267	1874	1
4268	2331	1
4268	2763	1
4268	1379	1
4269	2791	1
4269	1379	1
4269	689	1
4270	98	1
4270	1162	1
4270	706	1
4270	2735	1
4270	1896	1
4270	2862	1
4270	2275	1
4270	1827	1
4270	1400	1
4270	3046	1
4270	2734	1
4270	1902	1
4271	767	1
4271	1874	1
4271	2457	1
4271	2967	1
4271	75	1
4271	1197	1
4272	3001	1
4272	2763	1
4272	1379	1
4272	689	1
4273	1790	1
4273	1947	1
4273	1078	1
4274	1790	1
4274	689	1
4274	1078	1
4275	98	1
4275	2068	1
4275	1896	1
4275	1734	1
4275	1403	1
4275	1432	1
4275	1314	1
4275	2247	1
4275	1902	1
4276	1294	1
4276	2538	1
4276	748	1
4276	1790	1
4276	1685	1
4276	1502	1
4276	2701	1
4276	2677	1
4276	1085	1
4276	1314	1
4276	952	1
4276	1324	1
4276	584	1
4276	2734	1
4276	2827	1
4277	1451	1
4277	1667	1
4277	2970	1
4277	920	1
4277	435	1
4277	910	1
4277	1856	1
4277	2735	1
4277	818	1
4277	2643	1
4277	2701	1
4277	1149	1
4277	2967	1
4277	1314	1
4277	1324	1
4277	2441	1
4277	1592	1
4277	1461	1
4277	369	1
4277	1612	1
4278	1790	1
4278	772	1
4278	1078	1
4279	1790	1
4279	1940	1
4279	1379	1
4279	1078	1
4280	2331	1
4280	2763	1
4280	689	1
4281	435	1
4281	2857	1
4281	2620	1
4281	1761	1
4281	1186	1
4281	75	1
4281	1314	1
4281	1197	1
4282	2331	1
4282	2763	1
4282	689	1
4282	1078	1
4283	2331	1
4283	1379	1
4283	689	1
4283	1078	1
4284	2331	1
4284	2763	1
4284	1379	1
4284	1078	1
4285	2763	1
4285	1379	1
4285	689	1
4285	1078	1
4286	1790	1
4286	2735	1
4286	2763	1
4286	197	1
4286	1619	1
4286	1379	1
4286	689	1
4286	1078	1
4287	2763	1
4287	689	1
4288	1993	1
4288	1790	1
4288	2643	1
4288	584	1
4288	689	1
4288	2852	1
4288	1078	1
4289	2763	1
4289	689	1
4290	1294	1
4290	1790	1
4290	1379	1
4290	689	1
4290	1078	1
4291	121	1
4291	1684	1
4291	119	1
4291	435	1
4291	2857	1
4291	220	1
4291	2502	1
4291	715	1
4291	2746	1
4291	164	1
4291	2967	1
4291	1561	1
4291	1837	1
4292	891	1
4292	2763	1
4292	2916	1
4292	2874	1
4292	689	1
4292	1078	1
4293	1294	1
4293	1993	1
4293	1790	1
4293	1947	1
4293	2643	1
4293	2916	1
4293	689	1
4294	435	1
4294	696	1
4294	2502	1
4294	116	1
4294	1197	1
4295	1790	1
4295	2763	1
4295	197	1
4295	936	1
4295	1078	1
4296	1993	1
4296	2643	1
4296	2763	1
4296	689	1
4296	1078	1
4297	920	1
4297	1993	1
4297	1947	1
4297	2735	1
4297	2763	1
4297	1338	1
4297	1078	1
4298	871	1
4298	689	1
4298	1078	1
4299	1790	1
4299	1947	1
4299	689	1
4300	1790	1
4300	936	1
4300	1149	1
4300	689	1
4300	1078	1
4301	2857	1
4301	2967	1
4301	437	1
4302	2763	1
4302	75	1
4302	1078	1
4303	689	1
4304	920	1
4304	1991	1
4304	2735	1
4304	1567	1
4304	2763	1
4304	474	1
4304	584	1
4304	1078	1
4305	2331	1
4305	2763	1
4305	689	1
4305	1078	1
4306	1790	1
4306	2481	1
4306	2701	1
4306	1356	1
4307	2585	1
4308	2457	1
4308	7	1
4308	354	1
4308	2481	1
4308	2593	1
4308	454	1
4308	272	1
4308	1363	1
4309	85	1
4309	435	1
4309	1149	1
4309	1314	1
4309	903	1
4310	2857	1
4310	1149	1
4310	2967	1
4310	75	1
4311	2338	1
4312	1358	1
4312	2338	1
4312	1790	1
4312	2481	1
4313	2763	1
4313	689	1
4314	1790	1
4314	2741	1
4315	920	1
4315	1684	1
4315	1042	1
4315	2857	1
4315	1947	1
4315	2150	1
4315	778	1
4315	2597	1
4315	1356	1
4315	252	1
4315	1149	1
4315	2967	1
4315	1314	1
4315	2194	1
4315	2789	1
4315	2714	1
4316	1294	1
4316	2865	1
4316	1684	1
4316	2524	1
4316	1162	1
4316	2952	1
4316	77	1
4316	2282	1
4316	1152	1
4316	2502	1
4316	2275	1
4316	400	1
4316	3085	1
4316	1157	1
4316	2967	1
4316	2108	1
4316	1432	1
4316	1314	1
4316	2827	1
4317	2068	1
4317	706	1
4317	429	1
4317	1693	1
4317	1314	1
4318	2068	1
4318	1162	1
4318	706	1
4318	1035	1
4318	299	1
4318	1734	1
4318	2677	1
4318	1356	1
4318	2967	1
4318	2108	1
4318	2734	1
4319	2068	1
4319	1734	1
4319	1314	1
4320	1790	1
4320	2502	1
4320	1693	1
4320	2701	1
4321	1162	1
4321	2952	1
4321	2502	1
4321	1274	1
4321	2862	1
4321	2275	1
4321	2344	1
4321	2643	1
4321	3085	1
4321	1693	1
4321	2701	1
4321	700	1
4321	1356	1
4321	2967	1
4321	1314	1
4321	2406	1
4321	2741	1
4322	1583	1
4322	1358	1
4322	920	1
4322	2068	1
4322	1684	1
4322	119	1
4322	1308	1
4322	2999	1
4322	435	1
4322	991	1
4322	1042	1
4322	1947	1
4322	741	1
4322	2486	1
4322	3034	1
4322	2862	1
4322	2551	1
4322	116	1
4322	543	1
4322	124	1
4322	715	1
4322	3009	1
4322	2701	1
4322	2296	1
4322	2746	1
4322	45	1
4322	1356	1
4322	2203	1
4322	2154	1
4322	1619	1
4322	2967	1
4322	75	1
4322	1314	1
4322	2809	1
4322	1197	1
4322	2389	1
4322	349	1
4322	2299	1
4322	1372	1
4323	2970	1
4323	119	1
4323	1356	1
4323	1443	1
4323	1314	1
4324	2763	1
4324	1379	1
4324	689	1
4324	1078	1
4325	1684	1
4325	219	1
4325	991	1
4325	2502	1
4325	2734	1
4325	1902	1
4326	98	1
4326	1294	1
4326	1667	1
4326	2970	1
4326	706	1
4326	2502	1
4326	2643	1
4326	2296	1
4326	1356	1
4326	2967	1
4326	75	1
4326	2734	1
4326	1902	1
4327	1940	1
4327	2763	1
4327	1379	1
4327	1078	1
4328	1379	1
4328	689	1
4328	1078	1
4329	85	1
4329	2960	1
4329	2660	1
4329	2275	1
4329	2763	1
4329	104	1
4329	3029	1
4329	1078	1
4330	2763	1
4330	1379	1
4330	689	1
4330	1078	1
4331	2763	1
4331	1379	1
4331	689	1
4331	1078	1
4332	2857	1
4332	2457	1
4332	1761	1
4333	2735	1
4333	2763	1
4333	689	1
4333	1078	1
4334	1947	1
4334	2643	1
4334	2763	1
4334	197	1
4334	1078	1
4335	1790	1
4335	2643	1
4335	2763	1
4335	197	1
4335	1078	1
4336	920	1
4336	592	1
4336	1790	1
4336	2791	1
4336	2763	1
4336	689	1
4336	2852	1
4336	2260	1
4337	2763	1
4337	1016	1
4337	1379	1
4337	1078	1
4338	85	1
4338	1940	1
4338	2331	1
4338	2703	1
4338	2791	1
4338	1379	1
4338	689	1
4339	920	1
4339	592	1
4339	1790	1
4339	2643	1
4339	1016	1
4339	2916	1
4339	952	1
4339	2260	1
4339	1078	1
4340	2763	1
4340	1016	1
4340	1379	1
4340	1078	1
4341	2763	1
4341	1379	1
4341	689	1
4342	2643	1
4342	2763	1
4342	1379	1
4342	689	1
4342	2852	1
4342	2260	1
4342	1078	1
4342	1612	1
4343	920	1
4343	1790	1
4343	2763	1
4343	689	1
4343	2260	1
4344	2763	1
4344	1379	1
4344	689	1
4345	1790	1
4345	1940	1
4345	2763	1
4345	689	1
4345	1078	1
4346	1294	1
4346	2960	1
4346	2735	1
4346	2862	1
4346	1078	1
4347	1379	1
4347	689	1
4347	1078	1
4348	1790	1
4348	197	1
4348	1149	1
4348	689	1
4349	1790	1
4349	1902	1
4349	2741	1
4350	151	1
4350	2331	1
4350	2735	1
4350	2275	1
4350	1853	1
4350	689	1
4350	1078	1
4351	1790	1
4351	1940	1
4351	2735	1
4351	2791	1
4351	2890	1
4351	2701	1
4351	2148	1
4351	689	1
4351	2852	1
4352	1684	1
4352	592	1
4352	1991	1
4352	2275	1
4352	2791	1
4352	1379	1
4352	584	1
4352	689	1
4352	2852	1
4352	3112	1
4353	2643	1
4353	2763	1
4353	2701	1
4353	689	1
4353	1078	1
4354	2763	1
4354	197	1
4354	584	1
4354	689	1
4354	1078	1
4355	1790	1
4355	2703	1
4355	2643	1
4355	197	1
4355	689	1
4356	2791	1
4356	2763	1
4356	1379	1
4356	689	1
4357	1947	1
4357	2763	1
4357	197	1
4357	1149	1
4357	689	1
4358	2643	1
4358	2763	1
4358	197	1
4358	936	1
4358	689	1
4358	1078	1
4359	1790	1
4359	2275	1
4359	2763	1
4359	2916	1
4359	2260	1
4360	2703	1
4360	2791	1
4360	2643	1
4360	2763	1
4360	197	1
4360	358	1
4360	2701	1
4360	689	1
4361	1947	1
4361	2763	1
4361	1149	1
4361	2967	1
4361	584	1
4361	689	1
4362	1790	1
4362	2763	1
4362	197	1
4362	689	1
4362	1078	1
4363	98	1
4363	1790	1
4363	77	1
4363	3085	1
4363	2701	1
4363	2734	1
4363	2741	1
4364	1790	1
4364	2643	1
4364	2763	1
4364	689	1
4364	1078	1
4365	2960	1
4365	855	1
4365	2735	1
4365	2862	1
4365	2275	1
4365	2701	1
4365	1149	1
4365	2854	1
4366	1993	1
4366	2643	1
4366	2763	1
4366	197	1
4366	936	1
4366	2916	1
4366	1149	1
4366	952	1
4366	689	1
4367	1790	1
4367	1947	1
4367	2643	1
4367	2763	1
4367	2701	1
4367	1149	1
4367	2148	1
4367	1619	1
4367	75	1
4367	584	1
4367	689	1
4367	1078	1
4368	1993	1
4368	2791	1
4368	2763	1
4368	1379	1
4368	689	1
4369	1947	1
4369	2643	1
4369	2763	1
4369	197	1
4369	1078	1
4370	1993	1
4370	1947	1
4370	2735	1
4370	2763	1
4370	197	1
4370	689	1
4371	1790	1
4371	2643	1
4371	2763	1
4371	936	1
4371	689	1
4372	2643	1
4372	2763	1
4372	1379	1
4372	689	1
4372	1078	1
4373	2763	1
4373	936	1
4373	2916	1
4373	1078	1
4374	2763	1
4374	2701	1
4374	1078	1
4375	1294	1
4375	2960	1
4375	2862	1
4375	2275	1
4375	2791	1
4375	2763	1
4375	2305	1
4375	1853	1
4375	2714	1
4376	920	1
4376	592	1
4376	2735	1
4376	124	1
4376	818	1
4376	2701	1
4376	1356	1
4376	134	1
4376	1149	1
4376	75	1
4376	1668	1
4376	584	1
4377	2763	1
4377	689	1
4377	1078	1
4378	2890	1
4378	2763	1
4378	75	1
4379	1940	1
4379	2763	1
4379	1379	1
4379	689	1
4380	2763	1
4380	197	1
4380	689	1
4380	1078	1
4381	592	1
4381	1790	1
4381	2960	1
4381	1947	1
4381	2763	1
4381	1619	1
4381	584	1
4381	1078	1
4382	1790	1
4382	2701	1
4382	1078	1
4383	2331	1
4383	2763	1
4383	1379	1
4383	1078	1
4384	1790	1
4384	689	1
4384	1078	1
4385	551	1
4385	2478	1
4385	1042	1
4385	2857	1
4385	657	1
4385	1761	1
4385	2967	1
4385	886	1
4385	1197	1
4386	3100	1
4386	435	1
4386	940	1
4386	1014	1
4386	116	1
4386	2457	1
4386	2344	1
4386	1883	1
4386	144	1
4386	2668	1
4386	2359	1
4386	1086	1
4386	1197	1
4386	2648	1
4386	1457	1
4387	2338	1
4388	3100	1
4388	98	1
4388	555	1
4388	2371	1
4388	1684	1
4388	551	1
4388	119	1
4388	2059	1
4388	435	1
4388	2857	1
4388	118	1
4388	741	1
4388	2735	1
4388	2693	1
4388	1737	1
4388	116	1
4388	1881	1
4388	543	1
4388	2703	1
4388	124	1
4388	558	1
4388	2344	1
4388	1883	1
4388	876	1
4388	1611	1
4388	2701	1
4388	2296	1
4388	2746	1
4388	1645	1
4388	2757	1
4388	2668	1
4388	1400	1
4388	1214	1
4388	1476	1
4388	2196	1
4388	2040	1
4388	2203	1
4388	1149	1
4388	1432	1
4388	1314	1
4388	2440	1
4388	1103	1
4388	2789	1
4388	1197	1
4388	2248	1
4388	2734	1
4388	1362	1
4388	1351	1
4388	2389	1
4388	490	1
4388	2453	1
4388	2714	1
4388	796	1
4389	1294	1
4389	2791	1
4389	2890	1
4389	1149	1
4389	1379	1
4389	689	1
4390	2915	1
4390	551	1
4390	119	1
4390	1308	1
4390	2367	1
4390	219	1
4390	380	1
4390	991	1
4390	1042	1
4390	2857	1
4390	2345	1
4390	741	1
4390	544	1
4390	875	1
4390	2735	1
4390	1345	1
4390	2703	1
4390	2114	1
4390	2344	1
4390	3021	1
4390	2597	1
4390	1757	1
4390	2701	1
4390	2746	1
4390	2096	1
4390	2253	1
4390	388	1
4390	1851	1
4390	3103	1
4390	218	1
4390	2247	1
4390	1495	1
4390	1689	1
4390	2520	1
4390	764	1
4390	497	1
4391	619	1
4391	2915	1
4391	551	1
4391	3071	1
4391	2367	1
4391	287	1
4391	1599	1
4391	1042	1
4391	2857	1
4391	2267	1
4391	875	1
4391	2703	1
4391	715	1
4391	825	1
4391	2597	1
4391	2819	1
4391	289	1
4391	2569	1
4391	416	1
4391	2253	1
4391	1241	1
4391	2967	1
4391	1314	1
4391	2532	1
4391	218	1
4391	1671	1
4391	777	1
4391	3123	1
4391	2526	1
4392	2907	1
4393	2907	1
4394	2907	1
4395	2907	1
4396	2907	1
4397	2907	1
4398	2907	1
4399	2907	1
4399	1583	1
4399	2967	1
4399	1314	1
4400	435	1
4400	1314	1
4400	777	1
4400	1622	1
4401	653	1
4401	2502	1
4401	1345	1
4401	1693	1
4401	2734	1
4402	2414	1
4402	1667	1
4402	2538	1
4402	1684	1
4402	2186	1
4402	219	1
4402	435	1
4402	1042	1
4402	2857	1
4402	1296	1
4402	77	1
4402	910	1
4402	1947	1
4402	2735	1
4402	2502	1
4402	1079	1
4402	2275	1
4402	738	1
4402	420	1
4402	2643	1
4402	2961	1
4402	3085	1
4402	1370	1
4402	1734	1
4402	1693	1
4402	2701	1
4402	45	1
4402	1931	1
4402	1151	1
4402	2154	1
4402	2370	1
4402	1314	1
4402	952	1
4402	2789	1
4402	349	1
4402	1390	1
4402	1612	1
4402	903	1
4403	2857	1
4403	706	1
4403	1856	1
4403	2643	1
4403	1370	1
4403	2701	1
4403	1356	1
4403	1400	1
4403	1931	1
4403	2967	1
4403	75	1
4403	1314	1
4403	952	1
4403	349	1
4404	2331	1
4404	2890	1
4404	2763	1
4404	1078	1
4405	1379	1
4406	2703	1
4406	1149	1
4406	2130	1
4407	2967	1
4407	1197	1
4407	2130	1
4408	2857	1
4408	1149	1
4409	1149	1
4409	2967	1
4409	75	1
4410	592	1
4410	1790	1
4410	2862	1
4410	224	1
4410	2275	1
4410	2634	1
4410	2643	1
4410	2763	1
4410	2701	1
4410	474	1
4410	134	1
4410	1078	1
4411	767	1
4411	1484	1
4411	219	1
4411	1433	1
4411	287	1
4411	741	1
4411	1460	1
4411	1881	1
4411	2680	1
4411	2457	1
4411	347	1
4411	2250	1
4411	715	1
4411	2344	1
4411	2984	1
4411	2268	1
4411	2746	1
4411	2757	1
4411	2871	1
4411	2967	1
4411	1314	1
4411	1561	1
4411	952	1
4411	2246	1
4411	1351	1
4412	767	1
4412	551	1
4412	119	1
4412	435	1
4412	3008	1
4412	967	1
4412	2680	1
4412	543	1
4412	715	1
4412	2643	1
4412	2701	1
4412	2296	1
4412	2746	1
4412	2757	1
4412	1400	1
4412	164	1
4412	2967	1
4412	75	1
4412	1561	1
4412	1197	1
4412	1351	1
4413	809	1
4413	551	1
4413	2857	1
4413	1356	1
4413	1197	1
4413	2734	1
4414	119	1
4414	435	1
4414	1356	1
4415	2296	1
4415	252	1
4415	1149	1
4415	2967	1
4415	75	1
4416	2857	1
4416	543	1
4416	1356	1
4416	1314	1
4416	1197	1
4416	2248	1
4417	277	1
4417	2344	1
4417	1356	1
4418	2976	1
4418	2857	1
4418	1790	1
4418	1314	1
4419	2976	1
4419	1790	1
4419	1400	1
4419	75	1
4419	1314	1
4419	2741	1
4420	2857	1
4420	405	1
4420	936	1
4420	1149	1
4420	75	1
4420	1604	1
4421	767	1
4421	2857	1
4421	118	1
4421	3084	1
4421	936	1
4421	2296	1
4421	1761	1
4421	1904	1
4421	1149	1
4421	2967	1
4421	75	1
4421	954	1
4422	435	1
4422	2296	1
4422	2620	1
4422	1149	1
4422	1803	1
4422	2967	1
4422	2973	1
4423	1680	1
4423	2746	1
4423	252	1
4423	1689	1
4424	2857	1
4424	543	1
4425	2331	1
4425	2763	1
4425	1078	1
4426	85	1
4426	1993	1
4426	2331	1
4426	2735	1
4426	2862	1
4426	1734	1
4426	1379	1
4426	689	1
4426	1078	1
4426	3112	1
4427	2857	1
4427	2643	1
4427	2701	1
4427	2746	1
4427	1149	1
4427	75	1
4428	197	1
4428	936	1
4428	2916	1
4428	689	1
4428	2852	1
4428	1078	1
4429	119	1
4429	940	1
4429	543	1
4429	2703	1
4429	2746	1
4429	2967	1
4429	777	1
4429	1197	1
4429	1372	1
4430	435	1
4430	2693	1
4430	1356	1
4430	2967	1
4430	1314	1
4430	1197	1
4430	1372	1
4431	435	1
4431	2502	1
4431	1356	1
4431	2967	1
4431	1197	1
4432	435	1
4432	2746	1
4432	2967	1
4432	1314	1
4432	1197	1
4432	2130	1
4433	435	1
4433	2502	1
4433	543	1
4433	1739	1
4433	1356	1
4433	2967	1
4434	435	1
4434	2502	1
4434	543	1
4434	2746	1
4434	1314	1
4434	2130	1
4435	1739	1
4435	2746	1
4435	1356	1
4435	2967	1
4435	1314	1
4435	2130	1
4436	2502	1
4436	543	1
4436	1356	1
4436	2967	1
4436	1197	1
4437	435	1
4437	2502	1
4437	1356	1
4437	2967	1
4437	2130	1
4438	435	1
4438	543	1
4438	1739	1
4438	1197	1
4439	119	1
4439	435	1
4439	1991	1
4439	1633	1
4439	2643	1
4439	2701	1
4439	2967	1
4439	465	1
4439	952	1
4439	1612	1
4440	2502	1
4440	543	1
4440	1739	1
4440	2746	1
4440	1356	1
4440	1197	1
4440	2130	1
4441	435	1
4441	2502	1
4441	543	1
4441	2746	1
4441	2967	1
4441	1197	1
4442	119	1
4442	543	1
4442	2746	1
4442	1356	1
4442	2967	1
4442	1197	1
4443	119	1
4443	2502	1
4443	1739	1
4443	1356	1
4443	2967	1
4443	1197	1
4444	2791	1
4444	2763	1
4444	1016	1
4444	689	1
4445	1790	1
4445	2331	1
4445	2763	1
4445	1379	1
4446	2857	1
4446	1790	1
4446	2331	1
4446	2735	1
4446	2275	1
4446	2791	1
4446	1078	1
4447	1294	1
4447	2331	1
4447	2735	1
4447	2862	1
4447	2763	1
4447	689	1
4448	2976	1
4448	435	1
4448	2551	1
4448	2967	1
4448	1314	1
4449	767	1
4449	119	1
4449	435	1
4449	3008	1
4449	1296	1
4449	2889	1
4449	543	1
4449	715	1
4449	2701	1
4449	2746	1
4449	1356	1
4449	2620	1
4449	862	1
4449	1314	1
4449	1429	1
4449	1197	1
4449	1612	1
4450	2865	1
4450	1042	1
4450	2857	1
4450	2673	1
4450	706	1
4450	116	1
4450	45	1
4450	1400	1
4450	2967	1
4450	1314	1
4450	1197	1
4451	219	1
4451	2908	1
4451	2220	1
4451	2701	1
4451	2602	1
4451	335	1
4452	1294	1
4452	1042	1
4452	2857	1
4452	118	1
4452	910	1
4452	1947	1
4452	2486	1
4452	2150	1
4452	2344	1
4452	1032	1
4452	1224	1
4452	2701	1
4452	2296	1
4452	3098	1
4452	335	1
4452	2495	1
4452	1149	1
4452	2967	1
4452	75	1
4452	1507	1
4452	437	1
4452	1363	1
4452	1197	1
4452	2797	1
4452	418	1
4452	1351	1
4452	2130	1
4453	1790	1
4453	2916	1
4453	2968	1
4453	2852	1
4454	767	1
4454	2857	1
4454	2457	1
4454	2746	1
4454	1447	1
4454	2967	1
4454	437	1
4455	592	1
4455	2347	1
4455	1619	1
4455	689	1
4455	1078	1
4456	767	1
4456	1042	1
4456	741	1
4456	2457	1
4456	1449	1
4456	1447	1
4456	2045	1
4456	145	1
4456	2973	1
4456	437	1
4456	1197	1
4456	1396	1
4456	2055	1
4456	2943	1
4456	1351	1
4457	98	1
4457	1294	1
4457	2571	1
4457	767	1
4457	232	1
4457	230	1
4457	435	1
4457	2857	1
4457	511	1
4457	2699	1
4457	116	1
4457	543	1
4457	1345	1
4457	2457	1
4457	2643	1
4457	1923	1
4457	478	1
4457	2746	1
4457	2620	1
4457	1400	1
4457	75	1
4457	1314	1
4457	2973	1
4457	1197	1
4457	2248	1
4457	1604	1
4457	1902	1
4458	2552	1
4458	1294	1
4458	767	1
4458	232	1
4458	2457	1
4458	1834	1
4458	62	1
4458	876	1
4458	1923	1
4458	478	1
4458	2620	1
4458	1447	1
4458	145	1
4458	75	1
4458	2973	1
4458	1197	1
4458	2248	1
4458	1604	1
4458	2980	1
4459	2534	1
4459	1333	1
4459	1223	1
4459	337	1
4459	2597	1
4459	1209	1
4459	358	1
4459	2296	1
4459	1761	1
4459	2967	1
4459	1432	1
4459	75	1
4459	2973	1
4459	917	1
4459	437	1
4459	2489	1
4459	2248	1
4459	788	1
4459	796	1
4460	2530	1
4460	2212	1
4460	1334	1
4461	3084	1
4461	2643	1
4461	2701	1
4461	75	1
4461	1078	1
4462	2857	1
4462	1345	1
4462	299	1
4462	700	1
4462	2602	1
4462	438	1
4462	75	1
4462	2093	1
4463	1294	1
4463	1416	1
4463	748	1
4463	1752	1
4463	1790	1
4463	855	1
4463	3084	1
4463	2331	1
4463	1991	1
4463	2735	1
4463	2862	1
4463	1332	1
4463	1079	1
4463	2275	1
4463	2791	1
4463	2474	1
4463	2314	1
4463	2763	1
4463	2701	1
4463	1853	1
4463	1149	1
4463	540	1
4463	1619	1
4463	75	1
4463	1314	1
4463	1197	1
4463	584	1
4463	2734	1
4463	2852	1
4463	1078	1
4463	1911	1
4464	219	1
4464	1042	1
4464	2486	1
4464	2502	1
4464	2141	1
4464	2296	1
4464	1344	1
4464	2734	1
4464	2130	1
4465	2989	1
4465	1356	1
4465	2967	1
4465	1314	1
4465	2734	1
4466	1294	1
4466	219	1
4466	435	1
4466	2857	1
4466	118	1
4466	2486	1
4466	1534	1
4466	2502	1
4466	2200	1
4466	2296	1
4466	2987	1
4466	1400	1
4466	2087	1
4466	2967	1
4466	75	1
4466	1314	1
4466	952	1
4466	2520	1
4467	435	1
4467	2857	1
4467	2502	1
4467	2344	1
4467	2643	1
4467	1693	1
4467	2701	1
4467	75	1
4467	1314	1
4467	525	1
4467	2734	1
4467	1902	1
4467	2130	1
4468	2763	1
4468	197	1
4468	689	1
4469	767	1
4469	232	1
4469	230	1
4469	194	1
4469	543	1
4469	2457	1
4469	836	1
4469	1834	1
4469	1506	1
4469	3139	1
4469	2967	1
4469	75	1
4469	1314	1
4469	1197	1
4470	767	1
4470	2735	1
4470	1035	1
4470	2150	1
4470	1345	1
4470	2643	1
4470	2203	1
4470	2967	1
4470	1314	1
4470	952	1
4470	2531	1
4470	1351	1
4470	349	1
4470	1612	1
4470	903	1
4471	2857	1
4471	722	1
4471	2967	1
4471	75	1
4472	2970	1
4472	767	1
4472	2502	1
4472	543	1
4472	45	1
4472	722	1
4472	1314	1
4472	1197	1
4473	2735	1
4473	2643	1
4473	2763	1
4473	197	1
4473	689	1
4473	1078	1
4474	2571	1
4474	2857	1
4474	2457	1
4474	2344	1
4474	1449	1
4474	1998	1
4474	1186	1
4474	2786	1
4474	1197	1
4474	424	1
4474	1696	1
4475	1790	1
4475	2703	1
4475	2701	1
4475	2746	1
4475	1149	1
4475	1314	1
4475	2789	1
4475	2130	1
4476	619	1
4476	2970	1
4476	59	1
4476	219	1
4476	287	1
4476	435	1
4476	3008	1
4476	940	1
4476	1042	1
4476	118	1
4476	1947	1
4476	1366	1
4476	3084	1
4476	1460	1
4476	2502	1
4476	1462	1
4476	2150	1
4476	543	1
4476	2133	1
4476	2791	1
4476	715	1
4476	1883	1
4476	2346	1
4476	2838	1
4476	2597	1
4476	1771	1
4476	358	1
4476	2630	1
4476	936	1
4476	2701	1
4476	2746	1
4476	613	1
4476	2757	1
4476	144	1
4476	1400	1
4476	1101	1
4476	1650	1
4476	650	1
4476	1210	1
4476	2967	1
4476	1086	1
4476	1314	1
4476	997	1
4476	952	1
4476	917	1
4476	1197	1
4476	1420	1
4476	2734	1
4476	418	1
4476	349	1
4476	1902	1
4476	1762	1
4477	1294	1
4477	2571	1
4477	2970	1
4477	1661	1
4477	3060	1
4477	435	1
4477	2857	1
4477	653	1
4477	3084	1
4477	515	1
4477	543	1
4477	1345	1
4477	1449	1
4477	2643	1
4477	936	1
4477	2701	1
4477	2746	1
4477	2987	1
4477	3098	1
4477	335	1
4477	1935	1
4477	1149	1
4477	2154	1
4477	75	1
4477	1314	1
4477	509	1
4477	1197	1
4477	2083	1
4477	2734	1
4477	1604	1
4477	1902	1
4477	2130	1
4477	642	1
4477	2407	1
4478	352	1
4478	2338	1
4478	2643	1
4478	2701	1
4478	1149	1
4478	454	1
4478	1538	1
4478	2967	1
4478	1612	1
4479	1790	1
4479	2862	1
4479	2791	1
4479	2643	1
4479	1918	1
4479	2148	1
4479	2794	1
4479	465	1
4479	1350	1
4479	584	1
4479	1877	1
4480	2976	1
4480	1761	1
4480	1586	1
4480	2734	1
4481	1042	1
4481	1790	1
4481	1711	1
4481	1356	1
4481	1149	1
4481	75	1
4481	2734	1
4481	1902	1
4481	2130	1
4482	219	1
4482	1042	1
4482	2857	1
4482	655	1
4482	1149	1
4482	2967	1
4482	75	1
4482	1479	1
4483	2857	1
4483	543	1
4483	2457	1
4483	2967	1
4483	1314	1
4483	1197	1
4483	2734	1
4483	1902	1
4484	98	1
4484	435	1
4484	1761	1
4484	1586	1
4485	1149	1
4485	2967	1
4485	75	1
4486	2970	1
4486	767	1
4486	2857	1
4486	543	1
4486	2344	1
4486	655	1
4486	2967	1
4486	1314	1
4486	1197	1
4486	2734	1
4486	1351	1
4487	1790	1
4487	1345	1
4488	3060	1
4488	77	1
4488	2220	1
4488	2457	1
4488	2344	1
4488	2643	1
4488	1032	1
4488	397	1
4488	335	1
4488	1149	1
4488	1656	1
4488	1363	1
4489	3060	1
4489	2220	1
4489	969	1
4489	7	1
4489	2481	1
4489	397	1
4489	2602	1
4489	335	1
4489	2967	1
4489	75	1
4489	1363	1
