0	384	1
1	1286	1
1	1814	1
1	531	1
1	1614	1
1	1244	1
1	2028	1
1	2675	1
1	2120	1
1	1727	1
2	2707	1
3	2707	1
4	1729	1
4	2628	1
4	1660	1
4	2675	1
4	384	1
5	2707	1
6	2707	1
7	2707	1
8	2707	1
9	1116	1
9	2628	1
10	2417	1
10	2675	1
10	384	1
11	1116	1
11	1181	1
11	2622	1
12	2417	1
12	2740	1
12	384	1
13	2707	1
13	1184	1
13	2740	1
14	897	1
14	1396	1
14	2417	1
15	1116	1
15	2628	1
15	2741	1
16	1116	1
16	2707	1
16	897	1
17	2982	1
17	230	1
17	2675	1
18	2549	1
18	2707	1
18	2740	1
19	2549	1
19	2707	1
19	2740	1
20	2618	1
20	2148	1
20	1113	1
20	74	1
20	424	1
20	2810	1
20	2080	1
20	2066	1
20	637	1
20	1734	1
20	531	1
20	2940	1
20	230	1
21	67	1
21	2046	1
21	1223	1
21	2929	1
21	319	1
21	2982	1
21	573	1
21	2622	1
21	187	1
21	1981	1
21	531	1
21	1696	1
21	230	1
21	2675	1
21	384	1
21	1727	1
22	2622	1
22	531	1
22	384	1
23	2622	1
23	531	1
23	384	1
24	67	1
24	1846	1
24	720	1
24	1275	1
24	2618	1
24	782	1
24	1096	1
24	2707	1
24	2469	1
24	2148	1
24	271	1
24	836	1
24	470	1
24	1113	1
24	578	1
24	2383	1
24	3000	1
24	1649	1
24	2080	1
24	1322	1
24	1306	1
24	1770	1
24	992	1
24	840	1
24	897	1
24	1	1
24	644	1
24	1184	1
24	1734	1
24	2188	1
24	531	1
24	506	1
24	1614	1
24	20	1
24	2940	1
24	2740	1
24	384	1
24	1727	1
25	384	1
26	2046	1
26	1138	1
26	1396	1
27	2215	1
27	185	1
27	2469	1
27	1772	1
27	942	1
27	261	1
27	1660	1
27	1219	1
27	1903	1
27	407	1
27	2675	1
28	2215	1
28	1897	1
28	2469	1
28	620	1
28	1660	1
28	531	1
28	2306	1
28	1219	1
28	2273	1
28	1903	1
28	2675	1
29	1116	1
29	2215	1
29	2549	1
29	2383	1
29	2740	1
29	2675	1
30	2549	1
30	2707	1
30	2383	1
30	2740	1
30	2675	1
30	384	1
31	2740	1
31	384	1
32	1116	1
32	2215	1
32	2707	1
32	2383	1
32	2675	1
32	384	1
33	2707	1
33	2740	1
33	2675	1
33	384	1
34	2741	1
34	2740	1
34	384	1
35	1116	1
35	2698	1
35	2549	1
35	2707	1
35	2832	1
35	735	1
35	2952	1
35	2891	1
35	2583	1
35	1219	1
35	2740	1
35	46	1
36	1116	1
36	2707	1
36	1660	1
36	2740	1
36	2675	1
36	384	1
37	211	1
37	2046	1
37	1847	1
37	2675	1
38	211	1
38	2046	1
38	1847	1
38	2675	1
39	1116	1
39	2707	1
39	384	1
40	1788	1
40	997	1
40	2020	1
40	185	1
40	1204	1
40	1544	1
40	2832	1
40	328	1
40	647	1
40	735	1
40	1985	1
40	2808	1
40	598	1
40	895	1
40	840	1
40	2583	1
40	208	1
40	1064	1
40	2712	1
40	2675	1
41	1116	1
41	2740	1
41	384	1
42	2740	1
42	384	1
43	2618	1
43	2383	1
43	795	1
43	1138	1
43	531	1
43	384	1
44	211	1
44	2469	1
44	652	1
44	2864	1
44	1163	1
44	1628	1
44	2239	1
44	2622	1
44	828	1
44	1660	1
44	2675	1
44	2652	1
44	608	1
44	357	1
45	2549	1
45	531	1
45	2675	1
45	384	1
46	2549	1
46	2417	1
46	2675	1
46	384	1
47	25	1
47	2417	1
47	2675	1
47	384	1
48	1974	1
48	1116	1
48	720	1
48	437	1
48	2707	1
48	185	1
48	2469	1
48	1772	1
48	2929	1
48	547	1
48	942	1
48	25	1
48	1610	1
48	2891	1
48	1303	1
48	897	1
48	2550	1
48	2194	1
48	1660	1
48	2074	1
48	2459	1
49	2417	1
50	1116	1
50	372	1
50	2469	1
50	652	1
50	1018	1
50	1660	1
50	384	1
51	720	1
51	1897	1
51	2671	1
51	2857	1
51	2675	1
52	463	1
52	782	1
52	230	1
52	2675	1
52	1727	1
53	2929	1
53	2628	1
53	1396	1
53	2558	1
54	2675	1
55	2675	1
56	1224	1
56	2474	1
56	271	1
56	25	1
56	2952	1
56	1168	1
56	2871	1
56	1219	1
56	2741	1
56	2675	1
57	815	1
57	720	1
57	1897	1
57	2469	1
57	1224	1
57	2864	1
57	942	1
57	1163	1
57	2621	1
57	1854	1
57	840	1
57	1938	1
57	2273	1
57	407	1
57	1849	1
58	67	1
58	2884	1
58	2969	1
58	364	1
58	2618	1
58	463	1
58	2009	1
58	1144	1
58	1601	1
58	2329	1
58	1734	1
58	531	1
58	2675	1
59	67	1
59	2618	1
59	463	1
59	782	1
59	2717	1
59	1223	1
59	2622	1
59	531	1
59	2434	1
59	2044	1
59	1727	1
60	906	1
60	2549	1
60	897	1
61	25	1
61	2740	1
62	2707	1
62	1396	1
63	463	1
63	942	1
63	1163	1
63	1628	1
63	1938	1
63	620	1
63	531	1
63	2273	1
63	407	1
64	620	1
64	2675	1
64	2652	1
65	1116	1
65	2383	1
65	2675	1
65	384	1
66	2383	1
66	384	1
67	67	1
67	2618	1
67	1223	1
67	2243	1
67	1950	1
67	1850	1
67	2622	1
67	1981	1
67	531	1
67	2327	1
67	2434	1
67	2077	1
67	2675	1
67	1727	1
68	2618	1
68	2477	1
68	239	1
68	57	1
68	897	1
68	2622	1
68	531	1
68	230	1
69	67	1
69	2549	1
69	2530	1
69	578	1
69	2276	1
69	2622	1
69	1184	1
69	2327	1
69	1727	1
70	2469	1
70	1772	1
70	1660	1
70	2675	1
71	2707	1
71	2740	1
71	384	1
72	2549	1
72	2707	1
72	2740	1
72	384	1
73	185	1
73	795	1
73	1608	1
73	840	1
73	1138	1
73	2622	1
73	531	1
73	2327	1
74	2384	1
74	2393	1
74	2867	1
74	414	1
74	840	1
74	1138	1
74	2622	1
74	2327	1
74	230	1
75	2384	1
75	1116	1
75	435	1
75	2952	1
75	414	1
75	48	1
75	2622	1
75	531	1
76	906	1
76	2549	1
76	840	1
76	2382	1
76	2675	1
77	1803	1
77	2675	1
78	537	1
78	942	1
78	2904	1
78	198	1
78	1660	1
78	1066	1
79	1744	1
79	2741	1
80	463	1
80	2469	1
80	2038	1
80	2383	1
80	261	1
80	1138	1
80	2622	1
80	1660	1
80	531	1
80	2104	1
80	345	1
81	1116	1
81	720	1
81	2215	1
81	2469	1
81	1713	1
81	1772	1
81	1315	1
81	2124	1
81	1661	1
81	261	1
81	2952	1
81	1196	1
81	48	1
81	840	1
81	1303	1
81	1744	1
81	1293	1
81	531	1
81	308	1
81	683	1
81	2741	1
81	2675	1
82	67	1
82	1366	1
82	2383	1
82	531	1
82	1614	1
83	1086	1
83	720	1
83	1366	1
83	185	1
83	2469	1
83	1772	1
83	2383	1
83	531	1
83	2273	1
83	2741	1
84	720	1
84	1366	1
84	2469	1
84	1744	1
84	2741	1
85	1366	1
85	531	1
85	1219	1
85	2273	1
86	463	1
86	782	1
86	458	1
86	48	1
86	531	1
86	2768	1
86	2675	1
87	1086	1
87	2618	1
87	463	1
87	531	1
88	2469	1
88	1286	1
88	2383	1
88	795	1
88	531	1
88	2768	1
89	1086	1
89	1744	1
89	531	1
89	2741	1
90	2618	1
90	1366	1
90	2622	1
90	1660	1
91	2383	1
91	2622	1
91	1660	1
91	531	1
91	2741	1
92	720	1
92	1224	1
92	2131	1
92	2383	1
92	942	1
92	840	1
92	2622	1
92	1033	1
92	2273	1
93	2469	1
93	942	1
93	2628	1
93	2273	1
94	1086	1
94	1366	1
94	2952	1
94	2564	1
94	2622	1
94	1660	1
94	531	1
94	2104	1
95	1086	1
95	2549	1
95	2469	1
95	519	1
95	1713	1
95	1772	1
95	2124	1
95	1661	1
95	2952	1
95	1660	1
95	531	1
95	2078	1
95	2675	1
96	1086	1
96	2589	1
96	2618	1
96	749	1
96	1433	1
96	463	1
96	782	1
96	2251	1
96	1294	1
96	270	1
96	2469	1
96	1286	1
96	2038	1
96	1586	1
96	261	1
96	2121	1
96	1770	1
96	514	1
96	1203	1
96	1744	1
96	1279	1
96	1258	1
96	531	1
96	1489	1
96	2784	1
96	914	1
96	1511	1
96	1910	1
96	1276	1
97	2618	1
97	782	1
97	2383	1
97	1303	1
97	2622	1
97	1814	1
97	1660	1
97	531	1
97	2078	1
97	2768	1
97	2675	1
98	1086	1
98	2622	1
98	531	1
98	2273	1
98	2741	1
99	1366	1
99	2622	1
99	531	1
99	2741	1
100	1086	1
100	1366	1
100	111	1
100	2469	1
100	795	1
100	1744	1
101	1366	1
101	1286	1
101	2383	1
101	1660	1
102	463	1
102	1366	1
102	2469	1
102	531	1
102	2784	1
102	2741	1
103	2469	1
103	531	1
103	2768	1
103	2741	1
104	1086	1
104	2469	1
104	1286	1
104	1660	1
104	531	1
104	2741	1
105	2741	1
106	67	1
106	815	1
106	1086	1
106	2215	1
106	1924	1
106	1897	1
106	2549	1
106	1366	1
106	111	1
106	185	1
106	1930	1
106	2393	1
106	1772	1
106	836	1
106	2829	1
106	2864	1
106	9	1
106	2070	1
106	316	1
106	942	1
106	25	1
106	2007	1
106	795	1
106	2436	1
106	569	1
106	2564	1
106	48	1
106	1303	1
106	2870	1
106	2622	1
106	1259	1
106	563	1
106	2695	1
106	125	1
106	531	1
106	2028	1
106	2273	1
106	2781	1
106	821	1
106	1903	1
106	407	1
106	777	1
106	2675	1
106	2031	1
107	2215	1
107	185	1
107	2469	1
107	1713	1
107	2393	1
107	1772	1
107	2864	1
107	1740	1
107	942	1
107	2952	1
107	2570	1
107	48	1
107	1744	1
107	1660	1
107	531	1
107	2675	1
108	720	1
108	2707	1
108	261	1
108	531	1
108	2741	1
109	2707	1
110	782	1
110	2707	1
110	2622	1
110	66	1
111	67	1
111	372	1
111	2549	1
111	2864	1
111	1778	1
111	2952	1
111	795	1
111	840	1
111	531	1
111	1614	1
111	1244	1
111	893	1
111	2077	1
111	2675	1
111	384	1
111	1727	1
112	67	1
112	2130	1
112	720	1
112	652	1
112	271	1
112	1315	1
112	2982	1
112	261	1
112	2952	1
112	48	1
112	840	1
112	1660	1
112	125	1
112	531	1
112	2273	1
113	2381	1
113	2549	1
113	185	1
113	2469	1
113	1315	1
113	1286	1
113	2383	1
113	1917	1
113	2952	1
113	1744	1
113	1293	1
113	531	1
113	1244	1
114	2469	1
114	942	1
114	2622	1
114	1660	1
114	531	1
115	1116	1
115	1660	1
115	29	1
115	1382	1
115	2675	1
115	2089	1
115	1162	1
116	2469	1
116	2393	1
116	1660	1
116	2741	1
116	2675	1
117	1660	1
117	29	1
117	2273	1
117	2675	1
118	1116	1
118	720	1
118	463	1
118	1897	1
118	2608	1
118	2469	1
118	2403	1
118	1163	1
118	1854	1
118	840	1
118	1396	1
118	2188	1
118	1660	1
118	29	1
118	20	1
118	2273	1
119	652	1
119	2952	1
119	2675	1
120	2952	1
120	1660	1
120	531	1
121	1116	1
121	2952	1
121	2628	1
121	2622	1
121	531	1
122	2707	1
123	2707	1
124	2952	1
124	1396	1
124	2675	1
125	261	1
125	2741	1
126	1359	1
126	2952	1
126	531	1
126	1027	1
126	2675	1
127	2675	1
128	652	1
128	2864	1
128	942	1
128	261	1
128	2952	1
128	1303	1
128	2622	1
128	1660	1
128	531	1
128	1614	1
128	29	1
128	2273	1
128	1727	1
129	2131	1
129	2929	1
129	133	1
129	942	1
129	261	1
129	2628	1
129	531	1
129	1398	1
129	29	1
129	1156	1
130	185	1
130	2675	1
131	372	1
131	992	1
131	2188	1
131	2424	1
131	1382	1
131	2089	1
131	1997	1
132	2929	1
132	2628	1
132	29	1
132	2741	1
133	1086	1
133	1116	1
133	1897	1
133	372	1
133	2549	1
133	2469	1
133	1713	1
133	652	1
133	2393	1
133	2131	1
133	836	1
133	2864	1
133	1315	1
133	1666	1
133	2952	1
133	1322	1
133	1303	1
133	1382	1
133	2741	1
133	2675	1
134	1710	1
134	1116	1
134	2864	1
134	261	1
134	1666	1
134	2622	1
134	2036	1
134	531	1
134	593	1
134	1851	1
134	2741	1
134	2675	1
135	1061	1
135	1116	1
135	211	1
135	2698	1
135	2469	1
135	323	1
135	942	1
135	1608	1
135	2995	1
135	1660	1
135	531	1
135	29	1
135	2558	1
135	1027	1
135	2675	1
136	2469	1
136	942	1
136	1660	1
136	2675	1
137	2469	1
137	2832	1
137	1953	1
137	2131	1
137	261	1
137	2952	1
137	273	1
137	2628	1
137	2622	1
137	1396	1
137	2036	1
137	1660	1
137	59	1
137	2741	1
137	384	1
138	2469	1
138	2832	1
138	2929	1
138	897	1
138	1660	1
138	2028	1
138	1027	1
138	2675	1
139	2628	1
139	1396	1
139	531	1
140	1086	1
140	652	1
140	942	1
140	879	1
140	1303	1
140	2628	1
140	1660	1
140	2273	1
140	2741	1
141	347	1
141	1086	1
141	2215	1
141	270	1
141	200	1
141	2	1
141	2393	1
141	154	1
141	1772	1
141	2124	1
141	942	1
141	261	1
141	1303	1
141	1744	1
141	1814	1
141	2188	1
141	1660	1
141	125	1
141	1614	1
141	716	1
141	2741	1
142	1061	1
142	2549	1
142	2469	1
142	2383	1
142	942	1
142	48	1
142	1660	1
142	531	1
142	1808	1
143	669	1
143	67	1
143	1086	1
143	463	1
143	372	1
143	2549	1
143	2469	1
143	1713	1
143	652	1
143	2383	1
143	942	1
143	261	1
143	2952	1
143	48	1
143	2622	1
143	1660	1
143	531	1
143	1244	1
143	47	1
143	683	1
143	2675	1
144	1061	1
144	1086	1
144	720	1
144	2549	1
144	1224	1
144	328	1
144	599	1
144	1315	1
144	1348	1
144	1770	1
144	992	1
144	48	1
144	1	1
144	2622	1
144	2210	1
144	1660	1
144	125	1
144	531	1
144	1808	1
144	2784	1
144	1219	1
144	893	1
144	2273	1
144	1210	1
145	669	1
145	185	1
145	2469	1
145	261	1
145	1744	1
145	1660	1
145	531	1
145	683	1
145	2675	1
146	372	1
147	669	1
147	67	1
147	431	1
147	2381	1
147	815	1
147	2689	1
147	790	1
147	1542	1
147	2469	1
147	2393	1
147	271	1
147	2867	1
147	1315	1
147	578	1
147	2383	1
147	1917	1
147	2904	1
147	2952	1
147	992	1
147	48	1
147	1303	1
147	531	1
147	1304	1
147	475	1
147	1106	1
148	2707	1
148	2952	1
148	1322	1
148	48	1
149	67	1
149	2215	1
149	2549	1
149	578	1
149	1322	1
149	1744	1
149	531	1
149	2675	1
150	2549	1
150	2469	1
150	2952	1
150	1322	1
150	531	1
151	1846	1
151	689	1
151	2970	1
151	2953	1
151	2699	1
151	2383	1
151	825	1
151	795	1
151	1744	1
151	1954	1
151	2273	1
151	973	1
151	2675	1
152	1846	1
152	372	1
152	578	1
153	67	1
153	372	1
153	652	1
153	531	1
154	67	1
154	2549	1
154	1322	1
154	531	1
154	1614	1
154	2675	1
155	67	1
155	1846	1
155	815	1
155	372	1
155	2549	1
155	2952	1
155	48	1
155	531	1
155	1614	1
155	2675	1
155	1727	1
156	59	1
157	698	1
157	67	1
157	1856	1
157	1846	1
157	2610	1
157	2164	1
157	1116	1
157	2215	1
157	958	1
157	210	1
157	2797	1
157	463	1
157	626	1
157	1897	1
157	1100	1
157	2279	1
157	270	1
157	2549	1
157	2067	1
157	486	1
157	111	1
157	1160	1
157	2469	1
157	2873	1
157	556	1
157	2832	1
157	2543	1
157	1445	1
157	2264	1
157	2474	1
157	328	1
157	1443	1
157	27	1
157	271	1
157	2285	1
157	1672	1
157	836	1
157	1113	1
157	735	1
157	622	1
157	1164	1
157	845	1
157	942	1
157	118	1
157	623	1
157	1649	1
157	2614	1
157	1666	1
157	2690	1
157	1915	1
157	2904	1
157	217	1
157	3010	1
157	2007	1
157	1348	1
157	1306	1
157	1485	1
157	795	1
157	376	1
157	823	1
157	1781	1
157	992	1
157	659	1
157	48	1
157	840	1
157	1181	1
157	1642	1
157	1664	1
157	1136	1
157	621	1
157	1674	1
157	2622	1
157	2583	1
157	2547	1
157	286	1
157	415	1
157	2410	1
157	1754	1
157	1660	1
157	1033	1
157	1424	1
157	125	1
157	1344	1
157	358	1
157	1873	1
157	2213	1
157	1091	1
157	1614	1
157	15	1
157	1025	1
157	1066	1
157	1593	1
157	2028	1
157	1219	1
157	184	1
157	2273	1
157	683	1
157	1625	1
157	46	1
157	307	1
157	2230	1
157	874	1
157	134	1
158	270	1
158	1224	1
158	1608	1
158	1424	1
159	372	1
160	1649	1
160	2952	1
160	1744	1
160	1660	1
160	531	1
160	2273	1
160	2077	1
160	2741	1
161	1061	1
161	720	1
161	486	1
161	1913	1
161	2469	1
161	1445	1
161	2393	1
161	836	1
161	942	1
161	1450	1
161	1348	1
161	1770	1
161	2001	1
161	2695	1
161	1660	1
161	1424	1
161	1091	1
161	2028	1
161	1219	1
161	2273	1
161	1695	1
161	407	1
161	1381	1
161	384	1
162	2952	1
162	2628	1
162	2741	1
163	669	1
163	486	1
163	185	1
163	2469	1
163	1649	1
163	2952	1
163	48	1
163	1660	1
163	384	1
163	1727	1
164	2383	1
164	2952	1
164	1744	1
164	1660	1
164	2741	1
164	384	1
165	2215	1
165	2046	1
165	2131	1
165	2929	1
165	2383	1
165	2896	1
165	1649	1
165	2432	1
165	1608	1
165	2653	1
165	2628	1
165	2239	1
165	1962	1
165	531	1
165	20	1
165	2558	1
165	2922	1
165	2741	1
165	2302	1
165	1573	1
166	1116	1
166	10	1
166	1649	1
166	2542	1
166	2558	1
166	2741	1
167	1649	1
167	2628	1
167	531	1
168	10	1
168	1138	1
168	1614	1
168	2741	1
169	2952	1
169	531	1
169	2675	1
170	2383	1
170	2952	1
170	2741	1
170	384	1
171	720	1
171	782	1
171	185	1
171	2469	1
171	1224	1
171	1378	1
171	2393	1
171	1772	1
171	2530	1
171	261	1
171	1666	1
171	2952	1
171	1322	1
171	840	1
171	1303	1
171	2628	1
171	1744	1
171	1660	1
171	531	1
171	2028	1
171	683	1
172	669	1
172	720	1
172	48	1
172	2628	1
172	531	1
172	2675	1
172	384	1
173	720	1
173	271	1
173	2952	1
173	840	1
173	308	1
174	2707	1
175	698	1
175	1086	1
175	720	1
175	782	1
175	1713	1
175	2864	1
175	1163	1
175	261	1
175	1018	1
175	840	1
175	1849	1
175	2675	1
176	698	1
176	1934	1
176	1897	1
176	372	1
176	2549	1
176	185	1
176	1163	1
176	261	1
176	840	1
176	2104	1
176	1903	1
176	2675	1
177	2707	1
177	185	1
177	2469	1
177	1224	1
177	840	1
177	531	1
178	1897	1
178	2469	1
178	2383	1
178	2982	1
178	1244	1
178	2675	1
179	1897	1
179	1366	1
179	2982	1
179	1244	1
179	2273	1
179	2120	1
180	849	1
180	2215	1
180	2707	1
180	2469	1
180	2832	1
180	2393	1
180	2006	1
180	271	1
180	2864	1
180	942	1
180	1232	1
180	1322	1
180	795	1
180	48	1
180	1744	1
180	713	1
180	1660	1
180	1614	1
180	2273	1
180	308	1
180	2077	1
180	2675	1
180	1727	1
181	652	1
181	1660	1
182	2707	1
183	537	1
183	1897	1
183	185	1
183	1224	1
183	2393	1
183	942	1
183	2952	1
183	48	1
183	531	1
183	1903	1
183	308	1
183	2675	1
184	2361	1
184	1000	1
184	1116	1
184	220	1
184	886	1
184	428	1
184	2285	1
184	470	1
184	74	1
184	1649	1
184	2904	1
184	57	1
184	2958	1
184	637	1
184	531	1
184	1695	1
184	1625	1
184	268	1
184	601	1
185	347	1
185	1086	1
185	720	1
185	185	1
185	1772	1
185	1649	1
185	1168	1
185	840	1
185	18	1
185	1660	1
185	2784	1
186	2046	1
186	897	1
186	2675	1
186	384	1
186	2652	1
187	10	1
187	1315	1
187	2952	1
188	67	1
188	1315	1
188	2952	1
188	1322	1
189	10	1
189	1614	1
190	815	1
190	2215	1
190	1897	1
190	1233	1
190	1649	1
190	261	1
190	1660	1
190	531	1
190	1614	1
190	2077	1
190	2305	1
191	1116	1
191	2618	1
191	2495	1
192	2365	1
192	240	1
192	1086	1
192	537	1
192	2549	1
192	185	1
192	1224	1
192	2218	1
192	2474	1
192	271	1
192	38	1
192	1671	1
192	1315	1
192	765	1
192	1649	1
192	261	1
192	25	1
192	2250	1
192	334	1
192	1770	1
192	795	1
192	1196	1
192	48	1
192	644	1
192	789	1
192	286	1
192	2857	1
192	2744	1
192	1820	1
192	125	1
192	531	1
192	2784	1
192	2423	1
193	2381	1
193	1713	1
193	1315	1
193	1651	1
193	261	1
193	2083	1
193	413	1
193	2238	1
193	1660	1
193	125	1
193	531	1
193	1244	1
193	2028	1
193	2273	1
193	683	1
194	10	1
195	2448	1
195	372	1
195	10	1
195	2320	1
195	1614	1
196	10	1
197	10	1
198	271	1
198	10	1
198	261	1
198	2952	1
198	48	1
198	840	1
198	125	1
198	1244	1
198	2028	1
199	10	1
200	10	1
201	1086	1
201	720	1
201	1224	1
201	1713	1
201	942	1
201	1196	1
201	840	1
201	1744	1
201	2273	1
201	384	1
201	1132	1
201	594	1
202	2618	1
202	372	1
202	2940	1
203	2490	1
204	669	1
204	1086	1
204	2215	1
204	1897	1
204	2549	1
204	2707	1
204	1224	1
204	1445	1
204	10	1
204	1315	1
204	578	1
204	1649	1
204	25	1
204	2952	1
204	48	1
204	840	1
204	2628	1
204	1660	1
204	531	1
204	2495	1
204	165	1
204	683	1
204	2652	1
205	2380	1
205	1609	1
205	2215	1
205	2828	1
205	2549	1
205	2067	1
205	1224	1
205	652	1
205	328	1
205	271	1
205	402	1
205	836	1
205	2864	1
205	199	1
205	1315	1
205	1649	1
205	2952	1
205	747	1
205	48	1
205	840	1
205	2239	1
205	2622	1
205	904	1
205	2188	1
205	1660	1
205	531	1
205	2028	1
205	1880	1
205	2085	1
205	2675	1
205	2120	1
206	669	1
206	1656	1
206	2469	1
206	2952	1
206	48	1
206	1660	1
206	531	1
207	698	1
207	67	1
207	927	1
207	510	1
207	1846	1
207	1652	1
207	1644	1
207	2448	1
207	2797	1
207	463	1
207	585	1
207	2067	1
207	185	1
207	2469	1
207	1713	1
207	2006	1
207	1772	1
207	428	1
207	836	1
207	2864	1
207	2636	1
207	578	1
207	2383	1
207	942	1
207	1649	1
207	261	1
207	25	1
207	2952	1
207	2238	1
207	57	1
207	1322	1
207	795	1
207	1168	1
207	48	1
207	235	1
207	1744	1
207	2239	1
207	2622	1
207	125	1
207	531	1
207	505	1
207	1244	1
207	2028	1
207	2273	1
207	1694	1
207	131	1
207	1078	1
207	1903	1
207	407	1
207	883	1
207	683	1
207	2675	1
207	668	1
207	2305	1
207	2120	1
207	1727	1
207	2696	1
208	849	1
208	1086	1
208	537	1
208	463	1
208	1656	1
208	185	1
208	2469	1
208	1224	1
208	2393	1
208	1772	1
208	271	1
208	836	1
208	2952	1
208	48	1
208	840	1
208	1303	1
208	2819	1
208	1744	1
208	1660	1
208	531	1
208	2327	1
208	1219	1
209	840	1
209	897	1
209	531	1
210	372	1
211	2931	1
211	537	1
211	782	1
211	1897	1
211	185	1
211	2469	1
211	1224	1
211	1378	1
211	2393	1
211	942	1
211	2952	1
211	840	1
211	1660	1
211	683	1
212	698	1
212	1086	1
212	782	1
212	1366	1
212	185	1
212	2469	1
212	578	1
212	1138	1
212	2622	1
212	2320	1
212	838	1
212	2016	1
212	531	1
212	2277	1
212	2028	1
212	2273	1
212	407	1
212	2768	1
213	372	1
213	2864	1
213	261	1
213	531	1
214	111	1
214	2469	1
214	840	1
214	2327	1
214	2940	1
214	2768	1
215	1560	1
215	2383	1
215	1006	1
215	20	1
215	2675	1
215	2302	1
216	2931	1
216	67	1
216	1846	1
216	2215	1
216	2698	1
216	1702	1
216	1897	1
216	2608	1
216	185	1
216	2469	1
216	2832	1
216	1445	1
216	1378	1
216	2393	1
216	2403	1
216	2119	1
216	2953	1
216	2864	1
216	2821	1
216	2636	1
216	1649	1
216	261	1
216	2614	1
216	25	1
216	2952	1
216	2238	1
216	13	1
216	1770	1
216	2197	1
216	48	1
216	840	1
216	2300	1
216	1744	1
216	597	1
216	1500	1
216	1681	1
216	1660	1
216	125	1
216	531	1
216	2028	1
216	1219	1
216	610	1
216	131	1
216	758	1
216	308	1
216	2768	1
216	2675	1
216	2913	1
216	268	1
216	2696	1
217	1116	1
217	2285	1
217	578	1
217	629	1
217	897	1
217	2622	1
217	29	1
217	88	1
217	2092	1
217	820	1
218	67	1
218	1585	1
218	2884	1
218	2969	1
218	1155	1
218	2148	1
218	319	1
218	578	1
218	51	1
218	1956	1
218	1814	1
218	1734	1
218	2181	1
218	531	1
218	506	1
218	1614	1
218	2327	1
218	2940	1
218	230	1
218	624	1
219	2130	1
219	2440	1
219	691	1
219	2608	1
219	2469	1
219	261	1
219	2016	1
219	1660	1
219	1614	1
219	2327	1
219	1219	1
219	2273	1
219	407	1
219	2675	1
219	2120	1
220	67	1
220	1585	1
220	2298	1
220	1086	1
220	1155	1
220	2009	1
220	1366	1
220	2366	1
220	152	1
220	2239	1
220	2456	1
220	1614	1
220	2327	1
220	2675	1
220	2120	1
221	2384	1
221	1086	1
221	1173	1
221	261	1
221	2628	1
221	2273	1
221	2597	1
222	1086	1
222	1445	1
222	1772	1
222	2628	1
222	2622	1
222	1660	1
222	2273	1
222	2741	1
222	2597	1
223	1061	1
223	1173	1
223	2469	1
223	556	1
223	942	1
223	261	1
223	2688	1
223	2095	1
223	2239	1
223	1614	1
223	2273	1
223	407	1
223	2675	1
223	2120	1
224	2952	1
224	2622	1
224	1814	1
224	531	1
225	840	1
225	2622	1
225	1396	1
225	2741	1
226	886	1
226	74	1
226	1084	1
226	1523	1
226	1660	1
226	2741	1
226	1625	1
226	2913	1
226	601	1
227	1846	1
227	537	1
227	720	1
227	1057	1
227	886	1
227	111	1
227	2469	1
227	2873	1
227	556	1
227	1224	1
227	328	1
227	1772	1
227	428	1
227	2285	1
227	836	1
227	1286	1
227	2719	1
227	2952	1
227	1799	1
227	1333	1
227	629	1
227	992	1
227	2293	1
227	2965	1
227	1138	1
227	1744	1
227	2239	1
227	637	1
227	1184	1
227	1814	1
227	1258	1
227	1660	1
227	531	1
227	506	1
227	1614	1
227	443	1
227	2273	1
227	2940	1
227	2768	1
227	2741	1
227	1625	1
227	1745	1
227	2913	1
227	601	1
228	782	1
228	2469	1
228	1772	1
228	2383	1
228	25	1
228	2206	1
228	473	1
228	451	1
228	514	1
228	531	1
228	1489	1
228	1244	1
228	2768	1
229	2332	1
229	773	1
229	2215	1
229	2355	1
229	2693	1
229	270	1
229	2578	1
229	1687	1
229	2469	1
229	200	1
229	1837	1
229	362	1
229	2864	1
229	2838	1
229	1649	1
229	216	1
229	2952	1
229	2007	1
229	1348	1
229	795	1
229	1168	1
229	992	1
229	1391	1
229	840	1
229	1303	1
229	2628	1
229	2995	1
229	2857	1
229	791	1
229	563	1
229	2188	1
229	1660	1
229	2784	1
229	407	1
229	777	1
230	1116	1
230	2469	1
230	840	1
230	2628	1
230	1660	1
230	531	1
230	2327	1
231	486	1
231	261	1
231	1608	1
231	840	1
231	2622	1
231	531	1
232	2884	1
232	1609	1
232	1086	1
232	2549	1
232	1366	1
232	2469	1
232	2393	1
232	2006	1
232	2530	1
232	1453	1
232	578	1
232	2982	1
232	623	1
232	261	1
232	1950	1
232	1850	1
232	1601	1
232	795	1
232	79	1
232	48	1
232	1744	1
232	2456	1
232	1981	1
232	1660	1
232	1614	1
232	2028	1
232	1931	1
232	2423	1
232	1643	1
232	2434	1
232	683	1
232	2768	1
232	1625	1
232	2675	1
232	1727	1
233	2469	1
233	942	1
233	1660	1
233	2675	1
234	67	1
234	652	1
234	2622	1
235	2130	1
235	815	1
235	463	1
235	2549	1
235	2864	1
235	1649	1
235	261	1
235	1666	1
235	2622	1
235	2028	1
235	2273	1
236	1772	1
236	1660	1
236	2675	1
237	67	1
237	2130	1
237	2618	1
237	463	1
237	1223	1
237	1627	1
237	1181	1
237	1138	1
237	531	1
237	2077	1
237	1106	1
238	2618	1
238	808	1
238	1366	1
238	48	1
238	2622	1
238	531	1
238	536	1
238	1513	1
239	48	1
239	1614	1
239	2675	1
240	2707	1
240	25	1
240	1184	1
241	2904	1
241	2293	1
241	2675	1
242	1846	1
242	2215	1
242	372	1
242	652	1
242	942	1
242	261	1
242	1322	1
242	1614	1
242	2802	1
242	2760	1
242	2675	1
243	2215	1
243	652	1
243	1772	1
243	1322	1
243	795	1
243	1639	1
243	1660	1
243	531	1
243	1614	1
243	2802	1
243	2273	1
243	1727	1
244	2618	1
244	2383	1
244	1322	1
244	1138	1
244	2622	1
244	531	1
245	815	1
245	1710	1
245	1086	1
245	463	1
245	793	1
245	2383	1
245	942	1
245	2206	1
245	1056	1
245	48	1
245	947	1
245	2016	1
245	531	1
245	1244	1
245	2273	1
245	407	1
245	1347	1
245	683	1
245	1381	1
245	1849	1
246	67	1
246	2618	1
246	362	1
246	1081	1
246	2622	1
246	531	1
246	1873	1
246	460	1
246	2327	1
246	702	1
247	1061	1
247	1609	1
247	1116	1
247	2251	1
247	2549	1
247	1224	1
247	2543	1
247	1445	1
247	1223	1
247	1315	1
247	1278	1
247	578	1
247	2383	1
247	2982	1
247	261	1
247	1917	1
247	517	1
247	2790	1
247	1601	1
247	2329	1
247	1138	1
247	2622	1
247	286	1
247	2181	1
247	531	1
247	1244	1
247	2327	1
247	184	1
247	2768	1
247	1381	1
247	1947	1
248	67	1
248	2148	1
248	1138	1
248	531	1
248	1244	1
248	1695	1
248	1145	1
248	2302	1
249	2618	1
249	463	1
249	2530	1
249	1138	1
249	2622	1
250	67	1
250	2251	1
250	1294	1
250	2543	1
250	2148	1
250	629	1
250	2622	1
250	1660	1
250	506	1
250	893	1
250	2221	1
251	2618	1
251	1294	1
251	2543	1
251	2622	1
251	531	1
251	2327	1
251	893	1
251	714	1
251	1727	1
252	2384	1
252	48	1
252	1138	1
252	2622	1
252	531	1
252	2327	1
253	1138	1
253	2622	1
253	1614	1
253	66	1
254	2740	1
255	67	1
255	2384	1
255	2618	1
255	1315	1
255	1138	1
255	2802	1
255	893	1
255	2434	1
256	1061	1
256	1934	1
256	720	1
256	3032	1
256	2608	1
256	372	1
256	270	1
256	1558	1
256	2549	1
256	486	1
256	111	1
256	519	1
256	1772	1
256	1443	1
256	271	1
256	942	1
256	1649	1
256	261	1
256	2952	1
256	1781	1
256	151	1
256	1181	1
256	1303	1
256	2441	1
256	125	1
256	1266	1
256	2028	1
256	821	1
256	407	1
256	2675	1
257	815	1
257	463	1
257	2608	1
257	2549	1
257	2006	1
257	1649	1
257	1322	1
257	1303	1
257	2320	1
257	1660	1
257	1266	1
257	29	1
257	2028	1
257	913	1
257	660	1
257	1078	1
258	372	1
258	652	1
258	261	1
258	1196	1
258	2622	1
258	1660	1
258	1219	1
258	2675	1
259	2215	1
259	1196	1
259	18	1
259	1010	1
259	531	1
259	2784	1
259	2028	1
259	783	1
260	698	1
260	1846	1
260	2215	1
260	2549	1
260	1772	1
260	462	1
260	942	1
260	2688	1
260	151	1
260	840	1
260	1303	1
260	1291	1
260	2028	1
260	2781	1
260	1134	1
261	372	1
261	2864	1
261	1649	1
261	1744	1
261	531	1
261	1614	1
262	67	1
262	815	1
262	2618	1
262	2549	1
262	2469	1
262	1586	1
262	261	1
262	1369	1
262	2952	1
262	2542	1
262	48	1
262	840	1
262	503	1
262	1744	1
262	2622	1
262	2132	1
262	1660	1
262	1614	1
262	1244	1
262	345	1
262	683	1
262	2675	1
263	2215	1
263	1963	1
263	2366	1
263	659	1
263	1303	1
263	1938	1
263	2622	1
263	1054	1
263	1660	1
263	531	1
264	25	1
264	1018	1
264	531	1
264	683	1
265	372	1
265	531	1
266	1116	1
266	79	1
266	1184	1
267	1116	1
267	2239	1
268	669	1
268	67	1
268	2384	1
268	2549	1
268	1366	1
268	2469	1
268	1378	1
268	2264	1
268	2148	1
268	2864	1
268	2530	1
268	412	1
268	2477	1
268	578	1
268	942	1
268	551	1
268	1649	1
268	1666	1
268	1917	1
268	51	1
268	57	1
268	2165	1
268	1322	1
268	414	1
268	795	1
268	79	1
268	48	1
268	840	1
268	2107	1
268	897	1
268	1138	1
268	2456	1
268	1674	1
268	2622	1
268	1184	1
268	2320	1
268	2181	1
268	358	1
268	2324	1
268	1614	1
268	1244	1
268	2273	1
268	2817	1
268	2221	1
268	2728	1
268	268	1
268	166	1
268	1727	1
269	2384	1
269	1116	1
269	2618	1
269	2286	1
269	893	1
270	1846	1
270	815	1
270	1116	1
270	2618	1
270	2608	1
270	1751	1
270	2469	1
270	1713	1
270	2124	1
270	1938	1
270	2327	1
270	2273	1
270	2423	1
270	2302	1
270	1727	1
271	893	1
272	1061	1
272	1086	1
272	986	1
272	500	1
272	2469	1
272	385	1
272	2148	1
272	428	1
272	578	1
272	1649	1
272	795	1
272	1781	1
272	1508	1
272	2456	1
272	2622	1
272	139	1
272	2320	1
272	531	1
272	2028	1
272	2263	1
272	1024	1
273	67	1
273	2384	1
273	1086	1
273	2009	1
273	385	1
273	2148	1
273	428	1
273	2285	1
273	578	1
273	1649	1
273	51	1
273	754	1
273	1781	1
273	897	1
273	1138	1
273	1664	1
273	2622	1
273	1660	1
273	531	1
273	2327	1
273	2028	1
273	1145	1
273	2044	1
273	2302	1
273	268	1
273	2092	1
273	1024	1
273	1727	1
274	2384	1
274	2046	1
274	2243	1
274	79	1
274	1184	1
274	531	1
274	2327	1
274	384	1
275	669	1
275	2554	1
275	868	1
275	1378	1
275	27	1
275	2867	1
275	2243	1
275	79	1
275	2628	1
275	2622	1
275	2132	1
275	309	1
275	2324	1
275	1381	1
275	1947	1
275	2120	1
276	1116	1
276	1196	1
276	1138	1
276	2622	1
276	2327	1
276	1727	1
277	1116	1
277	1184	1
277	2028	1
277	2423	1
277	384	1
278	698	1
278	67	1
278	431	1
278	1897	1
278	2549	1
278	185	1
278	2832	1
278	1445	1
278	2393	1
278	2530	1
278	578	1
278	2952	1
278	2320	1
278	531	1
278	208	1
278	2675	1
278	2120	1
278	1727	1
279	372	1
279	270	1
279	1366	1
279	818	1
279	2970	1
279	2393	1
279	2952	1
279	1770	1
279	840	1
279	2239	1
279	2622	1
279	1660	1
279	531	1
279	407	1
280	1061	1
280	2215	1
280	1445	1
280	868	1
280	2867	1
280	2864	1
280	578	1
280	581	1
280	942	1
280	1666	1
280	1943	1
280	3015	1
280	2320	1
280	1660	1
280	184	1
280	2273	1
280	1931	1
280	2675	1
281	67	1
281	431	1
281	2130	1
281	2554	1
281	790	1
281	249	1
281	687	1
281	48	1
281	1674	1
281	2622	1
281	2132	1
281	531	1
281	2327	1
281	1931	1
281	2675	1
281	2120	1
281	1727	1
282	1846	1
282	897	1
282	2761	1
282	637	1
282	2675	1
283	67	1
283	768	1
283	2549	1
283	1582	1
283	1778	1
283	578	1
283	6	1
283	2383	1
283	942	1
283	1322	1
283	2542	1
283	1138	1
283	1501	1
283	260	1
283	1660	1
283	531	1
283	2327	1
283	893	1
283	2273	1
283	230	1
284	67	1
284	431	1
284	2380	1
284	906	1
284	790	1
284	720	1
284	1275	1
284	2618	1
284	2549	1
284	2469	1
284	2970	1
284	2393	1
284	435	1
284	2867	1
284	2864	1
284	1315	1
284	578	1
284	2952	1
284	2283	1
284	2110	1
284	659	1
284	48	1
284	1744	1
284	2239	1
284	2622	1
284	1814	1
284	2320	1
284	2132	1
284	125	1
284	1614	1
284	2327	1
284	2028	1
284	2273	1
284	683	1
284	964	1
284	1381	1
284	1727	1
285	1086	1
285	768	1
285	2549	1
285	1772	1
285	942	1
285	1322	1
285	1770	1
285	1138	1
285	1501	1
285	1660	1
285	531	1
285	893	1
285	683	1
285	2768	1
286	372	1
286	1751	1
286	2549	1
286	1660	1
286	1614	1
286	1244	1
286	683	1
286	2120	1
287	67	1
287	1846	1
287	1751	1
287	2549	1
287	2542	1
287	531	1
287	2327	1
288	2549	1
288	1315	1
288	261	1
288	1018	1
288	1138	1
288	1744	1
288	2622	1
288	108	1
289	2383	1
289	1018	1
289	2675	1
290	2618	1
290	210	1
290	2251	1
290	486	1
290	2469	1
290	323	1
290	942	1
290	2367	1
290	2695	1
290	887	1
290	1660	1
290	1424	1
290	1244	1
290	2273	1
290	2741	1
291	2618	1
291	2549	1
291	942	1
291	1303	1
291	1744	1
291	1660	1
292	2469	1
292	2383	1
292	25	1
292	1800	1
292	1322	1
292	1608	1
292	125	1
292	1614	1
292	2417	1
292	1078	1
292	683	1
292	384	1
292	2302	1
292	748	1
293	2417	1
294	1846	1
294	768	1
294	2618	1
294	578	1
294	2383	1
294	260	1
294	1660	1
294	531	1
294	1244	1
294	2417	1
294	683	1
294	1910	1
295	2931	1
295	67	1
295	1846	1
295	1086	1
295	768	1
295	2618	1
295	782	1
295	2549	1
295	2469	1
295	2970	1
295	1445	1
295	1713	1
295	942	1
295	25	1
295	2952	1
295	2258	1
295	48	1
295	840	1
295	2132	1
295	1660	1
295	531	1
295	1614	1
295	1244	1
295	2817	1
295	2866	1
295	2231	1
295	683	1
296	1846	1
296	1086	1
296	1275	1
296	942	1
296	2952	1
296	840	1
296	1744	1
296	2239	1
296	2622	1
296	1660	1
296	125	1
296	1614	1
296	1244	1
296	1078	1
297	1086	1
297	782	1
297	942	1
297	1018	1
297	1196	1
297	1744	1
297	1184	1
297	125	1
297	2417	1
297	2028	1
297	2273	1
298	67	1
298	372	1
298	2622	1
298	2132	1
298	531	1
299	2129	1
299	67	1
299	1911	1
299	1275	1
299	372	1
299	2549	1
299	878	1
299	1462	1
299	408	1
299	260	1
299	1515	1
300	669	1
300	1846	1
300	2618	1
300	2943	1
300	942	1
300	1608	1
300	2783	1
300	1674	1
300	531	1
300	683	1
300	1515	1
301	372	1
301	531	1
302	720	1
302	2618	1
302	2549	1
302	486	1
302	2469	1
302	942	1
302	1608	1
302	1501	1
302	1660	1
302	1614	1
302	683	1
302	1910	1
303	669	1
303	1538	1
303	2384	1
303	2164	1
303	1275	1
303	1751	1
303	486	1
303	2469	1
303	1378	1
303	2530	1
303	1778	1
303	2232	1
303	578	1
303	942	1
303	1450	1
303	1348	1
303	840	1
303	1744	1
303	2239	1
303	713	1
303	125	1
303	531	1
303	2327	1
303	2866	1
303	2077	1
303	2604	1
303	683	1
303	2120	1
303	1727	1
303	1515	1
304	1538	1
304	67	1
304	906	1
304	1086	1
304	2164	1
304	720	1
304	2215	1
304	1275	1
304	2618	1
304	372	1
304	2549	1
304	486	1
304	2469	1
304	687	1
304	2864	1
304	578	1
304	2982	1
304	942	1
304	1649	1
304	261	1
304	1666	1
304	25	1
304	2952	1
304	1450	1
304	48	1
304	2628	1
304	2622	1
304	340	1
304	2132	1
304	1660	1
304	125	1
304	531	1
304	1244	1
304	2028	1
304	184	1
304	2760	1
304	345	1
304	2077	1
304	683	1
304	964	1
304	1910	1
304	1727	1
305	2129	1
305	1538	1
305	67	1
305	1846	1
305	815	1
305	1086	1
305	2164	1
305	2215	1
305	768	1
305	2618	1
305	1897	1
305	372	1
305	1751	1
305	2549	1
305	486	1
305	687	1
305	1378	1
305	1773	1
305	1778	1
305	2383	1
305	2982	1
305	942	1
305	1649	1
305	261	1
305	25	1
305	2952	1
305	1450	1
305	48	1
305	840	1
305	2622	1
305	260	1
305	1660	1
305	125	1
305	1614	1
305	1244	1
305	2028	1
305	2760	1
305	964	1
305	2741	1
305	2675	1
305	384	1
305	1910	1
306	2215	1
306	486	1
306	942	1
306	1608	1
306	531	1
306	384	1
306	400	1
307	1086	1
307	1897	1
307	2469	1
307	942	1
307	261	1
307	2952	1
307	48	1
307	1660	1
307	2866	1
307	345	1
307	2741	1
307	2675	1
308	1538	1
308	1751	1
308	1778	1
308	2383	1
308	2622	1
309	815	1
309	906	1
309	2469	1
309	2864	1
309	942	1
309	840	1
309	1660	1
309	2327	1
309	345	1
310	669	1
310	2549	1
310	2864	1
310	942	1
310	2952	1
310	1744	1
310	2622	1
310	1660	1
310	531	1
310	1614	1
310	2675	1
310	2120	1
310	1727	1
311	2549	1
311	2469	1
311	1770	1
311	840	1
311	2995	1
311	531	1
311	2760	1
312	2675	1
313	1660	1
313	2675	1
314	1660	1
315	1846	1
315	1086	1
315	463	1
315	782	1
315	1713	1
315	2864	1
315	942	1
315	2952	1
315	48	1
315	1303	1
315	1744	1
315	2016	1
315	125	1
315	1614	1
316	67	1
316	1846	1
316	1116	1
316	211	1
316	2608	1
316	372	1
316	1776	1
316	2469	1
316	1953	1
316	2383	1
316	133	1
316	942	1
316	1163	1
316	1649	1
316	2238	1
316	1303	1
316	1834	1
316	1744	1
316	1614	1
316	2784	1
316	2273	1
316	1907	1
316	1903	1
316	2675	1
316	2652	1
316	357	1
316	1727	1
317	2469	1
317	2675	1
318	906	1
318	2215	1
318	659	1
318	2675	1
319	2111	1
319	1956	1
319	2675	1
320	2469	1
320	1956	1
320	2675	1
320	2725	1
321	906	1
321	2549	1
321	1445	1
321	547	1
321	942	1
321	1666	1
321	2952	1
321	48	1
321	840	1
321	1303	1
321	1184	1
321	1660	1
321	125	1
321	531	1
321	2273	1
321	1695	1
321	407	1
321	2675	1
322	372	1
323	1061	1
323	886	1
323	2469	1
323	1988	1
323	2006	1
323	428	1
323	2366	1
323	1666	1
323	25	1
323	57	1
323	1770	1
323	795	1
323	376	1
323	1203	1
323	1079	1
323	531	1
323	1614	1
323	914	1
323	2675	1
323	2092	1
323	1727	1
324	1116	1
324	2741	1
325	67	1
325	1061	1
325	1086	1
325	942	1
325	1770	1
325	2239	1
325	2622	1
325	123	1
325	125	1
325	2784	1
325	2028	1
326	2215	1
326	2469	1
326	942	1
326	2952	1
326	48	1
326	1660	1
326	531	1
326	2741	1
327	942	1
327	2952	1
327	2273	1
328	1116	1
328	2761	1
328	2675	1
328	475	1
329	2384	1
329	1275	1
329	1378	1
329	897	1
329	2761	1
329	1863	1
329	2622	1
329	260	1
329	531	1
329	2675	1
329	2120	1
330	897	1
330	1184	1
331	1184	1
331	531	1
331	2028	1
331	2675	1
331	1727	1
332	1116	1
332	2243	1
332	1184	1
332	2675	1
333	2239	1
333	2675	1
333	2120	1
334	1116	1
334	1184	1
334	2675	1
334	2120	1
334	1727	1
335	2384	1
335	2618	1
335	1433	1
335	2251	1
335	1138	1
335	2622	1
335	420	1
335	1184	1
335	1424	1
335	531	1
335	1614	1
335	2675	1
335	2120	1
335	1727	1
336	2622	1
336	1184	1
336	2675	1
336	1727	1
337	67	1
337	2549	1
337	2469	1
337	1773	1
337	1315	1
337	25	1
337	1322	1
337	509	1
337	2132	1
337	1660	1
337	531	1
337	683	1
337	2120	1
337	1727	1
338	1116	1
338	2618	1
338	2549	1
338	1366	1
338	868	1
338	1303	1
338	897	1
338	2628	1
338	2622	1
338	1660	1
338	2028	1
338	2273	1
339	897	1
339	2628	1
339	2327	1
339	1727	1
340	1116	1
340	1184	1
341	698	1
341	689	1
341	906	1
341	1897	1
341	1751	1
341	1713	1
341	652	1
341	271	1
341	1649	1
341	261	1
341	840	1
341	1303	1
341	1017	1
341	2622	1
341	1660	1
341	125	1
341	531	1
341	1614	1
341	1219	1
341	2273	1
341	2760	1
341	1903	1
341	308	1
341	2120	1
342	815	1
342	2469	1
342	1630	1
342	840	1
342	2239	1
342	1820	1
342	309	1
342	125	1
342	2324	1
342	1381	1
342	2675	1
342	1727	1
343	1278	1
343	1660	1
343	531	1
343	536	1
343	2675	1
343	1727	1
344	67	1
344	1644	1
344	1086	1
344	463	1
344	782	1
344	691	1
344	2469	1
344	942	1
344	1163	1
344	447	1
344	1894	1
344	2258	1
344	1196	1
344	1303	1
344	1017	1
344	620	1
344	1994	1
344	2488	1
344	1660	1
344	407	1
344	2741	1
345	1116	1
345	1184	1
345	1727	1
346	67	1
346	906	1
346	2024	1
346	2549	1
346	1445	1
346	868	1
346	1378	1
346	2867	1
346	1031	1
346	1917	1
346	1322	1
346	100	1
346	1874	1
346	1462	1
346	2320	1
346	1225	1
346	531	1
346	1244	1
346	1931	1
346	1381	1
346	2675	1
346	1947	1
346	1727	1
346	2280	1
347	2675	1
348	67	1
348	2279	1
348	1630	1
348	27	1
348	578	1
348	2952	1
348	2206	1
348	1056	1
348	531	1
348	358	1
348	2637	1
348	2262	1
348	11	1
348	2675	1
349	357	1
350	2589	1
350	2215	1
350	2549	1
350	2671	1
350	2469	1
350	2393	1
350	271	1
350	1830	1
350	1305	1
350	903	1
350	2995	1
350	1660	1
351	2469	1
351	1772	1
351	271	1
351	2952	1
351	1781	1
351	1303	1
351	1660	1
351	2675	1
352	270	1
352	2756	1
352	271	1
352	25	1
352	738	1
353	67	1
353	1086	1
353	720	1
353	2589	1
353	2215	1
353	463	1
353	1897	1
353	185	1
353	1224	1
353	836	1
353	2864	1
353	2124	1
353	765	1
353	196	1
353	1649	1
353	795	1
353	840	1
353	2995	1
353	1475	1
353	531	1
353	1615	1
353	1903	1
354	2549	1
354	1778	1
355	2549	1
355	1736	1
355	2383	1
355	2952	1
355	2239	1
356	2618	1
356	1781	1
356	1744	1
356	2327	1
356	1931	1
356	1727	1
357	768	1
357	2618	1
357	25	1
357	840	1
357	1501	1
357	1660	1
357	2273	1
357	2768	1
357	2675	1
358	1086	1
358	2469	1
358	2383	1
358	942	1
358	1322	1
358	1770	1
358	2995	1
358	1660	1
358	531	1
358	683	1
359	67	1
359	2215	1
359	1897	1
359	2549	1
359	2067	1
359	185	1
359	2469	1
359	1445	1
359	1772	1
359	25	1
359	2239	1
359	2622	1
359	2760	1
359	1903	1
359	2120	1
360	1502	1
360	2732	1
360	840	1
361	1556	1
361	2954	1
361	1061	1
361	1116	1
361	720	1
361	1376	1
361	2549	1
361	486	1
361	519	1
361	1837	1
361	1941	1
361	1227	1
361	2732	1
361	942	1
361	1088	1
361	1770	1
361	1503	1
361	840	1
361	897	1
361	2628	1
361	2622	1
361	1424	1
361	531	1
361	2498	1
361	2273	1
361	2940	1
361	2760	1
361	2741	1
361	134	1
362	1649	1
362	2741	1
362	357	1
363	510	1
363	2130	1
363	1061	1
363	906	1
363	1086	1
363	2215	1
363	1897	1
363	818	1
363	2469	1
363	1445	1
363	328	1
363	1772	1
363	428	1
363	271	1
363	1672	1
363	836	1
363	2829	1
363	578	1
363	942	1
363	1649	1
363	261	1
363	1322	1
363	967	1
363	1305	1
363	992	1
363	2546	1
363	840	1
363	867	1
363	2628	1
363	1203	1
363	1293	1
363	670	1
363	2622	1
363	1814	1
363	2421	1
363	2188	1
363	1660	1
363	1033	1
363	358	1
363	1614	1
363	2784	1
363	2028	1
363	893	1
363	2760	1
363	758	1
363	308	1
363	2741	1
363	1625	1
363	2092	1
363	601	1
363	2305	1
363	1910	1
363	2120	1
364	2952	1
364	531	1
364	2741	1
364	1625	1
365	1846	1
365	2130	1
365	1445	1
365	428	1
365	2311	1
365	2953	1
365	2636	1
365	578	1
365	25	1
365	2952	1
365	2239	1
365	531	1
365	1189	1
365	1625	1
365	601	1
365	2120	1
366	2130	1
366	270	1
366	2469	1
366	328	1
366	271	1
366	2119	1
366	2829	1
366	2636	1
366	2952	1
366	1305	1
366	2188	1
366	531	1
366	1614	1
366	2741	1
367	510	1
367	1846	1
367	2052	1
367	261	1
367	2952	1
367	2238	1
367	1770	1
367	1614	1
367	208	1
367	2741	1
367	1162	1
367	2120	1
368	310	1
368	67	1
368	431	1
368	2380	1
368	815	1
368	2549	1
368	2469	1
368	1939	1
368	1578	1
368	2383	1
368	942	1
368	1649	1
368	2346	1
368	2366	1
368	1750	1
368	2286	1
368	2952	1
368	948	1
368	2665	1
368	1138	1
368	3029	1
368	2076	1
368	2938	1
368	2539	1
368	1814	1
368	2713	1
368	1660	1
368	108	1
368	2028	1
368	1078	1
368	2077	1
368	683	1
368	307	1
369	1116	1
369	652	1
369	942	1
369	897	1
369	1660	1
369	531	1
370	1554	1
370	2250	1
370	2628	1
371	1554	1
371	271	1
371	2250	1
371	2628	1
371	531	1
372	2215	1
372	2549	1
372	1366	1
372	2851	1
372	578	1
372	2383	1
372	1649	1
372	57	1
372	2600	1
373	2618	1
373	497	1
373	2530	1
373	2952	1
373	659	1
373	2995	1
373	1	1
373	340	1
373	2277	1
373	1695	1
373	1381	1
373	2675	1
374	1846	1
374	2618	1
374	687	1
374	2864	1
374	2530	1
374	2529	1
374	2470	1
374	79	1
374	659	1
374	840	1
374	2426	1
374	1695	1
374	2768	1
374	357	1
374	1727	1
374	2696	1
375	67	1
375	2884	1
375	1846	1
375	2549	1
375	1666	1
375	2320	1
375	1244	1
375	536	1
375	1381	1
376	626	1
376	2401	1
376	261	1
376	1192	1
376	598	1
376	48	1
376	321	1
376	2622	1
376	2025	1
376	1660	1
376	531	1
376	1804	1
376	593	1
377	698	1
377	67	1
377	1086	1
377	782	1
377	1366	1
377	2469	1
377	200	1
377	2393	1
377	836	1
377	942	1
377	1576	1
377	1196	1
377	48	1
377	1138	1
377	260	1
377	531	1
377	914	1
377	2252	1
377	2273	1
377	1903	1
377	2768	1
377	528	1
377	1727	1
378	1086	1
378	2024	1
378	2215	1
378	2864	1
378	623	1
378	2378	1
378	1322	1
378	81	1
378	48	1
378	2239	1
378	1695	1
378	2675	1
379	67	1
379	2618	1
379	2477	1
379	2982	1
379	51	1
379	795	1
379	1734	1
379	531	1
379	506	1
379	2327	1
379	893	1
379	2940	1
379	230	1
379	2675	1
380	67	1
380	2969	1
380	958	1
380	1517	1
380	463	1
380	1897	1
380	1050	1
380	886	1
380	120	1
380	2469	1
380	436	1
380	1443	1
380	2403	1
380	133	1
380	942	1
380	51	1
380	1081	1
380	2165	1
380	479	1
380	1196	1
380	1508	1
380	1951	1
380	2628	1
380	2622	1
380	1734	1
380	1396	1
380	1660	1
380	125	1
380	1873	1
380	506	1
380	30	1
380	29	1
380	301	1
380	2327	1
380	2784	1
380	2028	1
380	2273	1
380	2940	1
380	2923	1
380	2913	1
380	268	1
381	2384	1
381	1632	1
381	958	1
381	463	1
381	120	1
381	1443	1
381	2285	1
381	133	1
381	313	1
381	1649	1
381	51	1
381	414	1
381	1770	1
381	795	1
381	479	1
381	1831	1
381	2628	1
381	2996	1
381	1138	1
381	2622	1
381	637	1
381	18	1
381	506	1
381	29	1
381	2327	1
381	2784	1
381	243	1
381	2760	1
381	783	1
381	1019	1
381	2221	1
381	2923	1
381	2913	1
381	1430	1
381	1551	1
382	67	1
382	2618	1
382	1058	1
382	2622	1
382	531	1
382	2327	1
382	1695	1
382	2077	1
382	2186	1
382	1727	1
383	67	1
383	1632	1
383	2618	1
383	1478	1
383	2970	1
383	2477	1
383	3012	1
383	313	1
383	2982	1
383	1108	1
383	203	1
383	51	1
383	1081	1
383	57	1
383	1485	1
383	2002	1
383	629	1
383	2329	1
383	1196	1
383	1508	1
383	1642	1
383	1138	1
383	1136	1
383	415	1
383	531	1
383	1873	1
383	2327	1
383	893	1
383	2273	1
383	869	1
383	197	1
383	2190	1
383	1019	1
384	67	1
384	2215	1
384	2233	1
384	1989	1
384	1517	1
384	1113	1
384	578	1
384	2622	1
384	18	1
384	29	1
384	2784	1
384	1907	1
385	67	1
385	1086	1
385	2009	1
385	470	1
385	313	1
385	2165	1
385	531	1
385	30	1
385	460	1
385	566	1
385	392	1
385	2675	1
386	67	1
386	2618	1
386	1517	1
386	2009	1
386	1366	1
386	1113	1
386	578	1
386	313	1
386	531	1
386	2675	1
386	1024	1
387	2618	1
387	1517	1
387	1366	1
387	385	1
387	1113	1
387	2477	1
387	578	1
387	51	1
387	2456	1
387	1121	1
387	1396	1
387	1660	1
387	506	1
387	2940	1
387	2675	1
388	1585	1
388	1086	1
388	1897	1
388	2469	1
388	436	1
388	2148	1
388	2403	1
388	2285	1
388	1286	1
388	942	1
388	239	1
388	1108	1
388	2165	1
388	1196	1
388	1508	1
388	2456	1
388	1734	1
388	1396	1
388	1660	1
388	506	1
388	30	1
388	29	1
388	301	1
388	2273	1
388	2760	1
388	2221	1
388	2854	1
388	268	1
389	67	1
389	2384	1
389	2236	1
389	832	1
389	986	1
389	1632	1
389	1376	1
389	958	1
389	2618	1
389	886	1
389	2970	1
389	385	1
389	428	1
389	2285	1
389	470	1
389	2747	1
389	1254	1
389	412	1
389	578	1
389	2810	1
389	62	1
389	1108	1
389	2952	1
389	51	1
389	1081	1
389	2165	1
389	835	1
389	1796	1
389	639	1
389	150	1
389	795	1
389	1385	1
389	479	1
389	629	1
389	1196	1
389	48	1
389	2337	1
389	1136	1
389	1121	1
389	286	1
389	415	1
389	1660	1
389	1873	1
389	1170	1
389	59	1
389	460	1
389	29	1
389	2028	1
389	2273	1
389	536	1
389	2940	1
389	1019	1
389	268	1
389	2092	1
389	227	1
389	1551	1
389	1700	1
389	1524	1
389	2120	1
389	1024	1
389	1727	1
390	67	1
390	2618	1
390	463	1
390	782	1
390	1366	1
390	1916	1
390	1603	1
390	1772	1
390	2953	1
390	319	1
390	578	1
390	2952	1
390	286	1
390	1184	1
390	1734	1
390	1396	1
390	1660	1
390	531	1
390	29	1
390	2327	1
390	893	1
390	536	1
390	1643	1
390	226	1
390	683	1
390	1573	1
390	1156	1
391	1116	1
391	1275	1
391	1916	1
392	1778	1
392	2441	1
392	2036	1
392	1804	1
393	67	1
393	319	1
393	1113	1
393	2185	1
393	1138	1
393	1121	1
393	531	1
394	67	1
394	1366	1
394	1223	1
394	319	1
394	1113	1
394	1777	1
394	1138	1
394	2456	1
394	2622	1
394	531	1
394	29	1
394	2327	1
394	2728	1
394	2092	1
394	2729	1
395	67	1
395	385	1
395	319	1
395	1138	1
395	531	1
395	1024	1
396	67	1
396	2618	1
396	319	1
396	2622	1
396	531	1
396	1024	1
397	67	1
397	2618	1
397	1115	1
397	687	1
397	2899	1
397	1778	1
397	578	1
397	2383	1
397	2952	1
397	1322	1
397	795	1
397	48	1
397	1501	1
397	1674	1
397	1424	1
397	531	1
397	2327	1
397	536	1
397	2675	1
398	897	1
398	2367	1
398	475	1
399	2384	1
399	1086	1
399	1116	1
399	1632	1
399	2009	1
399	428	1
399	319	1
399	1113	1
399	578	1
399	3020	1
399	51	1
399	1956	1
399	2329	1
399	2369	1
399	1121	1
399	2622	1
399	18	1
399	531	1
399	2327	1
399	566	1
399	536	1
399	2221	1
399	230	1
399	268	1
400	849	1
400	2448	1
400	372	1
400	249	1
400	428	1
400	2383	1
400	623	1
400	2366	1
400	2952	1
400	825	1
400	1770	1
400	2894	1
400	1293	1
400	1674	1
400	2622	1
400	2076	1
400	2441	1
400	2320	1
400	1033	1
400	531	1
400	1614	1
400	2028	1
400	1130	1
400	2675	1
400	1393	1
400	1727	1
401	2675	1
401	1727	1
402	849	1
402	2024	1
402	2196	1
402	372	1
402	343	1
402	249	1
402	652	1
402	1443	1
402	2170	1
402	2383	1
402	1649	1
402	2952	1
402	795	1
402	2461	1
402	1781	1
402	2329	1
402	2546	1
402	48	1
402	1674	1
402	2441	1
402	1033	1
402	1614	1
402	2028	1
402	1931	1
402	1871	1
402	883	1
402	2077	1
402	594	1
403	1736	1
403	795	1
403	1660	1
403	531	1
403	1832	1
404	1778	1
404	713	1
404	66	1
405	2618	1
405	319	1
405	862	1
405	578	1
405	2952	1
405	2165	1
405	2622	1
405	1660	1
405	531	1
405	1614	1
405	2675	1
406	669	1
406	67	1
406	431	1
406	2549	1
406	1366	1
406	1315	1
406	1651	1
406	167	1
406	261	1
406	2238	1
406	1322	1
406	867	1
406	1660	1
406	1820	1
406	531	1
406	1614	1
406	346	1
406	2273	1
406	883	1
406	683	1
407	67	1
407	1315	1
407	2083	1
407	2238	1
407	867	1
407	1938	1
407	2622	1
407	792	1
407	1660	1
407	1820	1
407	125	1
407	1614	1
407	346	1
407	2273	1
407	883	1
407	683	1
407	2675	1
407	805	1
408	67	1
408	2469	1
408	1713	1
408	48	1
408	1938	1
408	1744	1
408	2622	1
408	1660	1
408	1219	1
408	2675	1
409	1897	1
409	185	1
409	1713	1
409	836	1
409	1587	1
409	2383	1
409	1666	1
409	1750	1
409	2690	1
409	2083	1
409	2622	1
409	947	1
409	1660	1
409	125	1
409	531	1
409	2078	1
409	1219	1
409	1009	1
409	2675	1
409	1727	1
410	698	1
410	669	1
410	67	1
410	510	1
410	815	1
410	720	1
410	2215	1
410	2851	1
410	185	1
410	2469	1
410	2970	1
410	2393	1
410	1772	1
410	428	1
410	271	1
410	836	1
410	2864	1
410	1286	1
410	2383	1
410	942	1
410	261	1
410	2083	1
410	2952	1
410	795	1
410	2546	1
410	241	1
410	2622	1
410	2466	1
410	2441	1
410	125	1
410	2028	1
410	1219	1
410	2273	1
410	1009	1
410	1695	1
410	883	1
410	2675	1
410	384	1
410	2120	1
411	67	1
411	2384	1
411	1897	1
411	1366	1
411	2469	1
411	2403	1
411	2383	1
411	261	1
411	2952	1
411	1322	1
411	1660	1
411	125	1
411	531	1
411	683	1
411	2675	1
412	67	1
412	2477	1
412	313	1
412	2366	1
412	51	1
412	1081	1
412	2165	1
412	48	1
412	1138	1
412	1136	1
412	2622	1
412	2327	1
412	2760	1
412	2221	1
413	2675	1
414	67	1
414	2969	1
414	2618	1
414	1466	1
414	182	1
414	313	1
414	1081	1
414	2012	1
414	1136	1
414	1970	1
414	243	1
414	1019	1
414	2221	1
414	2675	1
414	1727	1
415	2383	1
415	2506	1
415	2076	1
415	1820	1
415	683	1
415	2473	1
415	1035	1
415	1984	1
415	2280	1
416	2618	1
416	2148	1
416	1396	1
416	2434	1
417	1116	1
417	2618	1
417	372	1
417	1916	1
417	2530	1
417	1278	1
417	2952	1
417	1322	1
417	795	1
417	1138	1
417	2622	1
417	1614	1
417	893	1
417	384	1
417	2302	1
418	67	1
418	1916	1
418	362	1
418	1772	1
418	836	1
418	2530	1
418	319	1
418	862	1
418	2982	1
418	942	1
418	2275	1
418	2238	1
418	1322	1
418	1601	1
418	2329	1
418	840	1
418	1138	1
418	2622	1
418	1184	1
418	893	1
418	536	1
418	2221	1
418	230	1
418	1782	1
419	67	1
419	1116	1
419	2618	1
419	1223	1
419	2530	1
419	2982	1
419	1138	1
419	2622	1
419	536	1
419	1727	1
420	1223	1
420	1138	1
420	2675	1
421	67	1
421	1116	1
421	2618	1
421	1800	1
421	897	1
421	2628	1
421	2761	1
421	1138	1
421	1184	1
421	358	1
421	2427	1
421	2741	1
421	2302	1
422	579	1
422	1660	1
423	2006	1
423	579	1
424	652	1
424	579	1
424	1815	1
425	793	1
425	519	1
425	650	1
425	48	1
425	1631	1
425	1614	1
425	1219	1
425	1727	1
426	579	1
426	1660	1
427	698	1
427	67	1
427	815	1
427	2902	1
427	2215	1
427	463	1
427	626	1
427	1897	1
427	185	1
427	2832	1
427	1772	1
427	2864	1
427	1740	1
427	1233	1
427	1315	1
427	735	1
427	2383	1
427	942	1
427	1163	1
427	2952	1
427	2891	1
427	1322	1
427	795	1
427	1361	1
427	2542	1
427	1854	1
427	1303	1
427	1581	1
427	1744	1
427	2344	1
427	2583	1
427	1291	1
427	1660	1
427	125	1
427	2306	1
427	2028	1
427	2273	1
427	1134	1
427	1616	1
427	47	1
427	1410	1
427	1903	1
427	345	1
427	407	1
427	1999	1
428	795	1
428	2622	1
428	2675	1
429	1303	1
429	579	1
429	1660	1
429	2273	1
429	2675	1
430	1303	1
431	2469	1
431	1649	1
431	25	1
431	2952	1
431	1348	1
431	1660	1
431	125	1
431	531	1
431	1244	1
432	1744	1
432	1244	1
432	2675	1
433	815	1
433	2469	1
433	1286	1
433	1744	1
433	531	1
434	310	1
434	431	1
434	1488	1
434	2440	1
434	2215	1
434	583	1
434	2864	1
434	1778	1
434	2952	1
434	1839	1
434	48	1
434	1744	1
434	2076	1
434	2356	1
434	2320	1
434	1660	1
434	533	1
434	531	1
434	1274	1
434	1078	1
434	2077	1
434	683	1
435	310	1
435	67	1
435	1488	1
435	2024	1
435	2215	1
435	1791	1
435	2549	1
435	249	1
435	2148	1
435	583	1
435	2867	1
435	2864	1
435	2906	1
435	1778	1
435	578	1
435	807	1
435	1649	1
435	2656	1
435	2709	1
435	939	1
435	48	1
435	1660	1
435	531	1
435	1614	1
435	2028	1
435	883	1
435	2077	1
435	1727	1
436	669	1
436	67	1
436	2384	1
436	2130	1
436	1275	1
436	2618	1
436	2717	1
436	878	1
436	2148	1
436	1223	1
436	1777	1
436	2719	1
436	892	1
436	942	1
436	2206	1
436	1322	1
436	1831	1
436	2329	1
436	2622	1
436	2426	1
436	531	1
436	3009	1
436	1614	1
436	2327	1
436	893	1
436	2434	1
436	2768	1
436	2219	1
436	230	1
436	1727	1
436	2420	1
437	698	1
437	1846	1
437	2215	1
437	691	1
437	2549	1
437	2469	1
437	1224	1
437	2403	1
437	2530	1
437	547	1
437	2124	1
437	25	1
437	2952	1
437	2542	1
437	840	1
437	2460	1
437	1291	1
437	2522	1
437	125	1
437	531	1
437	763	1
437	1219	1
437	184	1
437	2273	1
437	1134	1
437	973	1
438	1666	1
438	1660	1
438	125	1
439	1660	1
439	531	1
439	2675	1
439	1727	1
440	1660	1
440	2675	1
441	2618	1
441	1366	1
441	1223	1
441	1122	1
441	1138	1
441	2941	1
441	2434	1
441	2044	1
441	2186	1
441	2120	1
441	1106	1
441	1727	1
442	67	1
442	3025	1
442	1278	1
442	1601	1
442	1138	1
442	531	1
442	2077	1
442	2675	1
442	1515	1
443	2884	1
443	2618	1
443	1366	1
443	2456	1
444	67	1
444	1778	1
444	1138	1
444	531	1
444	2768	1
445	2707	1
446	1744	1
446	531	1
446	2675	1
447	1744	1
447	1660	1
447	531	1
447	2675	1
448	2931	1
448	1086	1
448	2440	1
448	299	1
448	463	1
448	782	1
448	1897	1
448	1366	1
448	185	1
448	2395	1
448	1772	1
448	836	1
448	2864	1
448	582	1
448	319	1
448	1315	1
448	2943	1
448	462	1
448	1286	1
448	115	1
448	2383	1
448	316	1
448	942	1
448	1586	1
448	2391	1
448	1649	1
448	2952	1
448	795	1
448	1836	1
448	2258	1
448	1196	1
448	1744	1
448	2622	1
448	1814	1
448	2396	1
448	1279	1
448	2016	1
448	125	1
448	531	1
448	1325	1
448	1244	1
448	2781	1
448	1903	1
448	407	1
448	2305	1
448	1910	1
448	2120	1
448	1533	1
448	1515	1
449	67	1
449	531	1
449	1614	1
449	2768	1
449	2675	1
450	1538	1
450	2383	1
450	2952	1
450	2675	1
451	1086	1
451	1116	1
451	463	1
451	1772	1
451	942	1
451	1660	1
451	2741	1
452	720	1
452	2707	1
452	185	1
452	2393	1
452	1322	1
452	1614	1
452	1219	1
453	1710	1
453	1086	1
453	1173	1
453	2608	1
453	2484	1
453	652	1
453	2403	1
453	1495	1
453	2688	1
453	2622	1
453	1504	1
453	531	1
453	2028	1
453	2558	1
453	821	1
453	2675	1
453	384	1
454	310	1
454	327	1
454	67	1
454	2314	1
454	1726	1
454	2033	1
454	1806	1
454	942	1
454	90	1
454	2917	1
454	2709	1
454	1418	1
454	2273	1
454	99	1
455	2215	1
455	185	1
455	2469	1
455	1224	1
455	942	1
455	2952	1
455	840	1
455	1033	1
455	2675	1
456	2215	1
456	2469	1
456	942	1
456	1660	1
456	531	1
456	2675	1
457	2215	1
457	2549	1
457	1772	1
457	2952	1
457	840	1
457	1660	1
457	1033	1
457	531	1
457	2273	1
457	2675	1
458	1086	1
458	463	1
458	782	1
458	2469	1
458	942	1
458	620	1
458	531	1
458	2675	1
459	720	1
459	463	1
459	782	1
459	2251	1
459	1897	1
459	2549	1
459	185	1
459	2469	1
459	2864	1
459	1740	1
459	2124	1
459	2383	1
459	942	1
459	1369	1
459	2952	1
459	1348	1
459	1196	1
459	48	1
459	840	1
459	1303	1
459	2622	1
459	1447	1
459	125	1
459	531	1
459	2306	1
459	2028	1
459	1219	1
459	407	1
459	2675	1
460	310	1
460	327	1
460	431	1
460	2380	1
460	2215	1
460	2448	1
460	918	1
460	2549	1
460	1366	1
460	2148	1
460	2033	1
460	2232	1
460	2313	1
460	1612	1
460	1216	1
460	2952	1
460	1322	1
460	170	1
460	1056	1
460	78	1
460	164	1
460	1744	1
460	3029	1
460	2076	1
460	2356	1
460	260	1
460	713	1
460	1660	1
460	125	1
460	531	1
460	66	1
460	2077	1
460	2768	1
460	2675	1
460	2535	1
460	1172	1
460	2602	1
460	2120	1
460	813	1
461	2469	1
461	435	1
461	2530	1
461	1660	1
461	2675	1
462	694	1
462	463	1
462	1897	1
462	888	1
462	185	1
462	2469	1
462	1713	1
462	1772	1
462	462	1
462	1661	1
462	2238	1
462	48	1
462	620	1
462	2386	1
462	1660	1
462	531	1
462	2306	1
462	2078	1
462	1219	1
462	131	1
462	2675	1
463	1897	1
463	2549	1
463	1772	1
463	2383	1
463	840	1
463	2240	1
463	531	1
463	1219	1
463	407	1
464	694	1
464	463	1
464	2484	1
464	1713	1
464	1772	1
464	2124	1
464	462	1
464	316	1
464	942	1
464	1163	1
464	1661	1
464	13	1
464	1196	1
464	48	1
464	620	1
464	1994	1
464	1639	1
464	1660	1
464	531	1
464	2078	1
464	2104	1
464	2273	1
465	2381	1
465	1897	1
465	2469	1
465	1772	1
465	1661	1
465	2952	1
465	1361	1
465	1744	1
465	1660	1
465	531	1
465	2675	1
465	2031	1
466	67	1
466	1366	1
466	129	1
466	578	1
466	1818	1
466	57	1
466	795	1
466	2329	1
466	2456	1
466	2622	1
466	2181	1
466	125	1
466	893	1
466	2273	1
466	536	1
466	2423	1
466	2817	1
466	1891	1
466	683	1
466	1782	1
466	2675	1
466	1727	1
467	2884	1
467	2618	1
467	1366	1
467	2469	1
467	2148	1
467	428	1
467	2456	1
467	2426	1
467	2327	1
467	2273	1
467	536	1
467	1145	1
468	2052	1
468	840	1
468	2761	1
468	20	1
468	748	1
469	578	1
469	57	1
469	1814	1
469	2675	1
470	67	1
470	1846	1
470	578	1
470	1649	1
470	2628	1
470	1660	1
470	1424	1
470	2327	1
471	1116	1
471	2622	1
472	1116	1
472	531	1
472	2741	1
472	2675	1
473	67	1
473	2618	1
473	1366	1
473	2383	1
473	2628	1
473	2456	1
473	2066	1
473	1033	1
473	531	1
473	1244	1
473	2273	1
473	2221	1
473	1782	1
474	1086	1
474	1772	1
474	2952	1
474	48	1
474	1814	1
474	1660	1
474	531	1
474	1614	1
474	2273	1
474	2781	1
474	2741	1
474	2305	1
475	67	1
475	1086	1
475	185	1
475	2469	1
475	1772	1
475	836	1
475	1286	1
475	2383	1
475	2982	1
475	2300	1
475	1814	1
475	1660	1
475	531	1
475	505	1
475	1614	1
475	2252	1
475	1694	1
475	2768	1
475	2675	1
475	2305	1
476	1086	1
476	720	1
476	1275	1
476	463	1
476	782	1
476	1751	1
476	2549	1
476	2469	1
476	2393	1
476	1772	1
476	2864	1
476	1315	1
476	942	1
476	754	1
476	1303	1
476	2494	1
476	2622	1
476	1814	1
476	260	1
476	2565	1
476	1660	1
476	125	1
476	531	1
476	358	1
476	2028	1
476	2273	1
476	2866	1
476	230	1
476	2675	1
476	1727	1
477	1086	1
477	2618	1
477	1366	1
477	2383	1
477	1744	1
477	1660	1
478	67	1
478	2148	1
478	1196	1
478	1138	1
478	531	1
478	2327	1
478	2784	1
478	384	1
478	1727	1
479	67	1
479	2006	1
479	2867	1
479	2107	1
479	2037	1
479	2320	1
479	1614	1
479	883	1
479	683	1
480	531	1
480	2675	1
481	126	1
481	2698	1
481	2046	1
481	735	1
481	261	1
481	1608	1
481	1486	1
482	2549	1
482	1445	1
482	2952	1
482	48	1
482	2622	1
482	1660	1
482	531	1
482	1614	1
482	1189	1
482	384	1
482	1727	1
483	2215	1
483	2046	1
483	2134	1
483	840	1
483	407	1
483	2675	1
484	2549	1
484	652	1
484	2952	1
484	2675	1
485	669	1
485	67	1
485	510	1
485	1086	1
485	959	1
485	652	1
485	942	1
485	413	1
485	1322	1
485	48	1
485	867	1
485	1744	1
485	125	1
485	1219	1
485	758	1
485	2675	1
485	2120	1
486	372	1
486	2675	1
487	1846	1
487	2215	1
487	372	1
487	1366	1
487	2867	1
487	1315	1
487	261	1
487	2952	1
487	48	1
487	1244	1
487	683	1
487	2675	1
488	372	1
488	2469	1
488	793	1
488	942	1
488	1322	1
488	48	1
488	1138	1
488	1744	1
488	1814	1
488	2675	1
488	1727	1
489	372	1
489	2952	1
489	1660	1
489	531	1
489	2077	1
489	384	1
490	372	1
490	2675	1
491	372	1
492	372	1
492	531	1
493	372	1
493	1445	1
493	2622	1
493	1660	1
493	2028	1
494	372	1
494	531	1
494	2675	1
495	372	1
495	652	1
495	1750	1
495	531	1
495	2675	1
495	1727	1
496	372	1
496	1660	1
496	2675	1
497	372	1
497	2622	1
497	531	1
497	1614	1
497	1727	1
498	2549	1
498	1204	1
498	1486	1
498	2367	1
498	2802	1
498	2675	1
499	2549	1
499	2832	1
499	2952	1
499	2675	1
500	2549	1
500	2707	1
500	2952	1
500	2675	1
501	2549	1
501	2383	1
501	1649	1
501	2952	1
501	1138	1
501	1660	1
502	2469	1
502	2864	1
502	2952	1
502	1727	1
503	1778	1
504	2469	1
504	1778	1
504	1660	1
504	125	1
505	2131	1
505	2383	1
505	1608	1
505	683	1
505	384	1
506	67	1
506	1846	1
506	2549	1
506	2067	1
506	2006	1
506	1778	1
506	442	1
506	578	1
506	1666	1
506	25	1
506	1770	1
506	383	1
506	2622	1
506	713	1
506	125	1
506	531	1
506	2495	1
506	1695	1
506	2077	1
506	683	1
506	2675	1
506	384	1
506	1727	1
507	2549	1
507	1315	1
507	578	1
507	1138	1
507	1660	1
507	125	1
507	2077	1
507	683	1
507	384	1
508	2440	1
508	2549	1
508	2851	1
508	2395	1
508	1378	1
508	386	1
508	1666	1
508	1723	1
508	2107	1
508	2605	1
508	1138	1
508	2616	1
508	1066	1
508	1695	1
508	2675	1
508	1727	1
509	431	1
509	2006	1
509	578	1
509	1666	1
509	1744	1
509	2495	1
509	683	1
509	2675	1
509	1727	1
510	2440	1
510	578	1
510	1138	1
510	2239	1
510	1660	1
510	531	1
510	2077	1
510	683	1
510	2675	1
510	384	1
511	2549	1
511	48	1
511	1744	1
511	1660	1
511	125	1
511	683	1
512	431	1
512	2549	1
512	2469	1
512	2970	1
512	2383	1
512	2952	1
512	1744	1
512	1660	1
512	2077	1
512	683	1
512	2741	1
512	2675	1
512	384	1
512	1727	1
513	1666	1
513	90	1
513	48	1
513	2077	1
514	669	1
514	1580	1
514	2867	1
514	1666	1
514	1744	1
514	1660	1
514	531	1
514	1066	1
514	883	1
514	683	1
515	652	1
515	2867	1
515	1608	1
515	1660	1
515	125	1
515	2077	1
515	683	1
515	1727	1
516	669	1
516	67	1
516	1488	1
516	2670	1
516	2530	1
516	1649	1
516	1666	1
516	1896	1
516	48	1
516	1303	1
516	1138	1
516	1744	1
516	125	1
516	883	1
516	2077	1
516	683	1
516	2675	1
517	669	1
517	2549	1
517	2670	1
517	1649	1
517	883	1
517	2077	1
517	683	1
517	2675	1
517	384	1
518	2006	1
518	2867	1
518	2383	1
518	942	1
518	2320	1
518	1660	1
518	531	1
518	2077	1
518	2675	1
518	384	1
518	1947	1
519	67	1
519	2670	1
519	2383	1
519	531	1
519	2077	1
519	384	1
519	1727	1
520	683	1
520	384	1
520	1727	1
521	67	1
521	2383	1
521	1649	1
521	2952	1
521	2622	1
521	1660	1
521	531	1
521	384	1
521	1947	1
521	1727	1
522	2549	1
522	543	1
522	578	1
522	2383	1
522	2182	1
522	2675	1
523	2006	1
523	1315	1
523	2622	1
523	1614	1
523	2675	1
523	1727	1
524	2867	1
524	531	1
524	2675	1
524	1727	1
525	67	1
525	1744	1
525	2076	1
525	683	1
525	2675	1
526	67	1
526	2549	1
526	343	1
526	578	1
526	1138	1
526	2622	1
526	125	1
526	1274	1
526	2675	1
527	2549	1
527	2867	1
527	2320	1
527	2675	1
528	2549	1
528	1649	1
528	48	1
528	2077	1
528	683	1
528	1727	1
529	67	1
529	2383	1
529	1649	1
529	48	1
529	1138	1
529	1660	1
529	683	1
529	2675	1
529	1727	1
530	2549	1
530	1660	1
530	125	1
530	2077	1
530	1381	1
530	2675	1
531	310	1
531	67	1
531	689	1
531	2298	1
531	2549	1
531	2067	1
531	2469	1
531	1778	1
531	1649	1
531	2110	1
531	1303	1
531	897	1
531	1744	1
531	1660	1
531	125	1
531	531	1
531	1217	1
531	2675	1
531	384	1
531	2302	1
531	1727	1
532	2549	1
532	578	1
532	1744	1
532	1660	1
532	2675	1
533	67	1
533	2549	1
533	1778	1
533	578	1
533	2383	1
533	2110	1
533	48	1
533	1660	1
534	1538	1
534	1778	1
534	48	1
534	531	1
535	372	1
535	261	1
535	2622	1
535	1660	1
535	1695	1
536	2006	1
536	1778	1
536	1770	1
536	48	1
536	683	1
536	1727	1
537	1778	1
537	2622	1
537	1660	1
537	531	1
537	2077	1
538	67	1
538	431	1
538	2381	1
538	2549	1
538	2970	1
538	2383	1
538	942	1
538	1649	1
538	25	1
538	2952	1
538	48	1
538	125	1
538	2077	1
538	683	1
538	2675	1
539	67	1
539	2383	1
539	48	1
539	1138	1
539	1744	1
539	1660	1
540	1778	1
540	2952	1
540	48	1
540	1660	1
540	531	1
541	2046	1
542	1744	1
542	2077	1
542	2675	1
542	384	1
542	2302	1
543	1608	1
543	2077	1
543	384	1
543	2302	1
543	1727	1
544	67	1
544	1585	1
544	1086	1
544	2618	1
544	3025	1
544	878	1
544	2148	1
544	1916	1
544	435	1
544	2530	1
544	1315	1
544	553	1
544	640	1
544	1777	1
544	578	1
544	2383	1
544	892	1
544	1322	1
544	1138	1
544	2622	1
544	187	1
544	2181	1
544	1614	1
544	2273	1
544	1145	1
544	2044	1
544	2768	1
544	2675	1
544	2186	1
544	1727	1
545	1744	1
545	2622	1
545	384	1
546	2618	1
546	531	1
546	2675	1
546	384	1
547	1778	1
547	531	1
548	372	1
548	1660	1
548	2077	1
548	1381	1
548	2675	1
549	48	1
549	1660	1
549	1727	1
550	2675	1
551	310	1
551	2549	1
551	48	1
551	1660	1
551	531	1
552	2383	1
552	48	1
552	1660	1
552	125	1
552	2675	1
553	67	1
553	2549	1
553	2383	1
553	48	1
553	1814	1
553	531	1
554	1538	1
554	1778	1
554	2952	1
554	1660	1
554	2675	1
554	1727	1
555	2618	1
555	2469	1
555	48	1
555	2239	1
555	2622	1
555	1660	1
555	531	1
555	2675	1
556	2622	1
556	2675	1
557	1778	1
557	2622	1
557	531	1
558	67	1
558	1778	1
558	1138	1
558	2239	1
558	531	1
558	66	1
559	67	1
559	48	1
559	1138	1
559	66	1
560	1778	1
560	48	1
560	2622	1
561	1315	1
561	1778	1
561	2622	1
561	1814	1
562	67	1
562	1778	1
562	2622	1
562	1660	1
562	531	1
562	1106	1
562	1727	1
563	1846	1
563	1138	1
563	1660	1
563	683	1
563	2675	1
563	384	1
563	1727	1
564	67	1
564	2952	1
564	1138	1
564	1660	1
564	683	1
565	67	1
565	1315	1
565	1778	1
565	2752	1
565	531	1
565	683	1
565	1727	1
566	1778	1
566	1138	1
567	67	1
567	2549	1
567	1778	1
567	1660	1
567	683	1
567	2120	1
568	2952	1
568	48	1
568	2622	1
568	531	1
568	1727	1
569	1846	1
569	1223	1
569	1778	1
569	2383	1
569	1322	1
569	1138	1
569	531	1
569	66	1
570	1778	1
570	1666	1
570	531	1
571	1778	1
571	48	1
571	531	1
572	808	1
572	1778	1
572	1138	1
572	2239	1
572	66	1
572	1727	1
573	1138	1
573	2622	1
573	531	1
573	2675	1
574	2469	1
574	1744	1
574	1660	1
574	531	1
575	67	1
575	2549	1
575	652	1
575	2952	1
575	1303	1
575	1138	1
575	1660	1
575	2675	1
575	748	1
576	1778	1
576	1814	1
576	1931	1
576	883	1
576	2077	1
577	2077	1
577	384	1
578	2675	1
579	67	1
579	2549	1
579	2077	1
579	683	1
579	384	1
580	48	1
580	2675	1
580	1727	1
581	67	1
581	689	1
581	2549	1
581	2395	1
581	1666	1
581	48	1
581	2320	1
581	1660	1
581	531	1
581	683	1
581	1381	1
582	2867	1
582	1660	1
582	2077	1
582	2675	1
583	1050	1
583	1778	1
583	1689	1
583	683	1
584	1846	1
584	2952	1
584	795	1
584	48	1
584	2239	1
584	2622	1
584	1660	1
584	1614	1
584	66	1
584	2077	1
584	1727	1
585	67	1
585	1275	1
585	2148	1
585	1778	1
585	957	1
585	1649	1
585	2952	1
585	1138	1
585	1184	1
585	1660	1
585	531	1
585	1614	1
585	2327	1
585	2010	1
585	1727	1
586	2549	1
586	1770	1
586	1660	1
586	125	1
586	531	1
586	987	1
586	2273	1
586	2675	1
587	2148	1
587	1778	1
587	2383	1
587	2952	1
587	48	1
587	1138	1
587	1660	1
587	66	1
587	1727	1
588	2006	1
588	1315	1
588	1778	1
588	48	1
588	683	1
588	1727	1
589	2077	1
589	2675	1
589	384	1
590	2384	1
590	1778	1
590	2622	1
590	531	1
591	1660	1
591	2077	1
591	2675	1
591	2120	1
591	1727	1
592	2832	1
592	652	1
593	67	1
593	815	1
593	2215	1
593	2549	1
593	1736	1
593	2864	1
593	859	1
593	2485	1
593	712	1
593	1660	1
593	531	1
593	1614	1
593	2077	1
593	2740	1
593	2120	1
593	1727	1
594	1138	1
594	2320	1
594	1660	1
594	883	1
594	1381	1
595	1649	1
595	2952	1
595	1744	1
595	2320	1
595	2675	1
596	1359	1
596	742	1
597	67	1
597	2239	1
597	2622	1
597	2675	1
597	384	1
597	1727	1
598	67	1
598	431	1
598	2114	1
598	2554	1
598	1911	1
598	906	1
598	793	1
598	2395	1
598	1378	1
598	2867	1
598	2864	1
598	1315	1
598	6	1
598	189	1
598	2952	1
598	48	1
598	1628	1
598	1138	1
598	1052	1
598	2555	1
598	1660	1
598	1614	1
598	108	1
598	1339	1
598	165	1
598	353	1
598	2675	1
598	384	1
598	1515	1
599	669	1
599	67	1
599	1846	1
599	720	1
599	2448	1
599	486	1
599	185	1
599	2469	1
599	2970	1
599	793	1
599	1736	1
599	1315	1
599	578	1
599	1649	1
599	25	1
599	1450	1
599	1322	1
599	48	1
599	840	1
599	1203	1
599	2239	1
599	2622	1
599	947	1
599	1660	1
599	1614	1
599	1009	1
599	683	1
599	1381	1
599	1727	1
600	2381	1
600	1371	1
600	2469	1
600	1315	1
600	2383	1
600	1322	1
600	1744	1
600	408	1
600	792	1
600	1660	1
600	125	1
600	531	1
600	2077	1
601	67	1
601	1778	1
601	1660	1
601	66	1
602	1701	1
602	669	1
602	369	1
602	327	1
602	2384	1
602	2380	1
602	1846	1
602	1488	1
602	2381	1
602	815	1
602	2298	1
602	1609	1
602	906	1
602	743	1
602	1086	1
602	619	1
602	399	1
602	1047	1
602	1494	1
602	1517	1
602	299	1
602	2687	1
602	138	1
602	1476	1
602	1897	1
602	1791	1
602	888	1
602	585	1
602	270	1
602	186	1
602	1751	1
602	2008	1
602	2816	1
602	631	1
602	611	1
602	658	1
602	2102	1
602	2549	1
602	343	1
602	2666	1
602	1318	1
602	2269	1
602	983	1
602	2067	1
602	486	1
602	1921	1
602	1758	1
602	1423	1
602	880	1
602	2961	1
602	793	1
602	1445	1
602	2932	1
602	2357	1
602	389	1
602	1713	1
602	2148	1
602	1223	1
602	435	1
602	1772	1
602	2955	1
602	1443	1
602	1939	1
602	1580	1
602	1830	1
602	836	1
602	2829	1
602	2864	1
602	199	1
602	1684	1
602	2530	1
602	2997	1
602	80	1
602	361	1
602	365	1
602	1315	1
602	1441	1
602	2624	1
602	2124	1
602	2033	1
602	1806	1
602	2881	1
602	1793	1
602	442	1
602	1053	1
602	1651	1
602	824	1
602	2443	1
602	898	1
602	2936	1
602	1004	1
602	2560	1
602	2383	1
602	1216	1
602	2182	1
602	2463	1
602	1490	1
602	244	1
602	942	1
602	2737	1
602	2505	1
602	1571	1
602	3000	1
602	736	1
602	692	1
602	1763	1
602	1649	1
602	2346	1
602	1666	1
602	1943	1
602	2724	1
602	1917	1
602	2064	1
602	2286	1
602	413	1
602	1818	1
602	2952	1
602	1450	1
602	178	1
602	2238	1
602	1583	1
602	544	1
602	1384	1
602	847	1
602	2465	1
602	2354	1
602	1990	1
602	2785	1
602	853	1
602	393	1
602	1322	1
602	1770	1
602	2811	1
602	102	1
602	2363	1
602	68	1
602	170	1
602	2288	1
602	19	1
602	2633	1
602	1129	1
602	1056	1
602	191	1
602	3016	1
602	496	1
602	78	1
602	1260	1
602	2506	1
602	480	1
602	2621	1
602	93	1
602	2442	1
602	2310	1
602	1720	1
602	1991	1
602	422	1
602	1123	1
602	2709	1
602	1728	1
602	570	1
602	2782	1
602	2140	1
602	939	1
602	1039	1
602	1604	1
602	659	1
602	1855	1
602	2482	1
602	1118	1
602	703	1
602	3018	1
602	2692	1
602	2259	1
602	1449	1
602	144	1
602	2107	1
602	2685	1
602	1138	1
602	1938	1
602	2326	1
602	117	1
602	1744	1
602	2239	1
602	397	1
602	1674	1
602	2856	1
602	2437	1
602	1075	1
602	1881	1
602	1230	1
602	284	1
602	2998	1
602	2849	1
602	680	1
602	2057	1
602	620	1
602	1507	1
602	333	1
602	378	1
602	286	1
602	2938	1
602	2177	1
602	776	1
602	1814	1
602	2032	1
602	1725	1
602	727	1
602	1982	1
602	2356	1
602	456	1
602	2555	1
602	1146	1
602	1584	1
602	194	1
602	774	1
602	1754	1
602	653	1
602	2320	1
602	1335	1
602	2776	1
602	2351	1
602	572	1
602	1174	1
602	1258	1
602	2132	1
602	1033	1
602	1820	1
602	125	1
602	2626	1
602	2990	1
602	71	1
602	1266	1
602	2730	1
602	1633	1
602	2331	1
602	381	1
602	1879	1
602	2988	1
602	358	1
602	2600	1
602	571	1
602	1477	1
602	2504	1
602	1972	1
602	505	1
602	1614	1
602	1214	1
602	2507	1
602	1541	1
602	1829	1
602	1838	1
602	1363	1
602	1789	1
602	2327	1
602	2676	1
602	1832	1
602	1394	1
602	2161	1
602	2028	1
602	2252	1
602	23	1
602	1531	1
602	1274	1
602	893	1
602	2475	1
602	1414	1
602	1078	1
602	2704	1
602	1226	1
602	2866	1
602	693	1
602	407	1
602	446	1
602	2774	1
602	1871	1
602	2077	1
602	2682	1
602	683	1
602	964	1
602	584	1
602	2228	1
602	2777	1
602	522	1
602	2992	1
602	2630	1
602	32	1
602	1849	1
602	1107	1
602	1746	1
602	1393	1
602	2535	1
602	1125	1
602	2138	1
602	1020	1
602	1403	1
602	2725	1
602	759	1
602	2602	1
602	2473	1
602	594	1
602	1910	1
602	2120	1
602	2341	1
602	280	1
602	1727	1
602	2204	1
603	2450	1
603	2049	1
603	1764	1
603	2373	1
603	2952	1
603	48	1
603	1138	1
603	2622	1
603	531	1
604	2931	1
604	67	1
604	2215	1
604	463	1
604	372	1
604	1906	1
604	2549	1
604	2929	1
604	836	1
604	2383	1
604	133	1
604	1359	1
604	942	1
604	2952	1
604	1608	1
604	1744	1
604	1	1
604	1201	1
604	297	1
604	1614	1
604	2028	1
604	2675	1
604	384	1
604	423	1
604	2305	1
604	1727	1
605	2276	1
605	1744	1
605	531	1
605	2478	1
606	25	1
606	1770	1
606	1138	1
606	1744	1
606	2320	1
606	1660	1
606	683	1
606	2675	1
606	1910	1
606	1727	1
607	2549	1
607	1744	1
607	125	1
607	987	1
607	683	1
607	2675	1
608	2215	1
608	1921	1
608	2970	1
608	2952	1
608	1660	1
608	531	1
608	2077	1
608	2675	1
609	646	1
609	1846	1
609	2381	1
609	210	1
609	463	1
609	782	1
609	1294	1
609	2549	1
609	2469	1
609	2970	1
609	2867	1
609	1315	1
609	2232	1
609	578	1
609	1649	1
609	25	1
609	2752	1
609	1770	1
609	383	1
609	1723	1
609	840	1
609	1303	1
609	1674	1
609	1528	1
609	2683	1
609	1660	1
609	125	1
609	531	1
609	1927	1
609	2594	1
609	2077	1
609	683	1
609	2675	1
609	1276	1
609	1727	1
610	463	1
610	1778	1
610	2383	1
610	2622	1
610	531	1
611	1116	1
611	2618	1
611	1223	1
611	319	1
611	1778	1
611	2383	1
611	2677	1
611	1138	1
611	66	1
611	2327	1
611	2768	1
611	1727	1
612	1322	1
612	1660	1
612	531	1
612	2675	1
612	1727	1
613	2618	1
613	2079	1
613	1138	1
613	2239	1
613	893	1
613	2077	1
613	2675	1
613	1727	1
614	669	1
614	2549	1
614	1921	1
614	2469	1
614	578	1
614	2383	1
614	2952	1
614	1998	1
614	1744	1
614	2616	1
614	2356	1
614	2320	1
614	1660	1
614	531	1
614	2866	1
614	883	1
614	2077	1
614	683	1
614	2675	1
614	1727	1
615	1846	1
615	578	1
615	2383	1
615	1216	1
615	1322	1
615	2320	1
615	531	1
615	1614	1
615	1727	1
616	2469	1
616	2636	1
616	2366	1
616	1800	1
616	2952	1
616	795	1
616	2197	1
616	2622	1
616	1660	1
616	1189	1
616	384	1
616	134	1
617	1897	1
617	2549	1
617	2469	1
617	1713	1
617	652	1
617	2530	1
617	1163	1
617	1666	1
617	879	1
617	1303	1
617	2622	1
617	620	1
617	1660	1
617	2306	1
617	2028	1
617	1189	1
618	2469	1
618	1445	1
618	795	1
618	1660	1
618	2675	1
619	2549	1
619	2469	1
619	652	1
619	1163	1
619	1666	1
619	795	1
619	2197	1
619	1938	1
619	620	1
619	947	1
619	1660	1
619	125	1
619	531	1
619	2306	1
619	2028	1
619	683	1
620	2162	1
620	2549	1
620	652	1
620	2953	1
620	942	1
620	261	1
620	1666	1
620	2952	1
620	2197	1
620	1744	1
620	2622	1
620	2037	1
620	1660	1
620	531	1
620	1614	1
620	2327	1
620	1189	1
620	2675	1
620	384	1
621	1649	1
621	2952	1
621	2622	1
621	620	1
621	2488	1
621	1660	1
621	2028	1
621	2273	1
621	2675	1
622	1666	1
622	2675	1
623	1086	1
623	2469	1
623	125	1
623	2675	1
624	1660	1
624	531	1
624	2306	1
624	2675	1
624	1727	1
625	437	1
625	2046	1
625	2469	1
625	2953	1
625	795	1
625	2197	1
625	1303	1
625	620	1
625	1660	1
625	531	1
625	1382	1
625	1695	1
625	384	1
625	1393	1
625	1910	1
626	185	1
626	652	1
626	2953	1
626	2530	1
626	942	1
626	1163	1
626	1666	1
626	2952	1
626	795	1
626	1303	1
626	2622	1
626	620	1
626	1660	1
626	531	1
626	59	1
626	1614	1
626	2028	1
626	2495	1
626	2273	1
626	2675	1
627	1934	1
627	2639	1
627	2469	1
627	652	1
627	942	1
627	2952	1
627	2718	1
627	1938	1
627	59	1
627	384	1
628	2549	1
628	2675	1
629	1897	1
629	2832	1
629	1713	1
629	652	1
629	1163	1
629	261	1
629	1302	1
629	1196	1
629	1660	1
629	531	1
629	208	1
630	2549	1
630	2469	1
630	2832	1
630	1315	1
630	942	1
630	2952	1
630	1660	1
630	531	1
631	2864	1
631	531	1
631	384	1
632	67	1
632	2864	1
632	1666	1
632	2675	1
633	2549	1
633	1204	1
633	2469	1
633	2832	1
633	1315	1
633	2952	1
633	2808	1
633	1486	1
633	2712	1
633	46	1
633	2675	1
634	67	1
634	1897	1
634	1772	1
634	1666	1
634	2952	1
634	48	1
634	1660	1
634	531	1
634	384	1
635	1897	1
635	2549	1
635	2832	1
635	1322	1
635	1303	1
635	1660	1
635	2273	1
636	59	1
636	2675	1
636	384	1
637	67	1
637	2549	1
637	2864	1
637	1660	1
637	531	1
637	2675	1
638	67	1
638	2549	1
638	2864	1
638	531	1
638	2675	1
639	2549	1
639	2864	1
639	2952	1
639	531	1
640	906	1
640	1847	1
640	840	1
640	531	1
640	2675	1
640	384	1
641	2549	1
641	2469	1
641	1713	1
641	718	1
641	2864	1
641	1915	1
641	2952	1
641	620	1
641	1660	1
641	2306	1
641	208	1
641	1849	1
641	2675	1
642	67	1
642	1897	1
642	2549	1
642	185	1
642	2469	1
642	652	1
642	1772	1
642	836	1
642	1322	1
642	2622	1
642	1814	1
642	683	1
643	2549	1
643	2469	1
643	2952	1
643	2622	1
643	683	1
643	2675	1
644	2215	1
644	2698	1
644	1897	1
644	2549	1
644	2832	1
644	647	1
644	735	1
644	2952	1
644	531	1
644	1219	1
644	2712	1
644	2675	1
645	2549	1
645	2469	1
645	2867	1
645	2383	1
645	942	1
645	1660	1
645	531	1
645	2675	1
646	1897	1
646	2549	1
646	1772	1
646	2952	1
646	1660	1
646	2273	1
646	2675	1
647	67	1
647	1772	1
647	261	1
647	2952	1
647	1660	1
647	2675	1
648	2469	1
648	2952	1
648	1929	1
649	2549	1
649	2469	1
649	2864	1
649	1660	1
649	531	1
650	2469	1
650	1660	1
650	2273	1
650	2675	1
651	2549	1
651	2864	1
651	2675	1
652	2549	1
652	2864	1
652	2952	1
652	531	1
652	2675	1
653	1666	1
653	2622	1
653	1660	1
653	2675	1
654	531	1
654	2675	1
655	510	1
655	2469	1
655	1163	1
655	2952	1
655	1660	1
655	2273	1
656	652	1
656	2131	1
656	1608	1
656	1138	1
656	2622	1
656	384	1
656	1515	1
657	2469	1
657	261	1
657	2952	1
657	48	1
657	1744	1
657	2622	1
657	125	1
657	531	1
657	1614	1
657	1244	1
658	211	1
659	2352	1
659	1897	1
659	2549	1
659	1772	1
659	836	1
659	734	1
659	2808	1
659	1854	1
659	531	1
659	2802	1
659	2675	1
660	1086	1
660	463	1
660	2549	1
660	2469	1
660	48	1
660	2622	1
660	1660	1
660	125	1
660	1695	1
660	2675	1
661	372	1
661	2469	1
661	2864	1
661	2952	1
661	48	1
661	2727	1
661	2622	1
661	531	1
662	67	1
662	2469	1
662	2864	1
662	2952	1
662	48	1
662	2622	1
662	531	1
662	2675	1
663	669	1
663	67	1
663	2469	1
663	1713	1
663	1315	1
663	2383	1
663	2952	1
663	2727	1
663	2622	1
663	1814	1
663	1660	1
663	125	1
664	815	1
664	2215	1
664	2469	1
664	1713	1
664	48	1
664	2622	1
664	1814	1
664	1660	1
665	2469	1
665	1744	1
665	1660	1
665	531	1
665	2675	1
666	2469	1
666	942	1
666	2952	1
666	48	1
667	849	1
667	1779	1
667	689	1
667	347	1
667	537	1
667	2798	1
667	1246	1
667	769	1
667	305	1
667	2278	1
667	2627	1
667	2549	1
667	111	1
667	2671	1
667	2469	1
667	771	1
667	1161	1
667	2474	1
667	2393	1
667	1772	1
667	2834	1
667	1830	1
667	836	1
667	38	1
667	2829	1
667	2821	1
667	462	1
667	2371	1
667	1649	1
667	261	1
667	2904	1
667	2952	1
667	3010	1
667	555	1
667	2195	1
667	2891	1
667	1322	1
667	1770	1
667	795	1
667	2444	1
667	1168	1
667	1552	1
667	629	1
667	1899	1
667	659	1
667	48	1
667	840	1
667	1181	1
667	1303	1
667	1282	1
667	509	1
667	204	1
667	2669	1
667	2217	1
667	2628	1
667	2995	1
667	739	1
667	1744	1
667	2622	1
667	812	1
667	637	1
667	192	1
667	2390	1
667	380	1
667	2226	1
667	2976	1
667	1814	1
667	18	1
667	557	1
667	1617	1
667	1258	1
667	1660	1
667	1033	1
667	1614	1
667	1547	1
667	443	1
667	2784	1
667	1219	1
667	184	1
667	2273	1
667	2760	1
667	1903	1
667	308	1
667	683	1
667	1625	1
667	2858	1
667	2128	1
667	1910	1
667	1515	1
668	1737	1
668	537	1
668	1116	1
668	1168	1
669	1897	1
669	270	1
669	2549	1
669	2469	1
669	2952	1
669	1744	1
669	2675	1
670	537	1
670	1897	1
670	2469	1
670	1224	1
670	1719	1
670	1744	1
670	2675	1
671	347	1
671	537	1
671	720	1
671	270	1
671	271	1
671	1244	1
671	1910	1
672	1116	1
672	720	1
672	1897	1
672	185	1
672	2469	1
672	1224	1
672	271	1
672	1674	1
672	1660	1
672	531	1
673	537	1
673	1116	1
673	111	1
673	185	1
673	2469	1
673	840	1
673	1660	1
674	1116	1
674	2469	1
674	1224	1
675	992	1
675	897	1
675	2210	1
675	2188	1
675	1891	1
675	1573	1
676	2549	1
676	531	1
676	2675	1
677	698	1
677	67	1
677	2592	1
677	1086	1
677	537	1
677	2215	1
677	1311	1
677	2549	1
677	1224	1
677	519	1
677	2654	1
677	2383	1
677	942	1
677	784	1
677	25	1
677	2497	1
677	2952	1
677	1168	1
677	1196	1
677	2084	1
677	123	1
677	2460	1
677	18	1
677	1660	1
677	2784	1
677	2273	1
677	660	1
677	1903	1
678	2827	1
678	2995	1
679	698	1
679	67	1
679	1644	1
679	2592	1
679	537	1
679	2215	1
679	270	1
679	1687	1
679	111	1
679	556	1
679	1224	1
679	2393	1
679	1026	1
679	942	1
679	75	1
679	25	1
679	2452	1
679	193	1
679	574	1
679	1168	1
679	2462	1
679	801	1
679	2888	1
679	1835	1
679	2995	1
679	589	1
679	912	1
679	2573	1
679	838	1
679	1660	1
679	1342	1
679	946	1
679	2028	1
679	2760	1
679	1167	1
679	1903	1
679	269	1
680	744	1
680	270	1
680	2474	1
680	2838	1
680	1168	1
680	1835	1
680	2058	1
680	2573	1
680	563	1
680	1660	1
680	1342	1
680	1219	1
680	660	1
680	802	1
681	1846	1
681	1061	1
681	1116	1
681	2215	1
681	270	1
681	2469	1
681	1837	1
681	362	1
681	1711	1
681	942	1
681	1770	1
681	1608	1
681	376	1
681	151	1
681	840	1
681	791	1
681	2695	1
681	2188	1
681	1660	1
681	1424	1
681	1091	1
681	2273	1
681	2940	1
681	1625	1
681	247	1
682	669	1
682	2549	1
682	2469	1
682	1713	1
682	1854	1
682	48	1
682	1744	1
682	1660	1
682	407	1
683	1086	1
683	2469	1
683	271	1
683	2124	1
683	1660	1
683	125	1
683	531	1
683	2675	1
684	669	1
684	1086	1
684	1897	1
684	1315	1
684	407	1
684	2675	1
685	1224	1
685	1322	1
685	531	1
685	1614	1
685	683	1
685	357	1
686	669	1
686	67	1
686	849	1
686	2130	1
686	537	1
686	720	1
686	2215	1
686	1897	1
686	270	1
686	2549	1
686	111	1
686	2873	1
686	1224	1
686	2393	1
686	1772	1
686	271	1
686	2829	1
686	578	1
686	1649	1
686	25	1
686	2952	1
686	795	1
686	2444	1
686	2996	1
686	1138	1
686	1744	1
686	2622	1
686	2871	1
686	2320	1
686	1033	1
686	531	1
686	1614	1
686	2273	1
686	308	1
687	2952	1
687	795	1
687	531	1
687	2675	1
688	67	1
688	2215	1
688	2549	1
688	1713	1
688	652	1
688	2383	1
688	942	1
688	2952	1
688	795	1
688	2622	1
688	620	1
688	1660	1
689	67	1
689	795	1
689	1660	1
689	531	1
690	67	1
690	2215	1
690	2469	1
690	652	1
690	2383	1
690	942	1
690	2952	1
690	795	1
690	2628	1
690	1938	1
690	1744	1
690	2622	1
690	620	1
690	1660	1
690	2104	1
691	67	1
691	2549	1
691	652	1
691	2864	1
691	795	1
691	2622	1
691	1660	1
691	2675	1
692	67	1
692	689	1
692	372	1
692	2469	1
692	1315	1
692	578	1
692	1322	1
692	1138	1
692	1814	1
692	1660	1
692	2077	1
692	2675	1
693	2383	1
693	2952	1
693	2675	1
694	185	1
694	2383	1
694	2952	1
695	1184	1
695	1660	1
695	384	1
696	1381	1
697	1846	1
697	372	1
697	652	1
697	2383	1
697	942	1
697	1744	1
697	1660	1
697	2252	1
697	2273	1
697	2675	1
698	2675	1
699	67	1
699	2549	1
699	2469	1
699	2383	1
699	1674	1
699	2622	1
699	1660	1
699	2675	1
700	67	1
700	2884	1
700	986	1
700	1116	1
700	1155	1
700	1275	1
700	2618	1
700	1366	1
700	2148	1
700	428	1
700	2530	1
700	1113	1
700	2477	1
700	578	1
700	1470	1
700	2366	1
700	930	1
700	2165	1
700	795	1
700	754	1
700	1956	1
700	2113	1
700	2239	1
700	2456	1
700	2622	1
700	187	1
700	1859	1
700	1981	1
700	2327	1
700	1471	1
700	536	1
700	2667	1
700	1145	1
700	2434	1
700	2044	1
700	1782	1
700	2186	1
700	624	1
700	1727	1
701	2675	1
702	476	1
702	2740	1
703	476	1
703	1184	1
703	2741	1
703	2740	1
704	476	1
704	136	1
704	1086	1
704	590	1
704	1116	1
704	2323	1
704	2549	1
704	185	1
704	2469	1
704	229	1
704	2953	1
704	2864	1
704	2401	1
704	1163	1
704	1649	1
704	25	1
704	795	1
704	258	1
704	1589	1
704	1744	1
704	2622	1
704	1639	1
704	1660	1
704	125	1
704	531	1
704	1219	1
704	2273	1
704	208	1
704	2741	1
704	2675	1
704	805	1
705	2215	1
705	942	1
705	2952	1
705	795	1
705	1660	1
705	883	1
706	2675	1
707	2469	1
707	942	1
707	1138	1
707	2622	1
707	531	1
707	2120	1
707	1727	1
708	1116	1
708	2952	1
708	2675	1
708	384	1
709	2675	1
710	2675	1
711	2675	1
712	1116	1
712	2052	1
712	2741	1
713	2549	1
713	942	1
713	2952	1
713	1303	1
713	1660	1
713	531	1
713	384	1
713	567	1
714	1445	1
714	2952	1
714	1303	1
714	1660	1
714	531	1
714	2675	1
715	2741	1
716	2675	1
717	2952	1
717	1660	1
717	531	1
717	2675	1
718	2952	1
718	1660	1
718	531	1
718	2675	1
719	1116	1
719	2549	1
719	1315	1
719	2383	1
719	1660	1
719	531	1
719	2675	1
719	384	1
720	1660	1
720	2741	1
720	2675	1
720	384	1
721	2675	1
722	1660	1
722	531	1
722	2675	1
723	2952	1
723	1660	1
723	531	1
723	2675	1
724	1116	1
724	2952	1
724	1660	1
725	2675	1
726	2383	1
726	1660	1
726	531	1
727	2114	1
727	1445	1
727	2383	1
727	1660	1
728	2675	1
729	2675	1
730	2675	1
731	2618	1
731	782	1
731	2469	1
731	2383	1
731	1586	1
731	2238	1
731	503	1
731	1744	1
731	2622	1
731	1954	1
731	1244	1
732	2952	1
732	1303	1
732	1660	1
732	531	1
732	2675	1
733	2383	1
733	2952	1
733	1303	1
733	1660	1
733	2675	1
734	67	1
734	2549	1
734	185	1
734	1445	1
734	652	1
734	942	1
734	2952	1
734	1303	1
734	2622	1
734	2675	1
735	669	1
735	1609	1
735	2549	1
735	2383	1
735	1781	1
735	1660	1
735	531	1
735	2675	1
736	652	1
736	2383	1
736	2952	1
736	1303	1
736	2675	1
737	2383	1
737	1303	1
737	1660	1
737	531	1
737	2675	1
738	652	1
738	2952	1
738	1660	1
738	531	1
738	2675	1
739	2549	1
739	652	1
739	1660	1
739	531	1
739	2675	1
740	2549	1
740	652	1
740	2383	1
740	1396	1
740	531	1
740	2675	1
741	2549	1
741	2469	1
741	652	1
741	1303	1
741	1660	1
741	531	1
741	2273	1
741	2675	1
742	2549	1
742	652	1
742	2952	1
742	1303	1
742	531	1
743	67	1
743	652	1
743	2383	1
743	2952	1
743	48	1
743	1396	1
743	1244	1
743	1727	1
744	652	1
744	2383	1
744	2952	1
744	2622	1
744	2210	1
744	531	1
744	2675	1
745	2864	1
745	1660	1
745	2675	1
746	2675	1
746	384	1
747	2952	1
747	2622	1
747	531	1
748	1086	1
748	2549	1
748	652	1
748	2864	1
748	879	1
748	795	1
748	1303	1
748	1744	1
748	2622	1
748	531	1
749	782	1
749	2952	1
749	531	1
749	1244	1
749	2675	1
750	67	1
750	2618	1
750	782	1
750	1366	1
750	1223	1
750	48	1
750	1138	1
750	125	1
750	531	1
750	1244	1
750	536	1
750	2434	1
750	2077	1
750	2675	1
751	2864	1
752	2864	1
752	2675	1
753	815	1
753	2549	1
753	2469	1
753	652	1
753	2864	1
753	942	1
753	1303	1
753	125	1
753	531	1
753	1244	1
753	1219	1
753	2273	1
753	1849	1
753	2675	1
754	67	1
754	1116	1
754	2549	1
754	1649	1
754	2952	1
754	795	1
754	2741	1
754	2675	1
755	2206	1
755	2675	1
756	2675	1
757	2675	1
758	1897	1
758	2608	1
758	2549	1
758	2469	1
758	2273	1
758	2675	1
759	136	1
759	1116	1
759	720	1
759	2469	1
759	652	1
759	942	1
759	1649	1
759	840	1
759	1303	1
759	1938	1
759	2622	1
759	947	1
759	1660	1
759	531	1
759	1903	1
760	2675	1
761	136	1
761	2215	1
761	2469	1
761	2832	1
761	2401	1
761	942	1
761	2952	1
761	1660	1
761	2273	1
761	660	1
761	2675	1
761	1132	1
762	2740	1
762	2675	1
763	67	1
763	1086	1
763	2215	1
763	2549	1
763	2756	1
763	1913	1
763	2383	1
763	3004	1
763	1322	1
763	1770	1
763	1303	1
763	2995	1
763	731	1
763	2622	1
763	1205	1
763	1660	1
763	531	1
763	821	1
763	660	1
763	785	1
764	815	1
764	519	1
764	2864	1
764	2383	1
764	942	1
764	1303	1
764	2622	1
764	1660	1
764	531	1
764	1597	1
764	2675	1
765	519	1
765	1090	1
765	1660	1
765	531	1
766	2549	1
766	2864	1
766	2273	1
766	2675	1
767	1116	1
767	2549	1
767	2273	1
768	67	1
768	1086	1
768	1772	1
768	1163	1
768	261	1
768	1303	1
768	1938	1
768	2239	1
768	2622	1
768	797	1
768	947	1
768	1660	1
768	531	1
768	1614	1
768	1825	1
768	346	1
768	2273	1
768	527	1
768	208	1
768	805	1
768	2144	1
768	1132	1
769	519	1
769	652	1
769	2952	1
769	879	1
769	795	1
769	1090	1
769	1744	1
769	1674	1
769	1660	1
769	2273	1
769	407	1
769	2675	1
769	748	1
770	67	1
770	372	1
770	1445	1
770	1315	1
770	2383	1
770	1322	1
770	825	1
770	795	1
770	1303	1
770	384	1
771	67	1
771	2130	1
771	2618	1
771	2148	1
771	1322	1
771	48	1
771	1138	1
771	2622	1
771	1954	1
771	2768	1
771	2741	1
771	1727	1
772	795	1
772	1660	1
772	2741	1
772	384	1
773	2717	1
773	306	1
773	2734	1
773	2622	1
773	649	1
773	531	1
773	536	1
773	2219	1
774	2383	1
774	1303	1
774	1660	1
774	531	1
774	2675	1
775	2215	1
775	2549	1
775	2469	1
775	554	1
775	2383	1
775	942	1
775	25	1
775	1392	1
775	825	1
775	795	1
775	840	1
775	1303	1
775	1744	1
775	1660	1
775	531	1
775	2675	1
775	805	1
775	2913	1
775	601	1
775	2203	1
776	698	1
776	720	1
776	2215	1
776	185	1
776	2393	1
776	1772	1
776	942	1
776	1660	1
776	531	1
776	1219	1
776	2273	1
776	2675	1
777	1061	1
777	486	1
777	2469	1
777	1315	1
777	2383	1
777	261	1
777	48	1
777	840	1
777	1660	1
777	1424	1
777	2028	1
777	2273	1
777	2675	1
778	2931	1
778	2381	1
778	906	1
778	1086	1
778	1366	1
778	2864	1
778	1740	1
778	942	1
778	261	1
778	2952	1
778	48	1
778	1303	1
778	2622	1
778	2016	1
778	125	1
778	531	1
778	2273	1
778	2781	1
778	131	1
778	407	1
778	1947	1
779	2469	1
779	261	1
779	2622	1
779	222	1
779	1660	1
779	125	1
779	1219	1
779	2273	1
780	2469	1
780	652	1
780	942	1
780	1660	1
781	1116	1
782	1359	1
782	795	1
782	1660	1
782	2741	1
782	475	1
783	2732	1
783	1184	1
783	2913	1
784	59	1
784	1907	1
784	485	1
784	400	1
785	1116	1
785	2741	1
785	475	1
786	1116	1
786	2741	1
787	1116	1
787	2675	1
788	2741	1
789	136	1
789	2549	1
789	2469	1
789	2383	1
789	2952	1
789	1938	1
789	1744	1
789	123	1
789	947	1
789	531	1
789	660	1
789	1849	1
789	2675	1
789	1132	1
790	2675	1
791	435	1
791	2383	1
791	2622	1
791	1660	1
791	531	1
791	2675	1
792	942	1
792	2273	1
792	2741	1
793	1116	1
793	2952	1
793	2740	1
794	25	1
794	384	1
794	2089	1
795	2707	1
796	2675	1
797	2675	1
798	1846	1
798	2832	1
798	652	1
798	1649	1
798	1674	1
798	1660	1
799	1846	1
799	2549	1
799	2832	1
799	1445	1
799	652	1
799	1315	1
799	2952	1
799	795	1
799	1660	1
799	531	1
800	815	1
800	2215	1
800	372	1
800	1649	1
800	2952	1
800	1674	1
800	2622	1
800	1660	1
800	2028	1
801	310	1
801	67	1
801	2618	1
801	2549	1
801	2383	1
801	957	1
801	1818	1
801	1384	1
801	48	1
801	2356	1
801	531	1
801	2600	1
801	1614	1
801	2077	1
802	1660	1
802	2675	1
803	652	1
803	2864	1
803	25	1
803	1660	1
803	531	1
803	2675	1
804	2675	1
805	1303	1
805	1660	1
805	149	1
806	1116	1
806	2741	1
807	67	1
807	2469	1
807	942	1
807	2952	1
807	2273	1
807	2675	1
808	1116	1
808	2549	1
808	2469	1
808	2383	1
808	942	1
808	1660	1
808	2273	1
808	384	1
809	67	1
809	815	1
809	2215	1
809	2549	1
809	2469	1
809	652	1
809	942	1
809	1163	1
809	825	1
809	2542	1
809	1938	1
809	1744	1
809	620	1
809	1660	1
809	125	1
809	531	1
809	2028	1
809	1219	1
809	2077	1
809	683	1
809	2675	1
809	2913	1
810	942	1
810	25	1
810	2952	1
810	1744	1
810	2622	1
810	1660	1
810	531	1
810	1614	1
810	2273	1
810	2077	1
810	683	1
810	2675	1
811	67	1
811	1116	1
811	2549	1
811	2469	1
811	2383	1
811	2952	1
811	1660	1
811	531	1
811	2273	1
811	2675	1
811	384	1
812	1116	1
812	2383	1
812	942	1
812	1744	1
812	2622	1
812	2273	1
812	384	1
813	2383	1
813	2952	1
813	2622	1
814	67	1
814	2549	1
814	942	1
814	1660	1
814	2273	1
815	67	1
815	1116	1
815	2549	1
815	2469	1
815	652	1
815	2952	1
815	1744	1
815	2273	1
815	384	1
816	2469	1
816	652	1
816	2383	1
816	942	1
816	1660	1
816	531	1
816	2273	1
816	384	1
817	1116	1
817	2549	1
817	2469	1
817	652	1
817	2383	1
817	531	1
817	2675	1
817	384	1
818	67	1
818	556	1
818	942	1
818	2675	1
819	1116	1
819	372	1
819	2469	1
819	652	1
819	1660	1
819	531	1
819	2675	1
819	384	1
820	372	1
820	2469	1
820	652	1
820	2383	1
820	942	1
820	531	1
820	2675	1
820	384	1
821	2549	1
821	2469	1
821	652	1
821	2403	1
821	2383	1
821	1163	1
821	2952	1
821	1744	1
821	2622	1
821	620	1
821	125	1
821	531	1
821	2078	1
821	1219	1
821	2273	1
821	883	1
821	2077	1
821	2675	1
822	67	1
822	1116	1
822	372	1
822	2469	1
822	2970	1
822	1445	1
822	2383	1
822	942	1
822	825	1
822	879	1
822	1303	1
822	1744	1
822	1660	1
822	2273	1
822	883	1
822	2077	1
823	2618	1
823	1433	1
823	2251	1
823	372	1
823	2549	1
823	2620	1
823	718	1
823	1286	1
823	2383	1
823	942	1
823	1649	1
823	1540	1
823	2952	1
823	1141	1
823	2206	1
823	2121	1
823	846	1
823	1894	1
823	48	1
823	840	1
823	1303	1
823	509	1
823	1814	1
823	1660	1
823	1614	1
823	1244	1
823	2784	1
823	2028	1
823	2768	1
823	2153	1
823	1092	1
824	2675	1
825	67	1
825	2549	1
825	2469	1
825	2952	1
825	1660	1
825	531	1
825	2273	1
825	683	1
825	1727	1
826	2675	1
827	2675	1
828	2469	1
828	435	1
828	2383	1
828	942	1
828	2622	1
828	1660	1
828	531	1
828	2675	1
829	2675	1
830	1116	1
830	2741	1
831	2549	1
831	2469	1
831	942	1
831	2952	1
831	1660	1
831	531	1
832	67	1
832	2298	1
832	2549	1
832	2469	1
832	652	1
832	2383	1
832	942	1
832	1649	1
832	2952	1
832	795	1
832	1303	1
832	1138	1
832	531	1
832	2252	1
833	942	1
833	2952	1
833	2622	1
833	531	1
833	2273	1
833	384	1
834	1897	1
834	2549	1
834	2469	1
834	2383	1
834	942	1
834	2622	1
834	2741	1
834	2675	1
835	652	1
835	2383	1
835	942	1
835	2952	1
835	2273	1
835	2675	1
836	1116	1
836	2549	1
836	652	1
836	531	1
836	2741	1
836	2675	1
837	2952	1
837	531	1
837	2675	1
838	67	1
838	2215	1
838	1897	1
838	2549	1
838	2469	1
838	2832	1
838	2383	1
838	942	1
838	1303	1
838	2622	1
838	531	1
838	2273	1
838	2741	1
838	2675	1
839	2952	1
839	2622	1
839	2675	1
840	1086	1
840	1366	1
840	2469	1
840	1223	1
840	1315	1
840	1778	1
840	1286	1
840	942	1
840	1818	1
840	1601	1
840	795	1
840	2622	1
840	260	1
840	1660	1
840	125	1
840	1614	1
840	1244	1
840	893	1
840	2781	1
840	407	1
840	683	1
840	2768	1
840	2120	1
840	1727	1
841	2383	1
841	2675	1
842	67	1
842	2469	1
842	2952	1
842	2622	1
842	1814	1
842	531	1
842	2273	1
842	2675	1
843	67	1
843	2469	1
843	942	1
843	2952	1
843	1814	1
843	1660	1
843	531	1
843	2273	1
844	2052	1
844	2549	1
844	652	1
844	2952	1
844	1184	1
844	1660	1
844	2273	1
844	2740	1
844	475	1
844	384	1
844	1480	1
845	1116	1
845	720	1
845	2052	1
845	652	1
845	2952	1
845	840	1
845	2740	1
845	2675	1
845	475	1
845	1480	1
845	357	1
846	1116	1
847	2675	1
848	2741	1
848	2675	1
848	481	1
849	1116	1
849	2549	1
849	2383	1
849	2675	1
850	698	1
850	669	1
850	1086	1
850	2215	1
850	2608	1
850	2549	1
850	2899	1
850	1315	1
850	1322	1
850	795	1
850	840	1
850	1303	1
850	1744	1
850	838	1
850	2016	1
850	531	1
850	1614	1
850	2028	1
850	1219	1
850	1134	1
850	1381	1
850	2675	1
850	601	1
850	1727	1
851	1116	1
851	2952	1
851	1660	1
851	2675	1
852	1116	1
853	372	1
853	652	1
853	879	1
853	2428	1
853	2768	1
853	2675	1
854	372	1
854	652	1
854	2953	1
854	2383	1
854	2622	1
854	2675	1
855	698	1
855	67	1
855	510	1
855	2215	1
855	1776	1
855	2549	1
855	2469	1
855	261	1
855	1303	1
855	2622	1
855	1660	1
855	2273	1
856	669	1
856	67	1
856	1116	1
856	2868	1
856	2469	1
856	652	1
856	942	1
856	261	1
856	1744	1
856	2622	1
856	1660	1
856	125	1
856	531	1
856	2675	1
856	2302	1
857	2618	1
857	1778	1
857	1138	1
857	1614	1
858	369	1
858	67	1
858	1846	1
858	2381	1
858	2314	1
858	343	1
858	983	1
858	2033	1
858	2383	1
858	2463	1
858	1365	1
858	2917	1
858	939	1
858	1138	1
858	2068	1
858	2622	1
858	2076	1
858	1814	1
858	531	1
858	2273	1
858	1931	1
858	1078	1
858	883	1
858	2077	1
858	1381	1
858	2675	1
858	1727	1
859	2469	1
859	942	1
859	2952	1
859	795	1
859	1674	1
859	2622	1
859	1660	1
859	2675	1
860	2549	1
860	2952	1
860	1660	1
860	531	1
860	2675	1
861	1116	1
861	2549	1
861	2952	1
861	384	1
862	1116	1
862	531	1
862	2741	1
862	2675	1
863	2383	1
863	2675	1
863	1727	1
864	2675	1
865	67	1
865	2215	1
865	2549	1
865	2067	1
865	2038	1
865	48	1
865	1138	1
865	1660	1
865	531	1
865	2273	1
865	1910	1
866	369	1
866	67	1
866	1061	1
866	2549	1
866	2067	1
866	486	1
866	48	1
866	1138	1
866	3015	1
866	1660	1
866	2077	1
866	1727	1
867	428	1
867	2383	1
867	2952	1
867	1018	1
867	1660	1
867	531	1
867	2675	1
867	2089	1
868	1116	1
868	942	1
868	48	1
869	2832	1
869	652	1
869	942	1
869	795	1
869	1660	1
869	2273	1
870	372	1
871	372	1
871	2675	1
872	67	1
872	2469	1
872	1713	1
872	1660	1
872	531	1
873	698	1
873	67	1
873	1934	1
873	1086	1
873	782	1
873	1897	1
873	2549	1
873	1656	1
873	1158	1
873	1713	1
873	652	1
873	2393	1
873	1772	1
873	271	1
873	836	1
873	2864	1
873	1315	1
873	942	1
873	1163	1
873	1649	1
873	261	1
873	2238	1
873	2783	1
873	1854	1
873	48	1
873	1303	1
873	867	1
873	1293	1
873	2386	1
873	2320	1
873	2306	1
873	1614	1
873	346	1
873	2273	1
873	758	1
873	2305	1
873	748	1
874	67	1
874	463	1
874	782	1
874	1897	1
874	372	1
874	185	1
874	2469	1
874	1713	1
874	959	1
874	652	1
874	2403	1
874	1315	1
874	2124	1
874	1163	1
874	1649	1
874	2952	1
874	2783	1
874	2514	1
874	48	1
874	840	1
874	867	1
874	620	1
874	2488	1
874	2386	1
874	2320	1
874	1660	1
874	125	1
874	531	1
874	2306	1
874	1614	1
874	346	1
874	1219	1
874	2273	1
874	2675	1
874	1132	1
874	1999	1
874	748	1
875	2469	1
875	261	1
875	2514	1
875	1744	1
875	1660	1
875	125	1
876	67	1
876	815	1
876	1897	1
876	372	1
876	1656	1
876	2469	1
876	1713	1
876	836	1
876	1315	1
876	2952	1
876	1322	1
876	840	1
876	1938	1
876	1744	1
876	2622	1
876	531	1
876	407	1
877	2549	1
877	1772	1
877	840	1
877	2740	1
878	67	1
878	431	1
878	2215	1
878	2448	1
878	2549	1
878	942	1
878	2379	1
878	303	1
878	1138	1
878	2239	1
878	2622	1
878	2356	1
878	2320	1
878	1614	1
878	683	1
878	1727	1
879	310	1
879	327	1
879	67	1
879	1609	1
879	2314	1
879	2215	1
879	2448	1
879	782	1
879	585	1
879	2549	1
879	2067	1
879	2851	1
879	2469	1
879	2649	1
879	2393	1
879	1315	1
879	1216	1
879	25	1
879	2952	1
879	90	1
879	1322	1
879	383	1
879	48	1
879	2379	1
879	1138	1
879	1814	1
879	2356	1
879	2320	1
879	2193	1
879	1614	1
879	683	1
879	717	1
879	1910	1
879	2120	1
880	310	1
880	369	1
880	67	1
880	2381	1
880	2314	1
880	2215	1
880	2649	1
880	48	1
880	1138	1
880	2320	1
880	2077	1
880	1381	1
880	2675	1
880	1910	1
881	476	1
881	2067	1
881	2006	1
881	1772	1
881	2383	1
881	942	1
881	261	1
881	2952	1
881	1770	1
881	840	1
881	1589	1
881	1184	1
881	123	1
881	1660	1
881	125	1
881	531	1
881	1597	1
881	2675	1
881	785	1
882	2549	1
882	519	1
882	879	1
882	1938	1
882	1639	1
882	1660	1
882	531	1
882	527	1
882	2675	1
883	815	1
883	2549	1
883	2864	1
883	2383	1
883	879	1
883	2622	1
883	1660	1
883	2028	1
883	2273	1
884	1116	1
884	1897	1
884	2549	1
884	185	1
884	2469	1
884	1303	1
884	1639	1
884	1660	1
884	2675	1
885	2432	1
885	66	1
886	689	1
886	1897	1
886	2549	1
886	2469	1
886	2867	1
886	1315	1
886	261	1
886	795	1
886	48	1
886	1744	1
886	2622	1
886	1660	1
886	531	1
886	1381	1
886	2675	1
886	1947	1
886	594	1
886	1727	1
887	310	1
887	67	1
887	399	1
887	2448	1
887	2649	1
887	2383	1
887	48	1
887	1138	1
887	531	1
887	1614	1
887	2077	1
887	1727	1
888	2549	1
888	25	1
888	2952	1
888	1660	1
888	531	1
889	2864	1
889	942	1
889	1649	1
889	2952	1
889	795	1
889	1303	1
889	2622	1
889	1660	1
889	531	1
889	2028	1
889	2273	1
890	2432	1
891	1223	1
891	2677	1
891	2622	1
891	531	1
891	536	1
891	2434	1
891	2675	1
892	372	1
892	942	1
892	48	1
892	1303	1
892	2622	1
892	531	1
892	2028	1
892	2273	1
892	2675	1
892	1727	1
893	2549	1
893	942	1
893	2952	1
893	1303	1
893	1674	1
893	1660	1
893	2028	1
893	2273	1
894	652	1
894	1649	1
894	2952	1
894	795	1
894	2622	1
894	1660	1
894	531	1
894	2028	1
894	2273	1
895	1275	1
895	2952	1
895	531	1
895	384	1
896	1846	1
896	795	1
896	1184	1
896	1660	1
896	2675	1
897	1660	1
897	2675	1
898	2675	1
899	2675	1
900	2675	1
901	849	1
901	1086	1
901	2549	1
901	652	1
901	2953	1
901	2383	1
901	25	1
901	1303	1
901	1184	1
901	1660	1
901	531	1
901	660	1
901	2675	1
902	652	1
902	1303	1
902	1660	1
902	2675	1
903	531	1
903	2675	1
904	2675	1
905	1366	1
905	1778	1
905	531	1
906	1803	1
906	1907	1
906	69	1
907	1803	1
907	69	1
907	2077	1
907	2675	1
907	141	1
908	2952	1
908	1660	1
908	2675	1
909	2952	1
909	1660	1
909	2675	1
910	2952	1
910	1660	1
910	2675	1
911	2952	1
911	1660	1
911	2675	1
912	2952	1
912	1660	1
912	2675	1
913	2952	1
913	1660	1
913	2675	1
914	1660	1
914	2675	1
915	2952	1
915	1660	1
915	2675	1
916	2952	1
916	1660	1
916	2675	1
917	1660	1
917	2675	1
918	1660	1
918	531	1
918	2741	1
919	2675	1
920	2549	1
920	2953	1
920	2383	1
920	942	1
920	2952	1
920	1744	1
920	2273	1
920	2675	1
921	2383	1
921	531	1
921	2675	1
922	2383	1
922	531	1
922	2675	1
923	531	1
923	683	1
923	2675	1
923	1727	1
924	1660	1
924	2675	1
925	1660	1
925	2675	1
926	1396	1
927	2929	1
927	897	1
927	531	1
927	2302	1
928	1116	1
928	1303	1
928	1660	1
928	531	1
928	29	1
928	2741	1
928	2675	1
929	2417	1
930	1117	1
930	1974	1
930	126	1
930	2698	1
930	1897	1
930	2549	1
930	1709	1
930	2832	1
930	836	1
930	647	1
930	735	1
930	2401	1
930	661	1
930	2284	1
930	2952	1
930	1302	1
930	598	1
930	1124	1
930	2583	1
930	956	1
930	2453	1
930	531	1
930	2424	1
930	2417	1
930	233	1
930	208	1
930	1064	1
930	2712	1
930	2675	1
930	2089	1
930	1336	1
931	67	1
931	2384	1
931	2884	1
931	1846	1
931	1086	1
931	1366	1
931	2148	1
931	1916	1
931	2953	1
931	2530	1
931	2243	1
931	319	1
931	2607	1
931	2350	1
931	2982	1
931	1666	1
931	1943	1
931	2952	1
931	1508	1
931	48	1
931	2984	1
931	1136	1
931	2622	1
931	865	1
931	2565	1
931	531	1
931	1614	1
931	2495	1
931	2273	1
931	1931	1
931	2423	1
931	2940	1
931	683	1
931	2741	1
931	2221	1
931	1782	1
931	268	1
931	1992	1
931	1727	1
932	67	1
932	1086	1
932	2549	1
932	578	1
932	2383	1
932	1501	1
932	43	1
932	531	1
932	893	1
932	2273	1
932	683	1
933	906	1
933	2549	1
933	486	1
933	1560	1
933	1315	1
933	942	1
933	1649	1
933	1450	1
933	1608	1
933	273	1
933	2133	1
933	2628	1
933	838	1
933	1660	1
933	531	1
933	2675	1
933	384	1
933	2089	1
933	1156	1
934	1061	1
934	270	1
934	2549	1
934	185	1
934	1847	1
934	2864	1
934	25	1
934	1608	1
934	1938	1
934	1203	1
934	2016	1
934	1424	1
934	531	1
934	2158	1
934	1219	1
934	1134	1
934	1868	1
935	1086	1
935	2469	1
935	2238	1
935	2688	1
935	1660	1
935	531	1
935	2675	1
936	1086	1
936	590	1
936	691	1
936	2469	1
936	261	1
936	2238	1
936	2688	1
936	531	1
936	1042	1
936	2273	1
936	345	1
936	2882	1
937	1788	1
937	270	1
937	1783	1
937	2549	1
937	907	1
937	133	1
937	942	1
937	1018	1
937	2995	1
937	1744	1
937	2460	1
937	349	1
937	20	1
937	2273	1
937	1907	1
937	2089	1
937	937	1
938	660	1
938	1156	1
939	698	1
939	1934	1
939	1644	1
939	2608	1
939	2549	1
939	2124	1
939	942	1
939	25	1
939	1329	1
939	620	1
939	2016	1
939	2522	1
939	531	1
939	2028	1
939	2273	1
939	783	1
939	2675	1
939	2301	1
940	2832	1
940	735	1
940	2675	1
941	815	1
941	720	1
941	2549	1
941	1224	1
941	389	1
941	2864	1
941	1649	1
941	2283	1
941	2974	1
941	1219	1
941	1143	1
941	2740	1
941	1888	1
941	2889	1
942	1644	1
942	463	1
942	1257	1
942	185	1
942	2469	1
942	2383	1
942	1985	1
942	2952	1
942	2808	1
942	1360	1
942	430	1
942	2488	1
942	1247	1
942	1660	1
942	1219	1
942	2104	1
942	2675	1
943	2868	1
943	2628	1
943	2761	1
944	2365	1
944	1846	1
944	1116	1
944	1433	1
944	463	1
944	2251	1
944	2929	1
944	2943	1
944	897	1
944	2628	1
944	2583	1
944	1396	1
944	2188	1
944	1424	1
944	29	1
944	2675	1
944	384	1
944	2617	1
945	2215	1
945	2707	1
945	2074	1
946	67	1
946	2224	1
946	1290	1
946	849	1
946	1779	1
946	2893	1
946	689	1
946	1710	1
946	2592	1
946	2584	1
946	463	1
946	782	1
946	1897	1
946	737	1
946	2549	1
946	2469	1
946	1773	1
946	435	1
946	547	1
946	1080	1
946	1943	1
946	1767	1
946	25	1
946	2904	1
946	2952	1
946	3001	1
946	2404	1
946	57	1
946	825	1
946	1770	1
946	1296	1
946	794	1
946	2962	1
946	2621	1
946	1044	1
946	1195	1
946	117	1
946	1613	1
946	2622	1
946	579	1
946	557	1
946	1660	1
946	125	1
946	1597	1
946	2273	1
946	660	1
946	2760	1
946	289	1
946	2977	1
946	2664	1
946	1130	1
946	1491	1
946	2675	1
946	1387	1
947	2628	1
947	2741	1
948	2130	1
948	2618	1
948	2469	1
948	1223	1
948	435	1
948	470	1
948	862	1
948	2383	1
948	2952	1
948	57	1
948	1322	1
948	840	1
948	2622	1
948	1814	1
948	1660	1
948	2327	1
948	2077	1
948	230	1
948	268	1
948	1727	1
949	2549	1
949	2383	1
949	942	1
949	25	1
949	616	1
949	644	1
949	2459	1
949	2675	1
950	1116	1
950	1649	1
950	1396	1
950	29	1
950	2741	1
950	1162	1
950	2772	1
950	1573	1
950	141	1
951	2822	1
951	782	1
951	2251	1
951	223	1
951	942	1
951	261	1
951	1550	1
951	2853	1
951	1203	1
951	2058	1
951	1396	1
951	887	1
951	7	1
951	531	1
951	663	1
951	465	1
951	2741	1
951	2675	1
951	475	1
951	1276	1
951	748	1
952	2384	1
952	590	1
952	437	1
952	2549	1
952	885	1
952	1459	1
952	1772	1
952	2530	1
952	1740	1
952	2821	1
952	2455	1
952	2826	1
952	705	1
952	1576	1
952	1769	1
952	2206	1
952	2759	1
952	1836	1
952	905	1
952	2397	1
952	2564	1
952	2727	1
952	2239	1
952	1674	1
952	2076	1
952	2875	1
952	563	1
952	1617	1
952	676	1
952	2141	1
952	1364	1
952	1325	1
952	2507	1
952	2030	1
952	566	1
952	914	1
952	346	1
952	913	1
952	1082	1
952	584	1
952	455	1
952	1276	1
953	183	1
953	1770	1
953	1303	1
953	509	1
953	987	1
954	2675	1
954	400	1
955	2124	1
955	2383	1
955	531	1
955	2675	1
956	2628	1
956	2367	1
956	2368	1
956	531	1
957	2675	1
958	1086	1
958	463	1
958	2995	1
958	1994	1
958	2675	1
959	2931	1
959	1948	1
959	1934	1
959	463	1
959	2469	1
959	1224	1
959	2864	1
959	2124	1
959	2943	1
959	942	1
959	1520	1
959	25	1
959	2163	1
959	1608	1
959	1199	1
959	433	1
959	1168	1
959	1018	1
959	840	1
959	503	1
959	2683	1
959	2194	1
959	2857	1
959	7	1
959	531	1
959	2255	1
959	1114	1
959	2273	1
959	1046	1
959	2675	1
959	2089	1
959	1480	1
959	2617	1
960	2647	1
960	2931	1
960	906	1
960	1086	1
960	2469	1
960	840	1
960	2781	1
961	2675	1
962	183	1
962	2675	1
962	2089	1
963	2469	1
963	1847	1
963	25	1
963	1521	1
963	1114	1
963	1903	1
963	2675	1
963	748	1
964	1805	1
964	2831	1
964	1677	1
964	1168	1
964	2058	1
964	1903	1
964	2741	1
964	2675	1
964	748	1
965	183	1
965	2675	1
965	2089	1
966	1086	1
966	2549	1
966	1560	1
966	25	1
966	2467	1
966	2104	1
966	2675	1
967	998	1
968	1116	1
968	2052	1
969	897	1
969	2628	1
969	531	1
970	1086	1
970	1116	1
970	2383	1
970	2952	1
970	2761	1
970	2995	1
970	1138	1
970	1660	1
970	531	1
970	2784	1
970	2768	1
971	1366	1
971	2952	1
971	340	1
971	531	1
971	2768	1
972	2999	1
972	1660	1
972	2675	1
973	1116	1
974	67	1
974	1086	1
974	2618	1
974	1897	1
974	1366	1
974	185	1
974	2469	1
974	435	1
974	795	1
974	897	1
974	2622	1
974	1184	1
974	1660	1
974	2768	1
975	1116	1
975	2215	1
975	958	1
975	1275	1
975	2618	1
975	313	1
975	2952	1
975	843	1
975	514	1
975	897	1
975	506	1
975	1244	1
975	230	1
975	475	1
976	886	1
976	1366	1
976	2873	1
976	2953	1
976	1649	1
976	2952	1
976	2940	1
976	2913	1
976	268	1
977	67	1
977	476	1
977	815	1
977	2440	1
977	720	1
977	2215	1
977	1294	1
977	691	1
977	270	1
977	1366	1
977	185	1
977	2469	1
977	1224	1
977	1445	1
977	2393	1
977	1772	1
977	271	1
977	1315	1
977	547	1
977	2124	1
977	1689	1
977	2982	1
977	942	1
977	25	1
977	2952	1
977	795	1
977	2110	1
977	48	1
977	1994	1
977	1814	1
977	2460	1
977	2016	1
977	1660	1
977	531	1
977	1614	1
977	2327	1
977	2784	1
977	2028	1
977	821	1
977	1009	1
977	308	1
977	407	1
977	683	1
977	2741	1
977	493	1
978	2761	1
979	795	1
979	2675	1
979	252	1
980	2911	1
980	2529	1
980	531	1
980	2028	1
980	2273	1
980	922	1
981	2469	1
981	2832	1
981	2864	1
981	2952	1
981	2675	1
982	2628	1
982	1219	1
982	2741	1
982	384	1
983	2052	1
983	463	1
983	531	1
983	2617	1
983	357	1
984	2417	1
985	2215	1
985	1897	1
985	2549	1
985	2864	1
985	2124	1
985	2383	1
985	2952	1
985	1329	1
985	620	1
985	1994	1
985	2016	1
985	1660	1
985	2306	1
985	2028	1
985	2104	1
985	2273	1
985	1134	1
985	1903	1
985	2675	1
986	67	1
986	768	1
986	1275	1
986	2383	1
986	2622	1
986	1814	1
986	531	1
986	683	1
987	1779	1
987	1846	1
987	815	1
987	1862	1
987	2162	1
987	2911	1
987	1086	1
987	1554	1
987	2024	1
987	1372	1
987	2215	1
987	782	1
987	186	1
987	1096	1
987	2549	1
987	1922	1
987	1656	1
987	1366	1
987	111	1
987	249	1
987	687	1
987	1713	1
987	652	1
987	362	1
987	2864	1
987	1401	1
987	9	1
987	2636	1
987	2529	1
987	2457	1
987	2383	1
987	942	1
987	2366	1
987	2407	1
987	25	1
987	825	1
987	1770	1
987	879	1
987	795	1
987	79	1
987	1196	1
987	1303	1
987	509	1
987	117	1
987	1744	1
987	2239	1
987	2622	1
987	2583	1
987	620	1
987	1184	1
987	1356	1
987	1660	1
987	125	1
987	531	1
987	1597	1
987	2078	1
987	346	1
987	1219	1
987	2104	1
987	1931	1
987	2781	1
987	2423	1
987	1134	1
987	1226	1
987	2866	1
987	922	1
987	33	1
987	407	1
987	973	1
987	1130	1
987	2675	1
987	2089	1
987	805	1
987	252	1
987	2645	1
987	2305	1
987	134	1
987	2120	1
987	1815	1
988	1086	1
988	2822	1
988	1116	1
988	463	1
988	2549	1
988	2469	1
988	2899	1
988	2929	1
988	2864	1
988	2124	1
988	2383	1
988	2952	1
988	897	1
988	2628	1
988	18	1
988	1396	1
988	887	1
988	531	1
988	29	1
988	1382	1
988	2741	1
988	384	1
988	2617	1
989	2380	1
989	2215	1
989	2549	1
989	328	1
989	2393	1
989	840	1
989	531	1
989	2740	1
989	2889	1
990	1897	1
990	2549	1
990	2469	1
990	2832	1
990	652	1
990	836	1
990	1196	1
990	2583	1
990	1219	1
991	211	1
991	2549	1
991	2469	1
991	1224	1
991	1713	1
991	652	1
991	2864	1
991	2124	1
991	133	1
991	942	1
991	2952	1
991	1608	1
991	1305	1
991	273	1
991	2628	1
991	620	1
991	1660	1
991	1424	1
991	531	1
991	2104	1
991	2273	1
991	2741	1
991	384	1
991	2302	1
991	307	1
991	1156	1
992	669	1
992	2384	1
992	2130	1
992	1652	1
992	1934	1
992	906	1
992	126	1
992	2440	1
992	720	1
992	2215	1
992	2698	1
992	782	1
992	626	1
992	1897	1
992	270	1
992	2549	1
992	486	1
992	2899	1
992	652	1
992	1772	1
992	271	1
992	1847	1
992	1563	1
992	1830	1
992	2929	1
992	2867	1
992	38	1
992	1315	1
992	2943	1
992	2383	1
992	133	1
992	942	1
992	1163	1
992	1661	1
992	1649	1
992	1666	1
992	1917	1
992	1716	1
992	25	1
992	2952	1
992	2121	1
992	2808	1
992	79	1
992	2519	1
992	1781	1
992	933	1
992	1196	1
992	48	1
992	840	1
992	1628	1
992	897	1
992	2718	1
992	2628	1
992	1203	1
992	1486	1
992	1674	1
992	2622	1
992	620	1
992	1994	1
992	340	1
992	2857	1
992	2367	1
992	1040	1
992	2147	1
992	2132	1
992	1660	1
992	125	1
992	531	1
992	2078	1
992	242	1
992	2784	1
992	2495	1
992	1219	1
992	2104	1
992	184	1
992	2273	1
992	1134	1
992	1695	1
992	683	1
992	973	1
992	46	1
992	384	1
992	2302	1
992	400	1
992	357	1
993	2761	1
994	67	1
994	2384	1
994	1223	1
994	2982	1
994	531	1
994	1614	1
994	2327	1
994	2675	1
994	1727	1
995	67	1
995	249	1
995	652	1
995	2148	1
995	578	1
995	1660	1
995	531	1
995	1316	1
995	2675	1
995	1727	1
996	67	1
996	1275	1
996	463	1
996	878	1
996	2148	1
996	1223	1
996	1315	1
996	862	1
996	2982	1
996	2952	1
996	2542	1
996	48	1
996	1501	1
996	1660	1
996	531	1
996	1614	1
996	2495	1
996	893	1
996	2434	1
996	683	1
997	431	1
997	1846	1
997	2469	1
997	1315	1
997	1750	1
997	2952	1
997	48	1
997	2628	1
997	2622	1
997	2132	1
997	1660	1
997	125	1
997	531	1
997	683	1
998	67	1
998	2283	1
998	1891	1
998	2675	1
998	1727	1
999	1086	1
999	3032	1
999	691	1
999	2549	1
999	486	1
999	2970	1
999	2391	1
999	1622	1
999	1017	1
999	1968	1
999	1203	1
999	2416	1
999	125	1
999	531	1
999	1708	1
999	2028	1
999	2740	1
1000	2215	1
1000	2549	1
1000	486	1
1000	185	1
1000	2469	1
1000	435	1
1000	2867	1
1000	2383	1
1000	2952	1
1000	795	1
1000	2542	1
1000	897	1
1000	1138	1
1000	2622	1
1000	1660	1
1000	1695	1
1000	683	1
1000	1947	1
1001	1585	1
1001	2969	1
1001	2618	1
1001	1144	1
1001	1113	1
1001	2366	1
1001	464	1
1001	57	1
1001	2456	1
1001	2622	1
1001	2388	1
1001	536	1
1001	197	1
1001	624	1
1001	1727	1
1002	2618	1
1002	2469	1
1002	313	1
1002	479	1
1002	1831	1
1002	1136	1
1002	1734	1
1002	1660	1
1002	125	1
1002	506	1
1002	1407	1
1002	2273	1
1002	197	1
1003	2384	1
1003	1086	1
1003	2469	1
1003	470	1
1003	239	1
1003	2622	1
1003	125	1
1003	1782	1
1003	268	1
1004	1652	1
1004	1116	1
1004	2469	1
1004	2832	1
1004	897	1
1004	2628	1
1004	2741	1
1004	2675	1
1004	1910	1
1005	1116	1
1005	2741	1
1005	475	1
1006	942	1
1006	1269	1
1006	1666	1
1006	1660	1
1006	125	1
1006	531	1
1006	2273	1
1006	1381	1
1006	2740	1
1007	669	1
1007	1086	1
1007	645	1
1007	2550	1
1007	125	1
1007	531	1
1007	1381	1
1007	1662	1
1008	25	1
1008	2163	1
1008	2194	1
1008	2028	1
1008	748	1
1009	1608	1
1009	1573	1
1010	1897	1
1010	2549	1
1010	2469	1
1010	2832	1
1010	1201	1
1010	531	1
1010	1966	1
1010	2675	1
1011	1644	1
1011	2592	1
1011	782	1
1011	1897	1
1011	185	1
1011	2864	1
1011	2124	1
1011	942	1
1011	2853	1
1011	1303	1
1011	620	1
1011	2460	1
1011	696	1
1011	2921	1
1011	2078	1
1011	1219	1
1011	2104	1
1011	2273	1
1011	783	1
1012	67	1
1012	1846	1
1012	1644	1
1012	1086	1
1012	126	1
1012	2698	1
1012	463	1
1012	782	1
1012	2549	1
1012	185	1
1012	2469	1
1012	332	1
1012	2832	1
1012	1445	1
1012	652	1
1012	836	1
1012	735	1
1012	942	1
1012	2952	1
1012	2238	1
1012	1196	1
1012	2583	1
1012	620	1
1012	531	1
1012	2306	1
1012	2078	1
1012	2417	1
1012	1219	1
1012	2558	1
1012	1616	1
1012	407	1
1012	2077	1
1012	208	1
1012	46	1
1012	2675	1
1012	1162	1
1013	1116	1
1013	2469	1
1013	652	1
1013	2131	1
1013	942	1
1013	2952	1
1013	1005	1
1013	1396	1
1013	1660	1
1013	2273	1
1013	384	1
1014	475	1
1015	2215	1
1015	2549	1
1015	2469	1
1015	543	1
1015	942	1
1015	90	1
1015	2320	1
1015	1660	1
1015	125	1
1015	1614	1
1015	2273	1
1016	67	1
1016	372	1
1016	652	1
1016	2864	1
1016	2952	1
1017	1275	1
1017	1366	1
1017	2469	1
1017	1322	1
1017	1138	1
1017	2239	1
1017	2622	1
1017	260	1
1017	1660	1
1017	125	1
1017	2327	1
1017	2741	1
1018	67	1
1018	2618	1
1018	1322	1
1018	1013	1
1018	2239	1
1018	2622	1
1018	2964	1
1018	1614	1
1018	66	1
1018	2327	1
1019	2618	1
1019	2469	1
1019	2670	1
1019	2071	1
1019	2530	1
1019	319	1
1019	1322	1
1019	1138	1
1019	644	1
1019	18	1
1019	2320	1
1019	2964	1
1019	1010	1
1019	1660	1
1019	531	1
1019	3009	1
1019	1614	1
1019	783	1
1019	2741	1
1019	2120	1
1020	1086	1
1020	652	1
1020	1847	1
1020	897	1
1020	1660	1
1020	384	1
1021	2549	1
1021	652	1
1021	942	1
1021	1196	1
1021	1303	1
1021	3005	1
1021	531	1
1021	2675	1
1022	67	1
1022	808	1
1022	2622	1
1022	1660	1
1022	66	1
1022	1244	1
1022	1704	1
1022	2675	1
1023	372	1
1024	2929	1
1024	897	1
1024	2628	1
1024	2761	1
1024	1396	1
1024	2741	1
1025	1897	1
1025	2549	1
1025	2469	1
1025	2832	1
1025	1660	1
1025	2675	1
1026	1652	1
1026	1294	1
1026	1649	1
1026	2952	1
1026	919	1
1026	2628	1
1026	531	1
1026	505	1
1026	2603	1
1026	1162	1
1027	698	1
1027	669	1
1027	2384	1
1027	2381	1
1027	1934	1
1027	1644	1
1027	2592	1
1027	2215	1
1027	463	1
1027	2549	1
1027	1366	1
1027	556	1
1027	2867	1
1027	2864	1
1027	2530	1
1027	2124	1
1027	2383	1
1027	1163	1
1027	1649	1
1027	1917	1
1027	25	1
1027	48	1
1027	1303	1
1027	2622	1
1027	2460	1
1027	1291	1
1027	838	1
1027	531	1
1027	1614	1
1027	20	1
1027	2104	1
1027	2273	1
1027	1134	1
1027	600	1
1027	1381	1
1027	2675	1
1028	2675	1
1029	720	1
1029	1366	1
1029	840	1
1029	2628	1
1029	1903	1
1030	2215	1
1030	463	1
1030	270	1
1030	2474	1
1030	2393	1
1030	271	1
1030	2038	1
1030	25	1
1030	1770	1
1030	879	1
1030	2628	1
1030	1744	1
1030	1054	1
1030	2417	1
1030	2158	1
1031	815	1
1031	1934	1
1031	1644	1
1031	2592	1
1031	1086	1
1031	796	1
1031	720	1
1031	2215	1
1031	299	1
1031	463	1
1031	782	1
1031	2251	1
1031	1897	1
1031	2549	1
1031	2684	1
1031	486	1
1031	185	1
1031	2469	1
1031	556	1
1031	1224	1
1031	652	1
1031	2222	1
1031	1772	1
1031	2821	1
1031	942	1
1031	1649	1
1031	25	1
1031	1018	1
1031	840	1
1031	1303	1
1031	1655	1
1031	1203	1
1031	2058	1
1031	286	1
1031	1029	1
1031	2386	1
1031	563	1
1031	887	1
1031	1033	1
1031	1424	1
1031	125	1
1031	2306	1
1031	1489	1
1031	2327	1
1031	2417	1
1031	2784	1
1031	914	1
1031	1219	1
1031	2104	1
1031	2273	1
1031	1134	1
1031	600	1
1031	950	1
1031	294	1
1031	1509	1
1031	1849	1
1031	2675	1
1031	1910	1
1032	1116	1
1032	897	1
1032	384	1
1033	579	1
1034	579	1
1035	1376	1
1035	886	1
1035	2707	1
1035	2019	1
1035	1385	1
1035	2628	1
1035	637	1
1035	2940	1
1035	2913	1
1036	1061	1
1036	815	1
1036	2469	1
1036	1224	1
1036	1772	1
1036	942	1
1036	1649	1
1036	25	1
1036	840	1
1036	1660	1
1036	1424	1
1036	184	1
1036	2273	1
1036	407	1
1037	1116	1
1037	897	1
1037	2628	1
1037	2741	1
1038	2384	1
1038	2994	1
1038	319	1
1038	892	1
1038	531	1
1038	2327	1
1038	893	1
1038	2741	1
1038	1727	1
1039	431	1
1039	683	1
1040	961	1
1040	2148	1
1040	313	1
1040	2810	1
1040	203	1
1040	51	1
1040	1601	1
1040	629	1
1040	1831	1
1040	1136	1
1040	2239	1
1040	2622	1
1040	531	1
1040	2327	1
1040	2940	1
1040	2221	1
1040	2675	1
1040	624	1
1040	2120	1
1040	1727	1
1040	2420	1
1041	67	1
1041	986	1
1041	1478	1
1041	2148	1
1041	1916	1
1041	435	1
1041	2006	1
1041	319	1
1041	1286	1
1041	239	1
1041	1322	1
1041	1601	1
1041	795	1
1041	897	1
1041	2456	1
1041	531	1
1041	1614	1
1041	2327	1
1041	2495	1
1041	536	1
1041	2221	1
1041	230	1
1041	2675	1
1041	1727	1
1042	67	1
1042	129	1
1042	656	1
1042	1322	1
1042	1196	1
1042	897	1
1042	2622	1
1042	1660	1
1042	2327	1
1042	1704	1
1042	2252	1
1042	2675	1
1042	1727	1
1043	67	1
1043	2130	1
1043	1814	1
1043	531	1
1043	2327	1
1044	463	1
1044	2469	1
1044	2006	1
1044	1772	1
1044	1322	1
1044	1196	1
1044	1303	1
1044	2622	1
1044	18	1
1044	531	1
1044	2327	1
1044	2784	1
1044	2028	1
1044	1727	1
1045	67	1
1045	1585	1
1045	1846	1
1045	2130	1
1045	1116	1
1045	463	1
1045	782	1
1045	886	1
1045	2864	1
1045	1187	1
1045	1649	1
1045	25	1
1045	1322	1
1045	795	1
1045	48	1
1045	897	1
1045	2628	1
1045	1138	1
1045	2622	1
1045	286	1
1045	1814	1
1045	912	1
1045	1068	1
1045	1660	1
1045	125	1
1045	506	1
1045	2327	1
1045	566	1
1045	1704	1
1045	2741	1
1045	230	1
1045	2675	1
1045	2725	1
1045	1524	1
1045	1727	1
1045	2420	1
1046	431	1
1046	1086	1
1046	790	1
1046	463	1
1046	2469	1
1046	2970	1
1046	1378	1
1046	1580	1
1046	2530	1
1046	2398	1
1046	2383	1
1046	2083	1
1046	2952	1
1046	2542	1
1046	1093	1
1046	48	1
1046	840	1
1046	1744	1
1046	2622	1
1046	3029	1
1046	1814	1
1046	188	1
1046	2132	1
1046	125	1
1046	531	1
1046	1614	1
1046	1244	1
1046	2327	1
1046	1947	1
1046	1727	1
1047	2832	1
1047	652	1
1048	126	1
1048	2698	1
1048	1257	1
1048	2469	1
1048	1427	1
1048	2864	1
1048	2401	1
1048	1649	1
1048	1985	1
1048	2808	1
1048	598	1
1048	1303	1
1048	2214	1
1048	407	1
1048	2741	1
1048	2712	1
1048	46	1
1049	1117	1
1049	2698	1
1049	2868	1
1049	2832	1
1049	1560	1
1049	647	1
1049	2401	1
1049	2808	1
1049	2712	1
1049	46	1
1049	384	1
1049	1156	1
1050	372	1
1050	2707	1
1050	652	1
1050	2302	1
1051	67	1
1051	431	1
1051	2384	1
1051	2618	1
1051	2549	1
1051	1378	1
1051	435	1
1051	48	1
1051	620	1
1051	2320	1
1051	2132	1
1051	125	1
1051	2327	1
1051	683	1
1051	2675	1
1051	594	1
1051	1727	1
1052	2130	1
1052	1974	1
1052	126	1
1052	2215	1
1052	437	1
1052	1788	1
1052	2698	1
1052	1257	1
1052	2549	1
1052	1204	1
1052	2469	1
1052	2832	1
1052	647	1
1052	2401	1
1052	2109	1
1052	1649	1
1052	261	1
1052	25	1
1052	2808	1
1052	1303	1
1052	1521	1
1052	2214	1
1052	1660	1
1052	125	1
1052	2897	1
1052	2417	1
1052	2712	1
1052	2675	1
1052	231	1
1052	748	1
1053	1116	1
1053	2215	1
1053	1897	1
1053	2608	1
1053	2549	1
1053	2994	1
1053	1445	1
1053	652	1
1053	435	1
1053	2864	1
1053	1315	1
1053	2383	1
1053	2463	1
1053	1649	1
1053	25	1
1053	2286	1
1053	1770	1
1053	1303	1
1053	3005	1
1053	2320	1
1053	2016	1
1053	125	1
1053	531	1
1053	358	1
1053	2417	1
1053	2273	1
1053	1931	1
1053	1695	1
1053	407	1
1053	683	1
1053	2741	1
1053	1381	1
1053	384	1
1053	56	1
1053	2597	1
1054	689	1
1054	1116	1
1054	942	1
1054	25	1
1054	2286	1
1054	897	1
1054	2194	1
1054	2417	1
1054	2273	1
1054	2741	1
1054	2675	1
1055	2698	1
1055	2832	1
1055	647	1
1055	2808	1
1055	46	1
1056	310	1
1056	327	1
1056	2380	1
1056	2314	1
1056	983	1
1056	199	1
1056	80	1
1056	365	1
1056	1315	1
1056	2033	1
1056	2881	1
1056	1004	1
1056	578	1
1056	2560	1
1056	2383	1
1056	244	1
1056	1649	1
1056	2346	1
1056	1666	1
1056	2952	1
1056	90	1
1056	2392	1
1056	1781	1
1056	2310	1
1056	2709	1
1056	48	1
1056	1075	1
1056	2057	1
1056	2938	1
1056	2351	1
1056	531	1
1056	2600	1
1056	2193	1
1056	2273	1
1056	148	1
1056	49	1
1056	2120	1
1056	1727	1
1057	698	1
1057	1368	1
1057	355	1
1057	2215	1
1057	195	1
1057	2323	1
1057	121	1
1057	2632	1
1057	1944	1
1057	1366	1
1057	2067	1
1057	920	1
1057	185	1
1057	2469	1
1057	652	1
1057	2148	1
1057	718	1
1057	1772	1
1057	2955	1
1057	1034	1
1057	1672	1
1057	278	1
1057	2821	1
1057	1286	1
1057	2383	1
1057	316	1
1057	1649	1
1057	1369	1
1057	25	1
1057	2952	1
1057	2012	1
1057	1322	1
1057	2260	1
1057	318	1
1057	795	1
1057	1836	1
1057	1781	1
1057	1303	1
1057	1744	1
1057	1814	1
1057	1218	1
1057	1970	1
1057	1500	1
1057	1660	1
1057	1614	1
1057	1219	1
1057	2273	1
1057	2781	1
1057	1732	1
1057	2077	1
1057	2768	1
1057	2675	1
1057	668	1
1057	874	1
1057	2305	1
1057	1727	1
1058	1744	1
1058	2675	1
1058	2302	1
1059	1660	1
1059	1614	1
1059	2675	1
1059	2302	1
1059	1156	1
1060	1897	1
1060	270	1
1060	2549	1
1060	185	1
1060	2469	1
1060	1359	1
1060	2250	1
1060	1608	1
1060	840	1
1060	2188	1
1060	1660	1
1060	531	1
1060	1937	1
1060	1437	1
1061	2384	1
1061	963	1
1061	2549	1
1061	1656	1
1061	111	1
1061	185	1
1061	2952	1
1061	2250	1
1061	79	1
1061	840	1
1061	531	1
1062	689	1
1062	906	1
1062	1554	1
1062	2215	1
1062	211	1
1062	2698	1
1062	2691	1
1062	2868	1
1062	1897	1
1062	270	1
1062	2549	1
1062	1656	1
1062	1158	1
1062	2469	1
1062	2694	1
1062	1224	1
1062	2832	1
1062	1445	1
1062	351	1
1062	2393	1
1062	935	1
1062	1755	1
1062	1711	1
1062	1830	1
1062	2929	1
1062	38	1
1062	2864	1
1062	2826	1
1062	133	1
1062	942	1
1062	137	1
1062	1649	1
1062	261	1
1062	145	1
1062	990	1
1062	2952	1
1062	2134	1
1062	1608	1
1062	2944	1
1062	422	1
1062	2979	1
1062	1938	1
1062	1744	1
1062	1293	1
1062	1697	1
1062	2622	1
1062	1184	1
1062	452	1
1062	1564	1
1062	2210	1
1062	181	1
1062	2188	1
1062	1660	1
1062	531	1
1062	1398	1
1062	1614	1
1062	29	1
1062	2074	1
1062	1178	1
1062	1690	1
1062	346	1
1062	2558	1
1062	1937	1
1062	655	1
1062	1907	1
1062	1064	1
1062	46	1
1062	638	1
1062	485	1
1062	2675	1
1062	475	1
1062	384	1
1062	2089	1
1062	805	1
1062	400	1
1062	2913	1
1062	1156	1
1062	1910	1
1062	1997	1
1063	2929	1
1063	1649	1
1063	25	1
1063	2952	1
1063	2250	1
1063	1006	1
1063	422	1
1063	840	1
1063	2628	1
1063	346	1
1063	1382	1
1063	2558	1
1063	1653	1
1063	384	1
1064	1224	1
1064	154	1
1064	1847	1
1064	2131	1
1064	1608	1
1064	840	1
1064	2558	1
1064	1695	1
1064	2741	1
1064	384	1
1064	1437	1
1064	2889	1
1065	1897	1
1065	2549	1
1065	2393	1
1065	2829	1
1065	2952	1
1065	2891	1
1065	1322	1
1065	1138	1
1065	1744	1
1065	2622	1
1065	1614	1
1065	2675	1
1066	1897	1
1066	2469	1
1066	2628	1
1066	1382	1
1066	2558	1
1066	2741	1
1066	2675	1
1066	384	1
1066	1437	1
1067	2793	1
1067	1656	1
1067	2131	1
1067	2864	1
1067	2896	1
1067	261	1
1067	2628	1
1067	1691	1
1067	2188	1
1067	2173	1
1067	1319	1
1067	2675	1
1067	384	1
1068	1897	1
1068	2549	1
1068	384	1
1069	689	1
1069	211	1
1069	1897	1
1069	1656	1
1069	185	1
1069	271	1
1069	2864	1
1069	2250	1
1069	840	1
1069	2675	1
1069	384	1
1070	2868	1
1070	270	1
1070	1656	1
1070	1224	1
1070	2250	1
1070	1608	1
1070	992	1
1070	2628	1
1070	1907	1
1070	2675	1
1070	357	1
1071	1847	1
1071	196	1
1071	990	1
1071	2188	1
1071	1660	1
1071	1382	1
1071	2741	1
1071	805	1
1072	2549	1
1072	1224	1
1072	271	1
1072	1847	1
1072	2864	1
1072	1288	1
1072	840	1
1072	1937	1
1072	308	1
1073	1554	1
1073	720	1
1073	211	1
1073	270	1
1073	111	1
1073	185	1
1073	1204	1
1073	200	1
1073	2508	1
1073	2393	1
1073	154	1
1073	1847	1
1073	1563	1
1073	606	1
1073	836	1
1073	38	1
1073	323	1
1073	145	1
1073	25	1
1073	2952	1
1073	1007	1
1073	2271	1
1073	1608	1
1073	1288	1
1073	659	1
1073	2628	1
1073	1	1
1073	1918	1
1073	1564	1
1073	2143	1
1073	1691	1
1073	2368	1
1073	2188	1
1073	1660	1
1073	531	1
1073	2795	1
1073	59	1
1073	29	1
1073	20	1
1073	2074	1
1073	1382	1
1073	2558	1
1073	1937	1
1073	2741	1
1073	1064	1
1073	1437	1
1073	678	1
1073	814	1
1073	2889	1
1073	2031	1
1074	2215	1
1074	2707	1
1074	185	1
1074	1224	1
1074	2393	1
1074	38	1
1074	2864	1
1074	1649	1
1074	882	1
1074	1288	1
1074	840	1
1074	1	1
1074	350	1
1074	1937	1
1074	2740	1
1075	2365	1
1075	720	1
1075	1897	1
1075	270	1
1075	185	1
1075	1224	1
1075	2474	1
1075	1772	1
1075	271	1
1075	1598	1
1075	2952	1
1075	1	1
1075	1918	1
1075	1564	1
1075	1691	1
1075	2188	1
1075	2601	1
1075	2889	1
1075	2830	1
1076	10	1
1076	1274	1
1077	2733	1
1077	67	1
1077	2145	1
1077	2884	1
1077	1086	1
1077	1116	1
1077	428	1
1077	323	1
1077	2029	1
1077	623	1
1077	2366	1
1077	1749	1
1077	1326	1
1077	2546	1
1077	897	1
1077	1138	1
1077	1136	1
1077	2456	1
1077	779	1
1077	2840	1
1077	320	1
1077	1523	1
1077	531	1
1077	2538	1
1077	59	1
1077	29	1
1077	1907	1
1077	237	1
1077	2675	1
1077	410	1
1077	601	1
1077	2120	1
1077	1727	1
1078	2075	1
1078	1086	1
1078	1116	1
1078	2618	1
1078	1200	1
1078	2325	1
1078	2383	1
1078	1103	1
1078	1666	1
1078	2952	1
1078	1322	1
1078	2099	1
1078	1287	1
1078	1138	1
1078	2622	1
1078	2426	1
1078	1660	1
1078	1534	1
1078	1614	1
1078	2423	1
1078	2050	1
1078	2186	1
1079	2549	1
1079	2952	1
1079	2276	1
1079	48	1
1079	1660	1
1079	59	1
1079	20	1
1079	2417	1
1079	2558	1
1079	2273	1
1079	2675	1
1079	2089	1
1079	748	1
1079	1727	1
1080	211	1
1080	2549	1
1080	652	1
1080	1315	1
1080	942	1
1080	1649	1
1080	1666	1
1080	1006	1
1080	879	1
1080	1608	1
1080	1744	1
1080	2622	1
1080	1660	1
1080	1033	1
1080	20	1
1080	2417	1
1080	2558	1
1080	2273	1
1080	683	1
1080	2675	1
1080	384	1
1080	2302	1
1080	1910	1
1081	2469	1
1081	2952	1
1081	1814	1
1081	1660	1
1081	531	1
1081	2675	1
1082	2314	1
1082	2079	1
1082	2395	1
1082	578	1
1082	942	1
1082	1232	1
1082	1322	1
1082	795	1
1082	48	1
1082	2622	1
1082	1660	1
1082	683	1
1082	384	1
1082	1727	1
1083	2383	1
1083	1649	1
1083	531	1
1083	2077	1
1083	2120	1
1084	2469	1
1084	942	1
1084	2276	1
1084	1744	1
1084	2622	1
1084	713	1
1084	1660	1
1084	531	1
1084	1614	1
1084	1219	1
1084	1626	1
1085	1366	1
1085	2148	1
1085	2383	1
1085	2432	1
1085	1608	1
1085	1660	1
1085	2558	1
1085	2077	1
1085	2675	1
1085	748	1
1085	1727	1
1086	537	1
1086	1116	1
1086	2549	1
1086	1666	1
1086	2952	1
1086	795	1
1086	1614	1
1086	384	1
1086	1815	1
1087	1608	1
1087	2622	1
1087	531	1
1087	2077	1
1088	67	1
1088	652	1
1088	2383	1
1088	942	1
1088	2952	1
1088	531	1
1088	2675	1
1088	384	1
1088	2302	1
1088	2120	1
1088	1727	1
1089	67	1
1089	2549	1
1089	2383	1
1089	384	1
1089	1727	1
1090	1608	1
1090	48	1
1090	273	1
1090	2675	1
1090	384	1
1091	1116	1
1091	1608	1
1091	531	1
1091	2077	1
1091	1727	1
1092	2131	1
1092	1778	1
1092	2383	1
1092	2952	1
1092	795	1
1092	1138	1
1092	883	1
1092	1727	1
1093	1138	1
1093	531	1
1093	384	1
1094	2052	1
1094	372	1
1094	652	1
1094	942	1
1094	1649	1
1094	217	1
1094	2952	1
1094	1660	1
1094	1077	1
1094	1607	1
1094	2741	1
1094	638	1
1094	2675	1
1094	384	1
1094	2602	1
1094	357	1
1094	748	1
1095	2384	1
1095	782	1
1095	1366	1
1095	2469	1
1095	793	1
1095	1445	1
1095	1713	1
1095	1778	1
1095	261	1
1095	650	1
1095	81	1
1095	248	1
1095	659	1
1095	1938	1
1095	2622	1
1095	2045	1
1095	1639	1
1095	1660	1
1095	531	1
1095	803	1
1095	1614	1
1095	2495	1
1095	1804	1
1095	2273	1
1095	1695	1
1095	714	1
1095	1727	1
1096	698	1
1096	2447	1
1096	1086	1
1096	2215	1
1096	1366	1
1096	2469	1
1096	1163	1
1096	261	1
1096	1369	1
1096	1196	1
1096	48	1
1096	1303	1
1096	503	1
1096	2016	1
1096	125	1
1096	1325	1
1096	1614	1
1096	2784	1
1096	1219	1
1096	2273	1
1096	2675	1
1096	668	1
1096	1727	1
1097	221	1
1097	2469	1
1097	947	1
1097	1660	1
1097	125	1
1097	2273	1
1097	2781	1
1097	2675	1
1097	1132	1
1098	67	1
1098	1846	1
1098	1086	1
1098	2448	1
1098	1275	1
1098	2618	1
1098	2469	1
1098	1445	1
1098	2148	1
1098	1223	1
1098	2953	1
1098	1778	1
1098	2383	1
1098	942	1
1098	2952	1
1098	2012	1
1098	1601	1
1098	1744	1
1098	2239	1
1098	2622	1
1098	1184	1
1098	1614	1
1098	2327	1
1098	2784	1
1098	2273	1
1098	2594	1
1098	2434	1
1098	1393	1
1098	1727	1
1099	1488	1
1099	793	1
1099	10	1
1099	2239	1
1099	1660	1
1099	1137	1
1099	2077	1
1099	1727	1
1100	815	1
1100	1086	1
1100	959	1
1100	1163	1
1100	1322	1
1100	2514	1
1100	48	1
1100	620	1
1100	947	1
1100	1660	1
1100	531	1
1100	1219	1
1100	2273	1
1100	2675	1
1101	67	1
1101	815	1
1101	1086	1
1101	782	1
1101	2251	1
1101	2549	1
1101	2864	1
1101	261	1
1101	1666	1
1101	2622	1
1101	620	1
1101	947	1
1101	2760	1
1101	2675	1
1102	2618	1
1102	1614	1
1102	2604	1
1103	510	1
1103	2469	1
1103	942	1
1103	1133	1
1103	2865	1
1103	48	1
1103	2993	1
1103	1744	1
1103	753	1
1103	1639	1
1103	1660	1
1103	125	1
1103	2273	1
1103	384	1
1104	2618	1
1104	578	1
1104	125	1
1104	531	1
1105	431	1
1105	2349	1
1105	1649	1
1105	1322	1
1105	48	1
1105	1660	1
1105	531	1
1105	683	1
1106	1116	1
1106	1660	1
1106	384	1
1106	1868	1
1107	669	1
1107	896	1
1107	720	1
1107	1897	1
1107	2957	1
1107	2469	1
1107	1988	1
1107	793	1
1107	1378	1
1107	1772	1
1107	2403	1
1107	27	1
1107	1315	1
1107	2641	1
1107	578	1
1107	64	1
1107	942	1
1107	1163	1
1107	1658	1
1107	2238	1
1107	1071	1
1107	2545	1
1107	850	1
1107	1641	1
1107	81	1
1107	2514	1
1107	1303	1
1107	972	1
1107	1628	1
1107	867	1
1107	1581	1
1107	1938	1
1107	1744	1
1107	2526	1
1107	620	1
1107	2320	1
1107	2149	1
1107	125	1
1107	147	1
1107	1804	1
1107	593	1
1107	1717	1
1107	758	1
1107	683	1
1107	1381	1
1107	2675	1
1107	1132	1
1107	2830	1
1108	431	1
1108	646	1
1108	2215	1
1108	2549	1
1108	1778	1
1108	48	1
1108	1138	1
1108	1727	1
1109	463	1
1109	2469	1
1109	2867	1
1109	2530	1
1109	261	1
1109	2952	1
1109	1744	1
1109	947	1
1109	1660	1
1109	125	1
1109	531	1
1109	345	1
1110	669	1
1110	2130	1
1110	1086	1
1110	1776	1
1110	2549	1
1110	2469	1
1110	1713	1
1110	2403	1
1110	836	1
1110	2864	1
1110	942	1
1110	261	1
1110	14	1
1110	1744	1
1110	2673	1
1110	1660	1
1110	125	1
1110	2273	1
1110	683	1
1111	2549	1
1111	2469	1
1111	1315	1
1111	2952	1
1111	2622	1
1111	384	1
1112	1656	1
1112	2952	1
1112	2675	1
1112	1727	1
1113	1911	1
1113	2469	1
1113	1713	1
1113	261	1
1113	1666	1
1113	1322	1
1113	947	1
1113	1660	1
1113	125	1
1113	346	1
1113	2273	1
1113	1695	1
1113	683	1
1113	2675	1
1114	221	1
1114	2554	1
1114	2403	1
1114	2867	1
1114	361	1
1114	2982	1
1114	942	1
1114	1666	1
1114	422	1
1114	947	1
1114	125	1
1114	531	1
1114	2781	1
1114	1695	1
1114	1381	1
1114	2675	1
1114	714	1
1114	1132	1
1115	463	1
1115	2469	1
1115	793	1
1115	959	1
1115	2867	1
1115	942	1
1115	1163	1
1115	261	1
1115	2952	1
1115	2514	1
1115	48	1
1115	1628	1
1115	947	1
1115	125	1
1115	531	1
1115	2427	1
1115	346	1
1115	2273	1
1115	1381	1
1115	2675	1
1116	67	1
1116	2618	1
1116	51	1
1116	1138	1
1116	2622	1
1116	1660	1
1116	2327	1
1116	2273	1
1116	536	1
1116	2434	1
1116	2221	1
1116	268	1
1117	669	1
1117	67	1
1117	1776	1
1117	2469	1
1117	1713	1
1117	959	1
1117	1286	1
1117	64	1
1117	942	1
1117	48	1
1117	867	1
1117	1744	1
1117	125	1
1117	1614	1
1117	1244	1
1117	1381	1
1117	2675	1
1118	2691	1
1118	2469	1
1118	959	1
1118	261	1
1118	2622	1
1118	125	1
1119	67	1
1119	1776	1
1119	2469	1
1119	959	1
1119	2864	1
1119	64	1
1119	942	1
1119	1322	1
1119	1361	1
1119	48	1
1119	1038	1
1119	867	1
1119	1744	1
1119	2622	1
1119	125	1
1119	1244	1
1119	758	1
1120	67	1
1120	510	1
1120	1846	1
1120	2832	1
1120	1772	1
1120	942	1
1120	261	1
1120	2952	1
1120	1322	1
1120	1083	1
1120	1067	1
1120	1854	1
1120	970	1
1120	1303	1
1120	867	1
1120	1938	1
1120	1744	1
1120	871	1
1120	1639	1
1120	1660	1
1120	255	1
1120	2802	1
1120	1518	1
1120	1592	1
1121	510	1
1121	815	1
1121	1776	1
1121	2469	1
1121	129	1
1121	1713	1
1121	959	1
1121	1315	1
1121	942	1
1121	261	1
1121	2952	1
1121	48	1
1121	1500	1
1121	125	1
1121	1244	1
1121	758	1
1122	67	1
1122	1897	1
1122	2549	1
1122	2469	1
1122	959	1
1122	1772	1
1122	2864	1
1122	1315	1
1122	261	1
1122	1744	1
1122	2622	1
1122	1660	1
1122	125	1
1122	1244	1
1122	2423	1
1122	1695	1
1122	1381	1
1123	67	1
1123	2549	1
1123	2469	1
1123	261	1
1123	1660	1
1123	125	1
1124	2469	1
1124	2864	1
1124	261	1
1124	48	1
1124	1660	1
1124	531	1
1124	1695	1
1124	2675	1
1125	67	1
1125	815	1
1125	1897	1
1125	2469	1
1125	129	1
1125	2832	1
1125	959	1
1125	2864	1
1125	942	1
1125	261	1
1125	2952	1
1125	1322	1
1125	48	1
1125	1303	1
1125	125	1
1125	531	1
1125	1695	1
1125	758	1
1126	2148	1
1126	2239	1
1126	531	1
1126	2077	1
1126	1727	1
1127	510	1
1127	1911	1
1127	463	1
1127	1366	1
1127	2469	1
1127	2832	1
1127	1713	1
1127	261	1
1127	1666	1
1127	2238	1
1127	1735	1
1127	1322	1
1127	48	1
1127	620	1
1127	797	1
1127	947	1
1127	944	1
1127	125	1
1127	1695	1
1127	363	1
1127	758	1
1127	2675	1
1127	2144	1
1128	431	1
1128	2448	1
1128	611	1
1128	2549	1
1128	2006	1
1128	1778	1
1128	2232	1
1128	2952	1
1128	48	1
1128	2646	1
1128	2356	1
1128	1035	1
1129	1710	1
1129	1086	1
1129	2215	1
1129	2319	1
1129	1436	1
1129	2469	1
1129	435	1
1129	1002	1
1129	2867	1
1129	2864	1
1129	2383	1
1129	48	1
1129	620	1
1129	109	1
1129	2016	1
1129	1660	1
1129	125	1
1129	531	1
1129	224	1
1129	1219	1
1129	2273	1
1129	2781	1
1129	527	1
1129	1903	1
1129	1381	1
1129	1849	1
1129	2675	1
1129	2144	1
1129	366	1
1130	2469	1
1130	1713	1
1130	2403	1
1130	1322	1
1130	2514	1
1130	48	1
1130	947	1
1130	758	1
1130	2664	1
1130	2675	1
1131	1086	1
1131	463	1
1131	2549	1
1131	1366	1
1131	2469	1
1131	261	1
1131	1666	1
1131	2198	1
1131	2951	1
1131	947	1
1131	1660	1
1131	531	1
1131	1614	1
1131	1244	1
1131	1727	1
1132	1086	1
1132	2618	1
1132	2469	1
1132	2148	1
1132	1744	1
1132	2622	1
1132	1660	1
1132	2273	1
1132	1145	1
1133	2884	1
1133	1846	1
1133	1710	1
1133	1086	1
1133	720	1
1133	1275	1
1133	2618	1
1133	1517	1
1133	463	1
1133	1366	1
1133	2469	1
1133	249	1
1133	2148	1
1133	1223	1
1133	1916	1
1133	428	1
1133	578	1
1133	2383	1
1133	1271	1
1133	942	1
1133	2011	1
1133	1649	1
1133	2790	1
1133	795	1
1133	2095	1
1133	1157	1
1133	479	1
1133	2329	1
1133	48	1
1133	1951	1
1133	1642	1
1133	2337	1
1133	1138	1
1133	1203	1
1133	1744	1
1133	2239	1
1133	2456	1
1133	2066	1
1133	286	1
1133	1814	1
1133	1734	1
1133	1660	1
1133	125	1
1133	531	1
1133	246	1
1133	358	1
1133	506	1
1133	2327	1
1133	702	1
1133	2028	1
1133	893	1
1133	821	1
1133	660	1
1133	2940	1
1133	197	1
1133	2434	1
1133	2044	1
1133	883	1
1133	2219	1
1133	2221	1
1133	230	1
1133	2675	1
1133	159	1
1133	1397	1
1133	2092	1
1133	2186	1
1134	67	1
1134	1061	1
1134	1086	1
1134	1206	1
1134	1371	1
1134	2970	1
1134	687	1
1134	652	1
1134	957	1
1134	942	1
1134	383	1
1134	2542	1
1134	1723	1
1134	1660	1
1134	2273	1
1134	2760	1
1134	922	1
1134	2590	1
1134	2077	1
1134	1035	1
1134	1106	1
1135	1086	1
1135	463	1
1135	1366	1
1135	2469	1
1135	942	1
1135	1322	1
1135	1196	1
1135	2514	1
1135	48	1
1135	503	1
1135	1744	1
1135	1244	1
1135	2781	1
1135	2675	1
1136	1846	1
1136	372	1
1136	1906	1
1136	2549	1
1136	2469	1
1136	129	1
1136	2395	1
1136	2864	1
1136	1649	1
1136	1666	1
1136	2952	1
1136	422	1
1136	48	1
1136	2107	1
1136	2320	1
1136	1660	1
1136	125	1
1136	531	1
1136	1695	1
1136	683	1
1136	2675	1
1136	1947	1
1136	1727	1
1136	1515	1
1137	1275	1
1137	2618	1
1137	2549	1
1137	1366	1
1137	1778	1
1137	2383	1
1137	1601	1
1137	1462	1
1137	1138	1
1137	2239	1
1137	819	1
1137	531	1
1137	2768	1
1137	1393	1
1138	67	1
1138	1585	1
1138	2384	1
1138	1366	1
1138	795	1
1138	1196	1
1138	1138	1
1138	2622	1
1138	531	1
1138	2675	1
1138	268	1
1139	67	1
1139	1585	1
1139	2592	1
1139	1086	1
1139	2618	1
1139	1897	1
1139	2549	1
1139	1366	1
1139	1772	1
1139	553	1
1139	578	1
1139	2383	1
1139	1081	1
1139	1485	1
1139	1104	1
1139	2329	1
1139	840	1
1139	1138	1
1139	1674	1
1139	912	1
1139	1660	1
1139	531	1
1139	2327	1
1139	2784	1
1139	893	1
1139	2273	1
1139	1903	1
1139	2768	1
1139	159	1
1139	268	1
1140	1744	1
1140	1727	1
1141	67	1
1141	463	1
1141	185	1
1141	2393	1
1141	2829	1
1141	1138	1
1141	531	1
1141	1219	1
1141	2675	1
1142	2384	1
1142	2024	1
1142	2549	1
1142	486	1
1142	2469	1
1142	652	1
1142	942	1
1142	1943	1
1142	178	1
1142	795	1
1142	1744	1
1142	2239	1
1142	947	1
1142	792	1
1142	125	1
1142	2273	1
1142	2760	1
1142	883	1
1142	2077	1
1142	2675	1
1142	1727	1
1143	2130	1
1143	1443	1
1143	2741	1
1144	2215	1
1144	299	1
1144	1366	1
1144	486	1
1144	2469	1
1144	2873	1
1144	2285	1
1144	470	1
1144	1566	1
1144	1286	1
1144	578	1
1144	1649	1
1144	261	1
1144	2614	1
1144	2366	1
1144	25	1
1144	2952	1
1144	2080	1
1144	1730	1
1144	1306	1
1144	1770	1
1144	1385	1
1144	376	1
1144	840	1
1144	2628	1
1144	18	1
1144	1279	1
1144	1660	1
1144	531	1
1144	297	1
1144	2784	1
1144	914	1
1144	2273	1
1144	391	1
1144	230	1
1144	1625	1
1145	698	1
1145	2130	1
1145	347	1
1145	2343	1
1145	1086	1
1145	796	1
1145	2589	1
1145	2355	1
1145	463	1
1145	2684	1
1145	2707	1
1145	1366	1
1145	2469	1
1145	2873	1
1145	2899	1
1145	2393	1
1145	1837	1
1145	362	1
1145	1755	1
1145	2285	1
1145	470	1
1145	323	1
1145	74	1
1145	578	1
1145	2383	1
1145	1359	1
1145	75	1
1145	1649	1
1145	261	1
1145	1943	1
1145	2952	1
1145	2080	1
1145	974	1
1145	843	1
1145	2206	1
1145	1730	1
1145	1306	1
1145	1770	1
1145	1305	1
1145	1781	1
1145	629	1
1145	151	1
1145	840	1
1145	2628	1
1145	2996	1
1145	1203	1
1145	1136	1
1145	2622	1
1145	637	1
1145	644	1
1145	139	1
1145	18	1
1145	1734	1
1145	1279	1
1145	1660	1
1145	1424	1
1145	125	1
1145	297	1
1145	676	1
1145	1873	1
1145	2784	1
1145	1219	1
1145	2781	1
1145	391	1
1145	2940	1
1145	2760	1
1145	1509	1
1145	2768	1
1145	2741	1
1145	940	1
1145	475	1
1145	384	1
1145	307	1
1145	268	1
1146	1086	1
1146	1116	1
1146	486	1
1146	942	1
1146	1424	1
1146	531	1
1147	2215	1
1147	2618	1
1147	782	1
1147	270	1
1147	1366	1
1147	185	1
1147	2469	1
1147	793	1
1147	1713	1
1147	1772	1
1147	2959	1
1147	2982	1
1147	942	1
1147	2891	1
1147	48	1
1147	1203	1
1147	531	1
1147	2273	1
1147	2305	1
1147	1910	1
1148	1116	1
1148	531	1
1148	2741	1
1148	2675	1
1149	2741	1
1150	1116	1
1151	1116	1
1152	652	1
1152	1660	1
1152	2675	1
1153	1116	1
1154	1116	1
1154	652	1
1154	2741	1
1155	1116	1
1155	531	1
1156	2741	1
1157	1116	1
1157	2741	1
1157	475	1
1158	1116	1
1159	1116	1
1159	531	1
1160	1116	1
1161	2741	1
1162	1116	1
1163	1116	1
1164	1116	1
1164	1359	1
1164	2740	1
1165	1086	1
1165	1116	1
1165	531	1
1166	1116	1
1167	1116	1
1168	1116	1
1168	1184	1
1168	531	1
1169	2741	1
1170	2741	1
1171	1116	1
1172	1116	1
1173	1116	1
1174	1116	1
1175	1116	1
1176	1116	1
1177	1086	1
1177	1116	1
1177	2215	1
1177	1660	1
1177	2273	1
1177	2741	1
1178	1086	1
1178	1116	1
1178	942	1
1178	2273	1
1178	2741	1
1178	475	1
1179	531	1
1179	2741	1
1180	531	1
1180	2741	1
1181	1116	1
1181	2367	1
1181	2675	1
1182	531	1
1182	2675	1
1183	1116	1
1183	531	1
1184	1116	1
1184	2741	1
1185	1116	1
1186	2741	1
1187	2718	1
1187	1660	1
1187	384	1
1187	400	1
1188	2931	1
1188	720	1
1188	2215	1
1188	1751	1
1188	486	1
1188	2469	1
1188	261	1
1188	840	1
1188	1660	1
1188	1424	1
1189	67	1
1189	1846	1
1189	1751	1
1189	2549	1
1189	2469	1
1189	1736	1
1189	2864	1
1189	1315	1
1189	942	1
1189	840	1
1189	1660	1
1189	1424	1
1189	125	1
1189	531	1
1189	1614	1
1189	1244	1
1189	683	1
1189	1910	1
1189	1727	1
1190	2215	1
1190	2239	1
1190	531	1
1190	1614	1
1191	1934	1
1191	372	1
1191	261	1
1192	1116	1
1192	720	1
1192	2215	1
1192	2549	1
1192	2469	1
1192	840	1
1192	1203	1
1192	531	1
1192	1903	1
1193	2740	1
1193	2675	1
1194	1116	1
1194	2952	1
1194	1608	1
1194	2367	1
1194	531	1
1194	2741	1
1194	2675	1
1194	384	1
1195	1116	1
1196	689	1
1196	1086	1
1196	2868	1
1196	185	1
1196	1224	1
1196	1772	1
1196	2929	1
1196	942	1
1196	2952	1
1196	1006	1
1196	1608	1
1196	1396	1
1196	1660	1
1196	1424	1
1196	531	1
1196	20	1
1196	2675	1
1196	384	1
1196	2089	1
1196	400	1
1196	1997	1
1197	1086	1
1197	2469	1
1197	2995	1
1198	942	1
1198	2675	1
1199	2130	1
1199	1116	1
1199	2618	1
1199	2741	1
1200	531	1
1200	2741	1
1201	531	1
1201	2675	1
1201	357	1
1202	1061	1
1202	1086	1
1202	1116	1
1202	2549	1
1202	2469	1
1202	652	1
1202	362	1
1202	2821	1
1202	2383	1
1202	1943	1
1202	1303	1
1202	1184	1
1202	1903	1
1202	2741	1
1202	2675	1
1203	1116	1
1203	211	1
1203	185	1
1203	2469	1
1203	1772	1
1203	942	1
1203	25	1
1203	1305	1
1203	2628	1
1203	1184	1
1203	2367	1
1203	1660	1
1203	531	1
1203	20	1
1203	2675	1
1203	2302	1
1204	1086	1
1204	1116	1
1204	299	1
1204	2578	1
1204	2684	1
1204	486	1
1204	362	1
1204	1711	1
1204	2929	1
1204	2383	1
1204	942	1
1204	1943	1
1204	1608	1
1204	1305	1
1204	151	1
1204	840	1
1204	1184	1
1204	2367	1
1204	2760	1
1204	2741	1
1205	942	1
1205	531	1
1206	1116	1
1207	486	1
1207	2469	1
1207	1772	1
1207	942	1
1207	376	1
1207	1184	1
1207	2273	1
1207	2741	1
1208	2952	1
1208	1660	1
1208	531	1
1208	2675	1
1209	1116	1
1209	299	1
1209	2469	1
1209	2383	1
1209	942	1
1209	1006	1
1209	1184	1
1209	2367	1
1209	531	1
1209	2741	1
1209	384	1
1210	1116	1
1210	2383	1
1210	2367	1
1210	531	1
1210	384	1
1211	1116	1
1211	2383	1
1211	531	1
1211	2741	1
1211	384	1
1212	1116	1
1212	2929	1
1212	2383	1
1212	2367	1
1212	1660	1
1212	384	1
1213	1061	1
1213	1116	1
1213	362	1
1213	2952	1
1213	1608	1
1213	1184	1
1213	2367	1
1213	2273	1
1213	2741	1
1214	299	1
1214	1772	1
1214	2383	1
1214	942	1
1214	1608	1
1214	2628	1
1214	1203	1
1214	2367	1
1214	531	1
1214	1219	1
1214	2760	1
1214	384	1
1215	185	1
1215	942	1
1215	1649	1
1215	2952	1
1215	1660	1
1215	531	1
1215	2741	1
1215	748	1
1216	1116	1
1216	2215	1
1216	486	1
1216	185	1
1216	2832	1
1216	1772	1
1216	836	1
1216	1359	1
1216	145	1
1216	25	1
1216	1608	1
1216	1574	1
1216	1660	1
1216	59	1
1216	2802	1
1216	357	1
1217	1116	1
1217	531	1
1217	2741	1
1218	1086	1
1218	126	1
1218	1116	1
1218	1257	1
1218	1544	1
1218	647	1
1218	735	1
1218	416	1
1218	2628	1
1218	1660	1
1218	531	1
1218	407	1
1218	46	1
1218	2675	1
1218	384	1
1219	1116	1
1219	652	1
1219	2131	1
1219	2929	1
1219	1660	1
1219	2741	1
1220	2215	1
1220	884	1
1220	2469	1
1220	1772	1
1220	2383	1
1220	1744	1
1220	1814	1
1220	1660	1
1220	2273	1
1221	2332	1
1221	849	1
1221	1061	1
1221	2343	1
1221	796	1
1221	720	1
1221	2355	1
1221	2693	1
1221	299	1
1221	270	1
1221	2549	1
1221	2684	1
1221	185	1
1221	2671	1
1221	2469	1
1221	1224	1
1221	2393	1
1221	1772	1
1221	271	1
1221	2838	1
1221	2383	1
1221	942	1
1221	1450	1
1221	1990	1
1221	151	1
1221	840	1
1221	2995	1
1221	2857	1
1221	1814	1
1221	1475	1
1221	1091	1
1221	2784	1
1221	1615	1
1221	407	1
1221	870	1
1221	1215	1
1221	1910	1
1221	357	1
1222	720	1
1222	2355	1
1222	782	1
1222	2469	1
1222	1772	1
1222	2383	1
1222	942	1
1222	840	1
1222	531	1
1223	1116	1
1223	720	1
1223	2215	1
1223	2549	1
1223	2578	1
1223	2383	1
1223	942	1
1223	2952	1
1223	1305	1
1223	151	1
1223	840	1
1223	2273	1
1223	2741	1
1223	2302	1
1224	1846	1
1224	1736	1
1225	1275	1
1225	1315	1
1225	1322	1
1225	531	1
1225	1614	1
1225	2817	1
1226	431	1
1226	372	1
1226	2549	1
1226	2469	1
1226	652	1
1226	2864	1
1226	840	1
1226	2622	1
1226	1660	1
1226	125	1
1226	683	1
1226	2675	1
1227	372	1
1227	2549	1
1227	486	1
1227	2469	1
1227	652	1
1227	1772	1
1227	1315	1
1227	942	1
1227	1649	1
1227	1666	1
1227	2952	1
1227	1660	1
1227	125	1
1227	2675	1
1228	1736	1
1229	372	1
1230	1846	1
1230	1275	1
1230	1736	1
1230	531	1
1230	683	1
1231	1808	1
1232	1846	1
1232	906	1
1232	2549	1
1232	2469	1
1232	1445	1
1232	928	1
1232	2864	1
1232	1315	1
1232	578	1
1232	1649	1
1232	25	1
1232	2952	1
1232	1384	1
1232	840	1
1232	2239	1
1232	2028	1
1232	2760	1
1233	1846	1
1233	1736	1
1233	1322	1
1233	1614	1
1233	683	1
1234	689	1
1234	2215	1
1234	372	1
1234	2549	1
1234	2273	1
1235	1538	1
1235	67	1
1235	906	1
1235	2549	1
1235	25	1
1235	2952	1
1235	840	1
1235	1660	1
1235	1614	1
1235	1832	1
1235	2028	1
1235	2273	1
1235	683	1
1236	1649	1
1236	2952	1
1236	340	1
1236	2675	1
1237	698	1
1237	67	1
1237	1846	1
1237	1644	1
1237	1086	1
1237	372	1
1237	270	1
1237	1803	1
1237	2469	1
1237	1224	1
1237	1713	1
1237	271	1
1237	1847	1
1237	942	1
1237	2238	1
1237	1305	1
1237	840	1
1237	2386	1
1237	2078	1
1237	1244	1
1237	1219	1
1237	131	1
1237	1903	1
1237	1947	1
1238	2469	1
1238	2864	1
1238	1660	1
1238	359	1
1238	2417	1
1238	2273	1
1238	2675	1
1239	2469	1
1239	1772	1
1239	2952	1
1239	1660	1
1239	1424	1
1239	2741	1
1240	1061	1
1240	720	1
1240	2215	1
1240	270	1
1240	486	1
1240	1224	1
1240	1772	1
1240	942	1
1240	286	1
1240	1424	1
1240	2273	1
1240	2741	1
1240	2675	1
1241	1116	1
1241	2868	1
1241	942	1
1241	1660	1
1241	2741	1
1241	2675	1
1241	384	1
1241	2089	1
1242	1116	1
1242	2383	1
1242	531	1
1242	2675	1
1243	2383	1
1243	2675	1
1243	384	1
1244	2164	1
1244	2215	1
1244	486	1
1244	2469	1
1244	1772	1
1244	1711	1
1244	2383	1
1244	942	1
1244	1770	1
1244	840	1
1244	1424	1
1244	531	1
1244	2158	1
1244	716	1
1244	2273	1
1244	407	1
1244	269	1
1245	2868	1
1245	2929	1
1245	2089	1
1246	67	1
1246	1366	1
1246	2469	1
1246	795	1
1246	1138	1
1246	2622	1
1246	2784	1
1246	2768	1
1246	1727	1
1247	2929	1
1247	1006	1
1247	2999	1
1247	2367	1
1247	2772	1
1248	1116	1
1248	1897	1
1248	2549	1
1248	486	1
1248	2469	1
1248	2952	1
1248	1303	1
1248	897	1
1248	2367	1
1248	1660	1
1248	2675	1
1248	2302	1
1248	2089	1
1249	1116	1
1249	1772	1
1249	2929	1
1249	2383	1
1249	942	1
1249	1608	1
1249	1303	1
1249	2628	1
1249	2367	1
1249	531	1
1249	1398	1
1249	2741	1
1249	2675	1
1249	384	1
1250	475	1
1251	1116	1
1251	652	1
1251	942	1
1251	1203	1
1251	1424	1
1252	2215	1
1252	486	1
1252	2383	1
1252	942	1
1252	1608	1
1252	1303	1
1252	1660	1
1252	1424	1
1252	2273	1
1252	2741	1
1253	1116	1
1253	897	1
1254	1116	1
1254	486	1
1254	2469	1
1254	2864	1
1254	2383	1
1254	1608	1
1254	2367	1
1254	2741	1
1254	2675	1
1254	475	1
1255	1116	1
1255	2741	1
1256	1116	1
1256	2675	1
1257	1116	1
1258	531	1
1258	2675	1
1259	1116	1
1259	652	1
1259	384	1
1260	2707	1
1260	2740	1
1261	1772	1
1261	836	1
1261	1666	1
1261	2802	1
1261	2675	1
1262	1116	1
1262	2741	1
1262	2675	1
1262	384	1
1262	2385	1
1263	2367	1
1263	475	1
1264	1061	1
1264	486	1
1264	2469	1
1264	2929	1
1264	942	1
1264	1660	1
1264	2273	1
1264	357	1
1265	67	1
1265	1116	1
1265	768	1
1265	909	1
1265	2622	1
1265	1184	1
1265	1814	1
1265	260	1
1265	683	1
1265	2741	1
1266	1660	1
1266	531	1
1266	2741	1
1266	475	1
1266	357	1
1267	2741	1
1268	2469	1
1268	531	1
1268	2741	1
1268	2675	1
1269	1116	1
1269	2469	1
1269	531	1
1269	2741	1
1269	357	1
1270	1116	1
1270	942	1
1270	2952	1
1270	1303	1
1270	2628	1
1270	2367	1
1270	1396	1
1270	1660	1
1270	531	1
1270	384	1
1271	531	1
1272	1086	1
1272	2393	1
1272	2383	1
1272	2628	1
1272	2622	1
1272	1814	1
1272	18	1
1272	1424	1
1272	1244	1
1272	2784	1
1272	2028	1
1273	1116	1
1273	531	1
1274	1086	1
1274	2469	1
1274	2628	1
1274	18	1
1274	531	1
1274	2741	1
1275	2929	1
1275	460	1
1275	475	1
1276	2215	1
1276	486	1
1276	578	1
1276	1649	1
1276	25	1
1276	1303	1
1276	1744	1
1276	2622	1
1276	1814	1
1276	1660	1
1276	531	1
1276	2028	1
1276	2273	1
1277	782	1
1277	2549	1
1277	2469	1
1277	1772	1
1277	836	1
1277	2383	1
1277	1163	1
1277	1322	1
1277	1196	1
1277	2514	1
1277	48	1
1277	1303	1
1277	2622	1
1277	531	1
1277	1614	1
1277	2028	1
1277	2273	1
1277	2781	1
1277	2768	1
1278	460	1
1279	2741	1
1279	2675	1
1280	2052	1
1280	2469	1
1280	2393	1
1280	1772	1
1280	1649	1
1280	795	1
1280	1674	1
1280	531	1
1280	460	1
1280	2802	1
1280	2741	1
1280	2675	1
1280	475	1
1280	384	1
1280	2089	1
1281	2931	1
1281	782	1
1281	2469	1
1281	652	1
1281	718	1
1281	1772	1
1281	1660	1
1281	1424	1
1281	531	1
1281	29	1
1281	2273	1
1281	2741	1
1281	2675	1
1282	1116	1
1282	2675	1
1283	1116	1
1284	1303	1
1284	1674	1
1284	1660	1
1284	2273	1
1284	2675	1
1285	67	1
1285	2384	1
1285	1084	1
1285	2952	1
1285	1322	1
1285	2622	1
1285	1500	1
1285	1614	1
1286	1116	1
1286	1660	1
1286	2675	1
1287	1116	1
1287	2469	1
1287	2929	1
1287	2675	1
1287	475	1
1287	384	1
1288	531	1
1288	2675	1
1289	1116	1
1289	652	1
1289	942	1
1289	1649	1
1289	1303	1
1289	579	1
1289	1660	1
1289	2273	1
1289	33	1
1290	2675	1
1290	475	1
1290	1162	1
1291	1116	1
1291	942	1
1291	2273	1
1292	698	1
1292	2052	1
1292	463	1
1292	782	1
1292	2469	1
1292	2694	1
1292	652	1
1292	1772	1
1292	2403	1
1292	2929	1
1292	836	1
1292	1740	1
1292	942	1
1292	784	1
1292	2952	1
1292	1608	1
1292	1894	1
1292	2514	1
1292	503	1
1292	897	1
1292	2761	1
1292	2583	1
1292	1725	1
1292	2367	1
1292	1660	1
1292	125	1
1292	1398	1
1292	460	1
1292	2273	1
1292	2741	1
1292	475	1
1292	2089	1
1293	460	1
1294	942	1
1294	1396	1
1294	1660	1
1294	2273	1
1294	2741	1
1295	460	1
1296	1116	1
1296	185	1
1296	2469	1
1296	1660	1
1296	357	1
1297	463	1
1297	782	1
1297	2393	1
1297	1772	1
1297	2929	1
1297	942	1
1297	1649	1
1297	1303	1
1297	579	1
1297	1396	1
1297	531	1
1297	384	1
1298	2131	1
1298	942	1
1298	1608	1
1298	1396	1
1298	1660	1
1298	2741	1
1298	2675	1
1298	1162	1
1298	1156	1
1299	1116	1
1299	2929	1
1299	1396	1
1299	2675	1
1299	384	1
1300	2675	1
1301	1660	1
1301	531	1
1301	2741	1
1302	2929	1
1302	1660	1
1302	460	1
1302	2675	1
1303	531	1
1303	460	1
1303	2675	1
1303	475	1
1304	1116	1
1305	942	1
1305	1660	1
1305	2273	1
1305	2675	1
1306	1116	1
1306	1772	1
1306	1303	1
1306	1660	1
1306	2675	1
1307	1396	1
1307	1660	1
1307	1614	1
1307	2741	1
1308	1116	1
1308	1660	1
1309	782	1
1309	897	1
1309	1660	1
1309	2675	1
1310	2675	1
1310	1727	1
1311	942	1
1311	1303	1
1311	2675	1
1312	2384	1
1312	1366	1
1312	1778	1
1312	1322	1
1312	79	1
1312	2110	1
1312	48	1
1312	2622	1
1312	1931	1
1312	2423	1
1312	2768	1
1312	2120	1
1313	240	1
1313	537	1
1313	720	1
1313	270	1
1313	2671	1
1313	2474	1
1313	2222	1
1313	271	1
1313	2124	1
1313	1649	1
1313	840	1
1313	2058	1
1313	2857	1
1313	18	1
1313	1033	1
1313	531	1
1313	2720	1
1313	2784	1
1313	2028	1
1313	1219	1
1313	821	1
1313	407	1
1313	964	1
1313	1143	1
1313	2855	1
1313	357	1
1314	2469	1
1314	1315	1
1314	2383	1
1314	840	1
1314	897	1
1314	2628	1
1314	531	1
1314	2741	1
1315	2832	1
1315	2675	1
1316	2675	1
1317	3032	1
1317	270	1
1317	2393	1
1317	1772	1
1317	271	1
1317	2959	1
1317	2383	1
1317	942	1
1317	1649	1
1317	25	1
1317	2952	1
1317	1460	1
1317	151	1
1317	840	1
1317	1303	1
1317	2449	1
1317	1	1
1317	2188	1
1317	3	1
1317	2028	1
1317	1219	1
1317	391	1
1317	308	1
1317	407	1
1317	678	1
1317	1910	1
1318	2215	1
1318	652	1
1318	2131	1
1318	908	1
1318	2808	1
1318	1196	1
1318	2995	1
1318	2622	1
1318	1660	1
1318	1903	1
1318	2741	1
1318	2675	1
1318	384	1
1318	1156	1
1318	357	1
1319	2215	1
1319	1542	1
1319	1359	1
1319	2952	1
1319	843	1
1319	2206	1
1319	897	1
1319	2324	1
1319	1244	1
1319	2327	1
1319	2741	1
1320	1116	1
1320	2215	1
1320	1897	1
1320	270	1
1320	185	1
1320	2469	1
1320	1772	1
1320	2403	1
1320	2383	1
1320	261	1
1320	2952	1
1320	48	1
1320	1660	1
1320	531	1
1320	1614	1
1321	2307	1
1321	2822	1
1321	2589	1
1321	2215	1
1321	210	1
1321	2474	1
1321	328	1
1321	2393	1
1321	1772	1
1321	271	1
1321	836	1
1321	1740	1
1321	2383	1
1321	261	1
1321	2952	1
1321	1199	1
1321	1305	1
1321	2058	1
1321	1674	1
1321	2622	1
1321	2857	1
1321	1475	1
1321	18	1
1321	738	1
1321	531	1
1321	2028	1
1321	1615	1
1321	407	1
1321	2305	1
1321	2855	1
1322	2741	1
1323	1846	1
1323	2215	1
1323	652	1
1323	836	1
1323	2829	1
1323	2383	1
1323	942	1
1323	784	1
1323	25	1
1323	2952	1
1323	57	1
1323	1303	1
1323	897	1
1323	1674	1
1323	2210	1
1323	531	1
1323	1903	1
1323	2741	1
1323	2302	1
1323	2089	1
1324	2741	1
1325	1608	1
1325	1162	1
1325	357	1
1326	1162	1
1326	357	1
1327	1116	1
1327	384	1
1328	1086	1
1328	1116	1
1328	908	1
1328	18	1
1329	1116	1
1329	531	1
1329	384	1
1330	652	1
1330	2383	1
1331	2367	1
1331	357	1
1332	1846	1
1332	1116	1
1332	2215	1
1332	1366	1
1332	435	1
1332	2383	1
1332	1196	1
1332	1138	1
1332	2622	1
1332	2367	1
1332	531	1
1332	1244	1
1332	1903	1
1333	67	1
1333	2884	1
1333	1086	1
1333	463	1
1333	1366	1
1333	185	1
1333	1008	1
1333	1772	1
1333	578	1
1333	2383	1
1333	2614	1
1333	2952	1
1333	2206	1
1333	1601	1
1333	48	1
1333	1181	1
1333	2628	1
1333	2066	1
1333	2622	1
1333	1054	1
1333	2486	1
1333	1814	1
1333	2188	1
1333	531	1
1333	1344	1
1333	2324	1
1333	1614	1
1333	2327	1
1333	2784	1
1333	2781	1
1333	610	1
1333	660	1
1333	2940	1
1333	2768	1
1333	2741	1
1333	230	1
1333	2913	1
1333	881	1
1333	357	1
1334	1116	1
1334	1897	1
1334	652	1
1334	1443	1
1334	470	1
1334	1649	1
1334	25	1
1334	1006	1
1334	2628	1
1334	2761	1
1334	1396	1
1334	125	1
1334	531	1
1334	29	1
1334	20	1
1334	2273	1
1334	1907	1
1334	2760	1
1334	384	1
1334	2089	1
1335	1116	1
1335	1897	1
1335	886	1
1335	185	1
1335	2899	1
1335	1443	1
1335	2383	1
1335	2952	1
1335	629	1
1335	2628	1
1335	2761	1
1335	637	1
1335	1396	1
1335	460	1
1335	29	1
1335	1907	1
1335	384	1
1336	1116	1
1336	2215	1
1336	886	1
1336	185	1
1336	2469	1
1336	1649	1
1336	2952	1
1336	1006	1
1336	2628	1
1336	460	1
1336	20	1
1336	2741	1
1336	2675	1
1336	384	1
1336	2302	1
1337	476	1
1337	1585	1
1337	2884	1
1337	1116	1
1337	1632	1
1337	2618	1
1337	1897	1
1337	1366	1
1337	2873	1
1337	1286	1
1337	2080	1
1337	51	1
1337	795	1
1337	1196	1
1337	2622	1
1337	531	1
1337	506	1
1337	2784	1
1337	2940	1
1337	2221	1
1337	268	1
1338	1116	1
1338	2618	1
1339	2618	1
1339	1814	1
1339	230	1
1340	1116	1
1340	2618	1
1341	2215	1
1341	652	1
1341	2383	1
1341	2367	1
1341	1178	1
1341	384	1
1342	2384	1
1342	2618	1
1342	1286	1
1342	578	1
1342	1649	1
1342	1831	1
1342	1196	1
1342	2066	1
1342	1814	1
1342	893	1
1342	2741	1
1342	230	1
1342	2420	1
1343	1116	1
1344	2052	1
1345	1116	1
1345	2741	1
1345	2675	1
1345	384	1
1346	67	1
1346	2618	1
1346	531	1
1347	1116	1
1347	1608	1
1347	2367	1
1347	531	1
1347	460	1
1347	2675	1
1347	384	1
1347	2302	1
1347	1156	1
1348	2073	1
1348	2215	1
1348	211	1
1348	2868	1
1348	652	1
1348	2131	1
1348	2952	1
1348	897	1
1348	2367	1
1348	1396	1
1348	531	1
1348	2675	1
1348	384	1
1348	2302	1
1349	1116	1
1349	1108	1
1349	1814	1
1349	531	1
1350	1116	1
1350	2215	1
1350	2618	1
1350	578	1
1350	2952	1
1350	2622	1
1350	531	1
1350	2741	1
1350	1480	1
1351	1116	1
1351	2046	1
1351	2549	1
1351	2864	1
1351	795	1
1351	1303	1
1351	1660	1
1351	531	1
1351	2675	1
1351	384	1
1351	2302	1
1352	652	1
1352	1303	1
1352	1660	1
1352	531	1
1352	2675	1
1353	698	1
1353	2215	1
1353	463	1
1353	1897	1
1353	1366	1
1353	185	1
1353	2469	1
1353	328	1
1353	1286	1
1353	2383	1
1353	1196	1
1353	1744	1
1353	2622	1
1353	1475	1
1353	738	1
1353	531	1
1353	1244	1
1353	2784	1
1353	2781	1
1353	783	1
1353	1377	1
1353	357	1
1354	1116	1
1355	1116	1
1355	2618	1
1355	2622	1
1355	531	1
1356	1585	1
1356	2969	1
1356	1116	1
1356	1275	1
1356	1286	1
1356	1081	1
1356	1814	1
1356	893	1
1356	2940	1
1356	2741	1
1356	2221	1
1356	624	1
1357	67	1
1357	1585	1
1357	1737	1
1357	1275	1
1357	470	1
1357	51	1
1357	1081	1
1357	629	1
1357	1744	1
1357	1814	1
1357	1734	1
1357	893	1
1357	1253	1
1357	2940	1
1357	197	1
1357	2768	1
1357	2741	1
1357	2221	1
1357	230	1
1357	1377	1
1357	1727	1
1358	1116	1
1358	2618	1
1358	1814	1
1358	531	1
1359	1116	1
1359	2215	1
1359	1184	1
1359	531	1
1359	2741	1
1359	2675	1
1360	1116	1
1360	2215	1
1360	2383	1
1360	531	1
1360	2675	1
1361	1116	1
1361	2215	1
1361	2052	1
1361	2952	1
1361	2675	1
1361	1480	1
1362	1275	1
1362	2622	1
1362	531	1
1363	2884	1
1363	1116	1
1363	2618	1
1363	2329	1
1363	2622	1
1363	531	1
1363	2741	1
1363	2420	1
1364	2383	1
1364	2952	1
1364	2675	1
1365	1744	1
1365	2675	1
1366	1116	1
1366	2215	1
1366	652	1
1366	531	1
1366	2802	1
1367	2707	1
1367	2741	1
1367	2740	1
1368	18	1
1368	2327	1
1368	2741	1
1369	2469	1
1369	1772	1
1369	1303	1
1369	1660	1
1369	2273	1
1369	2741	1
1370	1116	1
1370	531	1
1370	2741	1
1370	475	1
1371	531	1
1371	2741	1
1372	1086	1
1372	1897	1
1372	2469	1
1372	1772	1
1372	2808	1
1372	1303	1
1372	1660	1
1372	531	1
1372	460	1
1372	2741	1
1372	2675	1
1372	475	1
1373	2707	1
1373	1359	1
1373	460	1
1374	2761	1
1374	475	1
1375	1116	1
1375	886	1
1375	2285	1
1375	629	1
1375	2996	1
1375	637	1
1375	2327	1
1375	2741	1
1376	1116	1
1377	1116	1
1377	1303	1
1377	1660	1
1378	1116	1
1379	886	1
1379	428	1
1379	601	1
1380	906	1
1380	2215	1
1380	1897	1
1380	270	1
1380	111	1
1380	185	1
1380	271	1
1380	1830	1
1380	2864	1
1380	2952	1
1380	840	1
1380	1660	1
1380	2028	1
1381	2130	1
1381	1116	1
1381	2618	1
1382	67	1
1382	2148	1
1382	1223	1
1382	146	1
1382	2622	1
1382	2077	1
1383	815	1
1383	1086	1
1383	2355	1
1383	782	1
1383	111	1
1383	2469	1
1383	652	1
1383	2864	1
1383	942	1
1383	1450	1
1383	509	1
1383	620	1
1383	2306	1
1383	1219	1
1384	2052	1
1385	1974	1
1385	1116	1
1385	720	1
1385	2608	1
1385	183	1
1385	2864	1
1385	942	1
1385	25	1
1385	1303	1
1385	897	1
1385	2995	1
1385	1660	1
1385	531	1
1385	29	1
1385	2273	1
1385	2741	1
1385	2089	1
1385	748	1
1386	2065	1
1386	906	1
1386	1116	1
1386	720	1
1386	2549	1
1386	486	1
1386	2469	1
1386	652	1
1386	25	1
1386	908	1
1386	840	1
1386	1303	1
1386	897	1
1386	398	1
1386	2628	1
1386	2995	1
1386	18	1
1386	1660	1
1386	20	1
1386	1382	1
1386	2741	1
1386	973	1
1386	2675	1
1386	384	1
1387	2608	1
1387	2953	1
1387	25	1
1387	1770	1
1387	1018	1
1387	59	1
1387	2273	1
1387	2760	1
1387	384	1
1388	2592	1
1388	2402	1
1388	2215	1
1388	211	1
1388	2868	1
1388	1897	1
1388	1803	1
1388	185	1
1388	2469	1
1388	1224	1
1388	2	1
1388	2393	1
1388	1772	1
1388	1456	1
1388	836	1
1388	1026	1
1388	2124	1
1388	942	1
1388	1649	1
1388	1666	1
1388	908	1
1388	1013	1
1388	2714	1
1388	1360	1
1388	1018	1
1388	273	1
1388	897	1
1388	1863	1
1388	2995	1
1388	2058	1
1388	1744	1
1388	1	1
1388	828	1
1388	340	1
1388	2857	1
1388	2424	1
1388	59	1
1388	29	1
1388	1244	1
1388	1933	1
1388	1219	1
1388	1382	1
1388	1907	1
1388	973	1
1388	1143	1
1388	2740	1
1388	2675	1
1388	2302	1
1388	2089	1
1388	2652	1
1388	1437	1
1388	1910	1
1388	357	1
1388	748	1
1389	2332	1
1389	720	1
1389	2215	1
1389	437	1
1389	2608	1
1389	2469	1
1389	2393	1
1389	183	1
1389	2929	1
1389	2864	1
1389	2860	1
1389	942	1
1389	1770	1
1389	1013	1
1389	1886	1
1389	840	1
1389	273	1
1389	2133	1
1389	2628	1
1389	340	1
1389	2460	1
1389	1504	1
1389	2001	1
1389	2424	1
1389	358	1
1389	29	1
1389	20	1
1389	2558	1
1389	638	1
1389	56	1
1389	1336	1
1389	748	1
1389	937	1
1390	1116	1
1390	2608	1
1390	2469	1
1390	183	1
1390	2864	1
1390	942	1
1390	1006	1
1390	1303	1
1390	273	1
1390	2718	1
1390	2628	1
1390	828	1
1390	1396	1
1390	2424	1
1390	59	1
1390	20	1
1390	407	1
1390	2741	1
1390	2652	1
1390	56	1
1390	1336	1
1390	357	1
1390	748	1
1391	1116	1
1391	2741	1
1392	2367	1
1393	2367	1
1393	2675	1
1394	1018	1
1394	59	1
1394	2417	1
1395	1116	1
1396	67	1
1396	1116	1
1396	1773	1
1396	616	1
1396	2741	1
1396	2675	1
1396	268	1
1396	2725	1
1397	1116	1
1397	2622	1
1398	1116	1
1398	2622	1
1398	531	1
1398	2327	1
1398	2495	1
1399	2469	1
1399	1660	1
1399	384	1
1400	1116	1
1400	531	1
1401	1116	1
1401	2618	1
1401	1196	1
1401	2622	1
1401	2327	1
1402	183	1
1402	25	1
1402	1886	1
1402	1660	1
1402	2675	1
1402	2089	1
1403	1396	1
1404	67	1
1404	2384	1
1404	1086	1
1404	1275	1
1404	319	1
1404	2622	1
1404	1814	1
1404	531	1
1404	2784	1
1405	942	1
1405	1303	1
1405	1660	1
1406	1116	1
1406	531	1
1406	460	1
1406	2741	1
1407	2618	1
1407	1366	1
1407	2148	1
1408	1116	1
1408	2741	1
1408	2675	1
1408	384	1
1408	2302	1
1409	1116	1
1409	2929	1
1409	2383	1
1409	1660	1
1409	531	1
1410	1116	1
1410	2740	1
1411	2469	1
1411	1772	1
1411	1660	1
1412	2215	1
1412	1772	1
1412	271	1
1412	1847	1
1412	531	1
1412	2675	1
1413	185	1
1413	2469	1
1413	1772	1
1413	531	1
1413	2675	1
1414	1847	1
1414	531	1
1414	384	1
1414	2302	1
1415	531	1
1415	2741	1
1416	1847	1
1416	2383	1
1416	1608	1
1416	1303	1
1416	531	1
1416	2273	1
1416	384	1
1416	357	1
1417	531	1
1417	2741	1
1418	185	1
1418	1772	1
1418	531	1
1418	2675	1
1418	384	1
1419	1116	1
1419	2215	1
1419	2469	1
1419	1772	1
1419	1649	1
1419	25	1
1419	2952	1
1419	1303	1
1419	897	1
1419	2628	1
1419	531	1
1419	2741	1
1420	2332	1
1420	1846	1
1420	1059	1
1420	565	1
1420	2215	1
1420	2797	1
1420	1096	1
1420	2549	1
1420	657	1
1420	2222	1
1420	17	1
1420	1168	1
1420	840	1
1420	2857	1
1420	18	1
1421	1116	1
1421	2469	1
1421	2383	1
1421	25	1
1421	840	1
1421	897	1
1421	2028	1
1422	1061	1
1422	1116	1
1422	2694	1
1422	1445	1
1422	652	1
1422	2529	1
1422	133	1
1422	2896	1
1422	942	1
1422	1649	1
1422	2621	1
1422	2239	1
1422	2622	1
1422	579	1
1422	2077	1
1422	2741	1
1422	2089	1
1423	1755	1
1423	1359	1
1423	2741	1
1423	2675	1
1424	1755	1
1424	1359	1
1424	2741	1
1424	2675	1
1425	2587	1
1425	267	1
1425	2469	1
1425	1669	1
1425	652	1
1425	1165	1
1425	733	1
1425	1250	1
1425	942	1
1425	825	1
1425	1636	1
1425	1126	1
1425	2593	1
1425	1	1
1425	1929	1
1425	2921	1
1425	1152	1
1425	2273	1
1425	2741	1
1425	2089	1
1425	307	1
1425	943	1
1426	2215	1
1426	1897	1
1426	1669	1
1426	652	1
1426	1772	1
1426	733	1
1426	578	1
1426	1359	1
1426	1649	1
1426	2952	1
1426	1322	1
1426	1608	1
1426	3015	1
1426	1744	1
1426	2593	1
1426	2622	1
1426	1660	1
1426	2921	1
1426	2273	1
1426	1189	1
1426	683	1
1426	2675	1
1426	384	1
1426	943	1
1426	1910	1
1426	1727	1
1427	1755	1
1427	1359	1
1427	942	1
1427	2622	1
1427	2741	1
1428	2652	1
1429	2549	1
1429	2383	1
1429	840	1
1429	838	1
1429	2104	1
1429	1903	1
1429	2675	1
1430	2589	1
1430	2215	1
1430	782	1
1430	2251	1
1430	486	1
1430	2222	1
1430	1740	1
1430	2995	1
1430	18	1
1430	1660	1
1430	1033	1
1430	1597	1
1430	407	1
1431	1116	1
1431	2960	1
1431	1168	1
1431	1018	1
1431	2718	1
1431	1396	1
1431	1660	1
1431	2741	1
1431	2675	1
1432	2628	1
1432	2741	1
1433	1086	1
1433	2822	1
1433	720	1
1433	2589	1
1433	2215	1
1433	210	1
1433	2469	1
1433	2222	1
1433	271	1
1433	1305	1
1433	2628	1
1433	2857	1
1433	1475	1
1433	1010	1
1433	531	1
1433	2213	1
1433	2784	1
1433	2028	1
1433	1219	1
1433	1903	1
1433	407	1
1433	2741	1
1433	1143	1
1433	1910	1
1433	2855	1
1433	357	1
1434	2307	1
1434	2041	1
1434	347	1
1434	281	1
1434	720	1
1434	2589	1
1434	2355	1
1434	2251	1
1434	2469	1
1434	2	1
1434	271	1
1434	1740	1
1434	1649	1
1434	2614	1
1434	1781	1
1434	840	1
1434	2213	1
1434	2784	1
1434	2028	1
1434	1615	1
1434	1903	1
1434	357	1
1435	1652	1
1435	836	1
1435	2829	1
1435	2952	1
1435	57	1
1435	840	1
1435	2622	1
1435	2741	1
1435	2889	1
1435	2855	1
1436	698	1
1436	1644	1
1436	2592	1
1436	2164	1
1436	1116	1
1436	2469	1
1436	2484	1
1436	1830	1
1436	2864	1
1436	2383	1
1436	942	1
1436	261	1
1436	2952	1
1436	1770	1
1436	1184	1
1436	912	1
1436	838	1
1436	125	1
1436	59	1
1436	1244	1
1436	2028	1
1436	1219	1
1436	184	1
1436	2273	1
1436	660	1
1436	391	1
1436	2760	1
1437	431	1
1437	2592	1
1437	2791	1
1437	2448	1
1437	691	1
1437	1751	1
1437	2549	1
1437	111	1
1437	2469	1
1437	1224	1
1437	1445	1
1437	1378	1
1437	652	1
1437	2222	1
1437	1580	1
1437	578	1
1437	2383	1
1437	1495	1
1437	942	1
1437	1649	1
1437	25	1
1437	2952	1
1437	1781	1
1437	840	1
1437	1303	1
1437	1138	1
1437	1203	1
1437	1744	1
1437	2622	1
1437	1814	1
1437	2132	1
1437	2188	1
1437	2016	1
1437	531	1
1437	1614	1
1437	894	1
1437	2495	1
1437	1623	1
1437	2273	1
1437	2760	1
1437	2866	1
1437	407	1
1437	446	1
1437	594	1
1437	2597	1
1437	1727	1
1438	67	1
1438	2618	1
1438	2383	1
1438	2952	1
1438	795	1
1438	2995	1
1438	2622	1
1438	531	1
1439	2251	1
1439	2549	1
1439	8	1
1439	271	1
1439	2829	1
1439	2864	1
1439	1649	1
1439	840	1
1439	2622	1
1439	1814	1
1439	531	1
1439	2741	1
1440	698	1
1440	2995	1
1440	357	1
1441	720	1
1441	2589	1
1441	185	1
1441	1224	1
1441	2474	1
1441	2393	1
1441	271	1
1441	1305	1
1441	840	1
1441	29	1
1441	308	1
1442	897	1
1443	1846	1
1443	2592	1
1443	1716	1
1443	901	1
1443	2467	1
1443	2995	1
1443	2934	1
1443	2290	1
1443	2306	1
1443	1089	1
1443	2104	1
1443	2617	1
1444	2332	1
1444	2365	1
1444	932	1
1444	1934	1
1444	906	1
1444	817	1
1444	2592	1
1444	1086	1
1444	2868	1
1444	1433	1
1444	463	1
1444	782	1
1444	1897	1
1444	2726	1
1444	1224	1
1444	1445	1
1444	2393	1
1444	271	1
1444	1740	1
1444	2383	1
1444	942	1
1444	25	1
1444	2895	1
1444	2952	1
1444	2271	1
1444	1608	1
1444	1305	1
1444	258	1
1444	1168	1
1444	398	1
1444	2467	1
1444	2718	1
1444	1949	1
1444	2995	1
1444	620	1
1444	1912	1
1444	912	1
1444	2386	1
1444	1902	1
1444	181	1
1444	2078	1
1444	1933	1
1444	2028	1
1444	2104	1
1444	783	1
1444	2675	1
1444	2652	1
1444	400	1
1444	1245	1
1444	2305	1
1444	2301	1
1444	357	1
1444	748	1
1445	698	1
1445	2307	1
1445	2176	1
1445	2931	1
1445	932	1
1445	1948	1
1445	476	1
1445	1061	1
1445	1934	1
1445	906	1
1445	240	1
1445	2592	1
1445	1086	1
1445	1554	1
1445	2822	1
1445	2215	1
1445	1433	1
1445	2797	1
1445	463	1
1445	1294	1
1445	1897	1
1445	270	1
1445	2549	1
1445	999	1
1445	111	1
1445	185	1
1445	2469	1
1445	1224	1
1445	519	1
1445	454	1
1445	2474	1
1445	328	1
1445	8	1
1445	2222	1
1445	2119	1
1445	1830	1
1445	1566	1
1445	1740	1
1445	2124	1
1445	2455	1
1445	2383	1
1445	1586	1
1445	25	1
1445	908	1
1445	2952	1
1445	2853	1
1445	1104	1
1445	795	1
1445	1608	1
1445	1305	1
1445	1781	1
1445	1638	1
1445	840	1
1445	398	1
1445	901	1
1445	2467	1
1445	1203	1
1445	2659	1
1445	2622	1
1445	620	1
1445	2857	1
1445	123	1
1445	912	1
1445	1475	1
1445	2386	1
1445	1010	1
1445	738	1
1445	838	1
1445	1033	1
1445	531	1
1445	1364	1
1445	2417	1
1445	2028	1
1445	2104	1
1445	2273	1
1445	783	1
1445	1143	1
1445	2675	1
1445	384	1
1445	2652	1
1445	2617	1
1445	1245	1
1445	1156	1
1445	2301	1
1445	357	1
1446	2176	1
1446	2652	1
1447	698	1
1447	2332	1
1447	932	1
1447	1061	1
1447	1934	1
1447	1644	1
1447	2592	1
1447	1086	1
1447	2822	1
1447	2589	1
1447	1433	1
1447	2797	1
1447	782	1
1447	1294	1
1447	270	1
1447	2549	1
1447	486	1
1447	185	1
1447	2469	1
1447	519	1
1447	2474	1
1447	8	1
1447	2222	1
1447	271	1
1447	2119	1
1447	1830	1
1447	2864	1
1447	1566	1
1447	2821	1
1447	2124	1
1447	1866	1
1447	2455	1
1447	2383	1
1447	942	1
1447	1586	1
1447	1163	1
1447	908	1
1447	1608	1
1447	1305	1
1447	1168	1
1447	1196	1
1447	1638	1
1447	2500	1
1447	840	1
1447	398	1
1447	2467	1
1447	2995	1
1447	1481	1
1447	2622	1
1447	620	1
1447	1912	1
1447	912	1
1447	1475	1
1447	2386	1
1447	1902	1
1447	1010	1
1447	780	1
1447	887	1
1447	838	1
1447	1660	1
1447	2306	1
1447	1364	1
1447	763	1
1447	2078	1
1447	1089	1
1447	2784	1
1447	2104	1
1447	2273	1
1447	1694	1
1447	1615	1
1447	783	1
1447	1903	1
1447	1143	1
1447	2675	1
1447	400	1
1447	1156	1
1447	2301	1
1447	2120	1
1447	2031	1
1447	357	1
1448	698	1
1448	2176	1
1448	1934	1
1448	240	1
1448	1554	1
1448	2589	1
1448	2215	1
1448	210	1
1448	1433	1
1448	463	1
1448	782	1
1448	2251	1
1448	270	1
1448	486	1
1448	111	1
1448	2469	1
1448	454	1
1448	328	1
1448	2393	1
1448	8	1
1448	271	1
1448	2119	1
1448	1830	1
1448	1566	1
1448	1740	1
1448	2821	1
1448	2170	1
1448	908	1
1448	1104	1
1448	258	1
1448	1168	1
1448	840	1
1448	398	1
1448	2995	1
1448	1203	1
1448	2058	1
1448	2934	1
1448	1475	1
1448	738	1
1448	887	1
1448	531	1
1448	1597	1
1448	2720	1
1448	1364	1
1448	2515	1
1448	1219	1
1448	1765	1
1448	308	1
1448	1143	1
1448	2675	1
1448	384	1
1448	2617	1
1448	2305	1
1449	2822	1
1449	2251	1
1449	8	1
1449	2058	1
1449	1219	1
1449	2104	1
1450	2215	1
1450	2469	1
1450	2124	1
1450	2952	1
1450	912	1
1450	838	1
1450	531	1
1450	1219	1
1450	2104	1
1451	906	1
1451	1554	1
1451	2589	1
1451	1433	1
1451	782	1
1451	2251	1
1451	1897	1
1451	270	1
1451	2549	1
1451	2469	1
1451	1224	1
1451	2393	1
1451	271	1
1451	2853	1
1451	1305	1
1451	1168	1
1451	1303	1
1451	398	1
1451	2058	1
1451	2857	1
1451	1814	1
1451	2460	1
1451	1902	1
1451	838	1
1451	1660	1
1451	2078	1
1451	2327	1
1451	2273	1
1451	1903	1
1451	2305	1
1451	357	1
1452	476	1
1452	2995	1
1452	1184	1
1452	357	1
1453	2589	1
1453	782	1
1453	1897	1
1453	2684	1
1453	2469	1
1453	836	1
1453	942	1
1453	840	1
1453	2995	1
1453	340	1
1453	1364	1
1453	2515	1
1453	1903	1
1453	2675	1
1453	2120	1
1454	840	1
1454	2995	1
1454	2675	1
1454	357	1
1455	475	1
1456	698	1
1456	1086	1
1456	1116	1
1456	2589	1
1456	2215	1
1456	2052	1
1456	549	1
1456	2868	1
1456	1897	1
1456	270	1
1456	886	1
1456	185	1
1456	1224	1
1456	2899	1
1456	652	1
1456	1560	1
1456	1916	1
1456	2929	1
1456	836	1
1456	2864	1
1456	2383	1
1456	942	1
1456	1649	1
1456	2614	1
1456	25	1
1456	2497	1
1456	1390	1
1456	2952	1
1456	2163	1
1456	2770	1
1456	795	1
1456	2808	1
1456	1196	1
1456	1638	1
1456	840	1
1456	901	1
1456	2628	1
1456	2995	1
1456	620	1
1456	2668	1
1456	1033	1
1456	125	1
1456	2306	1
1456	59	1
1456	2078	1
1456	1219	1
1456	2558	1
1456	1907	1
1456	1903	1
1456	46	1
1456	475	1
1456	384	1
1456	2302	1
1456	1270	1
1456	1480	1
1456	2801	1
1456	400	1
1456	567	1
1456	252	1
1456	1573	1
1456	1156	1
1456	357	1
1457	67	1
1457	1086	1
1457	1224	1
1457	578	1
1457	2383	1
1457	2622	1
1457	1814	1
1457	18	1
1457	1010	1
1457	531	1
1457	1614	1
1457	2302	1
1457	2652	1
1457	2120	1
1457	357	1
1458	698	1
1458	2307	1
1458	1061	1
1458	815	1
1458	1934	1
1458	906	1
1458	1644	1
1458	720	1
1458	2686	1
1458	3032	1
1458	1897	1
1458	270	1
1458	2549	1
1458	2578	1
1458	486	1
1458	185	1
1458	2469	1
1458	1224	1
1458	1772	1
1458	1830	1
1458	2864	1
1458	2124	1
1458	1163	1
1458	1649	1
1458	1943	1
1458	25	1
1458	1450	1
1458	1348	1
1458	151	1
1458	840	1
1458	1303	1
1458	503	1
1458	620	1
1458	1043	1
1458	1660	1
1458	1424	1
1458	125	1
1458	531	1
1458	1893	1
1458	2773	1
1458	1219	1
1458	1623	1
1458	2760	1
1458	710	1
1458	407	1
1458	964	1
1458	777	1
1458	2652	1
1458	307	1
1458	1910	1
1458	2301	1
1458	2031	1
1459	927	1
1459	1086	1
1459	2215	1
1459	2469	1
1459	2995	1
1459	1660	1
1459	2675	1
1459	357	1
1460	2402	1
1460	1755	1
1460	2995	1
1460	357	1
1461	2065	1
1461	1666	1
1461	912	1
1461	1010	1
1461	531	1
1461	2306	1
1461	2078	1
1461	2784	1
1461	2104	1
1461	1903	1
1461	357	1
1462	1086	1
1462	2589	1
1462	3032	1
1462	2608	1
1462	2469	1
1462	1772	1
1462	1649	1
1462	25	1
1462	1303	1
1462	2084	1
1462	2622	1
1462	912	1
1462	1504	1
1462	1660	1
1462	125	1
1462	1903	1
1462	2675	1
1462	2597	1
1463	815	1
1463	1086	1
1463	691	1
1463	486	1
1463	1495	1
1463	942	1
1463	1666	1
1463	2084	1
1463	1203	1
1463	1504	1
1463	1660	1
1463	531	1
1463	2784	1
1463	894	1
1463	2924	1
1463	1219	1
1463	184	1
1463	2273	1
1463	660	1
1463	785	1
1463	1910	1
1463	357	1
1463	2597	1
1464	815	1
1464	2215	1
1464	1275	1
1464	1443	1
1464	2383	1
1464	216	1
1464	217	1
1464	2952	1
1464	843	1
1464	2628	1
1464	531	1
1464	1244	1
1464	2741	1
1464	475	1
1465	2589	1
1465	258	1
1465	901	1
1465	2995	1
1465	2078	1
1465	2784	1
1465	2675	1
1465	357	1
1466	2761	1
1467	463	1
1467	1359	1
1467	2952	1
1467	398	1
1467	2550	1
1467	2078	1
1467	2617	1
1467	357	1
1468	698	1
1468	2332	1
1468	67	1
1468	2384	1
1468	1846	1
1468	1061	1
1468	240	1
1468	2215	1
1468	1275	1
1468	2251	1
1468	2549	1
1468	486	1
1468	1445	1
1468	2148	1
1468	435	1
1468	1772	1
1468	271	1
1468	1830	1
1468	2867	1
1468	1442	1
1468	1740	1
1468	578	1
1468	6	1
1468	2383	1
1468	942	1
1468	1943	1
1468	25	1
1468	2952	1
1468	1450	1
1468	1322	1
1468	2688	1
1468	1305	1
1468	1203	1
1468	1744	1
1468	2622	1
1468	1814	1
1468	260	1
1468	1660	1
1468	531	1
1468	1614	1
1468	2327	1
1468	2495	1
1468	1219	1
1468	1775	1
1468	2760	1
1468	2866	1
1468	308	1
1468	964	1
1468	2675	1
1468	1527	1
1468	1947	1
1468	2142	1
1468	594	1
1468	1727	1
1469	1061	1
1469	486	1
1469	2864	1
1469	1450	1
1469	1348	1
1469	840	1
1469	2995	1
1469	1424	1
1469	2273	1
1469	1910	1
1469	357	1
1470	698	1
1470	2332	1
1470	2307	1
1470	67	1
1470	1948	1
1470	2384	1
1470	373	1
1470	1061	1
1470	689	1
1470	1934	1
1470	347	1
1470	1889	1
1470	2343	1
1470	1644	1
1470	240	1
1470	1059	1
1470	281	1
1470	985	1
1470	2592	1
1470	2822	1
1470	482	1
1470	2164	1
1470	720	1
1470	1805	1
1470	2589	1
1470	2215	1
1470	2052	1
1470	2828	1
1470	130	1
1470	2355	1
1470	2493	1
1470	195	1
1470	210	1
1470	2868	1
1470	1323	1
1470	2196	1
1470	463	1
1470	782	1
1470	2251	1
1470	626	1
1470	1897	1
1470	1096	1
1470	886	1
1470	1599	1
1470	2549	1
1470	1757	1
1470	2684	1
1470	2707	1
1470	1158	1
1470	2067	1
1470	486	1
1470	1913	1
1470	635	1
1470	185	1
1470	2469	1
1470	2873	1
1470	2970	1
1470	1224	1
1470	2253	1
1470	519	1
1470	664	1
1470	2945	1
1470	2832	1
1470	2	1
1470	1713	1
1470	652	1
1470	2474	1
1470	328	1
1470	2227	1
1470	8	1
1470	362	1
1470	2847	1
1470	428	1
1470	491	1
1470	1443	1
1470	1417	1
1470	271	1
1470	2234	1
1470	1281	1
1470	2887	1
1470	1711	1
1470	2722	1
1470	1941	1
1470	1561	1
1470	836	1
1470	1562	1
1470	470	1
1470	2838	1
1470	2959	1
1470	2821	1
1470	2124	1
1470	76	1
1470	462	1
1470	2975	1
1470	2170	1
1470	2636	1
1470	2529	1
1470	578	1
1470	2383	1
1470	1359	1
1470	316	1
1470	942	1
1470	2556	1
1470	459	1
1470	1379	1
1470	2614	1
1470	1576	1
1470	2366	1
1470	1273	1
1470	1943	1
1470	1915	1
1470	1369	1
1470	25	1
1470	2048	1
1470	616	1
1470	1550	1
1470	2952	1
1470	1450	1
1470	1141	1
1470	2831	1
1470	843	1
1470	2853	1
1470	2206	1
1470	517	1
1470	1845	1
1470	1348	1
1470	1006	1
1470	1306	1
1470	1770	1
1470	1608	1
1470	1967	1
1470	1317	1
1470	1385	1
1470	376	1
1470	433	1
1470	1305	1
1470	2542	1
1470	1168	1
1470	954	1
1470	2287	1
1470	1196	1
1470	2462	1
1470	248	1
1470	48	1
1470	2449	1
1470	503	1
1470	1655	1
1470	1834	1
1470	854	1
1470	897	1
1470	398	1
1470	2628	1
1470	2550	1
1470	2995	1
1470	2996	1
1470	1292	1
1470	2058	1
1470	2239	1
1470	819	1
1470	2659	1
1470	1674	1
1470	991	1
1470	1	1
1470	2683	1
1470	2096	1
1470	2655	1
1470	286	1
1470	325	1
1470	2441	1
1470	1768	1
1470	2857	1
1470	2425	1
1470	1184	1
1470	1814	1
1470	912	1
1470	1475	1
1470	1447	1
1470	947	1
1470	18	1
1470	2320	1
1470	837	1
1470	2563	1
1470	1734	1
1470	293	1
1470	2695	1
1470	1699	1
1470	1639	1
1470	738	1
1470	887	1
1470	181	1
1470	838	1
1470	7	1
1470	2016	1
1470	1660	1
1470	1424	1
1470	2522	1
1470	531	1
1470	2306	1
1470	1344	1
1470	2577	1
1470	696	1
1470	2988	1
1470	501	1
1470	358	1
1470	2720	1
1470	1364	1
1470	1091	1
1470	2921	1
1470	2678	1
1470	915	1
1470	1489	1
1470	1614	1
1470	2078	1
1470	1244	1
1470	20	1
1470	2327	1
1470	2784	1
1470	142	1
1470	2802	1
1470	2074	1
1470	2158	1
1470	2028	1
1470	346	1
1470	2495	1
1470	1219	1
1470	2261	1
1470	1382	1
1470	184	1
1470	1623	1
1470	716	1
1470	2273	1
1470	1694	1
1470	1253	1
1470	821	1
1470	2940	1
1470	1907	1
1470	2760	1
1470	783	1
1470	2866	1
1470	33	1
1470	710	1
1470	1903	1
1470	407	1
1470	1595	1
1470	683	1
1470	964	1
1470	2741	1
1470	777	1
1470	1130	1
1470	1621	1
1470	940	1
1470	272	1
1470	1143	1
1470	46	1
1470	2675	1
1470	1162	1
1470	2613	1
1470	114	1
1470	805	1
1470	1346	1
1470	1888	1
1470	2889	1
1470	2644	1
1470	252	1
1470	2602	1
1470	236	1
1470	1215	1
1470	2120	1
1470	2855	1
1470	269	1
1470	748	1
1471	1086	1
1471	2215	1
1471	2469	1
1471	2383	1
1471	25	1
1471	1010	1
1471	1660	1
1471	1033	1
1471	531	1
1471	2104	1
1471	2273	1
1471	2675	1
1472	67	1
1472	795	1
1472	1781	1
1472	897	1
1472	1138	1
1472	2622	1
1472	1660	1
1472	2327	1
1472	2221	1
1473	2130	1
1473	435	1
1473	2006	1
1473	2622	1
1473	1814	1
1473	1660	1
1473	531	1
1473	2273	1
1473	2221	1
1473	2420	1
1474	67	1
1474	2130	1
1474	1086	1
1474	2469	1
1474	578	1
1474	1196	1
1474	2622	1
1474	1814	1
1474	125	1
1474	2327	1
1475	1315	1
1475	2952	1
1475	531	1
1476	669	1
1476	431	1
1476	1846	1
1476	906	1
1476	2440	1
1476	2215	1
1476	1275	1
1476	2618	1
1476	210	1
1476	782	1
1476	1294	1
1476	2268	1
1476	486	1
1476	1921	1
1476	2469	1
1476	1224	1
1476	1445	1
1476	2357	1
1476	718	1
1476	271	1
1476	2864	1
1476	543	1
1476	1315	1
1476	1778	1
1476	1689	1
1476	942	1
1476	1649	1
1476	616	1
1476	1450	1
1476	2283	1
1476	948	1
1476	1322	1
1476	1199	1
1476	1305	1
1476	2542	1
1476	1303	1
1476	509	1
1476	2239	1
1476	1674	1
1476	2622	1
1476	1184	1
1476	1814	1
1476	2356	1
1476	2320	1
1476	2132	1
1476	1660	1
1476	531	1
1476	329	1
1476	987	1
1476	1614	1
1476	2427	1
1476	2028	1
1476	893	1
1476	2760	1
1476	1695	1
1476	683	1
1476	1947	1
1476	594	1
1476	1910	1
1476	2420	1
1477	1116	1
1477	2618	1
1477	2469	1
1477	2622	1
1477	2132	1
1477	1660	1
1477	531	1
1477	683	1
1478	1433	1
1478	1224	1
1478	1649	1
1478	48	1
1478	1121	1
1478	2622	1
1478	2210	1
1478	2741	1
1478	2728	1
1479	67	1
1479	1846	1
1479	1275	1
1479	2618	1
1479	1814	1
1479	2210	1
1479	1660	1
1479	531	1
1479	475	1
1480	67	1
1480	1585	1
1480	1086	1
1480	1116	1
1480	1376	1
1480	2618	1
1480	1113	1
1480	2477	1
1480	239	1
1480	464	1
1480	51	1
1480	1081	1
1480	795	1
1480	1231	1
1480	479	1
1480	1196	1
1480	1508	1
1480	1722	1
1480	1734	1
1480	1660	1
1480	125	1
1480	531	1
1480	1452	1
1480	1873	1
1480	893	1
1480	2940	1
1480	197	1
1480	2741	1
1480	2221	1
1480	2675	1
1480	624	1
1480	1992	1
1480	2056	1
1480	2420	1
1481	669	1
1481	2332	1
1481	67	1
1481	694	1
1481	2349	1
1481	1846	1
1481	1644	1
1481	240	1
1481	2448	1
1481	2707	1
1481	1224	1
1481	1445	1
1481	2474	1
1481	1772	1
1481	271	1
1481	2864	1
1481	1026	1
1481	2838	1
1481	1315	1
1481	1651	1
1481	1359	1
1481	1649	1
1481	2952	1
1481	795	1
1481	1196	1
1481	48	1
1481	840	1
1481	1303	1
1481	2622	1
1481	1814	1
1481	1249	1
1481	1010	1
1481	1954	1
1481	1266	1
1481	1244	1
1481	2028	1
1481	964	1
1481	1143	1
1481	1573	1
1481	2855	1
1481	357	1
1481	1727	1
1482	240	1
1482	2592	1
1482	1086	1
1482	1116	1
1482	2589	1
1482	2215	1
1482	525	1
1482	1751	1
1482	2557	1
1482	2469	1
1482	1224	1
1482	652	1
1482	2222	1
1482	1772	1
1482	1443	1
1482	1847	1
1482	2864	1
1482	2383	1
1482	1649	1
1482	25	1
1482	217	1
1482	1277	1
1482	879	1
1482	1056	1
1482	1181	1
1482	897	1
1482	168	1
1482	2058	1
1482	1674	1
1482	3029	1
1482	834	1
1482	1184	1
1482	1814	1
1482	2460	1
1482	1010	1
1482	1660	1
1482	1033	1
1482	1597	1
1482	358	1
1482	1244	1
1482	2028	1
1482	2423	1
1482	872	1
1482	964	1
1482	1143	1
1482	2675	1
1482	2652	1
1482	2120	1
1482	608	1
1483	67	1
1483	1116	1
1483	1275	1
1483	2618	1
1483	1751	1
1483	2549	1
1483	862	1
1483	578	1
1483	942	1
1483	1649	1
1483	2614	1
1483	2546	1
1483	1138	1
1483	2622	1
1483	644	1
1483	1814	1
1483	531	1
1483	2327	1
1483	2273	1
1483	2768	1
1483	1727	1
1484	67	1
1484	1846	1
1484	1366	1
1484	2469	1
1484	470	1
1484	578	1
1484	2383	1
1484	2366	1
1484	2546	1
1484	897	1
1484	2628	1
1484	1138	1
1484	1674	1
1484	2622	1
1484	2768	1
1485	1846	1
1485	578	1
1485	2383	1
1485	1674	1
1485	2622	1
1485	260	1
1485	531	1
1485	2768	1
1486	67	1
1486	1846	1
1486	1086	1
1486	2618	1
1486	270	1
1486	1366	1
1486	2469	1
1486	862	1
1486	578	1
1486	2383	1
1486	1322	1
1486	897	1
1486	1138	1
1486	2622	1
1486	260	1
1486	125	1
1486	1614	1
1486	660	1
1487	67	1
1487	1846	1
1487	1086	1
1487	1275	1
1487	782	1
1487	2549	1
1487	862	1
1487	578	1
1487	1649	1
1487	1744	1
1487	2622	1
1487	286	1
1487	1184	1
1487	1660	1
1487	2327	1
1487	2028	1
1487	2273	1
1487	2768	1
1487	384	1
1487	1727	1
1488	1116	1
1488	463	1
1488	1897	1
1488	185	1
1488	2899	1
1488	2832	1
1488	1772	1
1488	271	1
1488	2864	1
1488	2383	1
1488	133	1
1488	942	1
1488	261	1
1488	2952	1
1488	2628	1
1488	2622	1
1488	1396	1
1488	531	1
1488	460	1
1488	29	1
1488	1382	1
1488	46	1
1488	2675	1
1488	1156	1
1489	67	1
1489	1846	1
1489	1086	1
1489	1116	1
1489	2251	1
1489	2549	1
1489	2469	1
1489	2393	1
1489	1315	1
1489	862	1
1489	2719	1
1489	578	1
1489	2383	1
1489	942	1
1489	2952	1
1489	2165	1
1489	1744	1
1489	2622	1
1489	1184	1
1489	260	1
1489	2320	1
1489	1660	1
1489	1244	1
1489	2273	1
1489	2741	1
1490	1116	1
1490	1275	1
1490	2251	1
1490	578	1
1490	2383	1
1490	1649	1
1490	1138	1
1490	2622	1
1490	1814	1
1490	2213	1
1490	1727	1
1491	67	1
1491	2618	1
1491	862	1
1491	578	1
1491	1138	1
1491	2622	1
1491	1660	1
1491	531	1
1491	1614	1
1491	2768	1
1491	2741	1
1492	698	1
1492	240	1
1492	1086	1
1492	2618	1
1492	782	1
1492	270	1
1492	1366	1
1492	185	1
1492	2671	1
1492	2469	1
1492	200	1
1492	1772	1
1492	271	1
1492	2119	1
1492	2383	1
1492	1649	1
1492	1322	1
1492	1305	1
1492	2628	1
1492	1674	1
1492	2622	1
1492	2857	1
1492	18	1
1492	1660	1
1492	2988	1
1492	1244	1
1492	2784	1
1492	2781	1
1492	308	1
1492	357	1
1493	67	1
1493	2384	1
1493	2130	1
1493	1116	1
1493	2549	1
1493	578	1
1493	1322	1
1493	2320	1
1493	1614	1
1493	893	1
1493	1947	1
1493	594	1
1494	2384	1
1494	1772	1
1494	942	1
1494	1305	1
1494	840	1
1494	1660	1
1494	1424	1
1494	531	1
1494	1091	1
1495	1116	1
1495	2469	1
1495	1772	1
1495	1305	1
1495	840	1
1495	2622	1
1495	1660	1
1495	1424	1
1495	531	1
1495	308	1
1495	2741	1
1496	67	1
1496	1116	1
1496	1366	1
1496	2469	1
1496	2383	1
1496	1814	1
1496	531	1
1496	2741	1
1497	67	1
1497	2384	1
1497	578	1
1497	2622	1
1497	531	1
1497	2420	1
1498	2052	1
1498	2694	1
1498	2131	1
1498	1006	1
1498	1018	1
1498	384	1
1499	652	1
1499	942	1
1499	1018	1
1499	1303	1
1499	897	1
1499	2628	1
1499	1744	1
1499	531	1
1499	460	1
1500	652	1
1500	942	1
1500	1018	1
1500	840	1
1500	2628	1
1500	1396	1
1500	1660	1
1500	531	1
1500	2741	1
1501	1086	1
1501	1632	1
1501	2215	1
1501	961	1
1501	1433	1
1501	886	1
1501	2873	1
1501	1443	1
1501	74	1
1501	578	1
1501	313	1
1501	2952	1
1501	51	1
1501	1088	1
1501	1322	1
1501	795	1
1501	629	1
1501	897	1
1501	1970	1
1501	2309	1
1501	18	1
1501	1734	1
1501	1660	1
1501	1033	1
1501	531	1
1501	2273	1
1501	197	1
1501	2741	1
1501	2221	1
1501	1625	1
1501	268	1
1501	601	1
1501	1524	1
1501	624	1
1501	2420	1
1502	2215	1
1502	886	1
1502	2469	1
1502	385	1
1502	2899	1
1502	2148	1
1502	1941	1
1502	2530	1
1502	2168	1
1502	1649	1
1502	62	1
1502	1322	1
1502	152	1
1502	479	1
1502	1136	1
1502	1722	1
1502	531	1
1502	2327	1
1502	893	1
1502	2273	1
1502	2940	1
1502	230	1
1502	1782	1
1502	268	1
1502	601	1
1502	1524	1
1502	624	1
1503	1116	1
1503	2618	1
1503	2327	1
1504	1086	1
1504	1376	1
1504	2618	1
1504	886	1
1504	578	1
1504	2622	1
1504	1660	1
1504	531	1
1504	506	1
1504	2784	1
1504	197	1
1504	2420	1
1505	428	1
1505	942	1
1505	1649	1
1505	2614	1
1505	2741	1
1506	2741	1
1506	384	1
1507	2741	1
1507	384	1
1508	2618	1
1508	319	1
1508	2622	1
1508	531	1
1508	2327	1
1508	2741	1
1508	2675	1
1509	67	1
1509	1116	1
1509	1376	1
1509	782	1
1509	886	1
1509	2469	1
1509	2148	1
1509	428	1
1509	412	1
1509	578	1
1509	2366	1
1509	1943	1
1509	464	1
1509	51	1
1509	1088	1
1509	2731	1
1509	1508	1
1509	1138	1
1509	2309	1
1509	1734	1
1509	1660	1
1509	1033	1
1509	531	1
1509	246	1
1509	1407	1
1509	2940	1
1509	197	1
1509	2221	1
1509	475	1
1509	268	1
1509	601	1
1509	624	1
1509	1727	1
1510	698	1
1510	67	1
1510	1331	1
1510	2969	1
1510	2609	1
1510	2052	1
1510	1376	1
1510	958	1
1510	1712	1
1510	463	1
1510	782	1
1510	270	1
1510	886	1
1510	2549	1
1510	1318	1
1510	1366	1
1510	111	1
1510	1160	1
1510	2469	1
1510	2873	1
1510	2694	1
1510	385	1
1510	328	1
1510	2393	1
1510	1772	1
1510	1443	1
1510	2403	1
1510	2285	1
1510	1830	1
1510	470	1
1510	1187	1
1510	2747	1
1510	1740	1
1510	1113	1
1510	2477	1
1510	2886	1
1510	578	1
1510	2383	1
1510	2248	1
1510	2366	1
1510	1666	1
1510	1943	1
1510	25	1
1510	464	1
1510	51	1
1510	1088	1
1510	1081	1
1510	1322	1
1510	1406	1
1510	795	1
1510	160	1
1510	152	1
1510	1565	1
1510	162	1
1510	2731	1
1510	1305	1
1510	479	1
1510	2439	1
1510	1781	1
1510	629	1
1510	992	1
1510	840	1
1510	1637	1
1510	1752	1
1510	1951	1
1510	897	1
1510	2628	1
1510	1744	1
1510	2622	1
1510	286	1
1510	2400	1
1510	1970	1
1510	2309	1
1510	1309	1
1510	2565	1
1510	1734	1
1510	738	1
1510	304	1
1510	1660	1
1510	1033	1
1510	358	1
1510	506	1
1510	1091	1
1510	66	1
1510	301	1
1510	1357	1
1510	1407	1
1510	354	1
1510	566	1
1510	2028	1
1510	1219	1
1510	2273	1
1510	2781	1
1510	1253	1
1510	1009	1
1510	131	1
1510	197	1
1510	2190	1
1510	49	1
1510	1019	1
1510	2741	1
1510	230	1
1510	2766	1
1510	2675	1
1510	384	1
1510	2913	1
1510	601	1
1510	291	1
1510	1524	1
1510	1307	1
1510	1350	1
1510	2043	1
1510	624	1
1510	471	1
1510	2540	1
1510	1727	1
1511	67	1
1511	2384	1
1511	1116	1
1511	886	1
1511	2040	1
1511	2148	1
1511	1187	1
1511	2747	1
1511	2477	1
1511	3012	1
1511	285	1
1511	51	1
1511	1081	1
1511	160	1
1511	152	1
1511	2731	1
1511	479	1
1511	629	1
1511	1508	1
1511	1809	1
1511	1303	1
1511	2622	1
1511	2400	1
1511	1814	1
1511	415	1
1511	2565	1
1511	1660	1
1511	772	1
1511	531	1
1511	1452	1
1511	1873	1
1511	506	1
1511	2327	1
1511	566	1
1511	197	1
1511	1782	1
1511	2913	1
1511	268	1
1511	2420	1
1512	1116	1
1512	2215	1
1512	2549	1
1512	2383	1
1512	942	1
1512	2952	1
1512	1006	1
1512	1608	1
1512	20	1
1512	2741	1
1512	2675	1
1512	475	1
1512	384	1
1513	2383	1
1513	2952	1
1513	2622	1
1513	531	1
1513	2741	1
1514	1061	1
1514	2215	1
1514	486	1
1514	2383	1
1514	1649	1
1514	2952	1
1514	1608	1
1514	503	1
1514	1279	1
1514	1424	1
1514	384	1
1514	1156	1
1514	1910	1
1515	1116	1
1515	1847	1
1515	2383	1
1515	2675	1
1516	720	1
1516	2215	1
1516	2393	1
1516	2383	1
1516	1649	1
1516	2952	1
1516	795	1
1516	2741	1
1516	2675	1
1516	384	1
1516	2089	1
1516	748	1
1517	1116	1
1517	2215	1
1517	486	1
1517	2383	1
1517	1608	1
1518	1116	1
1518	2215	1
1518	2383	1
1518	531	1
1518	2741	1
1519	2215	1
1519	2469	1
1519	2383	1
1519	1660	1
1520	2929	1
1520	1608	1
1520	531	1
1520	2741	1
1520	384	1
1521	1846	1
1521	240	1
1521	817	1
1521	1086	1
1521	2448	1
1521	1433	1
1521	463	1
1521	782	1
1521	2251	1
1521	2549	1
1521	2469	1
1521	652	1
1521	1740	1
1521	2124	1
1521	2383	1
1521	261	1
1521	25	1
1521	2952	1
1521	1196	1
1521	840	1
1521	1744	1
1521	2239	1
1521	620	1
1521	2460	1
1521	534	1
1521	1660	1
1521	531	1
1521	763	1
1521	1244	1
1521	2028	1
1521	2104	1
1521	1143	1
1521	2675	1
1522	2380	1
1522	1934	1
1522	2215	1
1522	312	1
1522	1897	1
1522	2549	1
1522	185	1
1522	2469	1
1522	652	1
1522	1772	1
1522	1315	1
1522	2124	1
1522	2383	1
1522	1163	1
1522	2952	1
1522	1670	1
1522	48	1
1522	1628	1
1522	2995	1
1522	2974	1
1522	3029	1
1522	620	1
1522	1994	1
1522	2016	1
1522	531	1
1522	2078	1
1522	2028	1
1522	1134	1
1522	683	1
1522	2675	1
1522	357	1
1523	1061	1
1523	1554	1
1523	720	1
1523	2215	1
1523	2251	1
1523	1897	1
1523	2549	1
1523	2578	1
1523	111	1
1523	185	1
1523	2671	1
1523	2469	1
1523	8	1
1523	271	1
1523	1711	1
1523	2383	1
1523	942	1
1523	1649	1
1523	1770	1
1523	1305	1
1523	1168	1
1523	151	1
1523	1660	1
1523	1424	1
1523	2921	1
1523	2784	1
1523	2104	1
1523	2273	1
1523	1615	1
1523	308	1
1523	1143	1
1523	1910	1
1524	1846	1
1524	1061	1
1524	1934	1
1524	906	1
1524	1644	1
1524	1086	1
1524	2164	1
1524	720	1
1524	299	1
1524	888	1
1524	270	1
1524	2549	1
1524	486	1
1524	2469	1
1524	1224	1
1524	1445	1
1524	1713	1
1524	271	1
1524	1830	1
1524	2005	1
1524	1348	1
1524	1460	1
1524	151	1
1524	2995	1
1524	1938	1
1524	1203	1
1524	1994	1
1524	738	1
1524	838	1
1524	1660	1
1524	531	1
1524	2078	1
1524	2030	1
1524	2158	1
1524	2104	1
1524	660	1
1524	1910	1
1524	269	1
1524	1908	1
1525	2215	1
1525	2698	1
1525	626	1
1525	2549	1
1525	2832	1
1525	2838	1
1525	735	1
1525	942	1
1525	1163	1
1525	1915	1
1525	1537	1
1525	2952	1
1525	1636	1
1525	2808	1
1525	1628	1
1525	286	1
1525	1849	1
1525	2675	1
1526	698	1
1526	2332	1
1526	1061	1
1526	1934	1
1526	347	1
1526	906	1
1526	2592	1
1526	796	1
1526	1897	1
1526	691	1
1526	2549	1
1526	2684	1
1526	486	1
1526	111	1
1526	818	1
1526	2671	1
1526	2469	1
1526	519	1
1526	1713	1
1526	2474	1
1526	1837	1
1526	1772	1
1526	176	1
1526	2119	1
1526	2864	1
1526	2124	1
1526	1163	1
1526	1649	1
1526	2952	1
1526	63	1
1526	795	1
1526	1460	1
1526	1854	1
1526	840	1
1526	2628	1
1526	1938	1
1526	1203	1
1526	2622	1
1526	1054	1
1526	1023	1
1526	314	1
1526	340	1
1526	2460	1
1526	18	1
1526	1010	1
1526	1504	1
1526	2695	1
1526	1639	1
1526	738	1
1526	1660	1
1526	1033	1
1526	1266	1
1526	2430	1
1526	663	1
1526	2720	1
1526	2078	1
1526	2515	1
1526	2784	1
1526	2924	1
1526	2158	1
1526	2028	1
1526	346	1
1526	1219	1
1526	184	1
1526	1134	1
1526	1615	1
1526	2760	1
1526	1695	1
1526	407	1
1526	964	1
1526	1621	1
1526	1849	1
1526	2675	1
1527	310	1
1527	369	1
1527	1705	1
1527	2380	1
1527	1438	1
1527	2707	1
1527	1921	1
1527	2935	1
1527	76	1
1527	257	1
1527	578	1
1527	6	1
1527	2383	1
1527	1322	1
1527	2397	1
1527	422	1
1527	1674	1
1527	2076	1
1527	653	1
1527	446	1
1527	165	1
1527	683	1
1527	439	1
1528	2628	1
1528	2995	1
1529	519	1
1529	1772	1
1529	836	1
1529	942	1
1529	407	1
1530	2215	1
1530	2469	1
1530	1224	1
1530	519	1
1530	652	1
1530	1649	1
1530	840	1
1530	2628	1
1530	1660	1
1530	2028	1
1530	2652	1
1531	1644	1
1531	1086	1
1531	211	1
1531	2046	1
1531	185	1
1531	652	1
1531	1772	1
1531	2929	1
1531	942	1
1531	1943	1
1531	1730	1
1531	1608	1
1531	398	1
1531	901	1
1531	2995	1
1531	1744	1
1531	620	1
1531	340	1
1531	1660	1
1531	20	1
1531	1219	1
1531	1382	1
1531	2273	1
1531	2675	1
1532	2355	1
1532	2549	1
1532	185	1
1532	1224	1
1532	2393	1
1532	1772	1
1532	271	1
1532	1830	1
1532	2864	1
1532	2124	1
1532	1305	1
1532	1168	1
1532	151	1
1532	1203	1
1532	644	1
1532	2857	1
1532	1184	1
1532	2695	1
1532	738	1
1532	2078	1
1532	2028	1
1532	2273	1
1532	357	1
1533	698	1
1533	1061	1
1533	1644	1
1533	1086	1
1533	720	1
1533	2215	1
1533	270	1
1533	2549	1
1533	2578	1
1533	2067	1
1533	486	1
1533	111	1
1533	185	1
1533	2469	1
1533	1224	1
1533	2222	1
1533	271	1
1533	836	1
1533	942	1
1533	25	1
1533	1770	1
1533	1608	1
1533	151	1
1533	1303	1
1533	1203	1
1533	828	1
1533	1994	1
1533	2857	1
1533	18	1
1533	1660	1
1533	2078	1
1533	2028	1
1533	2104	1
1533	1143	1
1533	2675	1
1533	2302	1
1533	1910	1
1533	357	1
1534	1061	1
1534	931	1
1534	720	1
1534	2549	1
1534	2067	1
1534	111	1
1534	185	1
1534	1224	1
1534	2393	1
1534	1837	1
1534	271	1
1534	1830	1
1534	942	1
1534	25	1
1534	1305	1
1534	1203	1
1534	644	1
1534	1184	1
1534	1219	1
1534	1903	1
1534	2675	1
1534	2302	1
1534	1910	1
1535	698	1
1535	1061	1
1535	1644	1
1535	720	1
1535	270	1
1535	2549	1
1535	486	1
1535	2469	1
1535	1224	1
1535	652	1
1535	2474	1
1535	8	1
1535	1772	1
1535	1830	1
1535	836	1
1535	2864	1
1535	2821	1
1535	2124	1
1535	942	1
1535	25	1
1535	1990	1
1535	1770	1
1535	1305	1
1535	151	1
1535	1994	1
1535	2857	1
1535	1660	1
1535	531	1
1535	2104	1
1535	1903	1
1535	1143	1
1535	1910	1
1536	817	1
1536	2592	1
1536	652	1
1536	901	1
1536	2718	1
1536	168	1
1536	2995	1
1536	828	1
1536	1994	1
1536	340	1
1536	2078	1
1536	2104	1
1536	2675	1
1536	384	1
1536	2652	1
1537	2215	1
1537	2707	1
1537	556	1
1537	2137	1
1537	1649	1
1537	531	1
1538	2469	1
1538	519	1
1538	2135	1
1538	728	1
1538	1649	1
1538	2952	1
1538	1781	1
1538	2995	1
1538	1660	1
1538	2273	1
1538	407	1
1538	2675	1
1539	1946	1
1539	2674	1
1539	331	1
1539	76	1
1539	2394	1
1539	1887	1
1539	1194	1
1539	2933	1
1539	540	1
1539	2076	1
1539	2507	1
1539	860	1
1539	446	1
1539	165	1
1539	2299	1
1539	1527	1
1539	2406	1
1539	594	1
1540	669	1
1540	369	1
1540	2129	1
1540	431	1
1540	2349	1
1540	849	1
1540	2130	1
1540	2381	1
1540	906	1
1540	2024	1
1540	2215	1
1540	2549	1
1540	2469	1
1540	1224	1
1540	435	1
1540	2006	1
1540	2935	1
1540	2948	1
1540	836	1
1540	2013	1
1540	361	1
1540	442	1
1540	337	1
1540	981	1
1540	2200	1
1540	352	1
1540	578	1
1540	1612	1
1540	852	1
1540	2560	1
1540	2383	1
1540	1216	1
1540	2463	1
1540	22	1
1540	25	1
1540	2048	1
1540	1928	1
1540	2952	1
1540	178	1
1540	1731	1
1540	1232	1
1540	90	1
1540	57	1
1540	2749	1
1540	1322	1
1540	2739	1
1540	1770	1
1540	1493	1
1540	2397	1
1540	2564	1
1540	1604	1
1540	840	1
1540	1303	1
1540	2107	1
1540	509	1
1540	2229	1
1540	1613	1
1540	644	1
1540	2076	1
1540	1051	1
1540	993	1
1540	1154	1
1540	1184	1
1540	101	1
1540	2662	1
1540	86	1
1540	2320	1
1540	713	1
1540	44	1
1540	1660	1
1540	309	1
1540	125	1
1540	2988	1
1540	2324	1
1540	987	1
1540	1614	1
1540	66	1
1540	2028	1
1540	893	1
1540	2423	1
1540	707	1
1540	33	1
1540	11	1
1540	446	1
1540	2077	1
1540	2473	1
1540	2120	1
1541	2215	1
1541	2469	1
1541	3027	1
1541	2393	1
1541	2864	1
1541	1315	1
1541	2124	1
1541	942	1
1541	2952	1
1541	531	1
1541	1219	1
1541	2273	1
1542	2589	1
1542	2469	1
1542	1649	1
1542	2952	1
1542	840	1
1542	2028	1
1542	357	1
1543	815	1
1543	906	1
1543	2592	1
1543	1116	1
1543	720	1
1543	463	1
1543	782	1
1543	111	1
1543	185	1
1543	1713	1
1543	1772	1
1543	2383	1
1543	25	1
1543	889	1
1543	2250	1
1543	795	1
1543	1196	1
1543	2016	1
1543	1424	1
1543	531	1
1543	2781	1
1543	660	1
1543	308	1
1543	407	1
1543	2741	1
1543	2089	1
1543	2301	1
1543	748	1
1544	1443	1
1544	1778	1
1544	942	1
1544	2952	1
1544	48	1
1544	1727	1
1545	1846	1
1545	1275	1
1545	2148	1
1545	1223	1
1545	1443	1
1545	1315	1
1545	1778	1
1545	1614	1
1545	2273	1
1545	2219	1
1545	1727	1
1546	815	1
1546	1086	1
1546	2215	1
1546	1897	1
1546	270	1
1546	833	1
1546	2549	1
1546	2684	1
1546	2671	1
1546	2469	1
1546	2	1
1546	2393	1
1546	2838	1
1546	2383	1
1546	2952	1
1546	1305	1
1546	992	1
1546	1062	1
1546	840	1
1546	2628	1
1546	1	1
1546	1054	1
1546	18	1
1546	2188	1
1546	1660	1
1546	531	1
1546	2028	1
1546	2273	1
1546	1903	1
1546	308	1
1546	407	1
1546	1143	1
1546	1910	1
1547	1290	1
1547	1779	1
1547	305	1
1547	2371	1
1547	25	1
1547	2286	1
1547	2542	1
1547	2110	1
1547	809	1
1547	2382	1
1547	329	1
1547	518	1
1547	2760	1
1547	588	1
1547	2644	1
1548	2864	1
1548	2675	1
1549	698	1
1549	1644	1
1549	2215	1
1549	2549	1
1549	942	1
1549	719	1
1549	838	1
1549	2016	1
1549	357	1
1550	1934	1
1550	2124	1
1550	2163	1
1550	1994	1
1550	838	1
1550	1134	1
1551	698	1
1551	2864	1
1551	942	1
1551	2016	1
1551	1660	1
1552	2447	1
1552	1759	1
1552	2215	1
1552	2549	1
1552	2864	1
1552	2124	1
1552	2455	1
1552	2383	1
1552	942	1
1552	838	1
1552	1660	1
1552	2028	1
1552	2675	1
1553	463	1
1553	2832	1
1553	838	1
1553	2675	1
1553	2301	1
1554	669	1
1554	1644	1
1554	463	1
1554	2549	1
1554	2864	1
1554	2124	1
1554	1649	1
1554	25	1
1554	2952	1
1554	48	1
1554	620	1
1554	2078	1
1554	1219	1
1555	669	1
1555	2381	1
1555	1086	1
1555	2469	1
1555	2383	1
1555	25	1
1555	2952	1
1555	919	1
1555	48	1
1555	2273	1
1555	2675	1
1556	1934	1
1556	1086	1
1556	2215	1
1556	463	1
1556	2251	1
1556	2469	1
1556	1224	1
1556	1740	1
1556	2383	1
1556	942	1
1556	2952	1
1556	2376	1
1556	1196	1
1556	919	1
1556	48	1
1556	840	1
1556	2995	1
1556	1184	1
1556	125	1
1556	531	1
1556	2078	1
1556	2675	1
1556	2617	1
1557	2215	1
1557	2469	1
1557	2124	1
1557	151	1
1557	840	1
1557	18	1
1557	2104	1
1557	783	1
1557	407	1
1557	2741	1
1558	340	1
1558	475	1
1558	2617	1
1559	476	1
1559	2130	1
1559	1086	1
1559	1116	1
1559	2618	1
1559	886	1
1559	1366	1
1559	385	1
1559	319	1
1559	1113	1
1559	2383	1
1559	1649	1
1559	1108	1
1559	25	1
1559	2952	1
1559	1322	1
1559	795	1
1559	1157	1
1559	2546	1
1559	48	1
1559	1744	1
1559	2622	1
1559	1054	1
1559	637	1
1559	1814	1
1559	125	1
1559	30	1
1559	1614	1
1559	2327	1
1559	1931	1
1559	2768	1
1559	2913	1
1560	669	1
1560	507	1
1560	1846	1
1560	2969	1
1560	2592	1
1560	1086	1
1560	1554	1
1560	720	1
1560	2589	1
1560	2215	1
1560	2618	1
1560	463	1
1560	782	1
1560	2251	1
1560	1897	1
1560	2549	1
1560	1366	1
1560	486	1
1560	185	1
1560	2671	1
1560	1988	1
1560	556	1
1560	2148	1
1560	1772	1
1560	1443	1
1560	271	1
1560	2867	1
1560	2864	1
1560	1315	1
1560	2124	1
1560	1286	1
1560	578	1
1560	942	1
1560	2614	1
1560	1917	1
1560	2952	1
1560	302	1
1560	843	1
1560	1770	1
1560	795	1
1560	1508	1
1560	630	1
1560	1303	1
1560	2322	1
1560	503	1
1560	1203	1
1560	2622	1
1560	620	1
1560	1994	1
1560	1814	1
1560	912	1
1560	2460	1
1560	2320	1
1560	1010	1
1560	1279	1
1560	838	1
1560	1660	1
1560	531	1
1560	1597	1
1560	358	1
1560	2720	1
1560	2028	1
1560	1219	1
1560	2104	1
1560	2273	1
1560	1134	1
1560	2760	1
1560	1695	1
1560	230	1
1560	268	1
1560	2420	1
1561	1116	1
1561	2469	1
1561	1224	1
1561	942	1
1561	2622	1
1561	1184	1
1561	1814	1
1561	531	1
1561	2327	1
1561	2768	1
1561	2675	1
1562	2952	1
1562	1033	1
1562	531	1
1562	601	1
1563	63	1
1563	644	1
1563	2273	1
1563	104	1
1563	937	1
1564	1116	1
1564	2090	1
1564	2741	1
1564	2675	1
1564	2089	1
1565	942	1
1565	1303	1
1565	1660	1
1565	2675	1
1566	698	1
1566	1203	1
1566	531	1
1566	1219	1
1567	1116	1
1568	1846	1
1568	1086	1
1568	1116	1
1568	463	1
1568	2251	1
1568	1294	1
1568	1567	1
1568	486	1
1568	271	1
1568	2943	1
1568	1286	1
1568	2952	1
1568	1781	1
1568	840	1
1568	1994	1
1568	1660	1
1568	1033	1
1568	531	1
1568	2327	1
1568	2784	1
1568	1219	1
1568	2273	1
1568	2768	1
1568	2675	1
1568	2617	1
1568	2645	1
1569	2822	1
1569	1116	1
1569	210	1
1569	782	1
1569	2469	1
1569	840	1
1569	2367	1
1569	2188	1
1569	531	1
1569	1489	1
1569	2645	1
1569	357	1
1570	1897	1
1570	2124	1
1570	840	1
1570	1203	1
1570	1424	1
1570	531	1
1570	2028	1
1570	2675	1
1570	2855	1
1571	2065	1
1571	669	1
1571	2527	1
1571	906	1
1571	2447	1
1571	817	1
1571	2592	1
1571	1086	1
1571	549	1
1571	1433	1
1571	463	1
1571	782	1
1571	2251	1
1571	1897	1
1571	270	1
1571	523	1
1571	1366	1
1571	486	1
1571	185	1
1571	2671	1
1571	556	1
1571	2832	1
1571	1445	1
1571	1713	1
1571	652	1
1571	1772	1
1571	271	1
1571	1830	1
1571	2530	1
1571	2838	1
1571	9	1
1571	1740	1
1571	2943	1
1571	2383	1
1571	261	1
1571	25	1
1571	2286	1
1571	2952	1
1571	948	1
1571	2853	1
1571	63	1
1571	1770	1
1571	1104	1
1571	1199	1
1571	433	1
1571	258	1
1571	1168	1
1571	1781	1
1571	48	1
1571	168	1
1571	2995	1
1571	1203	1
1571	2622	1
1571	1054	1
1571	2583	1
1571	2875	1
1571	620	1
1571	1994	1
1571	123	1
1571	1814	1
1571	2386	1
1571	1010	1
1571	738	1
1571	838	1
1571	2016	1
1571	531	1
1571	2306	1
1571	696	1
1571	2213	1
1571	2327	1
1571	2924	1
1571	2028	1
1571	1219	1
1571	2104	1
1571	1937	1
1571	1134	1
1571	600	1
1571	783	1
1571	1903	1
1571	2675	1
1571	384	1
1571	805	1
1571	104	1
1571	56	1
1571	2301	1
1572	1556	1
1572	1934	1
1572	2592	1
1572	2215	1
1572	1022	1
1572	2549	1
1572	2469	1
1572	556	1
1572	2383	1
1572	942	1
1572	63	1
1572	433	1
1572	1303	1
1572	912	1
1572	838	1
1572	1660	1
1572	1266	1
1572	2028	1
1572	1219	1
1572	2273	1
1572	1245	1
1573	2332	1
1573	2307	1
1573	815	1
1573	2343	1
1573	1554	1
1573	1116	1
1573	720	1
1573	2215	1
1573	2355	1
1573	299	1
1573	463	1
1573	185	1
1573	1224	1
1573	1713	1
1573	2222	1
1573	1772	1
1573	2864	1
1573	2838	1
1573	1566	1
1573	2952	1
1573	795	1
1573	1305	1
1573	1196	1
1573	840	1
1573	1329	1
1573	2058	1
1573	2622	1
1573	1054	1
1573	620	1
1573	1994	1
1573	2857	1
1573	1184	1
1573	2386	1
1573	1291	1
1573	2016	1
1573	1660	1
1573	1424	1
1573	2306	1
1573	2784	1
1573	914	1
1573	2028	1
1573	2104	1
1573	2273	1
1573	2423	1
1573	1134	1
1573	1903	1
1573	2741	1
1573	1621	1
1573	2675	1
1573	384	1
1574	2952	1
1574	531	1
1574	2675	1
1575	463	1
1575	2549	1
1575	2469	1
1575	2864	1
1575	840	1
1575	531	1
1575	1219	1
1575	2104	1
1575	2273	1
1576	240	1
1576	281	1
1576	2215	1
1576	2251	1
1576	200	1
1576	2015	1
1576	949	1
1576	2719	1
1576	2952	1
1576	2250	1
1576	1655	1
1576	2885	1
1576	681	1
1576	2857	1
1576	2573	1
1576	887	1
1576	1364	1
1576	1455	1
1576	1625	1
1577	698	1
1577	1644	1
1577	620	1
1577	1902	1
1577	531	1
1577	1219	1
1578	1934	1
1578	1644	1
1578	2592	1
1578	2215	1
1578	2549	1
1578	2469	1
1578	2832	1
1578	2864	1
1578	1315	1
1578	1666	1
1578	2952	1
1578	1770	1
1578	48	1
1578	1628	1
1578	620	1
1578	912	1
1578	2460	1
1578	1902	1
1578	838	1
1578	125	1
1578	1597	1
1578	2028	1
1578	1219	1
1578	2675	1
1579	476	1
1579	1061	1
1579	347	1
1579	1644	1
1579	1086	1
1579	2589	1
1579	2827	1
1579	749	1
1579	270	1
1579	2549	1
1579	1366	1
1579	185	1
1579	2	1
1579	2393	1
1579	718	1
1579	1772	1
1579	2953	1
1579	2864	1
1579	1740	1
1579	462	1
1579	2383	1
1579	942	1
1579	40	1
1579	1649	1
1579	2501	1
1579	25	1
1579	342	1
1579	825	1
1579	879	1
1579	795	1
1579	840	1
1579	1303	1
1579	1744	1
1579	1814	1
1579	2320	1
1579	738	1
1579	1660	1
1579	531	1
1579	30	1
1579	1244	1
1579	2784	1
1579	2252	1
1579	716	1
1579	2781	1
1579	1903	1
1579	308	1
1579	407	1
1579	2741	1
1579	230	1
1579	2675	1
1579	2305	1
1579	1910	1
1579	2420	1
1580	1744	1
1580	838	1
1580	1660	1
1580	125	1
1580	531	1
1580	2306	1
1580	2028	1
1580	1219	1
1580	2675	1
1581	1934	1
1581	1554	1
1581	2589	1
1581	2549	1
1581	2124	1
1581	2952	1
1581	2718	1
1581	2995	1
1581	2058	1
1581	2875	1
1581	620	1
1581	18	1
1581	125	1
1581	531	1
1581	358	1
1581	1219	1
1581	2675	1
1581	2617	1
1581	357	1
1582	698	1
1582	906	1
1582	240	1
1582	2592	1
1582	2822	1
1582	463	1
1582	556	1
1582	1242	1
1582	2393	1
1582	2864	1
1582	2124	1
1582	2943	1
1582	2952	1
1582	514	1
1582	1938	1
1582	2875	1
1582	1994	1
1582	912	1
1582	1902	1
1582	887	1
1582	838	1
1582	531	1
1582	763	1
1582	2078	1
1582	1089	1
1582	1219	1
1582	2104	1
1582	1143	1
1582	2675	1
1583	815	1
1583	463	1
1583	2864	1
1583	942	1
1583	1303	1
1583	1938	1
1583	620	1
1583	1994	1
1583	472	1
1583	531	1
1583	2306	1
1583	2078	1
1583	2104	1
1584	2822	1
1584	210	1
1584	2251	1
1584	1567	1
1584	2474	1
1584	2137	1
1584	2838	1
1584	2943	1
1584	1649	1
1584	2058	1
1584	472	1
1584	7	1
1584	2270	1
1584	2784	1
1584	2106	1
1584	973	1
1584	1910	1
1585	698	1
1585	2332	1
1585	240	1
1585	2589	1
1585	210	1
1585	463	1
1585	2469	1
1585	2218	1
1585	1242	1
1585	2393	1
1585	2124	1
1585	2875	1
1585	2857	1
1585	2338	1
1585	1219	1
1585	2104	1
1585	1903	1
1585	2617	1
1586	698	1
1586	815	1
1586	240	1
1586	2822	1
1586	463	1
1586	782	1
1586	2251	1
1586	1294	1
1586	2474	1
1586	2393	1
1586	2943	1
1586	1168	1
1586	1303	1
1586	2058	1
1586	620	1
1586	887	1
1586	838	1
1586	2016	1
1586	531	1
1586	2106	1
1586	600	1
1586	1903	1
1586	2675	1
1587	1086	1
1587	463	1
1587	2251	1
1587	1294	1
1587	2549	1
1587	1649	1
1587	974	1
1587	795	1
1587	1184	1
1587	2367	1
1587	2132	1
1587	1424	1
1587	531	1
1587	2741	1
1587	2675	1
1587	357	1
1588	1554	1
1588	1151	1
1588	1294	1
1588	2124	1
1588	942	1
1588	2995	1
1588	340	1
1588	29	1
1588	973	1
1588	2675	1
1588	384	1
1588	1162	1
1588	2652	1
1588	2617	1
1588	748	1
1589	2952	1
1589	531	1
1589	1375	1
1589	2741	1
1589	475	1
1590	2589	1
1590	2251	1
1590	2829	1
1590	2058	1
1590	2857	1
1590	2741	1
1590	2617	1
1591	1554	1
1591	2822	1
1591	1341	1
1591	2589	1
1591	299	1
1591	210	1
1591	1433	1
1591	2251	1
1591	2474	1
1591	271	1
1591	949	1
1591	57	1
1591	2171	1
1591	1655	1
1591	2628	1
1591	1	1
1591	2683	1
1591	2875	1
1591	1424	1
1591	531	1
1591	1198	1
1591	2784	1
1591	2106	1
1591	2645	1
1591	1910	1
1592	48	1
1592	1660	1
1592	2617	1
1592	2301	1
1593	698	1
1593	2931	1
1593	67	1
1593	815	1
1593	1934	1
1593	347	1
1593	906	1
1593	2592	1
1593	1116	1
1593	720	1
1593	463	1
1593	1022	1
1593	2549	1
1593	1366	1
1593	111	1
1593	185	1
1593	2469	1
1593	2832	1
1593	868	1
1593	1378	1
1593	1772	1
1593	1580	1
1593	2864	1
1593	578	1
1593	6	1
1593	942	1
1593	1917	1
1593	25	1
1593	2952	1
1593	1450	1
1593	2163	1
1593	795	1
1593	1196	1
1593	919	1
1593	48	1
1593	840	1
1593	1303	1
1593	509	1
1593	2622	1
1593	1054	1
1593	2194	1
1593	1525	1
1593	2460	1
1593	2320	1
1593	339	1
1593	838	1
1593	2016	1
1593	1660	1
1593	125	1
1593	531	1
1593	2078	1
1593	1811	1
1593	1244	1
1593	2273	1
1593	1931	1
1593	1134	1
1593	600	1
1593	2760	1
1593	2612	1
1593	1903	1
1593	2675	1
1593	384	1
1593	2089	1
1593	296	1
1594	2694	1
1594	897	1
1594	531	1
1595	720	1
1595	2671	1
1595	2383	1
1595	840	1
1595	1660	1
1595	531	1
1595	1143	1
1595	357	1
1596	1778	1
1596	1614	1
1597	909	1
1597	1778	1
1597	1770	1
1597	1744	1
1597	1258	1
1598	1538	1
1598	2448	1
1598	728	1
1598	1443	1
1598	1778	1
1598	1286	1
1598	2232	1
1598	762	1
1598	1586	1
1598	1369	1
1598	514	1
1598	2356	1
1598	1244	1
1598	2866	1
1598	2977	1
1598	2120	1
1599	2148	1
1599	1778	1
1599	48	1
1600	1778	1
1600	893	1
1600	2077	1
1600	1727	1
1601	1086	1
1601	768	1
1601	2618	1
1601	2469	1
1601	2530	1
1601	1315	1
1601	578	1
1601	942	1
1601	1322	1
1601	1744	1
1601	2327	1
1601	2760	1
1601	683	1
1601	1727	1
1602	2215	1
1602	1376	1
1602	886	1
1602	2549	1
1602	2873	1
1602	519	1
1602	3012	1
1602	2168	1
1602	840	1
1602	1184	1
1602	415	1
1602	1660	1
1602	506	1
1602	2740	1
1602	268	1
1602	2889	1
1602	601	1
1603	1538	1
1603	2298	1
1603	909	1
1603	1275	1
1603	463	1
1603	2899	1
1603	2148	1
1603	1443	1
1603	1315	1
1603	1778	1
1603	1286	1
1603	942	1
1603	1601	1
1603	514	1
1603	503	1
1603	1744	1
1603	2622	1
1603	1660	1
1603	531	1
1603	1244	1
1603	2273	1
1603	2077	1
1603	2977	1
1603	2120	1
1603	1106	1
1603	1727	1
1604	1443	1
1604	1778	1
1605	2215	1
1605	1660	1
1605	2675	1
1606	698	1
1606	942	1
1606	1730	1
1606	1770	1
1606	1303	1
1606	2016	1
1606	1660	1
1606	1219	1
1606	2675	1
1607	2215	1
1607	652	1
1607	133	1
1607	1660	1
1608	2832	1
1609	463	1
1609	2469	1
1609	1286	1
1609	942	1
1609	2206	1
1609	48	1
1609	2622	1
1609	1814	1
1609	1660	1
1609	531	1
1609	1244	1
1609	2741	1
1609	2675	1
1610	1934	1
1610	1644	1
1610	1554	1
1610	1151	1
1610	768	1
1610	211	1
1610	549	1
1610	463	1
1610	2251	1
1610	888	1
1610	2549	1
1610	2707	1
1610	2469	1
1610	2899	1
1610	652	1
1610	2131	1
1610	2864	1
1610	323	1
1610	1566	1
1610	1315	1
1610	2124	1
1610	1286	1
1610	133	1
1610	942	1
1610	1917	1
1610	1730	1
1610	825	1
1610	2134	1
1610	1608	1
1610	2546	1
1610	48	1
1610	105	1
1610	2058	1
1610	2622	1
1610	2875	1
1610	1994	1
1610	1814	1
1610	2367	1
1610	838	1
1610	1033	1
1610	125	1
1610	531	1
1610	1489	1
1610	2078	1
1610	2327	1
1610	2270	1
1610	2028	1
1610	1382	1
1610	2104	1
1610	2273	1
1610	1381	1
1610	2675	1
1610	475	1
1610	384	1
1610	400	1
1610	1947	1
1610	2617	1
1610	141	1
1610	357	1
1611	2215	1
1611	549	1
1611	2251	1
1611	531	1
1611	2675	1
1612	67	1
1612	2215	1
1612	549	1
1612	2868	1
1612	2046	1
1612	270	1
1612	2549	1
1612	435	1
1612	578	1
1612	1649	1
1612	1608	1
1612	840	1
1612	2628	1
1612	1814	1
1612	2210	1
1612	2188	1
1612	531	1
1612	676	1
1612	2327	1
1612	384	1
1612	357	1
1613	476	1
1613	2381	1
1613	549	1
1613	2943	1
1613	2952	1
1613	840	1
1613	2058	1
1613	531	1
1613	2327	1
1613	2741	1
1613	475	1
1614	2215	1
1614	2952	1
1614	531	1
1614	2675	1
1615	897	1
1615	2327	1
1616	1934	1
1616	1830	1
1616	2864	1
1616	1018	1
1616	490	1
1616	2460	1
1616	1902	1
1616	748	1
1617	689	1
1617	652	1
1617	942	1
1617	25	1
1617	2952	1
1617	125	1
1617	2675	1
1617	2882	1
1618	1846	1
1618	689	1
1618	2953	1
1618	578	1
1619	373	1
1619	2893	1
1619	689	1
1619	158	1
1619	704	1
1619	2846	1
1619	270	1
1619	1906	1
1619	1366	1
1619	1606	1
1619	2694	1
1619	519	1
1619	1560	1
1619	728	1
1619	2548	1
1619	1221	1
1619	2520	1
1619	1080	1
1619	25	1
1619	616	1
1619	706	1
1619	1706	1
1619	169	1
1619	1610	1
1619	2358	1
1619	617	1
1619	28	1
1619	1770	1
1619	2294	1
1619	2958	1
1619	934	1
1619	992	1
1619	2635	1
1619	1570	1
1619	1195	1
1619	2926	1
1619	760	1
1619	761	1
1619	1293	1
1619	340	1
1619	1952	1
1619	335	1
1619	2582	1
1619	1753	1
1619	557	1
1619	1523	1
1619	1030	1
1619	276	1
1619	44	1
1619	1660	1
1619	2981	1
1619	987	1
1619	804	1
1619	359	1
1619	29	1
1619	2507	1
1619	2802	1
1619	1395	1
1619	741	1
1619	2571	1
1619	1382	1
1619	1454	1
1619	660	1
1619	2553	1
1619	665	1
1619	2760	1
1619	2169	1
1619	468	1
1619	1130	1
1619	268	1
1619	2889	1
1619	1430	1
1619	2263	1
1619	357	1
1620	373	1
1620	1779	1
1620	1934	1
1620	1204	1
1620	2281	1
1620	2227	1
1620	1772	1
1620	428	1
1620	547	1
1620	1163	1
1620	25	1
1620	616	1
1620	2952	1
1620	169	1
1620	2853	1
1620	1770	1
1620	2808	1
1620	2155	1
1620	1416	1
1620	1725	1
1620	738	1
1620	1660	1
1620	2980	1
1620	329	1
1620	538	1
1620	987	1
1620	826	1
1620	33	1
1620	2741	1
1620	973	1
1620	2913	1
1620	2889	1
1620	2644	1
1620	601	1
1620	2882	1
1620	1215	1
1621	2215	1
1621	111	1
1621	2469	1
1621	1830	1
1621	942	1
1621	1163	1
1621	2163	1
1621	1938	1
1621	1660	1
1621	1623	1
1621	1903	1
1621	407	1
1622	2215	1
1622	437	1
1622	2549	1
1622	1830	1
1622	25	1
1622	1303	1
1622	407	1
1622	2741	1
1622	2675	1
1622	805	1
1622	268	1
1623	476	1
1623	240	1
1623	720	1
1623	2215	1
1623	2469	1
1623	2474	1
1623	25	1
1623	840	1
1623	2741	1
1623	1143	1
1623	2855	1
1624	840	1
1624	2188	1
1624	2741	1
1625	1116	1
1625	1897	1
1625	2549	1
1625	185	1
1625	2469	1
1625	2864	1
1625	1649	1
1625	2952	1
1625	840	1
1625	1912	1
1625	1660	1
1625	1597	1
1625	2028	1
1625	2273	1
1626	1846	1
1626	2215	1
1626	768	1
1626	1712	1
1626	2618	1
1626	1751	1
1626	1921	1
1626	2469	1
1626	1445	1
1626	1837	1
1626	1772	1
1626	2864	1
1626	578	1
1626	25	1
1626	2286	1
1626	1818	1
1626	2952	1
1626	1305	1
1626	2542	1
1626	151	1
1626	1303	1
1626	1501	1
1626	1744	1
1626	2239	1
1626	2622	1
1626	1054	1
1626	2367	1
1626	1396	1
1626	1279	1
1626	1660	1
1626	1424	1
1626	531	1
1626	1344	1
1626	358	1
1626	2273	1
1626	407	1
1626	683	1
1626	2741	1
1626	384	1
1626	1910	1
1627	698	1
1627	1086	1
1627	720	1
1627	2589	1
1627	2215	1
1627	2355	1
1627	2618	1
1627	299	1
1627	463	1
1627	782	1
1627	1366	1
1627	111	1
1627	185	1
1627	2671	1
1627	2469	1
1627	2955	1
1627	1566	1
1627	1286	1
1627	2636	1
1627	578	1
1627	2383	1
1627	942	1
1627	1649	1
1627	2366	1
1627	2904	1
1627	2952	1
1627	151	1
1627	1196	1
1627	2628	1
1627	2995	1
1627	1203	1
1627	2857	1
1627	1814	1
1627	563	1
1627	2320	1
1627	1010	1
1627	2351	1
1627	1660	1
1627	1424	1
1627	531	1
1627	1325	1
1627	1489	1
1627	1244	1
1627	2327	1
1627	2028	1
1627	2273	1
1627	391	1
1627	1903	1
1627	407	1
1627	1509	1
1627	2741	1
1627	2675	1
1628	669	1
1628	2332	1
1628	2307	1
1628	431	1
1628	2954	1
1628	2799	1
1628	2381	1
1628	1061	1
1628	1652	1
1628	815	1
1628	347	1
1628	906	1
1628	240	1
1628	1086	1
1628	2164	1
1628	1341	1
1628	720	1
1628	210	1
1628	1810	1
1628	3032	1
1628	1433	1
1628	2251	1
1628	1577	1
1628	1964	1
1628	1530	1
1628	2684	1
1628	1687	1
1628	111	1
1628	2671	1
1628	2469	1
1628	2623	1
1628	1224	1
1628	2474	1
1628	328	1
1628	1773	1
1628	8	1
1628	2403	1
1628	271	1
1628	1958	1
1628	2864	1
1628	751	1
1628	2821	1
1628	1315	1
1628	547	1
1628	2371	1
1628	1651	1
1628	921	1
1628	578	1
1628	2383	1
1628	201	1
1628	75	1
1628	2901	1
1628	2625	1
1628	1649	1
1628	1914	1
1628	2497	1
1628	2952	1
1628	1450	1
1628	169	1
1628	1001	1
1628	555	1
1628	498	1
1628	1990	1
1628	2358	1
1628	1348	1
1628	1770	1
1628	2479	1
1628	2770	1
1628	1234	1
1628	643	1
1628	1305	1
1628	1168	1
1628	840	1
1628	2951	1
1628	1835	1
1628	1303	1
1628	1492	1
1628	509	1
1628	1264	1
1628	2877	1
1628	1842	1
1628	1203	1
1628	708	1
1628	2058	1
1628	726	1
1628	644	1
1628	1747	1
1628	1070	1
1628	2857	1
1628	916	1
1628	767	1
1628	172	1
1628	1475	1
1628	18	1
1628	2001	1
1628	1660	1
1628	2491	1
1628	1364	1
1628	1325	1
1628	1715	1
1628	72	1
1628	1244	1
1628	2030	1
1628	2515	1
1628	2679	1
1628	2158	1
1628	2028	1
1628	2026	1
1628	184	1
1628	2273	1
1628	1615	1
1628	783	1
1628	2866	1
1628	308	1
1628	407	1
1628	2077	1
1628	594	1
1628	2120	1
1628	969	1
1628	2855	1
1628	1276	1
1628	274	1
1628	2146	1
1628	269	1
1628	419	1
1628	1959	1
1629	1061	1
1629	815	1
1629	1086	1
1629	1737	1
1629	1341	1
1629	720	1
1629	2215	1
1629	270	1
1629	486	1
1629	2474	1
1629	362	1
1629	1443	1
1629	271	1
1629	2838	1
1629	949	1
1629	942	1
1629	2848	1
1629	2011	1
1629	1163	1
1629	25	1
1629	2952	1
1629	2163	1
1629	659	1
1629	840	1
1629	1938	1
1629	1703	1
1629	2096	1
1629	2562	1
1629	1977	1
1629	2001	1
1629	1639	1
1629	1660	1
1629	531	1
1629	2306	1
1629	1091	1
1629	2078	1
1629	2028	1
1629	184	1
1629	2760	1
1629	1849	1
1629	1132	1
1629	756	1
1629	1420	1
1629	274	1
1630	1974	1
1630	2215	1
1630	2726	1
1630	519	1
1630	362	1
1630	1443	1
1630	2864	1
1630	2383	1
1630	25	1
1630	1006	1
1630	840	1
1630	2622	1
1630	325	1
1630	1184	1
1630	2652	1
1631	698	1
1631	1538	1
1631	1061	1
1631	815	1
1631	1710	1
1631	906	1
1631	1961	1
1631	1644	1
1631	2592	1
1631	2215	1
1631	1173	1
1631	312	1
1631	2251	1
1631	691	1
1631	2608	1
1631	1751	1
1631	2549	1
1631	111	1
1631	2970	1
1631	436	1
1631	1772	1
1631	1598	1
1631	1561	1
1631	2864	1
1631	2821	1
1631	2383	1
1631	2438	1
1631	942	1
1631	889	1
1631	2952	1
1631	1769	1
1631	843	1
1631	1348	1
1631	1322	1
1631	2093	1
1631	433	1
1631	48	1
1631	1181	1
1631	1303	1
1631	2727	1
1631	2622	1
1631	1262	1
1631	1484	1
1631	912	1
1631	1902	1
1631	1010	1
1631	110	1
1631	838	1
1631	2016	1
1631	1660	1
1631	1424	1
1631	2522	1
1631	125	1
1631	2720	1
1631	538	1
1631	2078	1
1631	1089	1
1631	2427	1
1631	2515	1
1631	894	1
1631	2028	1
1631	1395	1
1631	2273	1
1631	913	1
1631	821	1
1631	391	1
1631	307	1
1631	1864	1
1631	1947	1
1631	2742	1
1632	67	1
1632	1086	1
1632	1897	1
1632	2469	1
1632	1378	1
1632	2393	1
1632	1772	1
1632	2864	1
1632	1315	1
1632	578	1
1632	942	1
1632	261	1
1632	2952	1
1632	48	1
1632	840	1
1632	1744	1
1632	2045	1
1632	1660	1
1632	2507	1
1632	2273	1
1632	660	1
1632	1625	1
1632	1035	1
1633	1649	1
1633	261	1
1633	2952	1
1633	1781	1
1633	48	1
1633	531	1
1634	2675	1
1635	310	1
1635	369	1
1635	67	1
1635	2314	1
1635	1778	1
1635	2077	1
1635	683	1
1636	67	1
1636	372	1
1636	2549	1
1636	2675	1
1637	1974	1
1637	815	1
1637	1116	1
1637	372	1
1637	1649	1
1637	1770	1
1637	20	1
1637	802	1
1637	2675	1
1637	2089	1
1638	310	1
1638	1086	1
1638	918	1
1638	2079	1
1638	2033	1
1638	2811	1
1638	645	1
1638	2397	1
1638	1744	1
1638	2622	1
1638	2199	1
1638	3029	1
1638	2057	1
1638	2555	1
1638	571	1
1638	2507	1
1638	108	1
1638	265	1
1638	165	1
1639	748	1
1640	1275	1
1640	2618	1
1640	2148	1
1640	578	1
1640	306	1
1640	2622	1
1640	637	1
1640	1279	1
1640	531	1
1640	1344	1
1640	2940	1
1641	720	1
1641	2549	1
1641	2469	1
1641	942	1
1641	2952	1
1641	1814	1
1641	1660	1
1641	531	1
1641	1266	1
1641	184	1
1641	1727	1
1642	67	1
1642	372	1
1642	1411	1
1642	897	1
1642	1744	1
1642	947	1
1642	1660	1
1642	531	1
1642	2327	1
1642	2273	1
1642	683	1
1643	897	1
1644	67	1
1644	2384	1
1644	1061	1
1644	2298	1
1644	2469	1
1644	428	1
1644	1322	1
1644	1770	1
1644	2628	1
1644	1660	1
1644	531	1
1644	2327	1
1645	2298	1
1645	1116	1
1645	2988	1
1646	372	1
1646	2549	1
1646	486	1
1646	2131	1
1646	133	1
1646	25	1
1646	1608	1
1646	1744	1
1646	1660	1
1646	184	1
1646	2273	1
1646	384	1
1647	2836	1
1647	2006	1
1647	2383	1
1647	2952	1
1647	2740	1
1648	1086	1
1648	25	1
1648	357	1
1648	748	1
1649	1315	1
1649	48	1
1649	2675	1
1650	2469	1
1650	2622	1
1650	1660	1
1650	125	1
1651	48	1
1651	2675	1
1652	1526	1
1652	1652	1
1652	347	1
1652	537	1
1652	720	1
1652	2549	1
1652	1366	1
1652	1713	1
1652	2393	1
1652	271	1
1652	836	1
1652	1315	1
1652	2124	1
1652	2383	1
1652	1163	1
1652	2952	1
1652	169	1
1652	2891	1
1652	48	1
1652	840	1
1652	1744	1
1652	2344	1
1652	2622	1
1652	125	1
1652	531	1
1652	2273	1
1652	1694	1
1652	2675	1
1652	2031	1
1653	652	1
1653	1649	1
1653	1660	1
1654	1897	1
1654	372	1
1654	2707	1
1654	2469	1
1654	836	1
1654	48	1
1654	1660	1
1654	384	1
1655	669	1
1655	1086	1
1655	720	1
1655	1897	1
1655	959	1
1655	27	1
1655	656	1
1655	2690	1
1655	2083	1
1655	290	1
1655	341	1
1655	1840	1
1655	2514	1
1655	48	1
1655	840	1
1655	2727	1
1655	2700	1
1655	1744	1
1655	408	1
1655	947	1
1655	1902	1
1655	125	1
1655	1202	1
1655	575	1
1655	2273	1
1655	407	1
1655	3014	1
1655	1727	1
1656	1116	1
1656	2707	1
1656	48	1
1656	2628	1
1656	1660	1
1656	531	1
1656	2741	1
1656	2675	1
1656	384	1
1657	578	1
1657	1649	1
1657	2952	1
1657	1660	1
1658	1877	1
1658	951	1
1658	928	1
1658	323	1
1658	2956	1
1658	2127	1
1658	2952	1
1658	1425	1
1658	531	1
1658	2704	1
1658	1190	1
1659	2675	1
1660	2675	1
1661	578	1
1661	1660	1
1661	531	1
1661	2675	1
1662	431	1
1662	2215	1
1662	372	1
1662	1315	1
1662	2952	1
1662	1322	1
1662	48	1
1662	1138	1
1662	1614	1
1663	431	1
1663	1846	1
1663	372	1
1663	1436	1
1663	1315	1
1663	2952	1
1663	531	1
1663	1614	1
1663	1393	1
1663	1515	1
1664	2215	1
1664	372	1
1664	1315	1
1664	942	1
1664	2952	1
1664	1322	1
1664	48	1
1664	1393	1
1664	1515	1
1665	2215	1
1665	372	1
1665	1436	1
1665	1315	1
1665	942	1
1665	2952	1
1665	1322	1
1665	531	1
1665	1515	1
1666	2469	1
1666	1315	1
1666	942	1
1666	261	1
1666	2952	1
1666	48	1
1666	531	1
1666	2273	1
1666	1381	1
1666	638	1
1667	67	1
1667	689	1
1667	782	1
1667	1897	1
1667	2549	1
1667	2469	1
1667	1445	1
1667	1315	1
1667	261	1
1667	1322	1
1667	48	1
1667	1814	1
1667	1660	1
1667	531	1
1667	1244	1
1667	1381	1
1667	2675	1
1668	2864	1
1668	25	1
1668	2952	1
1669	1897	1
1669	2469	1
1669	1224	1
1669	1719	1
1669	1772	1
1669	2821	1
1669	2952	1
1669	1450	1
1669	1794	1
1669	795	1
1669	48	1
1669	3015	1
1669	1744	1
1669	1660	1
1669	1091	1
1669	1244	1
1669	1933	1
1669	1910	1
1669	31	1
1670	537	1
1670	720	1
1670	2215	1
1670	1897	1
1670	185	1
1670	959	1
1670	2474	1
1670	328	1
1670	1772	1
1670	271	1
1670	1026	1
1670	412	1
1670	942	1
1670	1168	1
1670	2105	1
1670	954	1
1670	1628	1
1670	2058	1
1670	2488	1
1670	1660	1
1670	2306	1
1670	763	1
1670	2078	1
1670	2104	1
1670	2273	1
1670	802	1
1670	1143	1
1670	2675	1
1670	2062	1
1670	357	1
1671	253	1
1671	691	1
1671	2469	1
1671	519	1
1671	1953	1
1671	1772	1
1671	603	1
1671	2864	1
1671	2383	1
1671	942	1
1671	1284	1
1671	2088	1
1671	1649	1
1671	261	1
1671	25	1
1671	2952	1
1671	2095	1
1671	1196	1
1671	1589	1
1671	125	1
1671	531	1
1671	1597	1
1671	1614	1
1671	2784	1
1671	894	1
1671	483	1
1671	660	1
1671	861	1
1671	2675	1
1671	2120	1
1672	669	1
1672	67	1
1672	10	1
1672	578	1
1672	48	1
1672	1814	1
1672	1614	1
1672	2077	1
1672	683	1
1673	48	1
1673	1744	1
1673	1660	1
1673	531	1
1673	1695	1
1673	883	1
1674	1755	1
1675	67	1
1675	1988	1
1675	2148	1
1675	2239	1
1675	2622	1
1675	1614	1
1675	2077	1
1675	2675	1
1675	1727	1
1676	2618	1
1676	2741	1
1677	720	1
1677	2215	1
1677	1897	1
1677	2549	1
1677	1713	1
1677	2393	1
1677	1772	1
1677	836	1
1677	2829	1
1677	2864	1
1677	1045	1
1677	2952	1
1677	1589	1
1677	2622	1
1677	1660	1
1677	1219	1
1677	1479	1
1677	2273	1
1677	131	1
1677	1903	1
1678	2707	1
1678	2740	1
1679	1897	1
1679	942	1
1679	48	1
1679	1744	1
1679	1660	1
1679	125	1
1680	1911	1
1680	1445	1
1680	2867	1
1680	422	1
1680	48	1
1680	2675	1
1681	2381	1
1681	1911	1
1681	1906	1
1681	2549	1
1681	793	1
1681	1445	1
1681	2463	1
1681	48	1
1681	125	1
1681	1695	1
1681	2675	1
1682	1116	1
1682	2675	1
1682	384	1
1683	1538	1
1683	67	1
1683	510	1
1683	1846	1
1683	2448	1
1683	2549	1
1683	1736	1
1683	1315	1
1683	2232	1
1683	578	1
1683	2383	1
1683	957	1
1683	942	1
1683	383	1
1683	531	1
1683	2760	1
1683	922	1
1683	883	1
1683	2077	1
1683	1910	1
1683	2120	1
1684	1538	1
1684	1846	1
1684	1116	1
1684	1751	1
1684	2549	1
1684	1315	1
1684	2952	1
1684	57	1
1684	1501	1
1684	2239	1
1684	531	1
1684	2028	1
1684	2675	1
1684	1727	1
1685	531	1
1685	384	1
1686	1897	1
1686	1322	1
1686	48	1
1686	1744	1
1686	1660	1
1686	125	1
1687	1116	1
1688	1116	1
1688	2741	1
1688	2675	1
1689	67	1
1689	720	1
1689	2215	1
1689	2469	1
1689	2393	1
1689	271	1
1689	2952	1
1689	198	1
1689	1854	1
1689	840	1
1689	1184	1
1689	738	1
1689	531	1
1690	2440	1
1690	2024	1
1690	795	1
1690	48	1
1690	1154	1
1690	125	1
1690	883	1
1690	683	1
1691	2596	1
1691	2024	1
1691	1604	1
1691	48	1
1691	1274	1
1691	683	1
1691	2675	1
1691	2844	1
1691	2280	1
1692	2707	1
1693	798	1
1693	1846	1
1693	906	1
1693	2788	1
1693	240	1
1693	1760	1
1693	720	1
1693	1897	1
1693	2549	1
1693	750	1
1693	1685	1
1693	185	1
1693	2671	1
1693	1224	1
1693	2474	1
1693	328	1
1693	8	1
1693	271	1
1693	1830	1
1693	1315	1
1693	2737	1
1693	25	1
1693	217	1
1693	2952	1
1693	1305	1
1693	48	1
1693	1827	1
1693	250	1
1693	2871	1
1693	1184	1
1693	1814	1
1693	1487	1
1693	1249	1
1693	745	1
1693	1033	1
1693	1266	1
1693	2213	1
1693	2637	1
1693	1965	1
1693	2786	1
1693	2787	1
1693	2889	1
1693	870	1
1693	2855	1
1694	310	1
1694	221	1
1694	67	1
1694	595	1
1694	1885	1
1694	2215	1
1694	511	1
1694	1897	1
1694	2549	1
1694	1594	1
1694	328	1
1694	2393	1
1694	863	1
1694	733	1
1694	831	1
1694	6	1
1694	942	1
1694	2711	1
1694	2286	1
1694	217	1
1694	2952	1
1694	1610	1
1694	2972	1
1694	132	1
1694	444	1
1694	250	1
1694	2550	1
1694	2927	1
1694	1674	1
1694	1184	1
1694	123	1
1694	2415	1
1694	1487	1
1694	2416	1
1694	2745	1
1694	2410	1
1694	2814	1
1694	1243	1
1694	309	1
1694	1597	1
1694	358	1
1694	2324	1
1694	425	1
1694	1832	1
1694	1219	1
1694	2760	1
1694	1965	1
1694	2055	1
1694	82	1
1694	1979	1
1694	1903	1
1694	2786	1
1694	2787	1
1694	1143	1
1694	2536	1
1695	698	1
1695	476	1
1695	2381	1
1695	906	1
1695	2686	1
1695	1577	1
1695	1897	1
1695	2278	1
1695	2549	1
1695	2756	1
1695	111	1
1695	818	1
1695	185	1
1695	793	1
1695	1773	1
1695	1772	1
1695	2059	1
1695	271	1
1695	1830	1
1695	2867	1
1695	2860	1
1695	2170	1
1695	261	1
1695	25	1
1695	63	1
1695	1322	1
1695	1770	1
1695	795	1
1695	48	1
1695	1303	1
1695	1674	1
1695	947	1
1695	1660	1
1695	1033	1
1695	1954	1
1695	1614	1
1695	2431	1
1695	1395	1
1695	1219	1
1695	184	1
1695	2273	1
1695	683	1
1695	714	1
1696	1666	1
1696	2417	1
1697	2383	1
1697	2628	1
1697	1660	1
1697	2741	1
1698	1644	1
1698	1116	1
1698	2215	1
1698	185	1
1698	840	1
1698	2628	1
1698	460	1
1699	67	1
1699	1649	1
1699	2952	1
1699	1322	1
1699	531	1
1699	683	1
1700	1086	1
1700	1116	1
1700	270	1
1700	2469	1
1700	2131	1
1700	2864	1
1700	942	1
1700	1303	1
1700	2133	1
1700	2628	1
1700	1660	1
1700	531	1
1700	20	1
1700	2273	1
1700	1907	1
1700	2741	1
1700	384	1
1700	400	1
1701	67	1
1701	1223	1
1701	1777	1
1701	508	1
1701	2383	1
1701	892	1
1701	2622	1
1701	531	1
1701	3009	1
1701	893	1
1701	1399	1
1701	1643	1
1701	1727	1
1702	2381	1
1702	1315	1
1702	531	1
1702	1931	1
1703	67	1
1703	2384	1
1703	1275	1
1703	2618	1
1703	878	1
1703	2628	1
1703	1138	1
1703	2622	1
1703	125	1
1703	2327	1
1703	2741	1
1704	2384	1
1704	2763	1
1704	1116	1
1704	211	1
1704	1366	1
1704	2469	1
1704	2148	1
1704	1772	1
1704	412	1
1704	2477	1
1704	2586	1
1704	578	1
1704	133	1
1704	51	1
1704	835	1
1704	1485	1
1704	1629	1
1704	2342	1
1704	479	1
1704	897	1
1704	1642	1
1704	1136	1
1704	2622	1
1704	1734	1
1704	1396	1
1704	2181	1
1704	1660	1
1704	125	1
1704	506	1
1704	30	1
1704	29	1
1704	1145	1
1704	2044	1
1704	2741	1
1704	2675	1
1704	384	1
1704	268	1
1704	624	1
1704	2120	1
1705	2384	1
1705	2618	1
1705	2622	1
1705	531	1
1705	2327	1
1705	2741	1
1706	67	1
1706	2384	1
1706	1116	1
1706	2628	1
1706	2622	1
1706	1660	1
1706	531	1
1706	2741	1
1707	1116	1
1707	1649	1
1707	239	1
1707	2628	1
1707	2622	1
1707	125	1
1707	531	1
1707	893	1
1707	2741	1
1707	2675	1
1707	268	1
1707	1727	1
1708	1846	1
1708	1116	1
1708	531	1
1709	431	1
1709	683	1
1709	2675	1
1709	1727	1
1710	67	1
1710	1846	1
1710	1751	1
1710	2469	1
1710	1315	1
1710	261	1
1710	1322	1
1710	2675	1
1710	1727	1
1711	2384	1
1711	768	1
1711	2618	1
1711	782	1
1711	1921	1
1711	2469	1
1711	561	1
1711	2542	1
1711	2622	1
1711	1184	1
1711	1814	1
1711	1660	1
1711	531	1
1711	1614	1
1711	2028	1
1711	2675	1
1711	2120	1
1711	1727	1
1712	431	1
1712	2130	1
1712	1086	1
1712	2618	1
1712	2549	1
1712	2469	1
1712	878	1
1712	1224	1
1712	1560	1
1712	1315	1
1712	218	1
1712	1917	1
1712	2542	1
1712	840	1
1712	1138	1
1712	2622	1
1712	1814	1
1712	713	1
1712	531	1
1712	2327	1
1712	2028	1
1712	1931	1
1712	683	1
1712	2675	1
1713	67	1
1713	2469	1
1713	1224	1
1713	1560	1
1713	2542	1
1713	48	1
1713	840	1
1713	1138	1
1713	2239	1
1713	2622	1
1713	531	1
1713	2327	1
1713	2028	1
1713	2495	1
1713	893	1
1713	446	1
1713	683	1
1713	1947	1
1713	2120	1
1713	1727	1
1714	1275	1
1714	782	1
1714	1315	1
1714	1818	1
1714	2622	1
1714	2320	1
1714	713	1
1714	1660	1
1714	2327	1
1714	893	1
1714	1891	1
1715	1086	1
1715	2618	1
1715	782	1
1715	2148	1
1715	705	1
1715	2542	1
1715	2239	1
1715	2622	1
1715	1660	1
1715	531	1
1715	2817	1
1715	1891	1
1715	683	1
1715	2675	1
1715	1727	1
1716	669	1
1716	67	1
1716	2384	1
1716	1846	1
1716	2130	1
1716	2554	1
1716	211	1
1716	1275	1
1716	782	1
1716	2549	1
1716	2469	1
1716	2970	1
1716	1224	1
1716	1223	1
1716	2530	1
1716	319	1
1716	361	1
1716	1315	1
1716	705	1
1716	1818	1
1716	2972	1
1716	840	1
1716	1501	1
1716	2239	1
1716	2622	1
1716	2132	1
1716	1660	1
1716	2324	1
1716	20	1
1716	2327	1
1716	2028	1
1716	2495	1
1716	893	1
1716	1891	1
1716	683	1
1716	1381	1
1716	2675	1
1717	67	1
1717	2618	1
1717	2038	1
1717	2622	1
1717	1814	1
1717	713	1
1717	1660	1
1717	531	1
1717	2495	1
1717	893	1
1717	2675	1
1718	1846	1
1718	1751	1
1718	2549	1
1718	928	1
1718	2864	1
1718	2485	1
1718	659	1
1718	746	1
1718	1938	1
1718	1660	1
1718	531	1
1718	390	1
1718	1695	1
1718	2705	1
1719	815	1
1719	1086	1
1719	720	1
1719	2549	1
1719	2469	1
1719	519	1
1719	1713	1
1719	1772	1
1719	2636	1
1719	2952	1
1719	1232	1
1719	1854	1
1719	840	1
1719	125	1
1719	531	1
1719	1219	1
1719	2273	1
1719	407	1
1719	2675	1
1719	1727	1
1720	1660	1
1720	531	1
1720	2028	1
1720	2675	1
1721	1538	1
1721	2176	1
1721	67	1
1721	431	1
1721	1846	1
1721	2549	1
1721	2970	1
1721	1445	1
1721	2864	1
1721	1587	1
1721	578	1
1721	2383	1
1721	957	1
1721	1384	1
1721	679	1
1721	1744	1
1721	531	1
1721	2866	1
1721	2594	1
1722	2332	1
1722	2176	1
1722	2365	1
1722	240	1
1722	2589	1
1722	1275	1
1722	1366	1
1722	486	1
1722	2469	1
1722	271	1
1722	2864	1
1722	1778	1
1722	942	1
1722	1450	1
1722	795	1
1722	1203	1
1722	2239	1
1722	2622	1
1722	1184	1
1722	1814	1
1722	18	1
1722	1954	1
1722	531	1
1722	2273	1
1722	2594	1
1722	2768	1
1722	1910	1
1722	56	1
1722	2120	1
1722	357	1
1723	2549	1
1723	2740	1
1724	1116	1
1724	2215	1
1724	531	1
1724	2675	1
1724	384	1
1725	1116	1
1725	2628	1
1725	1814	1
1725	683	1
1726	1917	1
1726	413	1
1726	2107	1
1726	1244	1
1726	2741	1
1726	2302	1
1726	594	1
1726	1727	1
1727	67	1
1727	431	1
1727	1846	1
1727	790	1
1727	768	1
1727	2549	1
1727	486	1
1727	1224	1
1727	1445	1
1727	2530	1
1727	1315	1
1727	2952	1
1727	2542	1
1727	48	1
1727	840	1
1727	1501	1
1727	1744	1
1727	1	1
1727	2622	1
1727	1814	1
1727	1660	1
1727	108	1
1727	2817	1
1727	1891	1
1727	2077	1
1727	683	1
1727	2741	1
1727	2675	1
1727	384	1
1727	1910	1
1727	1727	1
1728	431	1
1728	1846	1
1728	1116	1
1728	790	1
1728	768	1
1728	2618	1
1728	1751	1
1728	1921	1
1728	1224	1
1728	1445	1
1728	1378	1
1728	2530	1
1728	578	1
1728	2383	1
1728	942	1
1728	2952	1
1728	2542	1
1728	840	1
1728	1501	1
1728	1744	1
1728	1	1
1728	1184	1
1728	2320	1
1728	1614	1
1728	1891	1
1728	391	1
1728	2077	1
1728	1381	1
1728	2675	1
1728	384	1
1728	1727	1
1729	1445	1
1729	1917	1
1729	357	1
1730	1538	1
1730	2365	1
1730	67	1
1730	431	1
1730	1061	1
1730	240	1
1730	1086	1
1730	2402	1
1730	909	1
1730	1275	1
1730	2618	1
1730	299	1
1730	2251	1
1730	1751	1
1730	2549	1
1730	486	1
1730	1921	1
1730	1224	1
1730	1772	1
1730	2861	1
1730	2383	1
1730	1649	1
1730	2752	1
1730	2952	1
1730	2283	1
1730	79	1
1730	2542	1
1730	1978	1
1730	1303	1
1730	897	1
1730	2628	1
1730	2995	1
1730	644	1
1730	325	1
1730	18	1
1730	1660	1
1730	2784	1
1730	2231	1
1730	384	1
1730	1626	1
1730	2652	1
1730	268	1
1730	1910	1
1730	2120	1
1730	2855	1
1730	357	1
1730	1727	1
1731	1116	1
1731	2741	1
1732	1116	1
1732	691	1
1732	1033	1
1732	2675	1
1732	384	1
1733	1116	1
1733	691	1
1733	2741	1
1733	384	1
1734	67	1
1734	1846	1
1734	1116	1
1734	2618	1
1734	1751	1
1734	2549	1
1734	2469	1
1734	2864	1
1734	1315	1
1734	578	1
1734	2383	1
1734	1917	1
1734	164	1
1734	1744	1
1734	2239	1
1734	125	1
1734	1614	1
1734	2273	1
1734	683	1
1735	2469	1
1735	1772	1
1735	1660	1
1735	2273	1
1736	1222	1
1736	531	1
1736	2675	1
1737	1116	1
1737	25	1
1737	2741	1
1737	384	1
1737	357	1
1738	1116	1
1738	1396	1
1738	2741	1
1739	2215	1
1739	2549	1
1739	185	1
1739	2469	1
1739	2952	1
1739	1396	1
1739	1660	1
1739	660	1
1739	2741	1
1739	384	1
1740	1116	1
1741	1116	1
1741	2741	1
1742	2694	1
1742	2383	1
1742	1111	1
1742	897	1
1742	2628	1
1742	2622	1
1742	1396	1
1742	2675	1
1742	1910	1
1743	1116	1
1743	1773	1
1743	1666	1
1743	2952	1
1743	795	1
1743	2628	1
1743	2741	1
1743	384	1
1744	67	1
1744	578	1
1744	2952	1
1744	2622	1
1744	1660	1
1744	531	1
1744	1614	1
1744	1832	1
1744	2120	1
1745	1538	1
1745	67	1
1745	1116	1
1745	531	1
1745	2120	1
1746	669	1
1746	67	1
1746	1846	1
1746	1086	1
1746	720	1
1746	1751	1
1746	2684	1
1746	1772	1
1746	2864	1
1746	578	1
1746	942	1
1746	1649	1
1746	2628	1
1746	1203	1
1746	2622	1
1746	1424	1
1746	125	1
1746	1266	1
1746	1614	1
1746	2028	1
1746	1695	1
1746	1381	1
1747	669	1
1747	476	1
1747	1061	1
1747	906	1
1747	720	1
1747	2215	1
1747	299	1
1747	2549	1
1747	486	1
1747	1921	1
1747	185	1
1747	2469	1
1747	129	1
1747	1224	1
1747	2395	1
1747	1713	1
1747	2393	1
1747	2006	1
1747	2059	1
1747	1443	1
1747	2403	1
1747	1711	1
1747	2864	1
1747	474	1
1747	1315	1
1747	2124	1
1747	1128	1
1747	1649	1
1747	261	1
1747	2952	1
1747	1305	1
1747	1460	1
1747	2514	1
1747	48	1
1747	840	1
1747	1203	1
1747	1744	1
1747	1054	1
1747	738	1
1747	1424	1
1747	1614	1
1747	2028	1
1747	1219	1
1747	2273	1
1747	1931	1
1747	2760	1
1747	1226	1
1747	1695	1
1747	407	1
1747	446	1
1747	683	1
1747	1381	1
1747	307	1
1747	1910	1
1747	1727	1
1748	2114	1
1748	2381	1
1748	1061	1
1748	689	1
1748	815	1
1748	1911	1
1748	906	1
1748	2592	1
1748	1086	1
1748	1712	1
1748	1897	1
1748	691	1
1748	2549	1
1748	2125	1
1748	486	1
1748	1921	1
1748	2469	1
1748	435	1
1748	2059	1
1748	271	1
1748	2119	1
1748	2953	1
1748	2867	1
1748	2864	1
1748	361	1
1748	1315	1
1748	547	1
1748	2383	1
1748	2463	1
1748	2872	1
1748	25	1
1748	1506	1
1748	1892	1
1748	2591	1
1748	1305	1
1748	151	1
1748	919	1
1748	659	1
1748	48	1
1748	1303	1
1748	1419	1
1748	1814	1
1748	2460	1
1748	557	1
1748	1660	1
1748	2517	1
1748	1424	1
1748	125	1
1748	531	1
1748	1299	1
1748	1614	1
1748	1244	1
1748	1066	1
1748	2028	1
1748	2273	1
1748	1078	1
1748	2760	1
1748	2612	1
1748	1695	1
1748	407	1
1748	2675	1
1748	2144	1
1749	67	1
1749	720	1
1749	2549	1
1749	2393	1
1749	2864	1
1749	1718	1
1749	2952	1
1749	840	1
1749	3021	1
1749	531	1
1749	358	1
1749	2600	1
1749	1614	1
1749	1832	1
1749	1009	1
1749	1695	1
1749	964	1
1750	1116	1
1750	123	1
1750	1660	1
1750	2675	1
1751	123	1
1751	1660	1
1751	407	1
1751	2675	1
1752	67	1
1752	2191	1
1752	1846	1
1752	689	1
1752	2549	1
1752	2067	1
1752	2864	1
1752	543	1
1752	2821	1
1752	1284	1
1752	1535	1
1752	25	1
1752	2904	1
1752	2952	1
1752	1203	1
1752	1236	1
1752	123	1
1752	1660	1
1752	531	1
1752	2760	1
1752	1910	1
1752	2597	1
1753	942	1
1753	123	1
1753	1660	1
1753	2273	1
1754	431	1
1754	646	1
1754	2554	1
1754	790	1
1754	2791	1
1754	1712	1
1754	1275	1
1754	2618	1
1754	611	1
1754	2549	1
1754	1921	1
1754	1315	1
1754	1278	1
1754	578	1
1754	942	1
1754	711	1
1754	2952	1
1754	1384	1
1754	1601	1
1754	859	1
1754	2060	1
1754	2542	1
1754	48	1
1754	840	1
1754	1138	1
1754	1754	1
1754	713	1
1754	2132	1
1754	534	1
1754	531	1
1754	2327	1
1754	2252	1
1754	1891	1
1754	2077	1
1754	2675	1
1754	1910	1
1754	1727	1
1755	1538	1
1755	67	1
1755	1846	1
1755	2381	1
1755	1061	1
1755	2554	1
1755	1086	1
1755	790	1
1755	1275	1
1755	2318	1
1755	2549	1
1755	2039	1
1755	1366	1
1755	2970	1
1755	1224	1
1755	1445	1
1755	435	1
1755	1315	1
1755	1278	1
1755	578	1
1755	2383	1
1755	942	1
1755	711	1
1755	2286	1
1755	2752	1
1755	2952	1
1755	1384	1
1755	2165	1
1755	1601	1
1755	859	1
1755	383	1
1755	747	1
1755	2060	1
1755	2542	1
1755	1138	1
1755	1501	1
1755	1203	1
1755	1744	1
1755	1184	1
1755	1814	1
1755	1754	1
1755	534	1
1755	1660	1
1755	531	1
1755	1614	1
1755	1337	1
1755	1244	1
1755	2327	1
1755	2273	1
1755	1891	1
1755	1009	1
1755	2077	1
1755	2604	1
1755	964	1
1755	2675	1
1756	2024	1
1756	2469	1
1756	793	1
1756	2393	1
1756	2006	1
1756	688	1
1756	994	1
1756	2867	1
1756	361	1
1756	1666	1
1756	178	1
1756	1322	1
1756	1938	1
1756	1744	1
1756	408	1
1756	2036	1
1756	1614	1
1756	883	1
1756	2077	1
1756	1727	1
1757	67	1
1757	1086	1
1757	768	1
1757	2549	1
1757	1315	1
1757	2952	1
1757	1676	1
1757	1384	1
1757	795	1
1757	2542	1
1757	2622	1
1757	1184	1
1757	2930	1
1757	1660	1
1757	531	1
1757	2327	1
1757	2252	1
1757	2273	1
1757	2302	1
1758	1846	1
1758	1116	1
1758	720	1
1758	782	1
1758	2469	1
1758	1445	1
1758	1315	1
1758	2383	1
1758	2952	1
1758	48	1
1758	2628	1
1758	2239	1
1758	2622	1
1758	1660	1
1758	1614	1
1758	2327	1
1758	683	1
1758	2741	1
1759	67	1
1759	2554	1
1759	1445	1
1759	27	1
1759	955	1
1759	2622	1
1759	1814	1
1759	1617	1
1759	531	1
1759	1614	1
1759	29	1
1759	1244	1
1759	1009	1
1759	1695	1
1759	2675	1
1759	384	1
1759	1480	1
1759	2120	1
1759	1727	1
1760	1846	1
1760	372	1
1760	1751	1
1760	1736	1
1760	957	1
1760	531	1
1760	1614	1
1760	683	1
1761	67	1
1761	1846	1
1761	2469	1
1761	2006	1
1761	2864	1
1761	578	1
1761	2383	1
1761	957	1
1761	2542	1
1761	840	1
1761	1138	1
1761	2132	1
1761	1660	1
1761	531	1
1761	1244	1
1761	1931	1
1761	2866	1
1761	683	1
1761	2741	1
1761	307	1
1761	2120	1
1762	2982	1
1762	2622	1
1762	2741	1
1763	67	1
1763	2384	1
1763	768	1
1763	1275	1
1763	1778	1
1763	2982	1
1763	2622	1
1763	1184	1
1763	531	1
1763	1931	1
1763	2044	1
1763	2741	1
1763	2675	1
1763	268	1
1763	1727	1
1764	768	1
1764	1778	1
1764	2542	1
1764	1184	1
1764	2675	1
1764	2302	1
1764	1727	1
1765	67	1
1765	2384	1
1765	1086	1
1765	1275	1
1765	210	1
1765	1778	1
1765	2232	1
1765	57	1
1765	1184	1
1765	2132	1
1765	531	1
1765	1145	1
1765	1513	1
1765	2675	1
1765	384	1
1765	1727	1
1766	1116	1
1766	1275	1
1766	942	1
1766	1586	1
1766	517	1
1766	531	1
1766	1244	1
1766	1513	1
1767	669	1
1767	1086	1
1767	768	1
1767	1275	1
1767	2549	1
1767	486	1
1767	878	1
1767	1445	1
1767	1378	1
1767	1223	1
1767	1122	1
1767	1278	1
1767	578	1
1767	2383	1
1767	942	1
1767	1135	1
1767	1649	1
1767	57	1
1767	630	1
1767	1596	1
1767	1138	1
1767	2132	1
1767	1660	1
1767	2100	1
1767	1614	1
1767	108	1
1767	1695	1
1767	1145	1
1767	2434	1
1767	165	1
1767	2077	1
1767	683	1
1767	307	1
1767	1727	1
1768	1116	1
1768	2618	1
1769	67	1
1769	431	1
1769	1116	1
1769	683	1
1769	2741	1
1770	79	1
1770	531	1
1770	1626	1
1771	67	1
1771	431	1
1771	768	1
1771	2618	1
1771	782	1
1771	762	1
1771	578	1
1771	2383	1
1771	1649	1
1771	2952	1
1771	1232	1
1771	48	1
1771	713	1
1771	1660	1
1771	66	1
1771	1910	1
1771	2120	1
1771	1727	1
1772	1086	1
1772	1116	1
1772	768	1
1772	2618	1
1772	1378	1
1772	1778	1
1772	2232	1
1772	1138	1
1772	2239	1
1772	2622	1
1772	1184	1
1772	66	1
1772	384	1
1772	1727	1
1773	67	1
1773	1710	1
1773	1086	1
1773	1116	1
1773	782	1
1773	1751	1
1773	1378	1
1773	2530	1
1773	1315	1
1773	2383	1
1773	957	1
1773	942	1
1773	25	1
1773	1322	1
1773	2542	1
1773	1303	1
1773	1501	1
1773	1744	1
1773	2239	1
1773	2622	1
1773	260	1
1773	125	1
1773	1614	1
1773	1244	1
1773	2327	1
1773	683	1
1773	1910	1
1773	2120	1
1774	669	1
1774	2130	1
1774	1116	1
1774	2549	1
1774	2469	1
1774	1315	1
1774	942	1
1774	1917	1
1774	413	1
1774	2376	1
1774	659	1
1774	48	1
1774	2622	1
1774	1660	1
1774	560	1
1774	1614	1
1774	460	1
1774	1244	1
1774	2741	1
1774	1381	1
1774	384	1
1775	1228	1
1775	2628	1
1775	2367	1
1775	1396	1
1775	29	1
1775	2741	1
1776	1086	1
1776	1116	1
1776	2052	1
1776	886	1
1776	2469	1
1776	1729	1
1776	1560	1
1776	1941	1
1776	25	1
1776	1770	1
1776	1608	1
1776	1303	1
1776	897	1
1776	2653	1
1776	2628	1
1776	1184	1
1776	2367	1
1776	1734	1
1776	1396	1
1776	1660	1
1776	531	1
1776	29	1
1776	2273	1
1776	1027	1
1776	2741	1
1776	384	1
1776	2302	1
1776	1910	1
1776	141	1
1777	1538	1
1777	67	1
1777	1846	1
1777	2215	1
1777	1275	1
1777	1433	1
1777	2797	1
1777	463	1
1777	2251	1
1777	2004	1
1777	175	1
1777	1366	1
1777	2899	1
1777	2864	1
1777	1286	1
1777	2038	1
1777	2383	1
1777	942	1
1777	371	1
1777	1649	1
1777	25	1
1777	2952	1
1777	2509	1
1777	1770	1
1777	576	1
1777	2628	1
1777	1138	1
1777	1744	1
1777	2239	1
1777	2622	1
1777	2658	1
1777	1258	1
1777	2988	1
1777	358	1
1777	1614	1
1777	2721	1
1777	1244	1
1777	2028	1
1777	1429	1
1777	2866	1
1777	2027	1
1777	2604	1
1777	1910	1
1778	669	1
1778	2384	1
1778	2791	1
1778	2618	1
1778	611	1
1778	2549	1
1778	2383	1
1778	1649	1
1778	1666	1
1778	2952	1
1778	1322	1
1778	2542	1
1778	1138	1
1778	2622	1
1778	1184	1
1778	1660	1
1778	531	1
1778	1614	1
1778	1244	1
1778	2327	1
1778	2604	1
1778	384	1
1778	307	1
1779	476	1
1779	2384	1
1779	768	1
1779	2618	1
1779	2251	1
1779	611	1
1779	1366	1
1779	2469	1
1779	2970	1
1779	1224	1
1779	1445	1
1779	1378	1
1779	2867	1
1779	2821	1
1779	1315	1
1779	1689	1
1779	578	1
1779	2383	1
1779	942	1
1779	1649	1
1779	25	1
1779	2752	1
1779	2952	1
1779	1384	1
1779	1545	1
1779	383	1
1779	747	1
1779	2542	1
1779	48	1
1779	840	1
1779	1138	1
1779	2239	1
1779	2622	1
1779	1184	1
1779	1258	1
1779	1660	1
1779	1614	1
1779	2327	1
1779	2273	1
1779	683	1
1779	2120	1
1779	1727	1
1780	431	1
1780	768	1
1780	1315	1
1780	2952	1
1780	2542	1
1780	1184	1
1780	1814	1
1780	1660	1
1780	683	1
1780	384	1
1780	2302	1
1781	669	1
1781	67	1
1781	431	1
1781	2384	1
1781	2618	1
1781	2549	1
1781	2383	1
1781	942	1
1781	1649	1
1781	795	1
1781	2542	1
1781	1138	1
1781	1744	1
1781	2622	1
1781	1184	1
1781	2132	1
1781	531	1
1781	1614	1
1781	2327	1
1781	384	1
1782	435	1
1782	2719	1
1782	2383	1
1782	892	1
1782	1322	1
1782	2239	1
1782	2622	1
1782	865	1
1782	2327	1
1782	1704	1
1782	893	1
1782	683	1
1782	2120	1
1782	1727	1
1783	1061	1
1783	1086	1
1783	720	1
1783	888	1
1783	2549	1
1783	2124	1
1783	2383	1
1783	942	1
1783	1649	1
1783	1943	1
1783	2952	1
1783	1450	1
1783	1608	1
1783	151	1
1783	840	1
1783	620	1
1783	838	1
1783	2016	1
1783	1660	1
1783	1424	1
1783	531	1
1783	2104	1
1783	184	1
1783	2273	1
1783	407	1
1784	698	1
1784	669	1
1784	2381	1
1784	2215	1
1784	2684	1
1784	1436	1
1784	486	1
1784	556	1
1784	1445	1
1784	1772	1
1784	1315	1
1784	1766	1
1784	25	1
1784	2286	1
1784	413	1
1784	2952	1
1784	1450	1
1784	2853	1
1784	433	1
1784	1305	1
1784	2514	1
1784	48	1
1784	840	1
1784	1303	1
1784	2449	1
1784	18	1
1784	2695	1
1784	1424	1
1784	531	1
1784	29	1
1784	2784	1
1784	2028	1
1784	1219	1
1784	184	1
1784	1910	1
1785	2675	1
1786	2675	1
1787	2675	1
1788	2549	1
1788	282	1
1788	2864	1
1788	947	1
1788	2320	1
1788	883	1
1788	2675	1
1788	1727	1
1789	942	1
1789	1660	1
1789	2675	1
1790	1846	1
1790	1275	1
1790	1751	1
1790	1778	1
1790	1649	1
1790	2952	1
1790	2239	1
1790	2622	1
1790	1660	1
1790	1614	1
1790	2028	1
1791	669	1
1791	1538	1
1791	67	1
1791	2130	1
1791	815	1
1791	1275	1
1791	1322	1
1791	79	1
1791	1660	1
1791	531	1
1791	2028	1
1791	683	1
1792	431	1
1792	1652	1
1792	815	1
1792	1275	1
1792	2618	1
1792	1897	1
1792	2469	1
1792	1224	1
1792	1772	1
1792	836	1
1792	1315	1
1792	957	1
1792	2982	1
1792	3000	1
1792	2952	1
1792	48	1
1792	738	1
1792	1694	1
1792	2866	1
1792	2675	1
1792	2120	1
1793	1846	1
1793	858	1
1793	2952	1
1793	79	1
1793	48	1
1793	897	1
1793	2628	1
1793	2622	1
1793	531	1
1793	2028	1
1793	2423	1
1793	1226	1
1793	2741	1
1793	1727	1
1794	1538	1
1794	67	1
1794	431	1
1794	2384	1
1794	768	1
1794	1712	1
1794	1751	1
1794	2469	1
1794	1378	1
1794	218	1
1794	2383	1
1794	942	1
1794	57	1
1794	2542	1
1794	2622	1
1794	2132	1
1794	2588	1
1794	1572	1
1794	1660	1
1794	531	1
1794	1244	1
1794	893	1
1794	683	1
1794	2219	1
1794	2120	1
1795	720	1
1795	2215	1
1795	270	1
1795	271	1
1795	1830	1
1795	171	1
1795	840	1
1795	1714	1
1795	991	1
1795	2675	1
1795	357	1
1796	2931	1
1796	431	1
1796	1846	1
1796	240	1
1796	1086	1
1796	2164	1
1796	720	1
1796	2215	1
1796	2448	1
1796	2693	1
1796	2549	1
1796	2684	1
1796	1366	1
1796	486	1
1796	2469	1
1796	2148	1
1796	2393	1
1796	2232	1
1796	2383	1
1796	957	1
1796	942	1
1796	1576	1
1796	25	1
1796	2952	1
1796	840	1
1796	2995	1
1796	1203	1
1796	2058	1
1796	1744	1
1796	2356	1
1796	1660	1
1796	531	1
1796	2158	1
1796	2028	1
1796	184	1
1796	2273	1
1796	1903	1
1796	683	1
1796	1910	1
1797	2469	1
1797	1744	1
1797	2411	1
1797	1660	1
1797	1244	1
1797	2675	1
1798	1061	1
1798	720	1
1798	942	1
1798	840	1
1798	531	1
1798	407	1
1799	1116	1
1799	185	1
1799	840	1
1799	2741	1
1799	2675	1
1800	1061	1
1800	720	1
1800	486	1
1800	185	1
1800	1847	1
1800	1755	1
1800	1830	1
1800	2929	1
1800	1730	1
1800	2163	1
1800	1608	1
1800	840	1
1800	273	1
1800	156	1
1800	2995	1
1800	20	1
1800	2741	1
1800	2675	1
1800	384	1
1800	567	1
1800	1910	1
1801	1660	1
1801	125	1
1801	1132	1
1802	1974	1
1802	486	1
1802	185	1
1802	2469	1
1802	1772	1
1802	1830	1
1802	323	1
1802	942	1
1802	2163	1
1802	1608	1
1802	1018	1
1802	840	1
1802	897	1
1802	2628	1
1802	1660	1
1802	2273	1
1802	407	1
1802	2741	1
1802	384	1
1802	357	1
1802	748	1
1803	185	1
1803	1772	1
1803	1660	1
1803	2273	1
1803	407	1
1803	2675	1
1804	1061	1
1804	1086	1
1804	2215	1
1804	211	1
1804	299	1
1804	2868	1
1804	486	1
1804	185	1
1804	2131	1
1804	942	1
1804	1649	1
1804	25	1
1804	1521	1
1804	2995	1
1804	426	1
1804	29	1
1804	20	1
1804	2273	1
1804	1903	1
1804	2675	1
1804	384	1
1804	2089	1
1804	1156	1
1804	748	1
1805	1846	1
1805	2469	1
1805	1315	1
1805	1587	1
1805	2383	1
1805	795	1
1805	1184	1
1805	2132	1
1805	1660	1
1805	531	1
1805	2252	1
1805	683	1
1805	1727	1
1806	1660	1
1806	2675	1
1807	1585	1
1807	2384	1
1807	1116	1
1807	2618	1
1807	1478	1
1807	878	1
1807	2530	1
1807	239	1
1807	2762	1
1807	835	1
1807	529	1
1807	2239	1
1807	1396	1
1807	1660	1
1807	2327	1
1807	197	1
1807	2221	1
1807	384	1
1807	268	1
1807	1524	1
1807	624	1
1807	1727	1
1808	67	1
1808	1814	1
1808	2327	1
1808	2675	1
1808	2120	1
1809	2469	1
1809	1981	1
1809	125	1
1809	683	1
1809	357	1
1810	67	1
1810	2618	1
1810	1366	1
1810	592	1
1810	319	1
1810	1778	1
1810	892	1
1810	1818	1
1810	1184	1
1810	1814	1
1810	2426	1
1810	531	1
1810	3009	1
1810	893	1
1810	2640	1
1810	2768	1
1810	2120	1
1811	67	1
1811	2618	1
1811	1366	1
1811	1916	1
1811	1772	1
1811	319	1
1811	1778	1
1811	578	1
1811	1818	1
1811	2206	1
1811	1322	1
1811	2542	1
1811	48	1
1811	1303	1
1811	2239	1
1811	2974	1
1811	1184	1
1811	2426	1
1811	1660	1
1811	1820	1
1811	893	1
1811	1626	1
1811	1727	1
1812	1609	1
1812	790	1
1812	1897	1
1812	1322	1
1812	795	1
1812	48	1
1812	509	1
1812	2995	1
1812	2622	1
1812	1814	1
1812	531	1
1812	1614	1
1812	1244	1
1812	1695	1
1812	683	1
1812	2741	1
1812	594	1
1812	1727	1
1813	431	1
1813	2909	1
1813	2215	1
1813	2618	1
1813	917	1
1813	691	1
1813	2549	1
1813	2484	1
1813	449	1
1813	1445	1
1813	1958	1
1813	2209	1
1813	1502	1
1813	2864	1
1813	2530	1
1813	578	1
1813	2383	1
1813	942	1
1813	1163	1
1813	25	1
1813	2952	1
1813	1636	1
1813	840	1
1813	577	1
1813	875	1
1813	1589	1
1813	219	1
1813	1977	1
1813	26	1
1813	263	1
1813	531	1
1813	2813	1
1813	2924	1
1813	2028	1
1813	1623	1
1813	821	1
1813	929	1
1813	660	1
1813	2760	1
1813	407	1
1813	208	1
1813	1347	1
1813	1849	1
1813	785	1
1813	307	1
1813	1048	1
1813	268	1
1813	2597	1
1814	2164	1
1814	720	1
1814	1897	1
1814	2549	1
1814	185	1
1814	2469	1
1814	1772	1
1814	271	1
1814	2948	1
1814	1598	1
1814	836	1
1814	942	1
1814	2391	1
1814	1450	1
1814	1348	1
1814	155	1
1814	1836	1
1814	840	1
1814	2483	1
1814	2622	1
1814	1660	1
1814	1091	1
1814	3007	1
1814	184	1
1814	1623	1
1814	2273	1
1814	660	1
1814	1078	1
1814	407	1
1814	805	1
1814	2889	1
1814	56	1
1814	488	1
1815	67	1
1815	1846	1
1815	2215	1
1815	1897	1
1815	2608	1
1815	2549	1
1815	209	1
1815	2067	1
1815	2469	1
1815	1161	1
1815	836	1
1815	2864	1
1815	2821	1
1815	2383	1
1815	942	1
1815	1943	1
1815	25	1
1815	840	1
1815	1303	1
1815	2058	1
1815	1660	1
1815	1597	1
1815	1091	1
1815	1614	1
1815	660	1
1815	407	1
1815	39	1
1815	2675	1
1815	2889	1
1815	56	1
1816	2332	1
1816	906	1
1816	2164	1
1816	2215	1
1816	200	1
1816	840	1
1816	18	1
1816	738	1
1816	1660	1
1816	2720	1
1816	2784	1
1816	2158	1
1816	1903	1
1816	1143	1
1816	1910	1
1816	357	1
1816	1727	1
1817	1116	1
1818	1322	1
1818	1179	1
1818	683	1
1819	2741	1
1819	1727	1
1820	2884	1
1820	1116	1
1820	2618	1
1820	2717	1
1820	428	1
1820	319	1
1820	2943	1
1820	1777	1
1820	2719	1
1820	578	1
1820	306	1
1820	1157	1
1820	2456	1
1820	1674	1
1820	2066	1
1820	2622	1
1820	2683	1
1820	1814	1
1820	2426	1
1820	2351	1
1820	3009	1
1820	1145	1
1820	2434	1
1820	2768	1
1820	2219	1
1820	230	1
1820	881	1
1820	2120	1
1820	1727	1
1821	431	1
1821	1138	1
1821	2741	1
1821	2675	1
1822	2384	1
1822	463	1
1822	2006	1
1822	2239	1
1822	1396	1
1822	531	1
1822	2327	1
1822	2741	1
1822	2675	1
1823	67	1
1823	186	1
1823	1445	1
1823	2232	1
1823	762	1
1823	2622	1
1823	1703	1
1823	101	1
1823	531	1
1823	1382	1
1823	2675	1
1823	1727	1
1824	1778	1
1824	1727	1
1825	2384	1
1825	2148	1
1825	2432	1
1825	2239	1
1825	2622	1
1825	531	1
1826	2432	1
1826	2622	1
1826	7	1
1827	431	1
1827	1371	1
1827	2232	1
1827	2708	1
1827	1138	1
1827	531	1
1827	2675	1
1827	1727	1
1828	67	1
1828	2384	1
1828	2298	1
1828	1116	1
1828	2618	1
1828	1371	1
1828	1587	1
1828	2232	1
1828	2383	1
1828	2690	1
1828	1905	1
1828	2081	1
1828	48	1
1828	1744	1
1828	1693	1
1828	1660	1
1828	2590	1
1828	2741	1
1828	2675	1
1828	384	1
1828	2120	1
1828	1035	1
1828	357	1
1829	431	1
1829	2384	1
1829	2148	1
1829	2530	1
1829	1322	1
1829	48	1
1829	2239	1
1829	2622	1
1829	44	1
1829	531	1
1829	66	1
1829	2327	1
1829	2495	1
1829	1695	1
1829	2120	1
1829	1727	1
1830	2148	1
1830	1106	1
1831	2380	1
1831	1974	1
1831	2549	1
1831	2469	1
1831	652	1
1831	2864	1
1831	25	1
1831	2952	1
1831	1322	1
1831	48	1
1831	1674	1
1831	2974	1
1831	531	1
1831	1614	1
1831	475	1
1831	384	1
1832	1179	1
1832	1138	1
1833	1179	1
1833	1184	1
1833	2120	1
1834	1897	1
1834	531	1
1834	1910	1
1835	1585	1
1835	2969	1
1835	385	1
1835	2148	1
1835	1113	1
1835	239	1
1835	1081	1
1835	1385	1
1835	1136	1
1835	2622	1
1835	506	1
1835	301	1
1835	566	1
1835	2741	1
1835	2221	1
1835	159	1
1835	1727	1
1836	669	1
1836	369	1
1836	221	1
1836	2381	1
1836	2215	1
1836	2196	1
1836	1897	1
1836	2279	1
1836	609	1
1836	2469	1
1836	1630	1
1836	1713	1
1836	2393	1
1836	435	1
1836	1443	1
1836	2403	1
1836	2867	1
1836	1315	1
1836	1295	1
1836	578	1
1836	2660	1
1836	942	1
1836	1163	1
1836	128	1
1836	217	1
1836	413	1
1836	2952	1
1836	1322	1
1836	2739	1
1836	1548	1
1836	939	1
1836	840	1
1836	235	1
1836	1138	1
1836	1674	1
1836	2622	1
1836	2871	1
1836	620	1
1836	2441	1
1836	1184	1
1836	947	1
1836	1660	1
1836	1033	1
1836	1820	1
1836	1272	1
1836	125	1
1836	2324	1
1836	407	1
1836	1381	1
1836	2675	1
1836	594	1
1836	515	1
1836	1727	1
1837	1778	1
1837	531	1
1838	537	1
1838	372	1
1838	2744	1
1839	1116	1
1839	531	1
1839	1727	1
1840	1322	1
1840	48	1
1840	2622	1
1840	2411	1
1840	2604	1
1840	1727	1
1841	1086	1
1841	2469	1
1841	2952	1
1841	125	1
1841	531	1
1841	1244	1
1841	2327	1
1841	2675	1
1842	1179	1
1842	531	1
1843	652	1
1843	1847	1
1843	1608	1
1843	1184	1
1843	20	1
1844	1086	1
1844	1366	1
1844	1744	1
1844	2784	1
1844	357	1
1845	2549	1
1845	652	1
1845	2675	1
1846	2768	1
1846	1106	1
1846	1727	1
1847	1744	1
1847	1258	1
1847	1660	1
1848	1624	1
1848	2758	1
1848	2384	1
1848	2215	1
1848	2279	1
1848	2549	1
1848	1594	1
1848	2469	1
1848	1443	1
1848	2530	1
1848	1295	1
1848	2660	1
1848	942	1
1848	1666	1
1848	217	1
1848	1818	1
1848	2206	1
1848	2757	1
1848	48	1
1848	235	1
1848	509	1
1848	1744	1
1848	2871	1
1848	1820	1
1848	125	1
1848	358	1
1848	2324	1
1848	1679	1
1848	2262	1
1848	893	1
1848	2273	1
1848	1300	1
1849	579	1
1850	1116	1
1850	2549	1
1850	1649	1
1850	1800	1
1850	795	1
1850	1018	1
1850	1303	1
1850	1674	1
1850	579	1
1850	531	1
1850	1614	1
1850	460	1
1850	2741	1
1850	2302	1
1850	2089	1
1850	748	1
1851	2046	1
1851	2707	1
1851	384	1
1851	2302	1
1851	2089	1
1852	1116	1
1852	531	1
1853	1116	1
1853	2741	1
1854	1906	1
1854	2549	1
1854	1366	1
1854	331	1
1854	2753	1
1854	2520	1
1854	2383	1
1854	2151	1
1854	2904	1
1854	540	1
1854	276	1
1854	860	1
1854	2017	1
1854	1815	1
1855	76	1
1855	25	1
1855	2550	1
1855	1668	1
1856	2549	1
1856	578	1
1856	1303	1
1856	2622	1
1856	1660	1
1856	2273	1
1857	578	1
1857	2675	1
1858	815	1
1858	578	1
1858	2675	1
1858	1727	1
1859	67	1
1859	652	1
1859	578	1
1859	2675	1
1860	67	1
1860	652	1
1860	1660	1
1860	2675	1
1861	652	1
1861	578	1
1861	2675	1
1862	652	1
1862	1744	1
1862	2675	1
1863	879	1
1863	531	1
1863	2675	1
1864	2675	1
1865	1116	1
1865	1660	1
1865	531	1
1866	879	1
1866	1744	1
1866	2622	1
1866	2675	1
1867	879	1
1867	1744	1
1867	531	1
1867	2675	1
1868	879	1
1868	1744	1
1868	2622	1
1868	531	1
1869	2549	1
1869	652	1
1869	1660	1
1869	2675	1
1870	67	1
1870	652	1
1870	2675	1
1871	67	1
1871	2469	1
1871	652	1
1871	942	1
1871	2952	1
1871	1744	1
1871	1660	1
1872	67	1
1872	652	1
1872	1744	1
1872	2675	1
1873	2215	1
1873	2707	1
1873	428	1
1873	531	1
1874	2549	1
1874	531	1
1875	2401	1
1875	1359	1
1875	1537	1
1875	531	1
1876	2549	1
1876	795	1
1876	531	1
1877	310	1
1877	67	1
1877	724	1
1877	1726	1
1877	1206	1
1877	768	1
1877	2082	1
1877	2754	1
1877	2469	1
1877	2148	1
1877	1223	1
1877	2033	1
1877	1778	1
1877	2232	1
1877	360	1
1877	2383	1
1877	957	1
1877	2916	1
1877	3004	1
1877	1139	1
1877	747	1
1877	387	1
1877	1138	1
1877	95	1
1877	1184	1
1877	2428	1
1877	531	1
1877	2600	1
1877	1614	1
1877	1640	1
1877	2590	1
1877	2077	1
1877	874	1
1877	1727	1
1878	2215	1
1878	1383	1
1878	2549	1
1878	1803	1
1878	1649	1
1878	25	1
1878	1744	1
1878	1207	1
1878	1512	1
1878	1660	1
1878	1607	1
1878	2740	1
1878	638	1
1878	2675	1
1878	1910	1
1879	2129	1
1879	67	1
1879	431	1
1879	1366	1
1879	10	1
1879	1322	1
1879	1138	1
1879	1258	1
1879	1244	1
1880	369	1
1880	67	1
1880	1116	1
1880	1315	1
1880	2038	1
1880	2134	1
1880	1770	1
1880	48	1
1880	50	1
1880	1258	1
1880	1515	1
1881	652	1
1882	372	1
1882	652	1
1883	67	1
1883	2622	1
1883	531	1
1883	2675	1
1883	1727	1
1884	372	1
1884	2864	1
1884	2952	1
1884	1660	1
1884	2675	1
1885	2675	1
1886	67	1
1886	2549	1
1886	1660	1
1886	531	1
1886	2675	1
1887	652	1
1887	879	1
1887	1744	1
1887	2622	1
1887	1660	1
1888	67	1
1888	372	1
1888	1649	1
1889	2952	1
1889	2622	1
1889	1660	1
1890	67	1
1890	372	1
1890	2549	1
1890	652	1
1890	2675	1
1891	652	1
1892	67	1
1892	815	1
1892	372	1
1892	2675	1
1893	652	1
1894	476	1
1894	849	1
1894	254	1
1894	654	1
1894	2756	1
1894	1878	1
1894	2071	1
1894	1649	1
1894	25	1
1894	1770	1
1894	721	1
1894	1320	1
1894	1033	1
1894	77	1
1894	520	1
1894	2235	1
1894	527	1
1894	1237	1
1894	2889	1
1895	652	1
1896	652	1
1896	2675	1
1897	652	1
1897	1303	1
1897	1660	1
1897	2675	1
1898	1778	1
1898	531	1
1899	1554	1
1899	428	1
1899	25	1
1899	1610	1
1899	1875	1
1899	1320	1
1899	2257	1
1899	461	1
1899	531	1
1899	2921	1
1899	2913	1
1899	2889	1
1899	134	1
1900	25	1
1900	897	1
1900	2841	1
1901	372	1
1901	2383	1
1901	942	1
1901	1138	1
1901	2622	1
1901	2076	1
1901	2077	1
1902	1979	1
1902	2740	1
1903	310	1
1903	1736	1
1903	1315	1
1903	1084	1
1903	2952	1
1903	48	1
1903	531	1
1903	1614	1
1904	1116	1
1904	1632	1
1904	958	1
1904	2929	1
1904	239	1
1904	1770	1
1904	1831	1
1904	2329	1
1904	1136	1
1904	2622	1
1904	506	1
1904	1253	1
1904	1019	1
1904	230	1
1904	268	1
1905	2618	1
1905	79	1
1905	683	1
1906	2618	1
1906	2232	1
1906	1322	1
1906	48	1
1906	1138	1
1906	531	1
1906	66	1
1906	893	1
1906	2604	1
1906	2120	1
1906	1727	1
1907	1778	1
1907	531	1
1908	2618	1
1908	1778	1
1908	531	1
1908	66	1
1909	67	1
1909	782	1
1909	2251	1
1909	878	1
1909	1778	1
1909	2952	1
1909	66	1
1910	2618	1
1911	2622	1
1911	1614	1
1911	66	1
1911	2120	1
1911	1727	1
1912	2618	1
1913	2618	1
1913	1778	1
1914	2618	1
1914	1778	1
1915	1778	1
1915	1138	1
1915	531	1
1915	1614	1
1915	66	1
1916	2618	1
1916	1778	1
1917	2618	1
1917	1778	1
1917	531	1
1917	1727	1
1918	1778	1
1919	1778	1
1920	2618	1
1920	1778	1
1920	531	1
1920	2120	1
1921	67	1
1921	1778	1
1921	2622	1
1921	531	1
1921	2120	1
1922	67	1
1922	1846	1
1922	2251	1
1922	1778	1
1922	795	1
1922	531	1
1923	67	1
1923	2618	1
1923	1322	1
1923	2276	1
1923	2622	1
1923	1309	1
1923	1614	1
1923	1727	1
1924	2618	1
1924	1322	1
1924	2622	1
1924	531	1
1924	1727	1
1925	67	1
1925	1778	1
1925	2622	1
1925	2120	1
1926	2618	1
1926	1778	1
1926	531	1
1926	2120	1
1927	2618	1
1927	1778	1
1927	2622	1
1927	531	1
1928	2618	1
1928	2622	1
1928	66	1
1928	2120	1
1929	2618	1
1929	1778	1
1929	1727	1
1930	1778	1
1930	1727	1
1931	1116	1
1932	2380	1
1932	2381	1
1932	2314	1
1932	2440	1
1932	2448	1
1932	585	1
1932	2079	1
1932	2649	1
1932	836	1
1932	2232	1
1932	2861	1
1932	548	1
1932	2560	1
1932	2383	1
1932	1216	1
1932	942	1
1932	2952	1
1932	1322	1
1932	2542	1
1932	2564	1
1932	48	1
1932	1303	1
1932	2239	1
1932	2199	1
1932	1660	1
1932	125	1
1932	2600	1
1932	2817	1
1932	2866	1
1932	683	1
1932	1947	1
1933	1116	1
1933	531	1
1933	893	1
1933	2675	1
1933	384	1
1934	1116	1
1934	2929	1
1934	2622	1
1934	1396	1
1934	531	1
1934	506	1
1934	2741	1
1934	2675	1
1934	384	1
1935	67	1
1935	211	1
1935	2622	1
1935	531	1
1935	2741	1
1935	2675	1
1935	384	1
1935	1727	1
1936	1778	1
1936	1393	1
1937	1778	1
1937	1138	1
1937	531	1
1937	2077	1
1938	1538	1
1938	2618	1
1938	2251	1
1938	1778	1
1938	1138	1
1938	2077	1
1938	1727	1
1939	2618	1
1939	1778	1
1939	2077	1
1940	1538	1
1940	1778	1
1940	2077	1
1940	1727	1
1941	1138	1
1942	1778	1
1942	1138	1
1943	1778	1
1943	1138	1
1943	531	1
1944	2618	1
1944	1778	1
1945	2707	1
1945	475	1
1946	1116	1
1946	2707	1
1947	1116	1
1947	2707	1
1948	1116	1
1948	211	1
1948	66	1
1948	2675	1
1949	1778	1
1950	1778	1
1950	2083	1
1951	67	1
1951	1116	1
1951	2618	1
1951	3025	1
1951	2549	1
1951	1191	1
1951	1138	1
1951	531	1
1951	893	1
1952	1778	1
1952	531	1
1952	1614	1
1952	683	1
1953	1116	1
1953	2215	1
1953	1184	1
1953	475	1
1954	2618	1
1954	66	1
1955	1778	1
1956	1116	1
1956	1778	1
1956	1614	1
1956	1727	1
1957	2618	1
1957	2251	1
1957	531	1
1957	66	1
1958	1778	1
1958	1393	1
1958	1727	1
1959	1538	1
1959	782	1
1959	1223	1
1959	1315	1
1959	1138	1
1959	1744	1
1959	2239	1
1959	7	1
1959	1614	1
1959	66	1
1959	893	1
1959	1727	1
1960	463	1
1960	782	1
1960	2251	1
1960	2148	1
1960	2530	1
1960	1778	1
1960	1649	1
1960	48	1
1960	1424	1
1960	531	1
1960	66	1
1960	2327	1
1960	2120	1
1960	1727	1
1961	2618	1
1961	782	1
1961	1445	1
1961	1778	1
1961	795	1
1961	48	1
1961	1138	1
1961	7	1
1961	1614	1
1961	66	1
1961	893	1
1961	2768	1
1962	1778	1
1962	1393	1
1962	1727	1
1963	2148	1
1963	1778	1
1963	2952	1
1963	2622	1
1963	531	1
1963	1614	1
1963	66	1
1963	893	1
1963	2120	1
1964	1778	1
1964	1138	1
1964	531	1
1965	384	1
1966	2215	1
1966	2864	1
1967	25	1
1967	2622	1
1967	2740	1
1968	2707	1
1968	1359	1
1968	531	1
1968	2740	1
1969	2549	1
1969	1359	1
1969	48	1
1970	669	1
1970	67	1
1970	2549	1
1970	2469	1
1970	2403	1
1970	261	1
1970	1666	1
1970	2514	1
1970	48	1
1970	840	1
1970	947	1
1970	2028	1
1970	184	1
1970	2664	1
1970	2675	1
1970	2120	1
1971	2707	1
1971	2067	1
1971	1359	1
1972	2740	1
1973	2740	1
1974	25	1
1974	2740	1
1975	25	1
1975	2740	1
1976	849	1
1976	2707	1
1976	1770	1
1976	795	1
1976	1184	1
1976	1396	1
1976	1258	1
1976	531	1
1976	384	1
1976	2302	1
1976	1573	1
1977	2707	1
1977	502	1
1977	2675	1
1977	1573	1
1978	1800	1
1978	20	1
1978	2558	1
1978	2675	1
1979	849	1
1979	2046	1
1979	2707	1
1979	2952	1
1979	1006	1
1979	1770	1
1979	795	1
1979	48	1
1979	2653	1
1979	1258	1
1979	1660	1
1979	531	1
1979	1614	1
1979	2558	1
1979	683	1
1979	2675	1
1979	384	1
1980	2707	1
1980	1573	1
1981	2707	1
1981	384	1
1981	2302	1
1981	1573	1
1982	1608	1
1983	795	1
1983	1674	1
1983	531	1
1983	384	1
1984	1660	1
1984	2675	1
1985	2675	1
1986	2549	1
1986	261	1
1986	2622	1
1986	1660	1
1987	2675	1
1988	2675	1
1989	2675	1
1990	2675	1
1991	2232	1
1991	261	1
1991	2675	1
1992	2675	1
1993	2675	1
1994	2675	1
1995	261	1
1995	340	1
1996	2550	1
1997	2549	1
1997	1800	1
1997	340	1
1997	531	1
1997	1382	1
1998	2707	1
1999	2741	1
2000	2549	1
2000	2707	1
2000	1988	1
2000	2383	1
2000	25	1
2000	2659	1
2000	1184	1
2000	1066	1
2000	1304	1
2001	2067	1
2001	2864	1
2001	2383	1
2001	2952	1
2001	1303	1
2001	1660	1
2001	531	1
2001	1597	1
2001	2273	1
2002	1538	1
2002	67	1
2002	2549	1
2002	1315	1
2002	2232	1
2002	2383	1
2002	2622	1
2002	2411	1
2002	713	1
2002	1660	1
2002	531	1
2002	1614	1
2002	536	1
2002	883	1
2002	2077	1
2002	683	1
2002	2120	1
2002	1727	1
2003	2134	1
2003	1090	1
2003	1607	1
2004	786	1
2004	1063	1
2004	261	1
2004	1770	1
2004	2585	1
2004	1935	1
2004	1410	1
2004	2741	1
2005	510	1
2005	720	1
2005	2510	1
2005	2549	1
2005	173	1
2005	486	1
2005	1204	1
2005	1945	1
2005	786	1
2005	1953	1
2005	2014	1
2005	107	1
2005	2953	1
2005	2864	1
2005	1063	1
2005	2383	1
2005	201	1
2005	261	1
2005	2750	1
2005	1353	1
2005	1985	1
2005	2615	1
2005	2238	1
2005	795	1
2005	559	1
2005	2808	1
2005	457	1
2005	2581	1
2005	992	1
2005	1543	1
2005	2681	1
2005	1486	1
2005	1389	1
2005	2622	1
2005	614	1
2005	2695	1
2005	2987	1
2005	2585	1
2005	2188	1
2005	1660	1
2005	1033	1
2005	531	1
2005	827	1
2005	2028	1
2005	755	1
2005	2983	1
2005	2272	1
2005	1046	1
2005	1410	1
2005	208	1
2005	35	1
2005	1087	1
2005	1898	1
2005	2925	1
2006	1819	1
2006	1897	1
2006	786	1
2006	1063	1
2006	942	1
2006	416	1
2006	1353	1
2006	2238	1
2006	1770	1
2006	1543	1
2006	1389	1
2006	952	1
2006	614	1
2006	1935	1
2006	1046	1
2006	407	1
2007	720	1
2007	2215	1
2007	556	1
2007	786	1
2007	1063	1
2007	1770	1
2007	992	1
2007	840	1
2007	1935	1
2007	1046	1
2007	1410	1
2007	407	1
2008	2741	1
2009	849	1
2009	347	1
2009	537	1
2009	2215	1
2009	270	1
2009	2549	1
2009	200	1
2009	1224	1
2009	1719	1
2009	2	1
2009	2474	1
2009	271	1
2009	2953	1
2009	2952	1
2009	840	1
2009	1744	1
2009	2622	1
2009	2857	1
2009	531	1
2009	716	1
2009	1979	1
2009	308	1
2009	2741	1
2009	1727	1
2010	111	1
2010	2628	1
2010	2741	1
2011	310	1
2011	327	1
2011	2314	1
2011	1569	1
2011	918	1
2011	2549	1
2011	2383	1
2011	2952	1
2011	48	1
2011	1138	1
2011	2351	1
2011	531	1
2011	2600	1
2011	1832	1
2012	669	1
2012	327	1
2012	67	1
2012	431	1
2012	266	1
2012	2314	1
2012	2448	1
2012	585	1
2012	1371	1
2012	2549	1
2012	2079	1
2012	2469	1
2012	2393	1
2012	2867	1
2012	1587	1
2012	2861	1
2012	1278	1
2012	942	1
2012	3000	1
2012	261	1
2012	2952	1
2012	544	1
2012	1384	1
2012	57	1
2012	1322	1
2012	2376	1
2012	659	1
2012	48	1
2012	1138	1
2012	1501	1
2012	1744	1
2012	2622	1
2012	1814	1
2012	2351	1
2012	2132	1
2012	1660	1
2012	125	1
2012	1614	1
2012	1009	1
2012	2866	1
2012	1903	1
2012	2077	1
2012	344	1
2012	2496	1
2012	1727	1
2013	2707	1
2014	2707	1
2015	2332	1
2015	2365	1
2015	906	1
2015	270	1
2015	2469	1
2015	2393	1
2015	1772	1
2015	942	1
2015	1450	1
2015	151	1
2015	2999	1
2015	1203	1
2015	738	1
2015	1660	1
2015	1091	1
2015	2030	1
2015	2273	1
2016	1846	1
2016	1116	1
2016	1443	1
2016	2156	1
2016	97	1
2016	217	1
2016	2952	1
2016	2518	1
2016	2769	1
2016	662	1
2016	225	1
2016	1203	1
2016	709	1
2016	1184	1
2016	1814	1
2016	792	1
2016	1249	1
2016	2132	1
2016	1033	1
2016	531	1
2016	964	1
2016	1947	1
2017	94	1
2017	2969	1
2017	364	1
2017	1376	1
2017	2618	1
2017	1988	1
2017	2264	1
2017	271	1
2017	319	1
2017	2477	1
2017	2607	1
2017	2952	1
2017	51	1
2017	1081	1
2017	2358	1
2017	2002	1
2017	2631	1
2017	1770	1
2017	1385	1
2017	1951	1
2017	1138	1
2017	621	1
2017	637	1
2017	1734	1
2017	1660	1
2017	531	1
2017	1873	1
2017	506	1
2017	987	1
2017	443	1
2017	2327	1
2017	2741	1
2017	2221	1
2018	1934	1
2018	906	1
2018	1667	1
2018	240	1
2018	2164	1
2018	1341	1
2018	2845	1
2018	2549	1
2018	111	1
2018	2469	1
2018	2218	1
2018	454	1
2018	2474	1
2018	2222	1
2018	2864	1
2018	1649	1
2018	2952	1
2018	2250	1
2018	1168	1
2018	1774	1
2018	2819	1
2018	1258	1
2018	531	1
2018	2158	1
2018	2104	1
2018	2760	1
2018	710	1
2018	1695	1
2018	989	1
2018	2855	1
2019	2332	1
2019	240	1
2019	2592	1
2019	720	1
2019	2215	1
2019	2469	1
2019	793	1
2019	2218	1
2019	2474	1
2019	271	1
2019	2864	1
2019	2124	1
2019	25	1
2019	2250	1
2019	1168	1
2019	840	1
2019	2718	1
2019	340	1
2019	838	1
2019	763	1
2019	2104	1
2019	2069	1
2019	802	1
2019	989	1
2019	2855	1
2019	357	1
2019	1908	1
2020	2549	1
2020	2124	1
2020	261	1
2020	340	1
2021	906	1
2021	2592	1
2021	1351	1
2021	2469	1
2021	793	1
2021	519	1
2021	2124	1
2021	261	1
2021	2710	1
2021	1168	1
2021	340	1
2021	2573	1
2021	2460	1
2021	18	1
2021	1597	1
2021	1089	1
2021	2104	1
2021	802	1
2021	2652	1
2021	1908	1
2022	906	1
2022	240	1
2022	1086	1
2022	2549	1
2022	185	1
2022	3027	1
2022	454	1
2022	261	1
2022	1196	1
2022	620	1
2022	2857	1
2022	18	1
2022	531	1
2022	2306	1
2022	2078	1
2022	1089	1
2022	2784	1
2022	1219	1
2022	2760	1
2022	802	1
2022	56	1
2022	357	1
2022	1908	1
2023	1934	1
2023	942	1
2023	261	1
2023	1258	1
2023	802	1
2024	2124	1
2024	2718	1
2024	340	1
2024	357	1
2025	1359	1
2026	2707	1
2027	849	1
2027	1376	1
2027	886	1
2027	2148	1
2027	51	1
2027	2622	1
2027	1734	1
2027	1660	1
2027	531	1
2027	506	1
2027	566	1
2027	2741	1
2028	1632	1
2028	1376	1
2028	1366	1
2028	412	1
2028	313	1
2028	51	1
2028	1081	1
2028	835	1
2028	1485	1
2028	512	1
2028	1508	1
2028	1136	1
2028	621	1
2028	2622	1
2028	1734	1
2028	531	1
2028	1452	1
2028	506	1
2028	2327	1
2028	1019	1
2029	1847	1
2029	38	1
2029	2074	1
2030	1086	1
2030	463	1
2030	782	1
2030	2549	1
2030	185	1
2030	2469	1
2030	2867	1
2030	547	1
2030	942	1
2030	25	1
2030	413	1
2030	1744	1
2030	1660	1
2030	1947	1
2030	594	1
2031	2549	1
2031	10	1
2031	2864	1
2031	1614	1
2032	1778	1
2032	795	1
2032	66	1
2032	2120	1
2033	66	1
2034	1778	1
2034	66	1
2035	431	1
2035	782	1
2035	1778	1
2035	2239	1
2036	1778	1
2036	66	1
2037	67	1
2037	2618	1
2037	2251	1
2037	578	1
2037	942	1
2037	1744	1
2037	2239	1
2037	2622	1
2037	1981	1
2037	531	1
2037	536	1
2037	2434	1
2037	2768	1
2037	2675	1
2038	1778	1
2038	66	1
2039	2046	1
2039	2549	1
2039	1443	1
2039	1649	1
2039	531	1
2039	2675	1
2040	1897	1
2040	2469	1
2040	2891	1
2040	840	1
2040	1660	1
2041	2046	1
2042	2707	1
2043	1778	1
2043	2582	1
2043	536	1
2044	2129	1
2044	2314	1
2044	1086	1
2044	372	1
2044	2549	1
2044	1428	1
2044	2469	1
2044	868	1
2044	1032	1
2044	578	1
2044	2383	1
2044	942	1
2044	2952	1
2044	747	1
2044	2345	1
2044	1744	1
2044	2199	1
2044	713	1
2044	1258	1
2044	531	1
2044	1614	1
2044	1931	1
2044	883	1
2044	683	1
2044	2675	1
2044	1529	1
2044	1727	1
2045	2707	1
2046	2867	1
2046	1322	1
2046	48	1
2046	531	1
2046	2675	1
2046	384	1
2046	2302	1
2046	1727	1
2047	67	1
2047	1366	1
2047	319	1
2047	2383	1
2047	2952	1
2047	1138	1
2047	2327	1
2047	1145	1
2047	2077	1
2047	2768	1
2047	384	1
2048	67	1
2048	2384	1
2048	2381	1
2048	240	1
2048	2448	1
2048	2618	1
2048	1366	1
2048	2864	1
2048	1286	1
2048	2719	1
2048	578	1
2048	2383	1
2048	1649	1
2048	1800	1
2048	57	1
2048	2165	1
2048	48	1
2048	2628	1
2048	2995	1
2048	1138	1
2048	1744	1
2048	1184	1
2048	1814	1
2048	2320	1
2048	1033	1
2048	297	1
2048	358	1
2048	1614	1
2048	2327	1
2048	2028	1
2048	2817	1
2048	391	1
2048	683	1
2048	2741	1
2048	2302	1
2048	1910	1
2049	625	1
2049	2383	1
2049	2366	1
2049	2952	1
2049	2628	1
2049	531	1
2049	964	1
2049	2302	1
2050	2384	1
2050	2381	1
2050	2618	1
2050	463	1
2050	782	1
2050	2549	1
2050	1378	1
2050	2867	1
2050	2383	1
2050	261	1
2050	1744	1
2050	1660	1
2050	531	1
2050	1614	1
2050	1244	1
2050	893	1
2050	683	1
2050	1381	1
2050	2675	1
2051	1632	1
2051	2618	1
2051	210	1
2051	463	1
2051	2264	1
2051	470	1
2051	2477	1
2051	2982	1
2051	51	1
2051	1565	1
2051	479	1
2051	629	1
2051	1831	1
2051	48	1
2051	1138	1
2051	1136	1
2051	2622	1
2051	2426	1
2051	2181	1
2051	506	1
2051	869	1
2051	1253	1
2051	197	1
2051	2221	1
2051	2675	1
2051	2263	1
2051	2420	1
2052	1478	1
2052	1113	1
2052	3020	1
2052	464	1
2052	51	1
2052	1565	1
2052	1136	1
2052	301	1
2052	2221	1
2052	230	1
2052	2675	1
2052	268	1
2053	67	1
2053	1086	1
2053	720	1
2053	2618	1
2053	463	1
2053	2549	1
2053	2469	1
2053	1580	1
2053	578	1
2053	261	1
2053	2366	1
2053	2952	1
2053	1013	1
2053	48	1
2053	840	1
2053	1744	1
2053	1184	1
2053	1258	1
2053	1660	1
2053	531	1
2053	1489	1
2053	1244	1
2053	2327	1
2053	2784	1
2053	1377	1
2053	1727	1
2054	1061	1
2054	689	1
2054	815	1
2054	2549	1
2054	2707	1
2054	1560	1
2054	25	1
2054	2904	1
2054	375	1
2054	552	1
2054	2622	1
2054	531	1
2054	1422	1
2054	59	1
2055	698	1
2055	2307	1
2055	1867	1
2055	67	1
2055	2384	1
2055	2661	1
2055	689	1
2055	815	1
2055	1710	1
2055	906	1
2055	2343	1
2055	2842	1
2055	1086	1
2055	796	1
2055	1737	1
2055	2112	1
2055	537	1
2055	2164	1
2055	1047	1
2055	945	1
2055	2355	1
2055	2693	1
2055	2827	1
2055	749	1
2055	299	1
2055	202	1
2055	1022	1
2055	2643	1
2055	911	1
2055	2549	1
2055	2578	1
2055	1386	1
2055	2684	1
2055	1656	1
2055	2067	1
2055	486	1
2055	111	1
2055	1160	1
2055	2469	1
2055	200	1
2055	1224	1
2055	1973	1
2055	519	1
2055	2	1
2055	1161	1
2055	2474	1
2055	328	1
2055	2393	1
2055	1837	1
2055	2222	1
2055	362	1
2055	2847	1
2055	2403	1
2055	1281	1
2055	1539	1
2055	1349	1
2055	1598	1
2055	1830	1
2055	836	1
2055	2829	1
2055	2864	1
2055	470	1
2055	2838	1
2055	2833	1
2055	42	1
2055	2179	1
2055	338	1
2055	462	1
2055	374	1
2055	949	1
2055	2534	1
2055	622	1
2055	1298	1
2055	1780	1
2055	942	1
2055	113	1
2055	632	1
2055	1405	1
2055	75	1
2055	1467	1
2055	1520	1
2055	672	1
2055	2792	1
2055	1649	1
2055	261	1
2055	1370	1
2055	1943	1
2055	25	1
2055	2748	1
2055	1510	1
2055	1450	1
2055	2435	1
2055	2250	1
2055	2853	1
2055	1308	1
2055	1322	1
2055	2779	1
2055	1883	1
2055	1770	1
2055	604	1
2055	926	1
2055	2805	1
2055	2139	1
2055	193	1
2055	433	1
2055	876	1
2055	1960	1
2055	1305	1
2055	2414	1
2055	1552	1
2055	1919	1
2055	1781	1
2055	151	1
2055	801	1
2055	2171	1
2055	641	1
2055	659	1
2055	279	1
2055	2449	1
2055	326	1
2055	2300	1
2055	1861	1
2055	1589	1
2055	2995	1
2055	1138	1
2055	1203	1
2055	1618	1
2055	1674	1
2055	1	1
2055	1259	1
2055	1023	1
2055	1197	1
2055	1070	1
2055	2857	1
2055	1814	1
2055	1095	1
2055	971	1
2055	1516	1
2055	873	1
2055	3005	1
2055	1212	1
2055	685	1
2055	2320	1
2055	837	1
2055	1691	1
2055	1279	1
2055	2947	1
2055	2850	1
2055	738	1
2055	2428	1
2055	2175	1
2055	2188	1
2055	1597	1
2055	2789	1
2055	560	1
2055	358	1
2055	1091	1
2055	1721	1
2055	1244	1
2055	2515	1
2055	2784	1
2055	142	1
2055	3007	1
2055	2158	1
2055	541	1
2055	350	1
2055	2028	1
2055	1065	1
2055	1219	1
2055	2333	1
2055	184	1
2055	2879	1
2055	2304	1
2055	2781	1
2055	2619	1
2055	960	1
2055	2122	1
2055	131	1
2055	2760	1
2055	527	1
2055	153	1
2055	802	1
2055	1979	1
2055	1903	1
2055	446	1
2055	872	1
2055	683	1
2055	1381	1
2055	940	1
2055	61	1
2055	46	1
2055	535	1
2055	307	1
2055	2937	1
2055	140	1
2055	1910	1
2055	56	1
2055	2348	1
2055	2812	1
2055	2334	1
2055	83	1
2055	1727	1
2055	1908	1
2056	720	1
2056	1897	1
2056	271	1
2056	1740	1
2056	2628	1
2056	1660	1
2056	407	1
2057	815	1
2057	2469	1
2057	2864	1
2057	2383	1
2057	2628	1
2057	2194	1
2057	1660	1
2057	59	1
2057	29	1
2057	2158	1
2057	1382	1
2057	2741	1
2057	2675	1
2057	384	1
2058	1315	1
2058	1179	1
2058	1138	1
2058	531	1
2059	2675	1
2060	1366	1
2060	1778	1
2060	1244	1
2060	2768	1
2060	2120	1
2061	652	1
2061	1359	1
2061	942	1
2061	2740	1
2061	475	1
2062	878	1
2062	1778	1
2062	261	1
2062	1322	1
2062	48	1
2062	883	1
2063	2931	1
2063	1086	1
2063	463	1
2063	1366	1
2063	652	1
2063	261	1
2063	2952	1
2063	2514	1
2063	2622	1
2063	1660	1
2063	531	1
2063	1614	1
2063	2273	1
2063	2781	1
2063	2077	1
2063	2768	1
2063	2120	1
2064	67	1
2064	2215	1
2064	372	1
2064	1322	1
2064	3006	1
2064	1138	1
2064	531	1
2064	1614	1
2064	1727	1
2065	1116	1
2065	2215	1
2065	2549	1
2065	2383	1
2065	1608	1
2065	48	1
2065	1303	1
2065	1674	1
2065	2622	1
2065	1184	1
2065	1660	1
2065	407	1
2065	2741	1
2065	1480	1
2066	67	1
2066	1846	1
2066	1275	1
2066	2549	1
2066	2469	1
2066	2383	1
2066	1990	1
2066	1138	1
2066	1744	1
2066	531	1
2066	66	1
2066	2077	1
2066	2768	1
2067	1778	1
2067	1660	1
2067	531	1
2068	2549	1
2068	1322	1
2068	2077	1
2068	2675	1
2068	384	1
2069	67	1
2069	1778	1
2069	2622	1
2069	1106	1
2070	67	1
2070	2549	1
2070	2469	1
2070	1778	1
2070	2622	1
2070	2132	1
2071	1315	1
2071	1778	1
2071	1322	1
2071	48	1
2071	2622	1
2071	66	1
2071	2434	1
2071	2768	1
2071	1727	1
2072	431	1
2072	2164	1
2072	720	1
2072	270	1
2072	2549	1
2072	1921	1
2072	185	1
2072	2829	1
2072	578	1
2072	1649	1
2072	25	1
2072	2952	1
2072	2283	1
2072	1674	1
2072	1660	1
2072	531	1
2072	1614	1
2072	683	1
2072	1727	1
2073	2618	1
2073	1778	1
2073	48	1
2073	2239	1
2073	2622	1
2073	2768	1
2074	67	1
2074	531	1
2074	2675	1
2074	2120	1
2075	1315	1
2075	48	1
2075	713	1
2075	2675	1
2076	67	1
2076	2383	1
2076	48	1
2076	1138	1
2076	531	1
2077	67	1
2077	431	1
2077	2549	1
2077	133	1
2077	2952	1
2077	1322	1
2077	48	1
2077	1660	1
2077	125	1
2077	531	1
2077	893	1
2077	2077	1
2077	683	1
2077	2768	1
2077	2675	1
2077	1727	1
2078	67	1
2078	1778	1
2078	2622	1
2079	1538	1
2079	67	1
2079	431	1
2079	2380	1
2079	2618	1
2079	782	1
2079	2549	1
2079	2148	1
2079	2232	1
2079	1278	1
2079	578	1
2079	2383	1
2079	840	1
2079	1138	1
2079	2239	1
2079	713	1
2079	1820	1
2079	66	1
2079	2417	1
2079	893	1
2079	2273	1
2079	683	1
2079	2768	1
2079	2675	1
2079	2120	1
2079	1727	1
2080	2618	1
2080	1315	1
2080	1778	1
2080	2232	1
2080	957	1
2080	1138	1
2080	2622	1
2080	66	1
2080	1145	1
2080	1727	1
2081	1778	1
2081	2232	1
2081	2383	1
2081	957	1
2081	1138	1
2081	2239	1
2081	2622	1
2081	66	1
2081	1727	1
2082	2618	1
2082	1778	1
2082	2239	1
2082	531	1
2082	893	1
2083	67	1
2083	1275	1
2083	2618	1
2083	1778	1
2083	1138	1
2083	2622	1
2083	531	1
2083	2988	1
2084	67	1
2084	1778	1
2084	2232	1
2084	2239	1
2084	2622	1
2084	531	1
2085	67	1
2085	1778	1
2085	1138	1
2086	1778	1
2086	957	1
2086	2622	1
2086	531	1
2086	2252	1
2087	67	1
2087	1778	1
2087	1138	1
2087	531	1
2088	2618	1
2088	1778	1
2088	957	1
2088	2952	1
2088	48	1
2088	2239	1
2088	2622	1
2088	531	1
2088	2327	1
2088	2604	1
2089	67	1
2089	431	1
2089	2383	1
2089	133	1
2089	1649	1
2089	1608	1
2089	1138	1
2089	1660	1
2089	531	1
2089	1614	1
2089	2077	1
2089	384	1
2089	2302	1
2089	2120	1
2089	1727	1
2090	431	1
2090	2622	1
2090	1660	1
2090	2077	1
2090	2675	1
2090	1106	1
2091	1106	1
2092	431	1
2092	2131	1
2092	683	1
2092	2675	1
2093	67	1
2093	1778	1
2093	531	1
2093	893	1
2093	1727	1
2094	431	1
2094	1778	1
2094	1138	1
2094	2239	1
2094	2622	1
2094	2120	1
2095	1778	1
2095	48	1
2095	2239	1
2095	2622	1
2095	531	1
2095	1614	1
2096	48	1
2096	2239	1
2096	2622	1
2096	1660	1
2096	531	1
2096	2604	1
2096	2120	1
2096	1727	1
2097	1433	1
2097	782	1
2097	2251	1
2097	2851	1
2097	1778	1
2097	1784	1
2097	1138	1
2097	1820	1
2097	531	1
2097	2077	1
2097	2768	1
2097	2274	1
2097	2120	1
2097	1727	1
2098	67	1
2098	431	1
2098	2618	1
2098	957	1
2098	1138	1
2098	2622	1
2098	683	1
2099	1778	1
2099	1138	1
2099	2622	1
2099	531	1
2100	431	1
2100	1778	1
2100	48	1
2100	2622	1
2100	531	1
2101	67	1
2101	2618	1
2101	2232	1
2101	1138	1
2101	531	1
2101	1614	1
2102	1538	1
2102	2618	1
2102	3023	1
2102	957	1
2102	1138	1
2102	1744	1
2102	1660	1
2102	531	1
2102	2273	1
2102	2604	1
2102	2120	1
2103	1538	1
2103	67	1
2103	1275	1
2103	1433	1
2103	2148	1
2103	1315	1
2103	1778	1
2103	2232	1
2103	2383	1
2103	957	1
2103	48	1
2103	1744	1
2103	2622	1
2103	1184	1
2103	1660	1
2103	531	1
2103	1880	1
2103	2768	1
2103	1727	1
2104	431	1
2104	768	1
2104	2618	1
2104	1778	1
2104	957	1
2104	1138	1
2104	1727	1
2105	1846	1
2105	2618	1
2105	1778	1
2105	2952	1
2105	1138	1
2105	531	1
2105	66	1
2106	67	1
2106	1778	1
2106	1322	1
2106	2622	1
2106	531	1
2107	67	1
2107	2851	1
2107	1315	1
2107	1784	1
2107	2383	1
2107	2239	1
2107	531	1
2107	2077	1
2107	683	1
2107	344	1
2107	2120	1
2107	1727	1
2108	1778	1
2108	1138	1
2108	2622	1
2108	531	1
2109	2618	1
2109	2549	1
2109	2469	1
2109	1315	1
2109	1778	1
2109	1322	1
2109	48	1
2109	2622	1
2109	1660	1
2109	531	1
2109	1614	1
2109	893	1
2110	1138	1
2110	2622	1
2110	713	1
2110	531	1
2111	431	1
2111	1778	1
2111	2232	1
2111	48	1
2111	1138	1
2111	2622	1
2111	2120	1
2112	1778	1
2112	2622	1
2112	531	1
2112	2434	1
2112	1727	1
2113	67	1
2113	2251	1
2113	957	1
2113	1138	1
2113	2622	1
2113	66	1
2113	1880	1
2113	683	1
2113	2768	1
2113	2675	1
2113	384	1
2113	2120	1
2114	67	1
2114	2618	1
2114	2251	1
2114	2549	1
2114	2148	1
2114	2232	1
2114	2383	1
2114	942	1
2114	2752	1
2114	1322	1
2114	1138	1
2114	2622	1
2114	531	1
2114	66	1
2114	1106	1
2114	1727	1
2115	48	1
2115	1138	1
2115	2622	1
2115	531	1
2115	1727	1
2116	1778	1
2116	1138	1
2116	2622	1
2116	1660	1
2116	1727	1
2117	1778	1
2117	1138	1
2117	1660	1
2117	531	1
2118	48	1
2118	2239	1
2118	2622	1
2118	531	1
2118	1614	1
2118	2675	1
2119	1275	1
2119	782	1
2119	2148	1
2119	1778	1
2119	1744	1
2119	2239	1
2119	2622	1
2119	1660	1
2119	531	1
2119	1614	1
2119	2120	1
2120	1778	1
2120	48	1
2120	2622	1
2120	531	1
2121	2741	1
2122	463	1
2122	1778	1
2122	2232	1
2123	2549	1
2123	2469	1
2123	2622	1
2123	1660	1
2123	2675	1
2123	2120	1
2124	1897	1
2124	1751	1
2124	1224	1
2124	1445	1
2124	48	1
2124	2622	1
2124	531	1
2124	2675	1
2125	1224	1
2125	332	1
2125	133	1
2125	2960	1
2125	383	1
2125	2271	1
2125	1608	1
2125	1018	1
2125	1795	1
2125	2239	1
2125	2622	1
2125	485	1
2125	2675	1
2125	384	1
2126	372	1
2127	133	1
2128	369	1
2128	2380	1
2128	2867	1
2128	1315	1
2128	413	1
2128	1322	1
2128	48	1
2128	1138	1
2128	2622	1
2128	1814	1
2128	2320	1
2128	1660	1
2128	683	1
2129	372	1
2129	2549	1
2129	652	1
2129	10	1
2129	942	1
2129	1756	1
2129	2622	1
2129	1614	1
2129	2273	1
2129	2077	1
2129	2604	1
2129	384	1
2130	2952	1
2130	48	1
2130	1660	1
2130	531	1
2130	2675	1
2131	2448	1
2131	2618	1
2131	1921	1
2131	2861	1
2131	2383	1
2131	1322	1
2131	383	1
2131	48	1
2131	1138	1
2131	1744	1
2131	1184	1
2131	1309	1
2131	260	1
2131	66	1
2131	1891	1
2131	683	1
2131	384	1
2131	2302	1
2132	2417	1
2133	1309	1
2134	1666	1
2134	531	1
2134	1614	1
2134	2273	1
2134	1931	1
2135	67	1
2135	2800	1
2135	2618	1
2135	1366	1
2135	2469	1
2135	1778	1
2135	1101	1
2135	48	1
2135	1138	1
2135	260	1
2135	1660	1
2135	1820	1
2135	2077	1
2135	683	1
2135	2675	1
2135	1035	1
2135	1727	1
2136	2675	1
2137	67	1
2137	431	1
2137	2384	1
2137	1061	1
2137	1060	1
2137	2448	1
2137	1283	1
2137	2797	1
2137	2251	1
2137	611	1
2137	2549	1
2137	1366	1
2137	578	1
2137	2556	1
2137	1943	1
2137	2952	1
2137	2283	1
2137	1990	1
2137	1608	1
2137	2622	1
2137	403	1
2137	18	1
2137	563	1
2137	837	1
2137	1820	1
2137	2327	1
2137	893	1
2137	1399	1
2137	1891	1
2137	2760	1
2137	2021	1
2137	2077	1
2137	1910	1
2137	2120	1
2138	2448	1
2138	768	1
2138	2549	1
2138	1196	1
2138	1138	1
2138	1744	1
2138	260	1
2138	1660	1
2138	531	1
2138	1727	1
2139	2448	1
2139	1784	1
2139	2383	1
2139	1501	1
2139	1744	1
2140	1771	1
2140	67	1
2140	2298	1
2140	1086	1
2140	2448	1
2140	1275	1
2140	1371	1
2140	611	1
2140	2549	1
2140	1016	1
2140	2970	1
2140	652	1
2140	2864	1
2140	1315	1
2140	1778	1
2140	1784	1
2140	578	1
2140	2383	1
2140	957	1
2140	1384	1
2140	747	1
2140	1723	1
2140	48	1
2140	1138	1
2140	1744	1
2140	2239	1
2140	1674	1
2140	2356	1
2140	1208	1
2140	531	1
2140	1614	1
2140	2866	1
2140	2594	1
2140	2077	1
2140	344	1
2140	1910	1
2140	2120	1
2141	2360	1
2141	2298	1
2141	453	1
2141	2448	1
2141	130	1
2141	2618	1
2141	1371	1
2141	2318	1
2141	2245	1
2141	1921	1
2141	2148	1
2141	2383	1
2141	2952	1
2141	1267	1
2141	387	1
2141	1148	1
2141	311	1
2141	851	1
2141	2622	1
2141	1208	1
2141	1927	1
2141	2701	1
2141	2880	1
2141	2077	1
2141	344	1
2141	2675	1
2141	2302	1
2141	1035	1
2141	1727	1
2142	1778	1
2142	66	1
2143	669	1
2143	2799	1
2143	2864	1
2143	1778	1
2143	169	1
2143	48	1
2143	509	1
2143	1660	1
2143	826	1
2144	1897	1
2144	185	1
2144	2469	1
2144	1649	1
2144	2952	1
2144	659	1
2144	840	1
2144	1695	1
2145	2549	1
2145	1315	1
2145	1778	1
2145	1649	1
2145	48	1
2145	1138	1
2145	531	1
2145	893	1
2145	1727	1
2146	1315	1
2146	1778	1
2146	2542	1
2146	2622	1
2146	2675	1
2146	1727	1
2147	2618	1
2147	1744	1
2148	67	1
2148	1911	1
2148	2451	1
2148	720	1
2148	2618	1
2148	1433	1
2148	2251	1
2148	2148	1
2148	1223	1
2148	1772	1
2148	2038	1
2148	578	1
2148	2383	1
2148	2952	1
2148	292	1
2148	1770	1
2148	2276	1
2148	840	1
2148	1951	1
2148	1138	1
2148	2622	1
2148	139	1
2148	531	1
2148	1069	1
2148	66	1
2148	230	1
2148	2675	1
2149	2618	1
2149	2077	1
2149	2675	1
2150	1106	1
2151	1145	1
2151	1106	1
2152	2148	1
2152	531	1
2152	2120	1
2153	2675	1
2154	2618	1
2154	578	1
2154	2383	1
2154	2622	1
2154	531	1
2154	2434	1
2155	2768	1
2155	2675	1
2156	2675	1
2157	2148	1
2157	2675	1
2158	942	1
2158	2675	1
2159	2675	1
2160	2675	1
2160	1727	1
2161	2046	1
2162	2675	1
2163	531	1
2163	59	1
2163	2120	1
2164	531	1
2164	66	1
2164	2675	1
2165	2622	1
2165	531	1
2165	2675	1
2166	2675	1
2167	66	1
2167	2675	1
2168	2675	1
2168	384	1
2169	2148	1
2169	2131	1
2169	2982	1
2169	2675	1
2169	1727	1
2170	2215	1
2170	2549	1
2170	1315	1
2170	1649	1
2170	1917	1
2170	48	1
2170	1744	1
2170	2622	1
2170	1660	1
2170	1614	1
2170	683	1
2170	2675	1
2170	2302	1
2170	1727	1
2171	1778	1
2172	261	1
2172	2378	1
2172	2545	1
2172	850	1
2172	2993	1
2172	2045	1
2173	698	1
2173	2215	1
2173	2448	1
2173	2618	1
2173	1378	1
2173	1223	1
2173	1315	1
2173	1278	1
2173	578	1
2173	942	1
2173	1384	1
2173	2356	1
2173	531	1
2173	1614	1
2173	893	1
2173	2866	1
2173	683	1
2173	2675	1
2173	2120	1
2173	1727	1
2174	1846	1
2174	1315	1
2174	2232	1
2174	957	1
2174	683	1
2174	2675	1
2175	67	1
2175	2448	1
2175	1275	1
2175	1478	1
2175	1036	1
2175	1378	1
2175	1784	1
2175	2719	1
2175	957	1
2175	1322	1
2175	383	1
2175	311	1
2175	2542	1
2175	1781	1
2175	1138	1
2175	1501	1
2175	2239	1
2175	2622	1
2175	1660	1
2175	531	1
2175	2252	1
2175	893	1
2175	2594	1
2175	1880	1
2175	2219	1
2175	2274	1
2175	1727	1
2176	67	1
2176	2549	1
2176	1778	1
2176	1784	1
2176	2383	1
2176	1601	1
2176	1138	1
2176	1660	1
2176	531	1
2176	893	1
2176	2768	1
2176	1727	1
2177	1778	1
2177	1138	1
2177	1660	1
2177	531	1
2177	2327	1
2177	2077	1
2178	67	1
2178	48	1
2178	1138	1
2178	683	1
2178	1727	1
2179	67	1
2179	1778	1
2179	2952	1
2179	695	1
2179	1723	1
2179	48	1
2179	2356	1
2179	260	1
2179	1660	1
2179	531	1
2179	2327	1
2179	2077	1
2179	2768	1
2179	1727	1
2180	669	1
2180	2384	1
2180	1846	1
2180	2549	1
2180	1656	1
2180	1445	1
2180	2393	1
2180	435	1
2180	2864	1
2180	361	1
2180	2124	1
2180	942	1
2180	1666	1
2180	666	1
2180	57	1
2180	2542	1
2180	2514	1
2180	1938	1
2180	1744	1
2180	1674	1
2180	3029	1
2180	1184	1
2180	2320	1
2180	2132	1
2180	2930	1
2180	1660	1
2180	125	1
2180	346	1
2180	1931	1
2180	1009	1
2180	1381	1
2180	2675	1
2180	1132	1
2181	2239	1
2181	2675	1
2181	2120	1
2181	1727	1
2182	1897	1
2182	2707	1
2182	2393	1
2182	840	1
2182	1219	1
2183	382	1
2183	221	1
2183	1609	1
2183	2440	1
2183	2024	1
2183	1611	1
2183	793	1
2183	2548	1
2183	942	1
2183	1003	1
2183	1666	1
2183	1555	1
2183	1590	1
2183	1409	1
2183	2648	1
2183	1196	1
2183	48	1
2183	2727	1
2183	2076	1
2183	2320	1
2183	125	1
2183	531	1
2183	2730	1
2183	2427	1
2183	2183	1
2183	1244	1
2183	1274	1
2183	2273	1
2183	165	1
2183	2077	1
2183	256	1
2183	2675	1
2183	1947	1
2183	594	1
2183	1727	1
2184	67	1
2184	2131	1
2184	2383	1
2184	133	1
2184	840	1
2184	1138	1
2184	2622	1
2184	531	1
2184	2675	1
2184	1156	1
2184	1727	1
2185	1897	1
2185	2469	1
2185	959	1
2185	2393	1
2185	1772	1
2185	836	1
2185	2514	1
2185	2273	1
2185	2675	1
2186	2469	1
2186	2952	1
2186	48	1
2186	1660	1
2186	2675	1
2186	384	1
2187	67	1
2187	211	1
2187	1315	1
2187	1322	1
2187	48	1
2187	1138	1
2187	1660	1
2187	531	1
2187	2675	1
2187	1727	1
2188	1315	1
2188	2952	1
2188	48	1
2188	1660	1
2188	66	1
2188	2675	1
2189	67	1
2189	1846	1
2189	815	1
2189	372	1
2189	2549	1
2189	2469	1
2189	2864	1
2189	2383	1
2189	1322	1
2189	48	1
2189	2622	1
2189	1660	1
2189	531	1
2189	1614	1
2189	1226	1
2190	67	1
2190	836	1
2190	2829	1
2190	2530	1
2190	2238	1
2190	91	1
2190	1665	1
2190	2622	1
2190	1343	1
2190	2675	1
2191	669	1
2191	67	1
2191	1846	1
2191	2618	1
2191	2549	1
2191	332	1
2191	1315	1
2191	1778	1
2191	133	1
2191	840	1
2191	3005	1
2191	1660	1
2191	531	1
2191	893	1
2191	2077	1
2191	683	1
2191	2675	1
2191	384	1
2191	1727	1
2192	1538	1
2192	2618	1
2192	782	1
2192	957	1
2192	2622	1
2193	1778	1
2193	1138	1
2193	531	1
2194	2549	1
2194	245	1
2194	531	1
2194	683	1
2194	2675	1
2195	369	1
2195	67	1
2195	2381	1
2195	1378	1
2195	2952	1
2195	48	1
2195	2320	1
2195	1727	1
2195	1515	1
2196	369	1
2196	67	1
2196	2380	1
2196	1086	1
2196	406	1
2196	2323	1
2196	2549	1
2196	167	1
2196	1004	1
2196	578	1
2196	942	1
2196	623	1
2196	2346	1
2196	2657	1
2196	2283	1
2196	1322	1
2196	2310	1
2196	48	1
2196	1596	1
2196	1744	1
2196	3029	1
2196	2076	1
2196	2356	1
2196	2351	1
2196	2132	1
2196	1660	1
2196	1820	1
2196	1832	1
2196	1274	1
2196	2473	1
2197	67	1
2197	1517	1
2197	578	1
2197	2383	1
2197	2165	1
2197	2622	1
2197	1184	1
2197	531	1
2197	893	1
2198	790	1
2198	2549	1
2198	2867	1
2198	2864	1
2198	578	1
2198	413	1
2198	2952	1
2198	1322	1
2198	1614	1
2198	2028	1
2198	683	1
2198	1515	1
2199	2550	1
2200	1705	1
2200	516	1
2200	1790	1
2200	76	1
2200	2520	1
2200	1682	1
2200	494	1
2200	394	1
2200	1797	1
2200	1555	1
2200	1194	1
2200	1409	1
2200	1753	1
2200	276	1
2200	2126	1
2200	2201	1
2200	966	1
2200	1338	1
2200	2299	1
2200	1119	1
2200	1220	1
2201	1705	1
2201	516	1
2201	2549	1
2201	331	1
2201	76	1
2201	1792	1
2201	897	1
2201	1097	1
2201	276	1
2201	2986	1
2201	1931	1
2201	860	1
2201	1346	1
2201	2920	1
2202	2381	1
2202	906	1
2202	2215	1
2202	1901	1
2202	516	1
2202	1180	1
2202	2548	1
2202	2159	1
2202	76	1
2202	578	1
2202	394	1
2202	2904	1
2202	1097	1
2202	3011	1
2202	792	1
2202	2160	1
2202	531	1
2202	2986	1
2202	860	1
2202	1454	1
2202	353	1
2202	2740	1
2202	594	1
2203	369	1
2203	2298	1
2203	2440	1
2203	2008	1
2203	343	1
2203	983	1
2203	583	1
2203	2174	1
2203	2033	1
2203	1322	1
2203	730	1
2203	48	1
2203	1820	1
2203	2504	1
2203	1274	1
2203	883	1
2203	2077	1
2204	67	1
2204	469	1
2204	1086	1
2204	463	1
2204	435	1
2204	942	1
2204	1153	1
2204	1141	1
2204	1306	1
2204	1770	1
2204	686	1
2204	3029	1
2204	1660	1
2204	125	1
2204	531	1
2204	1614	1
2204	2317	1
2204	1219	1
2204	2273	1
2204	1903	1
2204	407	1
2204	2675	1
2204	1393	1
2204	2476	1
2204	1727	1
2205	897	1
2206	2130	1
2206	2469	1
2206	652	1
2206	2952	1
2206	1322	1
2206	897	1
2206	1121	1
2206	2622	1
2206	531	1
2206	1398	1
2206	2507	1
2206	2495	1
2206	1573	1
2206	1727	1
2207	669	1
2207	1897	1
2207	2549	1
2207	1666	1
2207	2952	1
2207	795	1
2207	840	1
2207	1674	1
2207	2622	1
2207	2320	1
2207	1660	1
2207	125	1
2207	531	1
2207	1381	1
2208	669	1
2208	2469	1
2208	1672	1
2208	795	1
2208	48	1
2208	1660	1
2208	1954	1
2208	1244	1
2208	2675	1
2209	67	1
2209	646	1
2209	2384	1
2209	1086	1
2209	2215	1
2209	2618	1
2209	1433	1
2209	2251	1
2209	808	1
2209	1315	1
2209	1778	1
2209	2861	1
2209	1122	1
2209	1278	1
2209	578	1
2209	957	1
2209	942	1
2209	2752	1
2209	2952	1
2209	1081	1
2209	57	1
2209	2432	1
2209	387	1
2209	2329	1
2209	1138	1
2209	2622	1
2209	1786	1
2209	260	1
2209	1421	1
2209	1981	1
2209	2181	1
2209	1660	1
2209	1820	1
2209	125	1
2209	3009	1
2209	2327	1
2209	893	1
2209	2077	1
2209	683	1
2209	1393	1
2209	2735	1
2209	1884	1
2209	2120	1
2209	848	1
2209	2003	1
2209	1515	1
2210	2549	1
2210	48	1
2210	1303	1
2210	531	1
2210	2675	1
2211	698	1
2211	2469	1
2211	345	1
2211	384	1
2211	1910	1
2212	1116	1
2212	2549	1
2212	2952	1
2212	531	1
2212	2741	1
2213	1116	1
2213	2952	1
2213	2741	1
2214	1116	1
2214	2952	1
2214	1744	1
2214	2741	1
2215	431	1
2215	1366	1
2215	2232	1
2215	1601	1
2215	2120	1
2216	2851	1
2216	249	1
2216	2276	1
2216	2239	1
2216	2120	1
2217	2851	1
2217	2276	1
2217	2239	1
2217	287	1
2217	2120	1
2218	2469	1
2218	2952	1
2218	1303	1
2218	1660	1
2218	125	1
2218	2652	1
2219	2554	1
2219	1315	1
2219	2952	1
2219	1660	1
2219	2273	1
2219	2675	1
2219	2617	1
2220	2276	1
2220	713	1
2220	2120	1
2221	1366	1
2221	687	1
2221	2232	1
2221	957	1
2221	2276	1
2222	2276	1
2222	2120	1
2223	2276	1
2223	287	1
2223	1244	1
2223	2120	1
2224	1538	1
2224	2232	1
2224	1601	1
2224	2239	1
2224	287	1
2224	713	1
2224	2280	1
2225	1116	1
2225	2469	1
2225	2383	1
2225	1649	1
2225	897	1
2225	2628	1
2225	1674	1
2225	2622	1
2225	531	1
2225	2077	1
2225	2675	1
2225	357	1
2226	1086	1
2226	2549	1
2226	1713	1
2226	2383	1
2226	942	1
2226	1163	1
2226	1303	1
2226	1660	1
2226	125	1
2226	1614	1
2226	1244	1
2226	2675	1
2227	2549	1
2227	2383	1
2227	2952	1
2227	1660	1
2227	2675	1
2227	384	1
2228	1116	1
2228	372	1
2228	2694	1
2228	1163	1
2228	2952	1
2228	897	1
2228	2628	1
2228	18	1
2228	531	1
2228	1727	1
2229	1601	1
2229	2276	1
2229	2239	1
2229	2120	1
2230	431	1
2230	2791	1
2230	1433	1
2230	782	1
2230	2549	1
2230	2469	1
2230	1378	1
2230	1315	1
2230	957	1
2230	942	1
2230	261	1
2230	1322	1
2230	775	1
2230	840	1
2230	1138	1
2230	1660	1
2230	531	1
2230	1614	1
2230	1244	1
2230	2273	1
2230	2077	1
2230	683	1
2231	67	1
2231	1445	1
2231	2383	1
2231	2952	1
2231	1322	1
2231	2675	1
2231	384	1
2231	1727	1
2231	2280	1
2232	310	1
2232	2931	1
2232	67	1
2232	431	1
2232	1116	1
2232	2791	1
2232	2618	1
2232	210	1
2232	1433	1
2232	2797	1
2232	782	1
2232	2620	1
2232	1366	1
2232	185	1
2232	2469	1
2232	718	1
2232	2243	1
2232	1740	1
2232	2383	1
2232	477	1
2232	942	1
2232	1586	1
2232	544	1
2232	1384	1
2232	2570	1
2232	1896	1
2232	846	1
2232	1199	1
2232	2258	1
2232	1448	1
2232	48	1
2232	840	1
2232	1138	1
2232	1744	1
2232	1293	1
2232	2239	1
2232	2622	1
2232	2683	1
2232	403	1
2232	1330	1
2232	1258	1
2232	7	1
2232	125	1
2232	1489	1
2232	1244	1
2232	2270	1
2232	1415	1
2232	1219	1
2232	2273	1
2232	536	1
2232	2768	1
2232	2675	1
2232	384	1
2232	2302	1
2232	2617	1
2232	2120	1
2232	1035	1
2232	1727	1
2233	1116	1
2233	2469	1
2233	1660	1
2233	531	1
2233	2741	1
2234	689	1
2234	1652	1
2234	906	1
2234	2215	1
2234	1897	1
2234	2836	1
2234	185	1
2234	2469	1
2234	1713	1
2234	652	1
2234	1772	1
2234	1830	1
2234	2829	1
2234	2864	1
2234	2070	1
2234	2904	1
2234	1303	1
2234	2306	1
2234	2249	1
2234	1219	1
2234	131	1
2234	2377	1
2234	1215	1
2235	2383	1
2235	2761	1
2235	1660	1
2235	2741	1
2235	2675	1
2235	2089	1
2236	67	1
2236	1585	1
2236	2618	1
2236	185	1
2236	435	1
2236	271	1
2236	1187	1
2236	412	1
2236	2477	1
2236	239	1
2236	1565	1
2236	1138	1
2236	2239	1
2236	1722	1
2236	1660	1
2236	531	1
2236	2495	1
2236	2273	1
2236	869	1
2236	2675	1
2236	2263	1
2236	2120	1
2236	1727	1
2237	312	1
2237	111	1
2237	2469	1
2237	652	1
2237	836	1
2237	25	1
2237	1303	1
2237	1182	1
2237	1248	1
2237	1660	1
2237	2306	1
2237	2921	1
2237	2273	1
2237	1903	1
2238	1315	1
2238	2383	1
2238	957	1
2238	531	1
2238	2077	1
2238	2675	1
2238	2120	1
2239	1478	1
2239	2393	1
2239	271	1
2239	470	1
2239	2477	1
2239	578	1
2239	2568	1
2239	1081	1
2239	57	1
2239	835	1
2239	1485	1
2239	2002	1
2239	1565	1
2239	1508	1
2239	1138	1
2239	1722	1
2239	1660	1
2239	531	1
2239	2327	1
2239	869	1
2239	197	1
2239	1782	1
2239	268	1
2239	2263	1
2239	1524	1
2239	2120	1
2240	815	1
2240	2215	1
2240	2469	1
2240	2864	1
2240	942	1
2240	1863	1
2240	1660	1
2240	2417	1
2241	1934	1
2241	1086	1
2241	1116	1
2241	2469	1
2241	1713	1
2241	435	1
2241	2383	1
2241	316	1
2241	942	1
2241	1854	1
2241	48	1
2241	1303	1
2241	2622	1
2241	1660	1
2241	531	1
2241	2495	1
2241	2273	1
2241	407	1
2241	2741	1
2241	2675	1
2241	1727	1
2242	2469	1
2242	942	1
2242	2273	1
2243	1644	1
2243	281	1
2243	2618	1
2243	463	1
2243	635	1
2243	249	1
2243	878	1
2243	1445	1
2243	2530	1
2243	2950	1
2243	578	1
2243	261	1
2243	2614	1
2243	843	1
2243	1850	1
2243	370	1
2243	2531	1
2243	1138	1
2243	1136	1
2243	2239	1
2243	2622	1
2243	2528	1
2243	975	1
2243	674	1
2243	1279	1
2243	2181	1
2243	531	1
2243	1266	1
2243	2213	1
2243	2427	1
2243	893	1
2243	913	1
2243	1399	1
2243	1643	1
2243	1094	1
2243	3022	1
2243	159	1
2243	1393	1
2243	2120	1
2243	1727	1
2244	782	1
2244	185	1
2244	1224	1
2244	271	1
2244	2383	1
2244	942	1
2244	1649	1
2244	2366	1
2244	2501	1
2244	48	1
2244	840	1
2244	1303	1
2244	2622	1
2244	125	1
2244	531	1
2244	2213	1
2244	1614	1
2244	1219	1
2244	2273	1
2244	1903	1
2244	308	1
2244	407	1
2244	2385	1
2245	942	1
2245	1660	1
2245	2675	1
2246	2469	1
2246	942	1
2246	2358	1
2246	1303	1
2246	987	1
2246	2028	1
2246	2675	1
2247	1086	1
2247	1116	1
2247	1275	1
2247	2618	1
2247	1138	1
2247	531	1
2247	2327	1
2247	2784	1
2247	1727	1
2248	1738	1
2248	1004	1
2248	1216	1
2248	58	1
2248	531	1
2249	1086	1
2249	1116	1
2249	1660	1
2249	531	1
2250	1086	1
2250	1286	1
2250	1601	1
2250	1660	1
2250	1244	1
2250	2784	1
2250	2273	1
2250	2781	1
2250	2741	1
2251	2469	1
2251	942	1
2251	1303	1
2251	2273	1
2252	1366	1
2252	2741	1
2253	1366	1
2253	1322	1
2253	1660	1
2253	531	1
2253	2741	1
2254	1116	1
2254	2741	1
2255	1116	1
2255	531	1
2256	1116	1
2256	1366	1
2256	1660	1
2256	531	1
2257	1116	1
2257	531	1
2258	1116	1
2258	1366	1
2258	1322	1
2258	2741	1
2259	1086	1
2259	1366	1
2259	1660	1
2259	2741	1
2260	1116	1
2261	1116	1
2261	1366	1
2261	1660	1
2262	1116	1
2263	1116	1
2264	1116	1
2264	1366	1
2264	1660	1
2264	531	1
2265	1116	1
2265	1366	1
2265	1660	1
2266	1116	1
2266	1366	1
2266	1660	1
2267	1116	1
2267	1366	1
2267	531	1
2267	2741	1
2268	1116	1
2268	1366	1
2268	531	1
2269	1018	1
2270	1846	1
2270	1445	1
2270	1228	1
2270	2622	1
2270	29	1
2270	2120	1
2271	531	1
2271	2741	1
2271	475	1
2272	1116	1
2272	460	1
2272	2741	1
2273	1846	1
2273	1086	1
2273	2206	1
2273	1228	1
2273	2622	1
2273	531	1
2273	460	1
2273	29	1
2273	2273	1
2273	2741	1
2273	2675	1
2274	1116	1
2274	531	1
2274	2741	1
2275	2188	1
2275	531	1
2275	2741	1
2276	1116	1
2276	2741	1
2277	531	1
2277	2741	1
2278	2469	1
2278	942	1
2278	531	1
2278	2273	1
2278	2741	1
2279	1116	1
2279	2469	1
2279	2273	1
2279	2741	1
2279	2675	1
2280	1116	1
2280	942	1
2280	1660	1
2280	531	1
2280	2675	1
2281	2469	1
2281	1660	1
2281	531	1
2281	2741	1
2281	2675	1
2282	1086	1
2282	1116	1
2282	2618	1
2282	2549	1
2282	578	1
2282	2383	1
2282	2628	1
2282	1138	1
2282	531	1
2282	683	1
2282	1727	1
2283	1660	1
2283	531	1
2283	2741	1
2284	1086	1
2284	1116	1
2284	2469	1
2284	1660	1
2284	531	1
2284	2273	1
2285	1086	1
2285	1660	1
2285	531	1
2285	2741	1
2286	1086	1
2286	1116	1
2286	2741	1
2286	2675	1
2286	268	1
2287	531	1
2287	2741	1
2288	1116	1
2288	531	1
2288	2741	1
2288	2675	1
2289	1116	1
2289	2741	1
2290	1116	1
2290	2741	1
2291	67	1
2291	578	1
2291	2383	1
2291	897	1
2291	1138	1
2291	1744	1
2291	2622	1
2291	1814	1
2291	531	1
2291	2327	1
2291	893	1
2292	2469	1
2292	942	1
2292	531	1
2292	2741	1
2292	2675	1
2293	1116	1
2293	2741	1
2294	1116	1
2295	1116	1
2295	531	1
2295	2741	1
2295	2675	1
2296	1116	1
2297	2384	1
2297	2130	1
2297	1086	1
2297	1116	1
2297	1632	1
2297	961	1
2297	1376	1
2297	958	1
2297	2618	1
2297	550	1
2297	886	1
2297	111	1
2297	2469	1
2297	2873	1
2297	385	1
2297	1772	1
2297	1443	1
2297	470	1
2297	1187	1
2297	690	1
2297	2747	1
2297	578	1
2297	2383	1
2297	313	1
2297	2737	1
2297	2952	1
2297	1088	1
2297	57	1
2297	1322	1
2297	2111	1
2297	2002	1
2297	1770	1
2297	1385	1
2297	479	1
2297	629	1
2297	992	1
2297	405	1
2297	1647	1
2297	509	1
2297	2628	1
2297	1136	1
2297	1744	1
2297	123	1
2297	1722	1
2297	2565	1
2297	1660	1
2297	125	1
2297	1344	1
2297	1614	1
2297	460	1
2297	1253	1
2297	197	1
2297	2760	1
2297	2741	1
2297	230	1
2297	268	1
2297	601	1
2297	1524	1
2297	1533	1
2297	2420	1
2298	1116	1
2299	1116	1
2300	460	1
2300	29	1
2300	893	1
2300	2741	1
2300	2675	1
2301	67	1
2301	1275	1
2301	2542	1
2301	2622	1
2301	1660	1
2301	531	1
2302	1086	1
2302	1116	1
2302	531	1
2302	2741	1
2302	475	1
2303	1116	1
2303	1366	1
2303	531	1
2304	1116	1
2304	2741	1
2305	1116	1
2305	2741	1
2305	2675	1
2306	1116	1
2306	1660	1
2306	2741	1
2306	2675	1
2307	2741	1
2308	531	1
2308	2741	1
2309	1086	1
2309	1116	1
2309	1660	1
2309	2675	1
2310	531	1
2310	2741	1
2311	1086	1
2311	1116	1
2311	1660	1
2311	2741	1
2312	1116	1
2312	1303	1
2312	1660	1
2312	2741	1
2312	475	1
2313	1116	1
2313	531	1
2313	2741	1
2314	2741	1
2315	2741	1
2316	1116	1
2316	2741	1
2317	1116	1
2317	2741	1
2318	1116	1
2319	1116	1
2319	1366	1
2319	531	1
2319	2741	1
2320	1116	1
2320	531	1
2320	2741	1
2320	2675	1
2321	1116	1
2321	531	1
2321	2741	1
2322	1366	1
2322	531	1
2322	2675	1
2323	67	1
2323	1116	1
2323	1275	1
2323	1366	1
2323	2148	1
2323	1223	1
2323	578	1
2323	531	1
2324	2741	1
2325	1116	1
2325	2741	1
2326	1116	1
2326	2741	1
2327	1116	1
2327	29	1
2327	2675	1
2328	1116	1
2328	2741	1
2329	1660	1
2329	2741	1
2329	2675	1
2330	1116	1
2330	185	1
2330	2469	1
2330	1660	1
2330	531	1
2331	1061	1
2331	1086	1
2331	961	1
2331	1376	1
2331	958	1
2331	782	1
2331	886	1
2331	2549	1
2331	2469	1
2331	2873	1
2331	2393	1
2331	1443	1
2331	1187	1
2331	2747	1
2331	2821	1
2331	2038	1
2331	313	1
2331	1485	1
2331	143	1
2331	992	1
2331	1752	1
2331	2503	1
2331	1744	1
2331	1734	1
2331	531	1
2331	246	1
2331	506	1
2331	30	1
2331	2028	1
2331	2273	1
2331	1903	1
2331	2741	1
2331	1625	1
2331	1910	1
2332	1116	1
2332	460	1
2332	2741	1
2333	1116	1
2333	1396	1
2333	2741	1
2333	2675	1
2334	1086	1
2334	1116	1
2334	1660	1
2334	531	1
2335	1366	1
2335	1660	1
2335	2741	1
2336	1116	1
2336	185	1
2336	2469	1
2336	2741	1
2337	1116	1
2337	2741	1
2338	460	1
2338	2675	1
2338	357	1
2339	1086	1
2339	1116	1
2339	2469	1
2339	942	1
2339	1396	1
2339	2675	1
2340	1897	1
2340	1224	1
2340	261	1
2340	1660	1
2340	531	1
2340	2741	1
2341	1116	1
2341	2741	1
2342	1116	1
2342	185	1
2342	2469	1
2342	1660	1
2342	2741	1
2343	1116	1
2343	2741	1
2344	1116	1
2344	2741	1
2345	1116	1
2345	2741	1
2346	1116	1
2346	2741	1
2347	1116	1
2347	185	1
2347	2741	1
2348	185	1
2348	1660	1
2348	2273	1
2348	2741	1
2349	2469	1
2349	2383	1
2349	1649	1
2349	840	1
2349	2628	1
2349	1396	1
2349	1660	1
2349	2273	1
2349	1903	1
2349	2741	1
2350	1116	1
2350	2741	1
2350	2675	1
2351	2469	1
2351	2628	1
2351	1660	1
2351	531	1
2351	2741	1
2351	384	1
2352	1116	1
2352	1660	1
2352	531	1
2352	2741	1
2352	2675	1
2353	1116	1
2353	2741	1
2354	720	1
2354	185	1
2354	2469	1
2354	1660	1
2354	531	1
2354	2273	1
2355	1116	1
2355	270	1
2355	486	1
2355	185	1
2355	2469	1
2355	1772	1
2355	942	1
2355	1649	1
2355	1608	1
2355	840	1
2355	897	1
2355	1138	1
2355	1203	1
2355	2367	1
2355	1396	1
2355	1424	1
2355	531	1
2356	1086	1
2356	1116	1
2356	1660	1
2357	1116	1
2357	460	1
2357	2741	1
2357	475	1
2358	1086	1
2358	185	1
2358	48	1
2358	2741	1
2359	185	1
2359	48	1
2359	1660	1
2359	531	1
2360	1116	1
2360	2210	1
2360	2741	1
2360	2675	1
2361	1116	1
2361	1396	1
2361	1660	1
2361	460	1
2361	2675	1
2362	1116	1
2362	1649	1
2362	840	1
2362	2628	1
2362	2761	1
2362	1396	1
2362	1660	1
2362	460	1
2362	29	1
2363	1116	1
2363	897	1
2363	531	1
2364	1116	1
2364	220	1
2364	958	1
2364	886	1
2364	2469	1
2364	718	1
2364	1514	1
2364	412	1
2364	578	1
2364	313	1
2364	1649	1
2364	1081	1
2364	2546	1
2364	897	1
2364	1138	1
2364	2622	1
2364	2181	1
2364	1660	1
2364	531	1
2364	246	1
2364	2327	1
2364	2784	1
2364	702	1
2364	2273	1
2364	1253	1
2364	197	1
2364	2741	1
2364	230	1
2364	268	1
2364	2263	1
2364	2420	1
2365	67	1
2365	385	1
2365	2148	1
2365	428	1
2365	578	1
2365	2366	1
2365	2456	1
2365	2622	1
2365	566	1
2365	2675	1
2365	87	1
2366	2251	1
2366	2469	1
2366	718	1
2366	2383	1
2366	1138	1
2366	1744	1
2366	1660	1
2366	531	1
2366	1244	1
2366	2327	1
2367	1061	1
2367	1086	1
2367	299	1
2367	2684	1
2367	1366	1
2367	1445	1
2367	2383	1
2367	942	1
2367	1649	1
2367	1818	1
2367	1781	1
2367	840	1
2367	1203	1
2367	2622	1
2367	1660	1
2367	531	1
2367	2273	1
2367	2760	1
2367	308	1
2367	1377	1
2368	486	1
2368	185	1
2368	2273	1
2368	2741	1
2369	1086	1
2369	1376	1
2369	1275	1
2369	2618	1
2369	1366	1
2369	2469	1
2369	1772	1
2369	578	1
2369	2383	1
2369	1649	1
2369	25	1
2369	1081	1
2369	1348	1
2369	2628	1
2369	637	1
2369	260	1
2369	2565	1
2369	2188	1
2369	1660	1
2369	531	1
2369	506	1
2369	2784	1
2369	2273	1
2369	2741	1
2369	1377	1
2370	1116	1
2370	531	1
2370	2741	1
2371	67	1
2371	1846	1
2371	1275	1
2371	2618	1
2371	578	1
2371	2383	1
2371	897	1
2371	1138	1
2371	2622	1
2371	1184	1
2371	531	1
2371	2741	1
2372	1116	1
2372	1376	1
2372	2618	1
2372	578	1
2372	51	1
2372	1081	1
2372	1138	1
2372	1734	1
2372	2181	1
2372	531	1
2372	506	1
2372	1253	1
2373	67	1
2373	1086	1
2373	1275	1
2373	578	1
2373	2383	1
2373	795	1
2373	2622	1
2373	1660	1
2373	531	1
2374	1061	1
2374	1116	1
2374	270	1
2374	486	1
2374	2469	1
2374	1608	1
2374	376	1
2374	2628	1
2374	2367	1
2374	1396	1
2374	1279	1
2374	1660	1
2374	1424	1
2374	531	1
2374	2741	1
2374	2675	1
2374	384	1
2375	2618	1
2375	2622	1
2375	531	1
2375	2741	1
2376	2384	1
2376	1116	1
2376	1376	1
2376	2393	1
2376	2747	1
2376	412	1
2376	578	1
2376	51	1
2376	1081	1
2376	479	1
2376	629	1
2376	1642	1
2376	2628	1
2376	1136	1
2376	2622	1
2376	531	1
2376	246	1
2376	506	1
2376	1253	1
2376	2741	1
2376	2221	1
2376	268	1
2377	2384	1
2377	2381	1
2377	1116	1
2377	1744	1
2377	2327	1
2377	2741	1
2378	1086	1
2378	1116	1
2378	2469	1
2378	1660	1
2378	531	1
2378	29	1
2378	2273	1
2378	2741	1
2379	1116	1
2379	2741	1
2379	2675	1
2380	1116	1
2380	2741	1
2381	1116	1
2381	1660	1
2381	2741	1
2382	1116	1
2382	531	1
2382	2741	1
2383	1116	1
2383	2741	1
2384	1116	1
2384	531	1
2384	2741	1
2385	2384	1
2385	1116	1
2385	1366	1
2385	2628	1
2385	1138	1
2385	2622	1
2385	1184	1
2385	531	1
2385	2327	1
2385	2913	1
2386	460	1
2387	460	1
2387	2741	1
2387	2675	1
2388	1116	1
2388	531	1
2388	2741	1
2389	1086	1
2389	1116	1
2389	1396	1
2389	2675	1
2390	1116	1
2390	531	1
2390	2741	1
2391	1116	1
2391	531	1
2391	2741	1
2391	2675	1
2392	1116	1
2392	1303	1
2392	1660	1
2392	2741	1
2392	2675	1
2393	1086	1
2393	1303	1
2393	1660	1
2393	2741	1
2393	2675	1
2394	1116	1
2394	2741	1
2395	531	1
2396	531	1
2396	2741	1
2397	2628	1
2397	2622	1
2397	1660	1
2397	531	1
2397	2675	1
2398	1116	1
2399	1086	1
2399	2618	1
2399	270	1
2399	2469	1
2399	2628	1
2399	2622	1
2399	1814	1
2399	531	1
2399	2327	1
2399	2741	1
2399	230	1
2400	1275	1
2400	2618	1
2400	1744	1
2400	230	1
2401	1086	1
2401	1275	1
2401	2618	1
2401	2038	1
2401	1744	1
2401	2741	1
2402	67	1
2402	1086	1
2402	1116	1
2402	1138	1
2402	1744	1
2402	2622	1
2402	1660	1
2402	531	1
2402	506	1
2403	67	1
2403	1275	1
2403	2618	1
2403	886	1
2403	1366	1
2403	2469	1
2403	1224	1
2403	412	1
2403	578	1
2403	2383	1
2403	2810	1
2403	2657	1
2403	1081	1
2403	2111	1
2403	1601	1
2403	835	1
2403	1836	1
2403	1199	1
2403	992	1
2403	2546	1
2403	897	1
2403	1136	1
2403	1744	1
2403	1076	1
2403	2622	1
2403	2441	1
2403	1184	1
2403	2367	1
2403	2210	1
2403	2188	1
2403	1660	1
2403	506	1
2403	2028	1
2403	2252	1
2403	2940	1
2403	2741	1
2403	230	1
2403	2675	1
2403	1992	1
2403	1727	1
2404	1116	1
2404	2618	1
2404	897	1
2404	2628	1
2404	1138	1
2404	1184	1
2404	531	1
2404	2327	1
2404	893	1
2404	2741	1
2404	384	1
2405	67	1
2405	1086	1
2405	1275	1
2405	578	1
2405	897	1
2405	1138	1
2405	1184	1
2405	1814	1
2405	531	1
2405	2327	1
2405	893	1
2405	2741	1
2406	2622	1
2406	1184	1
2406	1814	1
2406	531	1
2406	2327	1
2406	2741	1
2407	2618	1
2407	2628	1
2407	531	1
2407	2741	1
2408	1660	1
2408	531	1
2408	2741	1
2408	2675	1
2409	1086	1
2409	1660	1
2409	531	1
2409	2741	1
2410	1086	1
2410	1275	1
2410	886	1
2410	2671	1
2410	2469	1
2410	1772	1
2410	578	1
2410	1649	1
2410	25	1
2410	1348	1
2410	2628	1
2410	2622	1
2410	637	1
2410	2188	1
2410	1660	1
2410	531	1
2410	1614	1
2410	2784	1
2410	2781	1
2410	2940	1
2410	2768	1
2410	230	1
2410	1377	1
2410	268	1
2410	601	1
2411	1116	1
2411	185	1
2411	531	1
2411	2741	1
2412	1116	1
2412	185	1
2412	531	1
2412	2741	1
2413	2618	1
2413	578	1
2413	2741	1
2414	1366	1
2414	2675	1
2415	67	1
2415	1086	1
2415	1366	1
2415	2628	1
2415	2622	1
2415	1660	1
2415	531	1
2415	2784	1
2415	2741	1
2415	1377	1
2415	1625	1
2416	67	1
2416	2381	1
2416	815	1
2416	782	1
2416	2549	1
2416	2469	1
2416	1445	1
2416	1713	1
2416	652	1
2416	2867	1
2416	2864	1
2416	1651	1
2416	942	1
2416	620	1
2416	531	1
2416	1614	1
2416	2784	1
2416	346	1
2416	2104	1
2416	2273	1
2416	783	1
2416	1695	1
2416	2675	1
2417	1116	1
2417	2628	1
2417	2741	1
2418	2215	1
2418	372	1
2418	2549	1
2418	486	1
2418	877	1
2418	2376	1
2418	48	1
2418	1660	1
2418	1614	1
2418	2028	1
2418	1695	1
2418	1381	1
2419	669	1
2419	1374	1
2419	1538	1
2419	1634	1
2419	431	1
2419	1086	1
2419	720	1
2419	782	1
2419	2649	1
2419	519	1
2419	2148	1
2419	2403	1
2419	1440	1
2419	1032	1
2419	942	1
2419	2904	1
2419	178	1
2419	2533	1
2419	1322	1
2419	1770	1
2419	78	1
2419	2783	1
2419	1123	1
2419	2514	1
2419	840	1
2419	1834	1
2419	2239	1
2419	2356	1
2419	2320	1
2419	713	1
2419	1820	1
2419	1614	1
2419	2028	1
2419	1219	1
2419	1274	1
2419	2273	1
2419	2866	1
2419	683	1
2419	2675	1
2419	2120	1
2419	1011	1
2419	1727	1
2420	67	1
2420	2241	1
2420	2477	1
2420	578	1
2420	51	1
2420	1322	1
2420	79	1
2420	531	1
2420	2327	1
2420	702	1
2420	2495	1
2420	893	1
2420	2423	1
2420	1019	1
2420	683	1
2420	2768	1
2420	2675	1
2420	268	1
2420	624	1
2421	1897	1
2421	2608	1
2421	2549	1
2421	332	1
2421	942	1
2421	1163	1
2421	1666	1
2421	1608	1
2421	2840	1
2421	125	1
2421	29	1
2421	2558	1
2421	2273	1
2421	1903	1
2421	237	1
2421	485	1
2421	2675	1
2421	384	1
2421	2089	1
2421	1480	1
2421	1336	1
2421	748	1
2422	1061	1
2422	815	1
2422	1934	1
2422	347	1
2422	2592	1
2422	1086	1
2422	720	1
2422	2215	1
2422	270	1
2422	486	1
2422	2469	1
2422	519	1
2422	652	1
2422	362	1
2422	2953	1
2422	2864	1
2422	1193	1
2422	578	1
2422	2383	1
2422	1163	1
2422	1666	1
2422	25	1
2422	1450	1
2422	2853	1
2422	1770	1
2422	1303	1
2422	509	1
2422	1138	1
2422	620	1
2422	2488	1
2422	2460	1
2422	1902	1
2422	2016	1
2422	2522	1
2422	125	1
2422	2255	1
2422	2306	1
2422	2524	1
2422	1597	1
2422	2417	1
2422	2784	1
2422	2028	1
2422	1219	1
2422	2273	1
2422	660	1
2422	1078	1
2422	783	1
2422	2675	1
2422	805	1
2422	1336	1
2423	303	1
2423	683	1
2423	1727	1
2424	2867	1
2424	1614	1
2424	683	1
2424	2675	1
2425	2707	1
2425	1963	1
2425	303	1
2425	683	1
2425	2740	1
2425	384	1
2426	942	1
2426	1744	1
2426	1660	1
2426	1491	1
2426	2675	1
2426	1727	1
2427	1773	1
2427	2864	1
2427	547	1
2427	942	1
2427	2136	1
2427	531	1
2427	987	1
2427	2273	1
2427	1826	1
2428	310	1
2428	369	1
2428	1488	1
2428	724	1
2428	2448	1
2428	2541	1
2428	585	1
2428	1751	1
2428	521	1
2428	918	1
2428	983	1
2428	2851	1
2428	2649	1
2428	2867	1
2428	2033	1
2428	1806	1
2428	1004	1
2428	2383	1
2428	2657	1
2428	2083	1
2428	1140	1
2428	2012	1
2428	1322	1
2428	2917	1
2428	496	1
2428	1123	1
2428	48	1
2428	2692	1
2428	1138	1
2428	2068	1
2428	1748	1
2428	3029	1
2428	2076	1
2428	2351	1
2428	1660	1
2428	1820	1
2428	531	1
2428	2600	1
2428	2504	1
2428	1614	1
2428	2715	1
2428	1832	1
2428	49	1
2428	1986	1
2428	883	1
2428	2551	1
2428	1172	1
2428	1727	1
2429	67	1
2429	2432	1
2429	1138	1
2429	531	1
2430	2148	1
2430	2006	1
2430	1138	1
2430	2239	1
2430	2320	1
2431	1538	1
2431	808	1
2431	343	1
2431	2422	1
2431	2148	1
2431	2006	1
2431	578	1
2431	2383	1
2431	2432	1
2431	2949	1
2431	900	1
2431	1138	1
2431	2622	1
2431	1602	1
2431	1202	1
2431	66	1
2431	893	1
2431	683	1
2431	2768	1
2431	1787	1
2431	1727	1
2432	2307	1
2432	1710	1
2432	770	1
2432	2024	1
2432	611	1
2432	2549	1
2432	2469	1
2432	1445	1
2432	2393	1
2432	271	1
2432	907	1
2432	2864	1
2432	1315	1
2432	942	1
2432	2189	1
2432	1943	1
2432	57	1
2432	2621	1
2432	422	1
2432	1628	1
2432	2840	1
2432	620	1
2432	109	1
2432	2212	1
2432	947	1
2432	1614	1
2432	3019	1
2432	1931	1
2432	899	1
2432	883	1
2432	1849	1
2432	2675	1
2432	1947	1
2432	1727	1
2432	667	1
2433	372	1
2433	420	1
2433	531	1
2433	2327	1
2433	893	1
2433	3022	1
2434	669	1
2434	2384	1
2434	1846	1
2434	2549	1
2434	1378	1
2434	578	1
2434	2383	1
2434	1649	1
2434	2952	1
2434	48	1
2434	2063	1
2434	979	1
2434	1500	1
2434	947	1
2434	125	1
2434	531	1
2434	1614	1
2434	1695	1
2434	2120	1
2435	431	1
2435	1609	1
2435	2554	1
2435	2024	1
2435	1436	1
2435	1445	1
2435	2006	1
2435	1440	1
2435	361	1
2435	1278	1
2435	578	1
2435	1163	1
2435	1649	1
2435	2378	1
2435	57	1
2435	2727	1
2435	1628	1
2435	2239	1
2435	2622	1
2435	1660	1
2435	531	1
2435	1695	1
2435	1662	1
2435	2675	1
2436	2129	1
2436	2549	1
2436	793	1
2436	868	1
2436	10	1
2436	2864	1
2436	48	1
2436	2239	1
2436	1051	1
2436	2320	1
2436	2220	1
2436	1931	1
2437	369	1
2437	67	1
2437	2380	1
2437	1846	1
2437	2298	1
2437	1726	1
2437	2215	1
2437	2448	1
2437	585	1
2437	2008	1
2437	2549	1
2437	343	1
2437	983	1
2437	1921	1
2437	2649	1
2437	1265	1
2437	2864	1
2437	2117	1
2437	1278	1
2437	578	1
2437	2383	1
2437	1917	1
2437	25	1
2437	948	1
2437	157	1
2437	90	1
2437	48	1
2437	1303	1
2437	2239	1
2437	2622	1
2437	644	1
2437	2076	1
2437	286	1
2437	2938	1
2437	1184	1
2437	2411	1
2437	1258	1
2437	1660	1
2437	125	1
2437	531	1
2437	1299	1
2437	1614	1
2437	1274	1
2437	2273	1
2437	683	1
2438	1086	1
2438	1151	1
2438	463	1
2438	782	1
2438	1366	1
2438	2469	1
2438	40	1
2438	1601	1
2438	1196	1
2438	1820	1
2438	1377	1
2439	2952	1
2439	531	1
2439	2675	1
2440	372	1
2440	942	1
2440	1744	1
2440	2675	1
2441	1461	1
2441	2353	1
2441	513	1
2441	1987	1
2441	317	1
2441	2548	1
2441	810	1
2441	2991	1
2441	2905	1
2441	856	1
2441	816	1
2441	2383	1
2441	615	1
2441	2340	1
2441	642	1
2441	1785	1
2441	2103	1
2441	1473	1
2441	2521	1
2441	2054	1
2441	2433	1
2441	1454	1
2441	890	1
2441	752	1
2442	1705	1
2442	2905	1
2442	615	1
2442	617	1
2442	2492	1
2442	540	1
2442	1570	1
2442	2611	1
2442	1753	1
2442	1996	1
2442	2054	1
2442	2433	1
2442	1263	1
2442	752	1
2443	513	1
2443	1987	1
2443	2548	1
2443	76	1
2443	1980	1
2443	1996	1
2443	1588	1
2443	1119	1
2444	1803	1
2444	2383	1
2444	1744	1
2445	2130	1
2445	1609	1
2445	3024	1
2445	2911	1
2445	1445	1
2445	1672	1
2445	1315	1
2445	2636	1
2445	2982	1
2445	261	1
2445	2606	1
2445	2239	1
2445	819	1
2445	2622	1
2445	531	1
2445	2590	1
2445	2120	1
2445	3008	1
2445	504	1
2445	1727	1
2446	689	1
2446	1897	1
2446	888	1
2446	2549	1
2446	1472	1
2446	1672	1
2446	1055	1
2446	2864	1
2446	106	1
2446	1163	1
2446	261	1
2446	1362	1
2446	1955	1
2446	2865	1
2446	2022	1
2446	48	1
2446	1327	1
2446	1628	1
2446	1938	1
2446	2526	1
2446	1457	1
2446	1052	1
2446	264	1
2446	2132	1
2446	125	1
2446	1219	1
2446	902	1
2446	2282	1
2446	1931	1
2446	593	1
2446	1458	1
2446	2675	1
2446	2144	1
2446	1310	1
2446	1312	1
2446	2830	1
2447	815	1
2447	2215	1
2447	2067	1
2447	2622	1
2447	1614	1
2447	1078	1
2448	1086	1
2448	372	1
2448	2469	1
2448	1322	1
2448	1854	1
2448	1303	1
2448	1744	1
2448	579	1
2448	125	1
2448	531	1
2448	2273	1
2449	698	1
2449	1086	1
2449	463	1
2449	782	1
2449	2622	1
2449	887	1
2449	125	1
2449	1364	1
2449	2781	1
2449	357	1
2450	2215	1
2450	2707	1
2450	2864	1
2450	2347	1
2450	2740	1
2450	268	1
2451	1488	1
2451	2381	1
2451	1762	1
2451	2024	1
2451	2215	1
2451	2008	1
2451	1413	1
2451	611	1
2451	918	1
2451	343	1
2451	983	1
2451	356	1
2451	2970	1
2451	1445	1
2451	2548	1
2451	1578	1
2451	1689	1
2451	578	1
2451	2463	1
2451	1015	1
2451	2952	1
2451	1322	1
2451	1739	1
2451	788	1
2451	1123	1
2451	570	1
2451	48	1
2451	215	1
2451	2622	1
2451	2076	1
2451	36	1
2451	2555	1
2451	792	1
2451	2320	1
2451	2132	1
2451	125	1
2451	2730	1
2451	1299	1
2451	1614	1
2451	1078	1
2451	2077	1
2451	2207	1
2451	1947	1
2452	646	1
2452	399	1
2452	1206	1
2452	1371	1
2452	2649	1
2452	690	1
2452	2232	1
2452	2383	1
2452	942	1
2452	2952	1
2452	1990	1
2452	383	1
2452	1608	1
2452	1820	1
2452	531	1
2452	2600	1
2452	2590	1
2452	2077	1
2452	683	1
2452	2675	1
2452	717	1
2453	1608	1
2453	1138	1
2453	2239	1
2453	531	1
2453	2120	1
2453	1727	1
2454	67	1
2454	2448	1
2454	1433	1
2454	463	1
2454	2251	1
2454	1366	1
2454	2268	1
2454	486	1
2454	2899	1
2454	1740	1
2454	2232	1
2454	1627	1
2454	957	1
2454	2982	1
2454	942	1
2454	1384	1
2454	695	1
2454	2708	1
2454	1608	1
2454	387	1
2454	1211	1
2454	1872	1
2454	311	1
2454	2436	1
2454	405	1
2454	2239	1
2454	1424	1
2454	142	1
2454	2963	1
2454	1910	1
2454	2120	1
2454	1727	1
2455	310	1
2455	1556	1
2455	221	1
2455	2130	1
2455	2024	1
2455	2549	1
2455	2469	1
2455	2006	1
2455	1166	1
2455	1605	1
2455	2852	1
2455	942	1
2455	178	1
2455	1636	1
2455	568	1
2455	1123	1
2455	1756	1
2455	1268	1
2455	1303	1
2455	2239	1
2455	2806	1
2455	3029	1
2455	740	1
2455	1660	1
2455	125	1
2455	84	1
2455	358	1
2455	612	1
2455	683	1
2455	2768	1
2455	1285	1
2455	366	1
2455	1529	1
2455	56	1
2455	1727	1
2455	2280	1
2456	67	1
2456	1488	1
2456	399	1
2456	2215	1
2456	2549	1
2456	2666	1
2456	2468	1
2456	2557	1
2456	199	1
2456	80	1
2456	1806	1
2456	1109	1
2456	578	1
2456	2383	1
2456	244	1
2456	2952	1
2456	2359	1
2456	948	1
2456	2537	1
2456	1241	1
2456	2917	1
2456	746	1
2456	1209	1
2456	3029	1
2456	2555	1
2456	2291	1
2456	571	1
2456	1274	1
2456	2273	1
2456	2866	1
2456	683	1
2456	388	1
2456	1529	1
2457	1853	1
2457	1086	1
2457	372	1
2457	888	1
2457	2549	1
2457	1002	1
2457	2867	1
2457	578	1
2457	942	1
2457	261	1
2457	1269	1
2457	1196	1
2457	2297	1
2457	2016	1
2457	125	1
2457	2028	1
2457	2273	1
2457	1134	1
2457	1851	1
2457	683	1
2457	1849	1
2457	2675	1
2458	510	1
2458	2215	1
2458	542	1
2458	793	1
2458	1713	1
2458	1002	1
2458	1736	1
2458	3023	1
2458	942	1
2458	2458	1
2458	1303	1
2458	2239	1
2458	1929	1
2458	1660	1
2458	125	1
2458	1832	1
2458	47	1
2458	675	1
2459	1061	1
2459	2150	1
2459	531	1
2459	683	1
2459	2675	1
2459	1727	1
2460	669	1
2460	369	1
2460	60	1
2460	1488	1
2460	2215	1
2460	1367	1
2460	2598	1
2460	868	1
2460	238	1
2460	2864	1
2460	1578	1
2460	2463	1
2460	942	1
2460	2083	1
2460	413	1
2460	48	1
2460	746	1
2460	3029	1
2460	2539	1
2460	124	1
2460	2320	1
2460	1299	1
2460	715	1
2460	1078	1
2460	1381	1
2460	1393	1
2460	1727	1
2461	669	1
2461	2381	1
2461	1086	1
2461	782	1
2461	2549	1
2461	1944	1
2461	2469	1
2461	1445	1
2461	718	1
2461	27	1
2461	2867	1
2461	2864	1
2461	1315	1
2461	1586	1
2461	1917	1
2461	413	1
2461	2238	1
2461	2121	1
2461	1322	1
2461	1608	1
2461	48	1
2461	1303	1
2461	2622	1
2461	125	1
2461	2273	1
2461	2781	1
2461	594	1
2462	669	1
2462	463	1
2462	782	1
2462	2549	1
2462	2469	1
2462	1315	1
2462	578	1
2462	942	1
2462	1586	1
2462	261	1
2462	413	1
2462	1540	1
2462	2238	1
2462	2688	1
2462	1608	1
2462	2622	1
2462	2320	1
2462	125	1
2462	531	1
2462	407	1
2462	683	1
2463	310	1
2463	463	1
2463	782	1
2463	1897	1
2463	2549	1
2463	2707	1
2463	2469	1
2463	2835	1
2463	793	1
2463	2450	1
2463	1445	1
2463	1764	1
2463	24	1
2463	942	1
2463	261	1
2463	1915	1
2463	1985	1
2463	2952	1
2463	2915	1
2463	1636	1
2463	1327	1
2463	1968	1
2463	1744	1
2463	712	1
2463	1929	1
2463	2025	1
2463	965	1
2463	2600	1
2463	1870	1
2463	2273	1
2463	2047	1
2463	2740	1
2463	2889	1
2463	1186	1
2463	348	1
2464	646	1
2464	1138	1
2464	2622	1
2464	683	1
2464	2675	1
2465	2384	1
2465	1445	1
2465	2006	1
2465	578	1
2465	2872	1
2465	79	1
2465	1138	1
2465	531	1
2465	1614	1
2465	683	1
2466	67	1
2466	431	1
2466	578	1
2466	1138	1
2466	2622	1
2466	531	1
2466	2675	1
2466	2120	1
2467	689	1
2467	1116	1
2467	2469	1
2467	652	1
2467	361	1
2467	261	1
2467	2952	1
2467	2675	1
2468	372	1
2468	2707	1
2468	261	1
2468	531	1
2469	372	1
2469	519	1
2469	2383	1
2469	942	1
2469	1681	1
2469	2921	1
2469	1219	1
2469	2273	1
2469	1616	1
2470	67	1
2470	2469	1
2470	2134	1
2470	1090	1
2470	1744	1
2471	369	1
2471	431	1
2471	2448	1
2471	2649	1
2471	2861	1
2471	898	1
2471	578	1
2471	957	1
2471	1322	1
2471	48	1
2471	1138	1
2471	2239	1
2471	531	1
2471	1009	1
2471	2866	1
2471	2077	1
2471	683	1
2471	2120	1
2471	1727	1
2472	1041	1
2472	25	1
2472	1102	1
2472	2559	1
2472	1660	1
2472	987	1
2472	2675	1
2472	1743	1
2473	384	1
2474	1538	1
2474	67	1
2474	1644	1
2474	2448	1
2474	2232	1
2474	957	1
2474	2952	1
2474	2600	1
2474	66	1
2474	2675	1
2474	2120	1
2474	1727	1
2475	67	1
2475	2622	1
2475	571	1
2475	2077	1
2475	1727	1
2476	310	1
2476	67	1
2476	343	1
2476	983	1
2476	365	1
2476	578	1
2476	2383	1
2476	3000	1
2476	2083	1
2476	1731	1
2476	948	1
2476	1322	1
2476	1196	1
2476	2709	1
2476	1138	1
2476	2068	1
2476	3029	1
2476	2504	1
2476	2104	1
2476	184	1
2476	2077	1
2476	1557	1
2477	2215	1
2477	2549	1
2477	2067	1
2477	2383	1
2477	1649	1
2477	2952	1
2477	531	1
2477	2028	1
2478	815	1
2478	2215	1
2478	3004	1
2478	1649	1
2478	2952	1
2478	2211	1
2478	1744	1
2478	2622	1
2478	1660	1
2478	2028	1
2478	1995	1
2479	2215	1
2479	784	1
2479	1322	1
2479	1303	1
2479	1660	1
2479	1614	1
2479	2273	1
2479	1727	1
2480	1116	1
2480	2549	1
2480	2694	1
2480	652	1
2480	48	1
2480	579	1
2480	276	1
2480	1727	1
2481	67	1
2481	2549	1
2481	2953	1
2481	2383	1
2481	942	1
2481	2952	1
2481	795	1
2481	1138	1
2481	531	1
2481	2028	1
2482	275	1
2482	2572	1
2482	2481	1
2482	2194	1
2482	181	1
2482	69	1
2482	2675	1
2482	384	1
2483	815	1
2483	2549	1
2483	1803	1
2483	2170	1
2483	2383	1
2483	1649	1
2483	2952	1
2483	879	1
2483	2622	1
2483	1258	1
2483	2028	1
2484	1921	1
2484	2542	1
2484	897	1
2484	1891	1
2484	2675	1
2485	67	1
2485	2251	1
2485	180	1
2485	550	1
2485	1223	1
2485	1191	1
2485	319	1
2485	578	1
2485	2383	1
2485	2657	1
2485	2426	1
2485	1981	1
2485	531	1
2485	1614	1
2485	2768	1
2485	2120	1
2486	67	1
2486	689	1
2486	1609	1
2486	2215	1
2486	1897	1
2486	1445	1
2486	27	1
2486	2530	1
2486	1315	1
2486	1649	1
2486	261	1
2486	25	1
2486	2952	1
2486	48	1
2486	1303	1
2486	503	1
2486	1814	1
2486	944	1
2486	429	1
2486	531	1
2486	1614	1
2486	2327	1
2486	346	1
2486	683	1
2486	1381	1
2486	2305	1
2486	1727	1
2487	2549	1
2487	2832	1
2487	652	1
2487	1649	1
2487	1303	1
2487	1674	1
2487	1660	1
2487	2028	1
2487	2675	1
2488	67	1
2488	1585	1
2488	2884	1
2488	2566	1
2488	986	1
2488	1632	1
2488	220	1
2488	958	1
2488	1155	1
2488	2618	1
2488	463	1
2488	782	1
2488	2765	1
2488	2009	1
2488	500	1
2488	886	1
2488	486	1
2488	428	1
2488	1443	1
2488	470	1
2488	1113	1
2488	1315	1
2488	2232	1
2488	1175	1
2488	3026	1
2488	3020	1
2488	51	1
2488	2731	1
2488	1956	1
2488	629	1
2488	1831	1
2488	48	1
2488	1303	1
2488	1138	1
2488	2239	1
2488	2456	1
2488	2622	1
2488	1814	1
2488	1500	1
2488	2320	1
2488	634	1
2488	2388	1
2488	1244	1
2488	2784	1
2488	566	1
2488	702	1
2488	2252	1
2488	2273	1
2488	536	1
2488	1253	1
2488	1695	1
2488	2434	1
2488	2050	1
2488	2768	1
2488	230	1
2488	2913	1
2488	103	1
2488	268	1
2488	601	1
2488	87	1
2488	1727	1
2489	2952	1
2489	531	1
2489	2675	1
2489	1727	1
2490	2549	1
2490	578	1
2490	2550	1
2490	531	1
2491	310	1
2491	67	1
2491	1366	1
2491	1138	1
2491	531	1
2491	1614	1
2491	66	1
2491	1832	1
2491	2077	1
2491	2120	1
2491	1727	1
2492	67	1
2492	2215	1
2492	2549	1
2492	2148	1
2492	1778	1
2492	2916	1
2492	1138	1
2492	2622	1
2492	531	1
2492	1614	1
2492	66	1
2492	781	1
2492	1727	1
2493	67	1
2493	2618	1
2493	463	1
2493	1366	1
2493	2469	1
2493	1778	1
2493	2383	1
2493	2982	1
2493	1138	1
2493	2622	1
2493	531	1
2494	1086	1
2494	720	1
2494	2469	1
2494	1770	1
2494	840	1
2494	1303	1
2494	1744	1
2494	1244	1
2494	2675	1
2494	384	1
2494	357	1
2494	1727	1
2495	67	1
2495	1609	1
2495	2440	1
2495	2006	1
2495	1778	1
2495	25	1
2495	795	1
2495	2239	1
2495	286	1
2495	125	1
2495	66	1
2495	2507	1
2495	1931	1
2495	268	1
2495	1727	1
2496	67	1
2496	431	1
2496	2384	1
2496	2380	1
2496	2006	1
2496	2867	1
2496	361	1
2496	2397	1
2496	248	1
2496	48	1
2496	408	1
2496	125	1
2496	683	1
2496	1727	1
2497	1086	1
2497	782	1
2497	1897	1
2497	691	1
2497	1906	1
2497	185	1
2497	2469	1
2497	2970	1
2497	1713	1
2497	2393	1
2497	2864	1
2497	2530	1
2497	578	1
2497	1887	1
2497	1894	1
2497	2519	1
2497	2783	1
2497	1854	1
2497	2110	1
2497	48	1
2497	840	1
2497	1303	1
2497	2034	1
2497	3005	1
2497	947	1
2497	944	1
2497	1660	1
2497	531	1
2497	1614	1
2497	1066	1
2497	346	1
2497	2495	1
2497	2273	1
2497	1695	1
2497	1381	1
2497	2561	1
2497	2675	1
2497	1393	1
2497	1821	1
2497	1727	1
2498	261	1
2498	1660	1
2498	531	1
2498	1244	1
2499	67	1
2499	1275	1
2499	2618	1
2499	249	1
2499	2148	1
2499	1223	1
2499	578	1
2499	306	1
2499	1138	1
2499	260	1
2499	1660	1
2499	2044	1
2499	2675	1
2499	1727	1
2500	2618	1
2500	1223	1
2500	1601	1
2500	48	1
2500	2239	1
2500	2622	1
2500	1614	1
2500	2423	1
2500	1145	1
2500	1727	1
2501	669	1
2501	2549	1
2501	2469	1
2501	1269	1
2501	1666	1
2501	1303	1
2501	1184	1
2501	1660	1
2501	531	1
2501	2273	1
2502	2384	1
2502	1223	1
2502	1322	1
2502	1601	1
2502	48	1
2502	2239	1
2502	531	1
2502	1614	1
2502	2423	1
2502	1145	1
2502	2044	1
2502	2675	1
2503	67	1
2503	1846	1
2503	815	1
2503	720	1
2503	691	1
2503	2608	1
2503	2549	1
2503	2469	1
2503	2484	1
2503	519	1
2503	942	1
2503	2952	1
2503	2688	1
2503	795	1
2503	1303	1
2503	1589	1
2503	2622	1
2503	1660	1
2503	1033	1
2503	1614	1
2503	2327	1
2503	2028	1
2503	407	1
2503	1727	1
2504	1086	1
2504	2557	1
2504	718	1
2504	1660	1
2504	1614	1
2504	2784	1
2504	2675	1
2504	2120	1
2505	2215	1
2505	1897	1
2505	942	1
2505	1649	1
2505	2952	1
2505	1322	1
2505	1744	1
2505	1402	1
2505	1660	1
2505	531	1
2505	1614	1
2505	1903	1
2505	2675	1
2506	1324	1
2506	1286	1
2506	2764	1
2506	578	1
2506	2383	1
2506	2239	1
2506	2622	1
2506	1614	1
2506	883	1
2506	2768	1
2506	2675	1
2506	2120	1
2506	1727	1
2507	67	1
2507	2384	1
2507	1366	1
2507	2970	1
2507	1223	1
2507	1278	1
2507	1777	1
2507	2719	1
2507	842	1
2507	2790	1
2507	90	1
2507	2239	1
2507	2622	1
2507	1814	1
2507	531	1
2507	2273	1
2508	1086	1
2508	2448	1
2508	691	1
2508	2608	1
2508	2549	1
2508	2469	1
2508	2864	1
2508	2530	1
2508	212	1
2508	1470	1
2508	942	1
2508	551	1
2508	705	1
2508	2688	1
2508	659	1
2508	531	1
2508	358	1
2508	12	1
2508	2242	1
2508	1614	1
2508	1695	1
2508	407	1
2508	1626	1
2508	881	1
2509	1086	1
2509	1116	1
2509	372	1
2509	2469	1
2509	261	1
2509	1660	1
2509	1614	1
2510	669	1
2510	1609	1
2510	906	1
2510	1086	1
2510	463	1
2510	782	1
2510	372	1
2510	2549	1
2510	1366	1
2510	2469	1
2510	1445	1
2510	1378	1
2510	2867	1
2510	1315	1
2510	2383	1
2510	942	1
2510	261	1
2510	1666	1
2510	2286	1
2510	2952	1
2510	2121	1
2510	1303	1
2510	1744	1
2510	2239	1
2510	1814	1
2510	1639	1
2510	2016	1
2510	1660	1
2510	125	1
2510	531	1
2510	1614	1
2510	1244	1
2510	2495	1
2510	407	1
2510	2768	1
2510	1092	1
2511	1086	1
2511	1116	1
2511	652	1
2511	578	1
2511	2366	1
2511	2688	1
2511	1303	1
2511	1744	1
2511	2239	1
2511	287	1
2511	1660	1
2511	2273	1
2511	407	1
2511	2741	1
2511	2675	1
2512	815	1
2512	906	1
2512	720	1
2512	270	1
2512	2549	1
2512	2469	1
2512	271	1
2512	2821	1
2512	2952	1
2512	1006	1
2512	48	1
2512	840	1
2512	1303	1
2512	1033	1
2512	531	1
2512	2028	1
2512	1903	1
2512	407	1
2513	1846	1
2513	2130	1
2513	815	1
2513	1086	1
2513	1116	1
2513	720	1
2513	463	1
2513	782	1
2513	372	1
2513	1366	1
2513	519	1
2513	1713	1
2513	2148	1
2513	1223	1
2513	2953	1
2513	2864	1
2513	2530	1
2513	1740	1
2513	1315	1
2513	2124	1
2513	578	1
2513	2383	1
2513	892	1
2513	1649	1
2513	25	1
2513	2952	1
2513	1322	1
2513	1196	1
2513	659	1
2513	48	1
2513	840	1
2513	1138	1
2513	1744	1
2513	2239	1
2513	2320	1
2513	1660	1
2513	531	1
2513	1614	1
2513	1244	1
2513	2327	1
2513	2784	1
2513	2028	1
2513	2434	1
2513	407	1
2513	683	1
2513	1285	1
2513	2675	1
2513	1727	1
2514	1086	1
2514	782	1
2514	372	1
2514	1163	1
2514	1661	1
2514	1303	1
2514	1938	1
2514	2622	1
2514	1660	1
2514	125	1
2514	531	1
2514	1614	1
2514	2784	1
2514	1727	1
2515	815	1
2515	720	1
2515	2589	1
2515	2215	1
2515	2549	1
2515	2671	1
2515	2469	1
2515	1224	1
2515	2	1
2515	1713	1
2515	2222	1
2515	1772	1
2515	271	1
2515	1649	1
2515	2952	1
2515	2857	1
2515	738	1
2515	1660	1
2515	1615	1
2515	1903	1
2515	308	1
2515	357	1
2516	67	1
2516	815	1
2516	906	1
2516	1116	1
2516	782	1
2516	1897	1
2516	691	1
2516	486	1
2516	185	1
2516	1224	1
2516	519	1
2516	1445	1
2516	1713	1
2516	652	1
2516	1772	1
2516	836	1
2516	2821	1
2516	547	1
2516	578	1
2516	316	1
2516	261	1
2516	1666	1
2516	25	1
2516	2952	1
2516	1006	1
2516	1322	1
2516	895	1
2516	840	1
2516	1744	1
2516	2593	1
2516	1033	1
2516	1954	1
2516	125	1
2516	531	1
2516	2213	1
2516	2921	1
2516	1614	1
2516	2028	1
2516	1219	1
2516	2273	1
2516	1695	1
2516	308	1
2516	2741	1
2516	2740	1
2516	2675	1
2516	2305	1
2516	2120	1
2516	357	1
2516	748	1
2516	1727	1
2517	1086	1
2517	2215	1
2517	2493	1
2517	2608	1
2517	652	1
2517	2864	1
2517	942	1
2517	2952	1
2517	1303	1
2517	1660	1
2517	125	1
2517	531	1
2517	2273	1
2517	660	1
2518	815	1
2518	1086	1
2518	372	1
2518	2279	1
2518	2549	1
2518	2469	1
2518	519	1
2518	1772	1
2518	836	1
2518	2864	1
2518	2438	1
2518	942	1
2518	2971	1
2518	1781	1
2518	1303	1
2518	2974	1
2518	2622	1
2518	1120	1
2518	2132	1
2518	838	1
2518	1660	1
2518	125	1
2518	1614	1
2518	1244	1
2518	2924	1
2518	2028	1
2518	1219	1
2518	2273	1
2518	660	1
2518	1616	1
2518	407	1
2518	883	1
2518	1408	1
2518	2977	1
2518	2301	1
2518	2120	1
2518	1727	1
2519	1116	1
2519	1897	1
2519	2549	1
2519	2469	1
2519	652	1
2519	1772	1
2519	942	1
2519	25	1
2519	840	1
2519	1303	1
2519	1660	1
2519	2273	1
2519	1903	1
2519	2675	1
2520	2094	1
2520	2549	1
2520	840	1
2520	1184	1
2520	1660	1
2520	531	1
2520	1903	1
2520	407	1
2521	815	1
2521	1086	1
2521	1897	1
2521	372	1
2521	1772	1
2521	836	1
2521	942	1
2521	1649	1
2521	2952	1
2521	531	1
2521	1614	1
2521	2273	1
2522	1086	1
2522	372	1
2522	185	1
2522	2469	1
2522	2864	1
2522	942	1
2522	2952	1
2522	1744	1
2522	1660	1
2522	531	1
2522	1614	1
2522	2741	1
2523	67	1
2523	2384	1
2523	2215	1
2523	2148	1
2523	1223	1
2523	1278	1
2523	578	1
2523	2982	1
2523	48	1
2523	2239	1
2523	2622	1
2523	260	1
2523	1660	1
2523	531	1
2523	1244	1
2523	2273	1
2523	2044	1
2524	1086	1
2524	1116	1
2524	2215	1
2524	691	1
2524	787	1
2524	519	1
2524	2864	1
2524	261	1
2524	1660	1
2524	1468	1
2524	1244	1
2524	2028	1
2524	2273	1
2524	660	1
2524	407	1
2524	2597	1
2525	720	1
2525	463	1
2525	782	1
2525	1897	1
2525	185	1
2525	1772	1
2525	2952	1
2525	840	1
2525	1303	1
2525	1660	1
2525	2741	1
2525	2675	1
2526	1086	1
2526	2215	1
2526	2549	1
2526	2929	1
2526	323	1
2526	1359	1
2526	942	1
2526	25	1
2526	2163	1
2526	2628	1
2526	1863	1
2526	1660	1
2526	2273	1
2526	1903	1
2526	2740	1
2526	2675	1
2526	384	1
2526	2089	1
2526	481	1
2527	1472	1
2527	2131	1
2527	942	1
2527	261	1
2527	2436	1
2528	2549	1
2528	1660	1
2528	2675	1
2529	261	1
2529	850	1
2529	531	1
2529	2675	1
2529	1727	1
2530	261	1
2530	1660	1
2530	531	1
2531	2164	1
2531	1116	1
2531	720	1
2531	2215	1
2531	299	1
2531	270	1
2531	2549	1
2531	1366	1
2531	2851	1
2531	111	1
2531	2469	1
2531	1445	1
2531	1772	1
2531	271	1
2531	1672	1
2531	1562	1
2531	1587	1
2531	1651	1
2531	1784	1
2531	578	1
2531	2383	1
2531	1750	1
2531	25	1
2531	843	1
2531	1322	1
2531	795	1
2531	514	1
2531	2564	1
2531	48	1
2531	1303	1
2531	1138	1
2531	2058	1
2531	1744	1
2531	2239	1
2531	2622	1
2531	526	1
2531	2857	1
2531	947	1
2531	1033	1
2531	2273	1
2531	1009	1
2531	2760	1
2531	407	1
2532	310	1
2532	2380	1
2532	906	1
2532	1853	1
2532	1969	1
2532	1816	1
2532	720	1
2532	2024	1
2532	2215	1
2532	1646	1
2532	2549	1
2532	2469	1
2532	2670	1
2532	1772	1
2532	271	1
2532	1580	1
2532	2867	1
2532	2864	1
2532	6	1
2532	2383	1
2532	1031	1
2532	261	1
2532	2354	1
2532	1506	1
2532	79	1
2532	659	1
2532	48	1
2532	953	1
2532	840	1
2532	1303	1
2532	164	1
2532	1938	1
2532	2622	1
2532	2583	1
2532	2555	1
2532	2320	1
2532	276	1
2532	1660	1
2532	531	1
2532	2427	1
2532	108	1
2532	346	1
2532	1219	1
2532	1804	1
2532	2273	1
2532	131	1
2532	65	1
2532	1717	1
2532	899	1
2532	407	1
2532	165	1
2532	883	1
2532	1393	1
2532	1923	1
2532	1727	1
2532	315	1
2533	942	1
2533	1219	1
2533	2675	1
2534	1061	1
2534	720	1
2534	1897	1
2534	270	1
2534	1366	1
2534	486	1
2534	2393	1
2534	1772	1
2534	942	1
2534	261	1
2534	2688	1
2534	151	1
2534	48	1
2534	840	1
2534	1282	1
2534	2622	1
2534	2857	1
2534	2516	1
2534	531	1
2534	1219	1
2534	1903	1
2534	407	1
2534	2741	1
2534	1568	1
2534	2675	1
2534	357	1
2535	669	1
2535	445	1
2535	1061	1
2535	689	1
2535	815	1
2535	347	1
2535	2343	1
2535	2589	1
2535	2215	1
2535	2448	1
2535	299	1
2535	2279	1
2535	270	1
2535	2549	1
2535	2890	1
2535	486	1
2535	111	1
2535	2469	1
2535	2393	1
2535	1772	1
2535	1443	1
2535	1711	1
2535	2119	1
2535	2457	1
2535	25	1
2535	2952	1
2535	2007	1
2535	1770	1
2535	48	1
2535	1744	1
2535	1674	1
2535	18	1
2535	2428	1
2535	1660	1
2535	1033	1
2535	531	1
2535	2784	1
2535	2028	1
2535	2760	1
2535	2741	1
2535	1910	1
2535	357	1
2536	942	1
2536	1660	1
2536	531	1
2536	2104	1
2536	2675	1
2537	372	1
2537	261	1
2537	2675	1
2538	261	1
2538	1660	1
2538	2741	1
2538	2675	1
2539	1086	1
2539	211	1
2539	2869	1
2539	178	1
2539	1322	1
2539	1400	1
2539	1614	1
2539	66	1
2539	2784	1
2539	2077	1
2539	2741	1
2539	2629	1
2539	1727	1
2540	67	1
2540	1275	1
2540	2618	1
2540	2797	1
2540	878	1
2540	1315	1
2540	1778	1
2540	260	1
2540	531	1
2540	2558	1
2540	893	1
2540	683	1
2540	1381	1
2540	1515	1
2541	67	1
2541	2251	1
2541	372	1
2541	2851	1
2541	2622	1
2541	2768	1
2541	1727	1
2542	67	1
2542	1138	1
2542	713	1
2542	2120	1
2543	1116	1
2543	1773	1
2543	836	1
2543	901	1
2543	2628	1
2543	2995	1
2543	2741	1
2543	2675	1
2543	2302	1
2543	1480	1
2543	2652	1
2543	357	1
2544	1846	1
2544	1086	1
2544	2215	1
2544	2957	1
2544	372	1
2544	1776	1
2544	2549	1
2544	185	1
2544	2469	1
2544	793	1
2544	1713	1
2544	652	1
2544	1472	1
2544	2864	1
2544	9	1
2544	1315	1
2544	1778	1
2544	1661	1
2544	261	1
2544	1666	1
2544	2952	1
2544	1735	1
2544	1322	1
2544	2545	1
2544	671	1
2544	650	1
2544	795	1
2544	79	1
2544	81	1
2544	1854	1
2544	1196	1
2544	1938	1
2544	1744	1
2544	2526	1
2544	2622	1
2544	2336	1
2544	947	1
2544	838	1
2544	1660	1
2544	1954	1
2544	531	1
2544	841	1
2544	2023	1
2544	1614	1
2544	2078	1
2544	1219	1
2544	1804	1
2544	131	1
2544	1851	1
2544	407	1
2544	2664	1
2544	2706	1
2544	2675	1
2545	2549	1
2545	2864	1
2545	1666	1
2545	531	1
2545	2675	1
2546	372	1
2546	1436	1
2546	2867	1
2546	1269	1
2546	1666	1
2546	1744	1
2546	1660	1
2546	531	1
2546	683	1
2546	1381	1
2546	2675	1
2546	475	1
2546	1727	1
2547	2215	1
2547	1436	1
2547	2867	1
2547	1269	1
2547	1666	1
2547	1744	1
2547	2622	1
2547	531	1
2547	683	1
2547	2675	1
2547	1727	1
2548	1359	1
2548	1666	1
2549	1778	1
2549	1106	1
2550	2799	1
2550	906	1
2550	2469	1
2550	2474	1
2550	1649	1
2550	25	1
2550	2952	1
2550	1770	1
2550	659	1
2550	531	1
2550	2028	1
2551	1846	1
2551	240	1
2551	463	1
2551	782	1
2551	2469	1
2551	1286	1
2551	2952	1
2551	57	1
2551	1770	1
2551	926	1
2551	2783	1
2551	1196	1
2551	1203	1
2551	1744	1
2551	2321	1
2551	1660	1
2551	531	1
2551	1364	1
2551	1489	1
2551	1244	1
2551	946	1
2551	914	1
2551	2760	1
2551	602	1
2551	2855	1
2552	1061	1
2552	2578	1
2552	1450	1
2552	1608	1
2552	151	1
2552	840	1
2552	1203	1
2552	1910	1
2553	1897	1
2553	2549	1
2553	2469	1
2553	1224	1
2553	652	1
2553	840	1
2553	897	1
2553	2628	1
2553	2188	1
2553	531	1
2553	2741	1
2553	1625	1
2553	384	1
2553	2302	1
2553	2089	1
2553	748	1
2554	2899	1
2554	1614	1
2554	475	1
2555	698	1
2555	1934	1
2555	210	1
2555	2251	1
2555	2549	1
2555	2899	1
2555	1150	1
2555	2124	1
2555	2943	1
2555	1649	1
2555	169	1
2555	2853	1
2555	2628	1
2555	1279	1
2555	1660	1
2555	531	1
2555	1364	1
2555	2078	1
2555	2106	1
2555	1937	1
2555	1903	1
2555	1621	1
2556	1897	1
2556	886	1
2556	185	1
2556	992	1
2556	151	1
2556	1303	1
2556	509	1
2556	2188	1
2556	2741	1
2557	2469	1
2557	2188	1
2557	2741	1
2558	815	1
2558	1934	1
2558	1163	1
2558	620	1
2558	2488	1
2559	689	1
2559	25	1
2559	840	1
2559	1066	1
2559	2740	1
2560	1934	1
2560	720	1
2560	185	1
2560	2474	1
2560	2864	1
2560	2124	1
2560	840	1
2560	1143	1
2560	2855	1
2560	357	1
2561	1086	1
2561	2608	1
2561	519	1
2561	1713	1
2561	2864	1
2561	261	1
2561	1666	1
2561	25	1
2561	2688	1
2561	1854	1
2561	2157	1
2561	123	1
2561	2460	1
2561	1504	1
2561	1660	1
2561	1903	1
2561	2675	1
2561	2597	1
2562	2675	1
2563	2384	1
2563	1632	1
2563	1366	1
2563	2264	1
2563	1113	1
2563	412	1
2563	2477	1
2563	578	1
2563	3020	1
2563	239	1
2563	1081	1
2563	629	1
2563	2456	1
2563	2622	1
2563	246	1
2563	506	1
2563	392	1
2563	893	1
2563	869	1
2563	2221	1
2563	268	1
2563	2725	1
2563	2043	1
2563	624	1
2564	1585	1
2564	1632	1
2564	2264	1
2564	2148	1
2564	2006	1
2564	428	1
2564	1113	1
2564	2477	1
2564	578	1
2564	3020	1
2564	239	1
2564	1081	1
2564	1322	1
2564	835	1
2564	1660	1
2564	531	1
2564	506	1
2564	2423	1
2564	2221	1
2564	2263	1
2564	624	1
2564	2120	1
2564	1727	1
2565	1116	1
2565	2929	1
2565	2748	1
2565	29	1
2566	1396	1
2566	1660	1
2566	531	1
2566	29	1
2566	2675	1
2567	67	1
2567	1116	1
2567	652	1
2567	942	1
2567	1365	1
2567	531	1
2567	2273	1
2567	1727	1
2568	1538	1
2568	2384	1
2568	2130	1
2568	2969	1
2568	220	1
2568	2618	1
2568	878	1
2568	2867	1
2568	862	1
2568	2477	1
2568	1175	1
2568	578	1
2568	2383	1
2568	2982	1
2568	2872	1
2568	2952	1
2568	51	1
2568	2165	1
2568	1138	1
2568	1136	1
2568	2456	1
2568	1814	1
2568	260	1
2568	531	1
2568	1614	1
2568	301	1
2568	2327	1
2568	2495	1
2568	2221	1
2568	2680	1
2568	87	1
2569	1404	1
2569	1974	1
2569	815	1
2569	347	1
2569	2187	1
2569	1116	1
2569	720	1
2569	437	1
2569	2868	1
2569	463	1
2569	1897	1
2569	270	1
2569	2707	1
2569	2469	1
2569	2832	1
2569	1560	1
2569	1847	1
2569	1830	1
2569	2821	1
2569	2124	1
2569	1649	1
2569	1370	1
2569	908	1
2569	2952	1
2569	1234	1
2569	1168	1
2569	93	1
2569	840	1
2569	828	1
2569	2194	1
2569	1660	1
2569	531	1
2569	1496	1
2569	2417	1
2569	2028	1
2569	346	1
2569	1903	1
2569	308	1
2569	2459	1
2569	2741	1
2569	2675	1
2569	2889	1
2569	2305	1
2569	357	1
2570	1934	1
2570	906	1
2570	2052	1
2570	2549	1
2570	1713	1
2570	2124	1
2570	2952	1
2570	2250	1
2570	1770	1
2570	2460	1
2570	1660	1
2570	1903	1
2571	372	1
2571	1315	1
2572	698	1
2572	669	1
2572	431	1
2572	2384	1
2572	510	1
2572	2184	1
2572	1086	1
2572	2215	1
2572	2319	1
2572	2469	1
2572	2832	1
2572	1002	1
2572	2867	1
2572	2238	1
2572	1322	1
2572	1196	1
2572	2110	1
2572	1138	1
2572	1744	1
2572	2239	1
2572	2622	1
2572	1681	1
2572	1660	1
2572	1244	1
2572	2273	1
2572	883	1
2572	1381	1
2572	1285	1
2572	2675	1
2572	1727	1
2573	698	1
2573	431	1
2573	2384	1
2573	1609	1
2573	1086	1
2573	2215	1
2573	2469	1
2573	793	1
2573	2832	1
2573	435	1
2573	1002	1
2573	942	1
2573	1269	1
2573	413	1
2573	1322	1
2573	2815	1
2573	795	1
2573	1196	1
2573	2110	1
2573	1303	1
2573	1744	1
2573	1681	1
2573	125	1
2573	531	1
2573	2273	1
2573	883	1
2573	1381	1
2573	1285	1
2573	2675	1
2573	2120	1
2574	698	1
2574	669	1
2574	2384	1
2574	510	1
2574	2184	1
2574	2319	1
2574	463	1
2574	2549	1
2574	2469	1
2574	1002	1
2574	1315	1
2574	261	1
2574	2238	1
2574	1322	1
2574	1196	1
2574	2110	1
2574	1303	1
2574	1138	1
2574	1744	1
2574	2622	1
2574	530	1
2574	1660	1
2574	531	1
2574	1614	1
2574	1244	1
2574	1804	1
2574	2273	1
2574	883	1
2574	683	1
2574	1381	1
2574	1285	1
2574	2120	1
2574	1727	1
2575	2469	1
2575	271	1
2575	942	1
2575	840	1
2575	1660	1
2575	2784	1
2575	2741	1
2576	720	1
2576	1224	1
2576	2741	1
2577	1086	1
2577	720	1
2577	270	1
2577	2469	1
2577	1224	1
2577	2393	1
2577	2383	1
2577	840	1
2577	2058	1
2577	18	1
2577	2784	1
2577	2028	1
2578	1116	1
2578	2622	1
2578	1814	1
2578	531	1
2578	2741	1
2579	720	1
2579	1366	1
2579	2469	1
2579	1224	1
2579	2393	1
2579	1649	1
2579	840	1
2579	2628	1
2579	1660	1
2579	1244	1
2579	2273	1
2580	2365	1
2580	67	1
2580	431	1
2580	266	1
2580	2384	1
2580	2298	1
2580	2440	1
2580	1760	1
2580	720	1
2580	2791	1
2580	2448	1
2580	768	1
2580	2618	1
2580	299	1
2580	463	1
2580	2549	1
2580	1921	1
2580	2469	1
2580	1378	1
2580	435	1
2580	718	1
2580	1580	1
2580	319	1
2580	6	1
2580	2383	1
2580	957	1
2580	942	1
2580	2952	1
2580	2283	1
2580	2206	1
2580	2542	1
2580	1744	1
2580	2239	1
2580	2622	1
2580	1184	1
2580	1814	1
2580	2320	1
2580	2351	1
2580	1033	1
2580	125	1
2580	531	1
2580	2327	1
2580	2273	1
2580	683	1
2580	2741	1
2580	2219	1
2580	2675	1
2580	384	1
2580	307	1
2580	2010	1
2580	2120	1
2580	1727	1
2581	2384	1
2581	2549	1
2581	2952	1
2581	1814	1
2581	531	1
2581	2741	1
2582	1086	1
2582	1116	1
2582	211	1
2582	1376	1
2582	2618	1
2582	1445	1
2582	2622	1
2582	1734	1
2582	1660	1
2582	2741	1
2582	230	1
2582	1727	1
2583	1116	1
2583	2469	1
2583	1224	1
2583	840	1
2583	2628	1
2583	531	1
2584	67	1
2584	1086	1
2584	1116	1
2584	2549	1
2584	2542	1
2584	1138	1
2584	2622	1
2584	1184	1
2584	2132	1
2584	531	1
2584	1244	1
2584	893	1
2585	1911	1
2585	2251	1
2585	1906	1
2585	2549	1
2585	2469	1
2585	2393	1
2585	2867	1
2585	1315	1
2585	2124	1
2585	1651	1
2585	413	1
2585	2952	1
2585	1196	1
2585	48	1
2585	2240	1
2585	531	1
2585	2078	1
2585	1244	1
2585	2104	1
2585	683	1
2585	1393	1
2585	296	1
2586	29	1
2587	1116	1
2587	2741	1
2588	1359	1
2588	2740	1
2588	943	1
2588	594	1
2589	2628	1
2589	2741	1
2589	1625	1
2590	183	1
2590	1649	1
2590	460	1
2591	1116	1
2591	1244	1
2592	2052	1
2592	1660	1
2592	2675	1
2593	1086	1
2593	986	1
2593	1116	1
2593	1366	1
2593	2469	1
2593	385	1
2593	1772	1
2593	578	1
2593	1781	1
2593	2622	1
2593	1660	1
2593	2781	1
2594	1116	1
2594	463	1
2594	1897	1
2594	185	1
2594	2469	1
2594	1772	1
2594	2403	1
2594	261	1
2594	503	1
2594	2456	1
2594	531	1
2594	2273	1
2594	2781	1
2595	886	1
2595	779	1
2595	460	1
2595	1480	1
2596	648	1
2596	1376	1
2596	886	1
2596	1443	1
2596	942	1
2596	1649	1
2596	2366	1
2596	25	1
2596	1385	1
2596	992	1
2596	2628	1
2596	1043	1
2596	613	1
2596	1660	1
2596	531	1
2596	506	1
2596	2940	1
2596	2760	1
2596	1625	1
2597	2628	1
2597	531	1
2597	2741	1
2598	1116	1
2598	1138	1
2598	2622	1
2598	2327	1
2599	2384	1
2599	463	1
2599	2469	1
2599	1223	1
2599	2383	1
2599	795	1
2599	1138	1
2599	2622	1
2599	1660	1
2599	1614	1
2599	893	1
2599	2781	1
2599	2675	1
2599	2186	1
2599	1727	1
2600	2384	1
2600	1116	1
2600	2618	1
2600	578	1
2600	2982	1
2600	1081	1
2600	1196	1
2600	2622	1
2600	2565	1
2600	1452	1
2600	2273	1
2600	2940	1
2600	2741	1
2600	1727	1
2601	1737	1
2601	2589	1
2601	2222	1
2601	840	1
2601	2995	1
2601	2857	1
2601	1120	1
2601	18	1
2601	407	1
2602	1554	1
2602	537	1
2602	963	1
2602	2	1
2602	2952	1
2602	1770	1
2602	992	1
2602	840	1
2602	2995	1
2602	18	1
2602	2188	1
2602	531	1
2603	2207	1
2603	2280	1
2604	720	1
2604	2469	1
2604	1224	1
2604	2393	1
2604	840	1
2604	125	1
2604	531	1
2605	768	1
2605	1275	1
2605	463	1
2605	1784	1
2605	2383	1
2605	1695	1
2605	2768	1
2605	1947	1
2606	431	1
2606	1275	1
2606	2618	1
2606	1366	1
2606	2383	1
2606	957	1
2606	2963	1
2606	2120	1
2606	1727	1
2607	718	1
2607	2982	1
2607	1586	1
2607	623	1
2607	261	1
2607	1695	1
2607	1381	1
2607	2675	1
2608	221	1
2608	2758	1
2608	689	1
2608	1086	1
2608	2697	1
2608	463	1
2608	2549	1
2608	1594	1
2608	486	1
2608	2469	1
2608	1630	1
2608	2393	1
2608	718	1
2608	2403	1
2608	9	1
2608	1315	1
2608	1295	1
2608	2383	1
2608	316	1
2608	2982	1
2608	1600	1
2608	2286	1
2608	1450	1
2608	1890	1
2608	2688	1
2608	2244	1
2608	235	1
2608	2320	1
2608	1660	1
2608	125	1
2608	864	1
2608	358	1
2608	2324	1
2608	1299	1
2608	2429	1
2608	1042	1
2608	1244	1
2608	1219	1
2608	2273	1
2608	660	1
2608	2021	1
2608	1695	1
2608	11	1
2608	446	1
2608	1381	1
2608	135	1
2608	2675	1
2608	962	1
2608	594	1
2608	2862	1
2608	1815	1
2608	1727	1
2608	1515	1
2609	2469	1
2609	48	1
2609	2675	1
2610	1784	1
2610	2383	1
2610	2622	1
2610	1814	1
2610	531	1
2610	66	1
2610	2590	1
2611	1934	1
2611	2215	1
2611	782	1
2611	1713	1
2611	2383	1
2611	1163	1
2611	1303	1
2611	1660	1
2611	125	1
2612	1778	1
2612	1744	1
2612	2675	1
2613	1018	1
2613	2675	1
2613	2302	1
2614	2046	1
2614	2383	1
2614	942	1
2614	1232	1
2614	531	1
2614	683	1
2614	2675	1
2614	384	1
2614	400	1
2615	1846	1
2615	1378	1
2615	2383	1
2615	1322	1
2615	2622	1
2615	683	1
2615	384	1
2615	1727	1
2616	2046	1
2616	384	1
2616	2302	1
2617	578	1
2617	1660	1
2617	2028	1
2617	2675	1
2618	1138	1
2618	531	1
2618	2675	1
2619	431	1
2619	1609	1
2619	942	1
2619	1744	1
2619	1293	1
2619	2622	1
2619	1660	1
2619	531	1
2619	683	1
2620	1609	1
2620	2469	1
2620	1445	1
2620	1778	1
2620	1322	1
2620	48	1
2620	1138	1
2620	125	1
2620	531	1
2620	683	1
2620	2120	1
2620	1106	1
2621	67	1
2621	431	1
2621	2469	1
2621	1445	1
2621	1315	1
2621	1778	1
2621	1322	1
2621	1138	1
2621	1660	1
2621	125	1
2621	683	1
2621	2120	1
2621	1106	1
2622	431	1
2622	646	1
2622	1846	1
2622	1609	1
2622	1445	1
2622	1778	1
2622	2952	1
2622	48	1
2622	1138	1
2622	713	1
2622	1660	1
2622	125	1
2622	531	1
2622	883	1
2622	1727	1
2623	1609	1
2623	2469	1
2623	1778	1
2623	2038	1
2623	2952	1
2623	1770	1
2623	48	1
2623	1138	1
2623	1744	1
2623	531	1
2623	683	1
2624	463	1
2624	1897	1
2624	185	1
2624	1224	1
2624	1772	1
2624	271	1
2624	836	1
2624	2867	1
2624	2038	1
2624	840	1
2624	1293	1
2624	1660	1
2624	2675	1
2624	594	1
2625	1322	1
2625	1138	1
2625	2239	1
2625	531	1
2625	1614	1
2626	1538	1
2626	2549	1
2626	2383	1
2626	261	1
2626	1770	1
2626	1138	1
2626	2239	1
2626	1660	1
2626	1244	1
2626	683	1
2626	2675	1
2627	384	1
2628	2046	1
2628	384	1
2629	2952	1
2629	1608	1
2629	2600	1
2629	683	1
2629	384	1
2630	2469	1
2630	2232	1
2630	942	1
2630	713	1
2630	125	1
2630	2327	1
2630	384	1
2630	1727	1
2631	67	1
2631	768	1
2631	2618	1
2631	2469	1
2631	1322	1
2631	1723	1
2631	2239	1
2631	125	1
2631	1880	1
2631	2604	1
2631	2675	1
2631	2120	1
2631	1727	1
2632	384	1
2632	2302	1
2632	1156	1
2633	1086	1
2633	185	1
2633	2469	1
2633	942	1
2633	1660	1
2633	125	1
2634	1086	1
2634	942	1
2634	1660	1
2634	125	1
2634	2675	1
2635	1275	1
2635	2618	1
2635	1778	1
2636	2618	1
2636	2148	1
2636	1232	1
2636	2276	1
2636	1138	1
2636	2622	1
2636	531	1
2637	463	1
2637	782	1
2637	125	1
2637	2273	1
2637	748	1
2638	2952	1
2638	48	1
2638	2417	1
2639	669	1
2639	1086	1
2639	2215	1
2639	463	1
2639	2608	1
2639	372	1
2639	2549	1
2639	2670	1
2639	2395	1
2639	2864	1
2639	2383	1
2639	1661	1
2639	948	1
2639	48	1
2639	1138	1
2639	1744	1
2639	2622	1
2639	2320	1
2639	1660	1
2639	125	1
2639	1219	1
2639	2273	1
2639	1931	1
2639	1903	1
2639	407	1
2639	1381	1
2639	2675	1
2639	1727	1
2639	1515	1
2640	310	1
2640	2381	1
2640	1176	1
2640	1433	1
2640	463	1
2640	2279	1
2640	2549	1
2640	1366	1
2640	2469	1
2640	2393	1
2640	2530	1
2640	1740	1
2640	1315	1
2640	898	1
2640	578	1
2640	2383	1
2640	1818	1
2640	2206	1
2640	1322	1
2640	409	1
2640	2672	1
2640	48	1
2640	1650	1
2640	1138	1
2640	1744	1
2640	2622	1
2640	2320	1
2640	1249	1
2640	1820	1
2640	531	1
2640	2324	1
2640	1299	1
2640	1244	1
2640	1832	1
2640	407	1
2640	1727	1
2640	1515	1
2641	669	1
2641	1018	1
2641	48	1
2641	1744	1
2641	2675	1
2641	748	1
2642	510	1
2642	1911	1
2642	126	1
2642	1257	1
2642	2549	1
2642	185	1
2642	1445	1
2642	2393	1
2642	1772	1
2642	1427	1
2642	735	1
2642	661	1
2642	261	1
2642	25	1
2642	2952	1
2642	2808	1
2642	840	1
2642	2622	1
2642	2583	1
2642	2897	1
2642	2820	1
2642	2273	1
2642	131	1
2642	1851	1
2642	46	1
2642	2675	1
2643	1396	1
2643	2675	1
2643	2302	1
2643	1156	1
2644	2380	1
2644	1106	1
2645	1609	1
2645	868	1
2645	2232	1
2645	48	1
2645	2239	1
2645	2622	1
2645	1660	1
2645	531	1
2645	1695	1
2645	1381	1
2645	1727	1
2646	2618	1
2646	2232	1
2646	1138	1
2646	2622	1
2646	66	1
2647	1106	1
2648	67	1
2648	2448	1
2648	2618	1
2648	463	1
2648	1315	1
2648	2232	1
2648	762	1
2648	2383	1
2648	942	1
2648	948	1
2648	387	1
2648	2918	1
2648	48	1
2648	1138	1
2648	1744	1
2648	2132	1
2648	1660	1
2648	125	1
2648	531	1
2648	1244	1
2648	1513	1
2648	2120	1
2648	1727	1
2649	1106	1
2649	1727	1
2650	2675	1
2651	1778	1
2651	2952	1
2651	1138	1
2651	2622	1
2651	1727	1
2652	463	1
2652	782	1
2652	1713	1
2652	435	1
2652	2407	1
2652	2688	1
2652	1196	1
2652	48	1
2652	1744	1
2652	1660	1
2652	125	1
2652	2273	1
2652	1134	1
2652	407	1
2653	431	1
2653	476	1
2653	2375	1
2653	463	1
2653	1751	1
2653	2469	1
2653	957	1
2653	942	1
2653	795	1
2653	2918	1
2653	1744	1
2653	2622	1
2653	1814	1
2653	531	1
2653	2590	1
2653	2077	1
2653	2768	1
2653	3008	1
2654	669	1
2654	1609	1
2654	2215	1
2654	1897	1
2654	2279	1
2654	1906	1
2654	2549	1
2654	2469	1
2654	2670	1
2654	868	1
2654	2393	1
2654	1772	1
2654	2867	1
2654	1315	1
2654	578	1
2654	6	1
2654	2982	1
2654	1649	1
2654	413	1
2654	2952	1
2654	919	1
2654	2107	1
2654	1138	1
2654	1674	1
2654	2622	1
2654	3005	1
2654	1753	1
2654	2320	1
2654	1185	1
2654	2132	1
2654	2517	1
2654	1243	1
2654	125	1
2654	531	1
2654	358	1
2654	1244	1
2654	2495	1
2654	1219	1
2654	2273	1
2654	1931	1
2654	1695	1
2654	683	1
2654	1381	1
2654	2675	1
2654	1947	1
2654	2445	1
2654	594	1
2654	1515	1
2655	1608	1
2655	2675	1
2655	384	1
2655	1156	1
2656	1086	1
2656	2618	1
2656	1366	1
2656	1223	1
2656	1916	1
2656	2953	1
2656	319	1
2656	1113	1
2656	578	1
2656	2383	1
2656	464	1
2656	51	1
2656	1384	1
2656	57	1
2656	1601	1
2656	795	1
2656	2329	1
2656	1196	1
2656	897	1
2656	2456	1
2656	2622	1
2656	1054	1
2656	925	1
2656	2426	1
2656	2351	1
2656	531	1
2656	2924	1
2656	536	1
2656	913	1
2656	821	1
2656	660	1
2656	2434	1
2656	2044	1
2656	2768	1
2656	159	1
2656	2216	1
2657	2046	1
2657	2675	1
2657	2302	1
2658	67	1
2658	2384	1
2658	2298	1
2658	1275	1
2658	2557	1
2658	878	1
2658	1445	1
2658	862	1
2658	1778	1
2658	2952	1
2658	48	1
2658	2622	1
2658	260	1
2658	1954	1
2658	2866	1
2659	2298	1
2659	2448	1
2659	395	1
2659	1028	1
2659	839	1
2659	48	1
2659	605	1
2659	531	1
2659	1244	1
2659	345	1
2659	344	1
2659	2305	1
2660	1538	1
2660	1778	1
2660	1138	1
2660	531	1
2660	1106	1
2661	2868	1
2661	2952	1
2661	1695	1
2661	2675	1
2662	1778	1
2662	1322	1
2663	48	1
2663	2675	1
2663	1727	1
2664	1538	1
2664	431	1
2664	2549	1
2664	578	1
2664	1322	1
2664	1820	1
2664	531	1
2664	2077	1
2664	1727	1
2665	1778	1
2665	1608	1
2665	48	1
2665	1660	1
2665	1727	1
2666	510	1
2666	463	1
2666	1158	1
2666	2469	1
2666	2832	1
2666	652	1
2666	2864	1
2666	24	1
2666	942	1
2666	1660	1
2666	2921	1
2666	1219	1
2667	463	1
2667	1897	1
2667	652	1
2667	620	1
2667	2306	1
2668	437	1
2668	53	1
2668	673	1
2668	2659	1
2669	673	1
2669	2417	1
2670	1608	1
2670	1910	1
2671	2365	1
2671	2355	1
2671	2684	1
2671	1224	1
2671	18	1
2672	897	1
2673	431	1
2673	1275	1
2673	210	1
2673	463	1
2673	2251	1
2673	1897	1
2673	2549	1
2673	486	1
2673	2469	1
2673	1772	1
2673	1315	1
2673	705	1
2673	2688	1
2673	1744	1
2673	531	1
2673	1244	1
2673	345	1
2673	2675	1
2673	1910	1
2674	2549	1
2674	1315	1
2674	2542	1
2674	384	1
2675	2549	1
2675	2258	1
2675	345	1
2675	384	1
2676	476	1
2676	1688	1
2676	2148	1
2676	48	1
2676	2120	1
2677	2618	1
2677	2867	1
2677	2243	1
2677	2346	1
2677	178	1
2677	531	1
2677	1931	1
2677	683	1
2677	1626	1
2678	1366	1
2678	2148	1
2678	2324	1
2678	2675	1
2679	2549	1
2679	1315	1
2679	2542	1
2679	384	1
2680	878	1
2680	48	1
2680	2622	1
2680	2327	1
2680	2675	1
2680	2302	1
2681	2215	1
2681	1897	1
2681	1772	1
2681	1744	1
2681	1660	1
2681	531	1
2681	2273	1
2681	407	1
2681	2675	1
2682	1846	1
2682	2618	1
2682	531	1
2682	2675	1
2683	372	1
2683	1660	1
2683	2675	1
2684	372	1
2684	1660	1
2684	2675	1
2685	1897	1
2685	2952	1
2685	2741	1
2686	2469	1
2686	1660	1
2686	2675	1
2687	2469	1
2687	1713	1
2687	942	1
2687	261	1
2687	2675	1
2688	2469	1
2688	1660	1
2688	2273	1
2689	67	1
2689	1846	1
2689	1736	1
2689	531	1
2690	372	1
2690	2952	1
2690	1660	1
2691	897	1
2692	67	1
2692	2298	1
2692	343	1
2692	2469	1
2692	2006	1
2692	1778	1
2692	57	1
2692	2076	1
2692	2320	1
2692	1274	1
2692	1393	1
2692	1132	1
2693	2227	1
2693	578	1
2693	2982	1
2693	239	1
2693	1081	1
2693	835	1
2693	2731	1
2693	1831	1
2693	1951	1
2693	897	1
2693	2628	1
2693	1136	1
2693	2622	1
2693	1734	1
2693	1660	1
2693	125	1
2693	531	1
2693	506	1
2693	2327	1
2693	2044	1
2693	1130	1
2693	384	1
2693	1524	1
2694	1538	1
2694	431	1
2694	1846	1
2694	1751	1
2694	957	1
2694	942	1
2694	25	1
2694	2952	1
2694	1660	1
2694	1614	1
2694	1066	1
2694	2120	1
2695	1538	1
2695	67	1
2695	1846	1
2695	909	1
2695	1275	1
2695	578	1
2695	2542	1
2695	260	1
2695	531	1
2696	1116	1
2696	2622	1
2696	1184	1
2696	531	1
2697	67	1
2697	1846	1
2697	2943	1
2697	2383	1
2697	2542	1
2697	1744	1
2697	1258	1
2697	531	1
2697	1614	1
2697	1244	1
2697	2028	1
2697	2866	1
2697	683	1
2698	67	1
2698	1660	1
2698	531	1
2698	2495	1
2698	1727	1
2699	1086	1
2699	720	1
2699	270	1
2699	2469	1
2699	1713	1
2699	2058	1
2699	18	1
2700	720	1
2700	1772	1
2700	1322	1
2700	1305	1
2700	2273	1
2700	1903	1
2700	407	1
2701	2469	1
2701	2530	1
2701	1660	1
2701	2675	1
2702	720	1
2702	519	1
2702	1847	1
2702	1740	1
2702	942	1
2702	1649	1
2702	2622	1
2702	2386	1
2702	531	1
2702	1903	1
2702	2675	1
2702	384	1
2703	431	1
2703	1061	1
2703	720	1
2703	299	1
2703	1897	1
2703	270	1
2703	1757	1
2703	486	1
2703	2671	1
2703	2945	1
2703	1963	1
2703	942	1
2703	2952	1
2703	48	1
2703	1203	1
2703	2108	1
2703	1660	1
2703	531	1
2703	1903	1
2703	39	1
2704	67	1
2704	431	1
2704	815	1
2704	906	1
2704	2549	1
2704	2469	1
2704	1963	1
2704	1713	1
2704	2393	1
2704	1163	1
2704	1649	1
2704	2952	1
2704	48	1
2704	2289	1
2704	1614	1
2705	431	1
2705	1061	1
2705	2164	1
2705	2355	1
2705	486	1
2705	2469	1
2705	1772	1
2705	942	1
2705	1450	1
2705	1348	1
2705	1460	1
2705	151	1
2705	840	1
2705	738	1
2705	1091	1
2705	184	1
2705	2273	1
2705	39	1
2706	67	1
2706	431	1
2706	1846	1
2706	815	1
2706	1751	1
2706	486	1
2706	2469	1
2706	1315	1
2706	2383	1
2706	1586	1
2706	2952	1
2706	1744	1
2706	2239	1
2706	1258	1
2706	1660	1
2706	1614	1
2706	2866	1
2706	2077	1
2706	683	1
2706	2120	1
2707	67	1
2707	1846	1
2707	2618	1
2707	2251	1
2707	532	1
2707	2549	1
2707	1445	1
2707	1315	1
2707	942	1
2707	261	1
2707	2952	1
2707	1770	1
2707	840	1
2707	897	1
2707	2628	1
2707	2995	1
2707	1744	1
2707	2239	1
2707	2622	1
2707	1184	1
2707	1614	1
2707	2327	1
2707	1910	1
2707	2120	1
2708	1846	1
2708	2448	1
2708	2618	1
2708	2251	1
2708	2469	1
2708	687	1
2708	10	1
2708	2864	1
2708	1315	1
2708	762	1
2708	2383	1
2708	3000	1
2708	2839	1
2708	25	1
2708	1384	1
2708	48	1
2708	2628	1
2708	531	1
2708	1614	1
2708	2028	1
2708	2273	1
2708	2866	1
2708	2077	1
2708	683	1
2708	2120	1
2708	1727	1
2709	698	1
2709	1846	1
2709	1061	1
2709	906	1
2709	54	1
2709	1940	1
2709	2946	1
2709	1644	1
2709	817	1
2709	2315	1
2709	1983	1
2709	499	1
2709	3017	1
2709	691	1
2709	372	1
2709	2549	1
2709	486	1
2709	2903	1
2709	2469	1
2709	1445	1
2709	652	1
2709	1953	1
2709	362	1
2709	1002	1
2709	1772	1
2709	2472	1
2709	0	1
2709	984	1
2709	98	1
2709	2953	1
2709	844	1
2709	1532	1
2709	2480	1
2709	1549	1
2709	547	1
2709	1675	1
2709	1620	1
2709	2663	1
2709	2256	1
2709	578	1
2709	2383	1
2709	2755	1
2709	942	1
2709	2366	1
2709	784	1
2709	25	1
2709	2904	1
2709	651	1
2709	2859	1
2709	866	1
2709	169	1
2709	2399	1
2709	1990	1
2709	1348	1
2709	2775	1
2709	3030	1
2709	73	1
2709	155	1
2709	795	1
2709	1836	1
2709	1460	1
2709	1654	1
2709	2405	1
2709	2559	1
2709	659	1
2709	840	1
2709	1303	1
2709	806	1
2709	2898	1
2709	1203	1
2709	1744	1
2709	1674	1
2709	2622	1
2709	1929	1
2709	2544	1
2709	123	1
2709	41	1
2709	1912	1
2709	2386	1
2709	2460	1
2709	1380	1
2709	2320	1
2709	1252	1
2709	1291	1
2709	838	1
2709	2016	1
2709	1660	1
2709	125	1
2709	811	1
2709	127	1
2709	2254	1
2709	1579	1
2709	1673	1
2709	1240	1
2709	2803	1
2709	987	1
2709	324	1
2709	2515	1
2709	1876	1
2709	575	1
2709	2374	1
2709	1623	1
2709	206	1
2709	2273	1
2709	70	1
2709	1975	1
2709	2723	1
2709	1903	1
2709	407	1
2709	1313	1
2709	1444	1
2709	45	1
2709	2675	1
2709	2532	1
2709	2973	1
2709	2301	1
2710	1538	1
2710	67	1
2710	720	1
2710	2251	1
2710	1751	1
2710	532	1
2710	2549	1
2710	687	1
2710	1224	1
2710	1445	1
2710	1736	1
2710	578	1
2710	2383	1
2710	957	1
2710	2556	1
2710	1649	1
2710	2952	1
2710	48	1
2710	840	1
2710	897	1
2710	2628	1
2710	2995	1
2710	1501	1
2710	1203	1
2710	2622	1
2710	1660	1
2710	1614	1
2710	1832	1
2710	2028	1
2710	2273	1
2710	2760	1
2710	2866	1
2710	2741	1
2710	1910	1
2711	2365	1
2711	67	1
2711	1846	1
2711	347	1
2711	720	1
2711	1275	1
2711	2618	1
2711	2756	1
2711	486	1
2711	982	1
2711	2671	1
2711	2469	1
2711	687	1
2711	1445	1
2711	1772	1
2711	1736	1
2711	1711	1
2711	1580	1
2711	1315	1
2711	2178	1
2711	2383	1
2711	25	1
2711	2952	1
2711	1322	1
2711	151	1
2711	840	1
2711	897	1
2711	2995	1
2711	2622	1
2711	1184	1
2711	1497	1
2711	1660	1
2711	2746	1
2711	1244	1
2711	2327	1
2711	2817	1
2711	1615	1
2711	2077	1
2711	872	1
2711	683	1
2711	1143	1
2711	1910	1
2711	2120	1
2711	2855	1
2711	357	1
2712	1445	1
2712	2628	1
2712	2239	1
2712	531	1
2712	1614	1
2713	2447	1
2713	531	1
2713	1219	1
2713	2273	1
2713	2675	1
2714	2549	1
2714	2469	1
2714	1770	1
2714	531	1
2714	2921	1
2714	2675	1
2715	431	1
2715	2052	1
2715	782	1
2715	2549	1
2715	718	1
2715	942	1
2715	1770	1
2715	1608	1
2715	2783	1
2715	1660	1
2715	125	1
2715	2273	1
2716	67	1
2716	431	1
2716	2298	1
2716	1778	1
2716	2232	1
2716	1322	1
2716	1614	1
2716	2252	1
2716	683	1
2716	2120	1
2716	1727	1
2717	372	1
2717	2318	1
2717	2549	1
2717	2851	1
2717	2929	1
2717	578	1
2717	2622	1
2717	531	1
2717	2273	1
2717	2675	1
2717	384	1
2717	2302	1
2717	1727	1
2718	67	1
2718	1086	1
2718	2215	1
2718	2549	1
2718	1366	1
2718	261	1
2718	1138	1
2718	2239	1
2718	1660	1
2718	531	1
2718	1614	1
2718	2768	1
2718	2675	1
2718	1727	1
2719	2469	1
2719	1560	1
2719	1608	1
2719	840	1
2719	273	1
2719	531	1
2719	2908	1
2719	384	1
2720	2832	1
2720	652	1
2720	2239	1
2720	1660	1
2720	683	1
2721	2271	1
2721	1660	1
2721	531	1
2721	2273	1
2721	384	1
2721	937	1
2722	2549	1
2722	942	1
2722	2675	1
2723	2215	1
2723	942	1
2723	383	1
2723	2239	1
2723	1660	1
2724	1846	1
2724	1061	1
2724	347	1
2724	2402	1
2724	2052	1
2724	211	1
2724	2868	1
2724	463	1
2724	782	1
2724	2251	1
2724	270	1
2724	2549	1
2724	486	1
2724	2469	1
2724	2970	1
2724	2393	1
2724	2227	1
2724	2929	1
2724	2829	1
2724	2383	1
2724	133	1
2724	2651	1
2724	942	1
2724	1649	1
2724	25	1
2724	2952	1
2724	1677	1
2724	1770	1
2724	2163	1
2724	1234	1
2724	1781	1
2724	2783	1
2724	2999	1
2724	1303	1
2724	1686	1
2724	273	1
2724	2995	1
2724	2622	1
2724	340	1
2724	2695	1
2724	531	1
2724	2424	1
2724	329	1
2724	538	1
2724	59	1
2724	20	1
2724	1382	1
2724	1907	1
2724	2740	1
2724	2675	1
2724	384	1
2724	2302	1
2724	2089	1
2724	1480	1
2724	2652	1
2724	1393	1
2724	2772	1
2724	1092	1
2724	1156	1
2724	357	1
2724	748	1
2725	431	1
2725	2215	1
2725	2549	1
2725	2864	1
2725	531	1
2725	1614	1
2725	683	1
2726	1445	1
2726	531	1
2726	384	1
2727	431	1
2727	2868	1
2727	1608	1
2727	2653	1
2727	2583	1
2727	1660	1
2727	531	1
2728	1538	1
2728	1846	1
2728	1061	1
2728	2164	1
2728	720	1
2728	2355	1
2728	2693	1
2728	2549	1
2728	2945	1
2728	1445	1
2728	578	1
2728	942	1
2728	1943	1
2728	1392	1
2728	2952	1
2728	1348	1
2728	383	1
2728	795	1
2728	151	1
2728	840	1
2728	2622	1
2728	2857	1
2728	1184	1
2728	1500	1
2728	1660	1
2728	531	1
2728	1614	1
2728	1832	1
2728	184	1
2728	2760	1
2728	2866	1
2728	1910	1
2728	2120	1
2729	67	1
2729	2469	1
2729	1963	1
2729	2952	1
2729	531	1
2729	1903	1
2730	2469	1
2730	1711	1
2730	133	1
2730	1660	1
2730	2675	1
2731	211	1
2731	1897	1
2731	185	1
2731	2671	1
2731	2469	1
2731	1224	1
2731	840	1
2731	2995	1
2731	2857	1
2731	1010	1
2731	1615	1
2731	2675	1
2732	2469	1
2732	1660	1
2732	2675	1
2733	2931	1
2733	67	1
2733	906	1
2733	2592	1
2733	1086	1
2733	2215	1
2733	463	1
2733	2469	1
2733	1713	1
2733	800	1
2733	2124	1
2733	578	1
2733	1163	1
2733	705	1
2733	25	1
2733	1322	1
2733	1770	1
2733	1168	1
2733	2386	1
2733	2306	1
2733	1435	1
2733	2078	1
2733	2104	1
2733	2760	1
2733	407	1
2734	2215	1
2734	652	1
2734	1903	1
2734	1849	1
2734	2675	1
2734	384	1
2735	67	1
2735	1846	1
2735	1445	1
2735	1736	1
2735	2952	1
2736	1086	1
2736	2469	1
2736	2383	1
2736	897	1
2736	2995	1
2736	2921	1
2736	2675	1
2736	384	1
2737	1086	1
2737	2215	1
2737	210	1
2737	2549	1
2737	2707	1
2737	652	1
2737	1450	1
2737	2628	1
2737	2239	1
2737	1929	1
2737	1184	1
2737	1660	1
2737	531	1
2737	2741	1
2737	2675	1
2737	384	1
2737	2302	1
2737	1910	1
2738	2549	1
2738	486	1
2738	2469	1
2738	2383	1
2738	840	1
2738	1660	1
2738	1910	1
2739	2365	1
2739	67	1
2739	942	1
2739	1	1
2739	2622	1
2739	1814	1
2739	1614	1
2739	2120	1
2739	1727	1
2740	2549	1
2740	728	1
2740	2864	1
2740	25	1
2740	795	1
2740	3005	1
2741	369	1
2741	2087	1
2741	67	1
2741	766	1
2741	431	1
2741	2380	1
2741	2381	1
2741	822	1
2741	2408	1
2741	2702	1
2741	1726	1
2741	2448	1
2741	1206	1
2741	1358	1
2741	1110	1
2741	463	1
2741	2892	1
2741	1431	1
2741	611	1
2741	2549	1
2741	697	1
2741	2754	1
2741	411	1
2741	2649	1
2741	1223	1
2741	1191	1
2741	633	1
2741	2867	1
2741	300	1
2741	2906	1
2741	365	1
2741	587	1
2741	2232	1
2741	546	1
2741	578	1
2741	6	1
2741	2780	1
2741	1822	1
2741	1649	1
2741	213	1
2741	1666	1
2741	1800	1
2741	2083	1
2741	413	1
2741	1140	1
2741	367	1
2741	2192	1
2741	1322	1
2741	16	1
2741	2446	1
2741	2736	1
2741	2389	1
2741	2949	1
2741	677	1
2741	2310	1
2741	1993	1
2741	1196	1
2741	48	1
2741	1858	1
2741	941	1
2741	2464	1
2741	1501	1
2741	2068	1
2741	2237	1
2741	417	1
2741	2076	1
2741	2057	1
2741	1546	1
2741	1105	1
2741	396	1
2741	2489	1
2741	2555	1
2741	2364	1
2741	2351	1
2741	1820	1
2741	1434	1
2741	2600	1
2741	214	1
2741	2327	1
2741	2676	1
2741	288	1
2741	1920	1
2741	2208	1
2741	2028	1
2741	184	1
2741	1274	1
2741	682	1
2741	2273	1
2741	757	1
2741	1009	1
2741	2914	1
2741	857	1
2741	92	1
2741	21	1
2741	1451	1
2741	683	1
2741	701	1
2741	2552	1
2741	2602	1
2741	594	1
2741	1499	1
2741	2796	1
2741	2202	1
2741	813	1
2742	2384	1
2742	2549	1
2742	1445	1
2742	435	1
2742	2006	1
2742	2867	1
2742	2530	1
2742	361	1
2742	659	1
2742	2320	1
2742	531	1
2742	1695	1
2742	2675	1
2743	2530	1
2743	262	1
2743	1811	1
2743	1931	1
2743	2120	1
2743	1727	1
2744	1366	1
2744	1916	1
2744	1601	1
2744	1280	1
2744	96	1
2744	1138	1
2744	2622	1
2744	1399	1
2744	1727	1
2745	1116	1
2745	2929	1
2745	323	1
2745	222	1
2745	2741	1
2746	1116	1
2746	2694	1
2746	2741	1
2747	25	1
2747	795	1
2747	2293	1
2747	20	1
2748	2595	1
2748	2502	1
2748	25	1
2748	1608	1
2748	2116	1
2748	1382	1
2748	384	1
2749	2549	1
2749	2675	1
2750	67	1
2750	2469	1
2750	2238	1
2750	1744	1
2750	1660	1
2750	1244	1
2750	2675	1
2751	1608	1
2751	2622	1
2751	59	1
2751	384	1
2752	67	1
2752	1366	1
2752	2383	1
2752	531	1
2752	66	1
2752	893	1
2752	2768	1
2752	1727	1
2753	1366	1
2753	2469	1
2753	2383	1
2753	531	1
2753	2741	1
2754	2215	1
2754	2469	1
2754	2952	1
2754	2675	1
2754	1727	1
2755	849	1
2755	2469	1
2755	2530	1
2755	942	1
2755	531	1
2755	2327	1
2755	2273	1
2755	2675	1
2756	1018	1
2757	67	1
2757	2501	1
2757	105	1
2757	531	1
2757	1727	1
2758	1660	1
2758	531	1
2758	2306	1
2758	2675	1
2759	1086	1
2759	1897	1
2759	185	1
2759	1814	1
2759	18	1
2759	1660	1
2759	2784	1
2759	308	1
2759	2741	1
2760	2469	1
2760	2383	1
2760	795	1
2760	531	1
2760	149	1
2760	2675	1
2761	149	1
2761	2675	1
2762	720	1
2762	782	1
2762	1897	1
2762	1366	1
2762	185	1
2762	2469	1
2762	2873	1
2762	328	1
2762	578	1
2762	942	1
2762	795	1
2762	1305	1
2762	840	1
2762	1660	1
2762	407	1
2762	2741	1
2762	2876	1
2763	1116	1
2763	1366	1
2763	111	1
2763	185	1
2763	200	1
2763	1224	1
2763	328	1
2763	2887	1
2763	2124	1
2763	578	1
2763	992	1
2763	1062	1
2763	840	1
2763	2628	1
2763	2188	1
2763	676	1
2763	1143	1
2763	748	1
2764	1846	1
2764	270	1
2764	2469	1
2764	1224	1
2764	328	1
2764	2393	1
2764	8	1
2764	2222	1
2764	578	1
2764	2383	1
2764	25	1
2764	1305	1
2764	2188	1
2764	2876	1
2765	67	1
2765	1846	1
2765	1086	1
2765	782	1
2765	1294	1
2765	2549	1
2765	1366	1
2765	185	1
2765	2671	1
2765	2474	1
2765	2393	1
2765	271	1
2765	1711	1
2765	1830	1
2765	2383	1
2765	517	1
2765	1770	1
2765	580	1
2765	1836	1
2765	1305	1
2765	450	1
2765	2300	1
2765	2580	1
2765	2622	1
2765	2486	1
2765	2857	1
2765	1184	1
2765	18	1
2765	1660	1
2765	1424	1
2765	531	1
2765	297	1
2765	1489	1
2765	1244	1
2765	2781	1
2765	610	1
2765	660	1
2765	1903	1
2765	2876	1
2765	2305	1
2766	1846	1
2766	1116	1
2766	270	1
2766	2671	1
2766	2469	1
2766	328	1
2766	2393	1
2766	271	1
2766	1649	1
2766	1305	1
2766	2628	1
2766	1475	1
2766	1660	1
2766	531	1
2766	2273	1
2766	883	1
2766	2077	1
2767	1846	1
2767	1687	1
2767	111	1
2767	2671	1
2767	2469	1
2767	1224	1
2767	2	1
2767	328	1
2767	2222	1
2767	2383	1
2767	942	1
2767	795	1
2767	1062	1
2767	840	1
2767	509	1
2767	2628	1
2767	2857	1
2767	1814	1
2767	1660	1
2767	2784	1
2767	2028	1
2767	2675	1
2767	357	1
2768	1366	1
2768	185	1
2768	2469	1
2768	1224	1
2768	2393	1
2768	840	1
2768	531	1
2768	308	1
2769	1086	1
2769	1116	1
2769	1366	1
2769	2671	1
2769	2163	1
2769	531	1
2770	698	1
2770	270	1
2770	1366	1
2770	185	1
2770	2469	1
2770	328	1
2770	2393	1
2770	271	1
2770	578	1
2770	2383	1
2770	2952	1
2770	1305	1
2770	840	1
2770	531	1
2770	2675	1
2771	720	1
2771	1366	1
2771	185	1
2771	2393	1
2771	271	1
2771	1711	1
2771	2124	1
2771	2952	1
2771	1305	1
2771	1660	1
2771	531	1
2771	1244	1
2771	2327	1
2771	1219	1
2771	2104	1
2771	2781	1
2771	308	1
2771	2675	1
2772	1846	1
2772	1086	1
2772	1275	1
2772	2618	1
2772	2251	1
2772	2549	1
2772	185	1
2772	271	1
2772	2864	1
2772	2952	1
2772	795	1
2772	1303	1
2772	509	1
2772	2622	1
2772	1814	1
2772	260	1
2772	1660	1
2772	531	1
2772	1244	1
2772	2028	1
2772	2273	1
2772	1695	1
2772	2675	1
2773	1897	1
2773	1366	1
2773	2469	1
2773	2393	1
2773	271	1
2773	2952	1
2773	840	1
2773	2857	1
2773	18	1
2773	1660	1
2773	531	1
2773	2784	1
2773	2028	1
2773	1903	1
2773	308	1
2774	720	1
2774	1897	1
2774	1366	1
2774	1224	1
2774	2	1
2774	328	1
2774	2393	1
2774	271	1
2774	2857	1
2774	531	1
2774	2784	1
2774	1903	1
2774	748	1
2775	720	1
2775	2469	1
2775	271	1
2775	840	1
2775	531	1
2775	2675	1
2776	782	1
2776	1366	1
2776	2308	1
2776	1687	1
2776	271	1
2776	1649	1
2776	1305	1
2776	531	1
2776	2741	1
2777	1687	1
2777	185	1
2777	2857	1
2777	2016	1
2777	2784	1
2777	2741	1
2778	1086	1
2778	1366	1
2778	185	1
2778	2188	1
2778	1660	1
2778	531	1
2778	1219	1
2779	1086	1
2779	1433	1
2779	463	1
2779	782	1
2779	556	1
2779	1713	1
2779	1450	1
2779	2857	1
2779	2016	1
2779	2327	1
2779	1219	1
2779	2104	1
2779	660	1
2779	308	1
2779	2675	1
2780	698	1
2780	67	1
2780	2628	1
2780	1660	1
2781	669	1
2781	1846	1
2781	2130	1
2781	1116	1
2781	1275	1
2781	1751	1
2781	260	1
2781	1660	1
2781	2327	1
2781	391	1
2781	2741	1
2781	1910	1
2782	149	1
2783	1086	1
2783	2549	1
2783	2148	1
2783	1223	1
2783	2383	1
2783	2542	1
2783	1138	1
2783	1744	1
2783	1814	1
2783	531	1
2783	2327	1
2783	2273	1
2784	1779	1
2784	1086	1
2784	185	1
2784	2124	1
2784	942	1
2784	1666	1
2784	1322	1
2784	1814	1
2784	1660	1
2784	531	1
2784	2104	1
2784	2675	1
2785	1086	1
2785	652	1
2785	1315	1
2785	942	1
2785	620	1
2785	1660	1
2785	2306	1
2785	2104	1
2786	270	1
2786	1366	1
2786	185	1
2786	328	1
2786	1772	1
2786	271	1
2786	1286	1
2786	1649	1
2786	1836	1
2786	1168	1
2786	1196	1
2786	2995	1
2786	1744	1
2786	18	1
2786	531	1
2786	2273	1
2786	2781	1
2786	2876	1
2787	1315	1
2787	2273	1
2787	748	1
2788	1116	1
2788	720	1
2788	1897	1
2788	185	1
2788	2393	1
2788	1649	1
2788	840	1
2788	2857	1
2788	1184	1
2788	531	1
2788	2028	1
2788	2741	1
2788	149	1
2788	2675	1
2789	1086	1
2789	1897	1
2789	1366	1
2789	2469	1
2789	2970	1
2789	2393	1
2789	271	1
2789	2530	1
2789	2383	1
2789	795	1
2789	2622	1
2789	1814	1
2789	1660	1
2789	531	1
2789	1727	1
2790	1086	1
2790	782	1
2790	270	1
2790	1751	1
2790	1366	1
2790	2671	1
2790	2469	1
2790	1224	1
2790	328	1
2790	271	1
2790	2952	1
2790	2622	1
2790	1814	1
2790	18	1
2790	531	1
2790	2784	1
2790	2741	1
2790	1727	1
2791	29	1
2791	2741	1
2791	357	1
2792	270	1
2792	1366	1
2792	185	1
2792	2469	1
2792	328	1
2792	2393	1
2792	271	1
2792	2864	1
2792	2383	1
2792	840	1
2792	1303	1
2792	2857	1
2792	1184	1
2792	1660	1
2792	531	1
2792	2784	1
2792	2273	1
2793	2952	1
2793	1184	1
2793	531	1
2794	1846	1
2794	2251	1
2794	2530	1
2794	795	1
2794	2622	1
2794	531	1
2794	1614	1
2794	2327	1
2794	601	1
2794	2645	1
2795	1366	1
2795	185	1
2795	328	1
2795	2393	1
2795	25	1
2795	1660	1
2795	149	1
2796	2469	1
2796	1660	1
2796	2675	1
2797	1897	1
2797	1366	1
2797	185	1
2797	2469	1
2797	2124	1
2797	1649	1
2797	2952	1
2797	1744	1
2797	2028	1
2797	2273	1
2797	308	1
2797	2741	1
2798	669	1
2798	2046	1
2798	923	1
2798	2549	1
2798	486	1
2798	2469	1
2798	2393	1
2798	2807	1
2798	2929	1
2798	2864	1
2798	840	1
2798	59	1
2798	973	1
2798	2675	1
2798	1868	1
2798	1156	1
2798	357	1
2799	669	1
2799	923	1
2799	2549	1
2799	1366	1
2799	1847	1
2799	2864	1
2799	1649	1
2799	2952	1
2799	992	1
2799	2628	1
2799	2995	1
2799	2744	1
2799	357	1
2800	906	1
2800	1116	1
2800	782	1
2800	2251	1
2800	2549	1
2800	1366	1
2800	185	1
2800	2469	1
2800	1224	1
2800	328	1
2800	271	1
2800	2124	1
2800	2383	1
2800	840	1
2800	1228	1
2800	29	1
2800	2327	1
2800	308	1
2800	2741	1
2800	2675	1
2800	384	1
2800	1437	1
2800	268	1
2800	2889	1
2801	669	1
2801	906	1
2801	463	1
2801	2549	1
2801	1366	1
2801	1224	1
2801	2829	1
2801	2864	1
2801	2952	1
2801	1168	1
2801	2871	1
2801	2188	1
2801	1660	1
2801	358	1
2801	2028	1
2801	2741	1
2801	2675	1
2801	2089	1
2801	268	1
2801	2645	1
2802	652	1
2802	531	1
2802	2675	1
2803	537	1
2803	25	1
2803	2194	1
2804	1086	1
2804	2383	1
2804	1184	1
2804	2741	1
2805	669	1
2805	2618	1
2805	1366	1
2805	942	1
2805	1836	1
2805	1196	1
2805	840	1
2805	1814	1
2805	2273	1
2805	2781	1
2805	2768	1
2805	748	1
2806	2741	1
2806	2675	1
2807	1366	1
2807	2469	1
2807	74	1
2807	578	1
2807	2383	1
2807	531	1
2807	2781	1
2807	1695	1
2807	2741	1
2807	1381	1
2808	669	1
2808	1556	1
2808	2381	1
2808	1061	1
2808	1934	1
2808	1086	1
2808	2052	1
2808	1275	1
2808	1897	1
2808	270	1
2808	1366	1
2808	2671	1
2808	2469	1
2808	1445	1
2808	652	1
2808	2393	1
2808	942	1
2808	2770	1
2808	1608	1
2808	48	1
2808	1303	1
2808	2628	1
2808	2995	1
2808	1184	1
2808	18	1
2808	1660	1
2808	2327	1
2808	2028	1
2808	2273	1
2808	2741	1
2808	2675	1
2808	2305	1
2808	357	1
2809	1366	1
2809	2741	1
2810	1366	1
2810	2383	1
2810	2857	1
2810	2327	1
2810	2741	1
2810	601	1
2811	1737	1
2811	720	1
2811	1376	1
2811	270	1
2811	886	1
2811	1366	1
2811	328	1
2811	2006	1
2811	1772	1
2811	2285	1
2811	836	1
2811	2530	1
2811	470	1
2811	319	1
2811	2529	1
2811	578	1
2811	2383	1
2811	313	1
2811	2366	1
2811	2080	1
2811	795	1
2811	1321	1
2811	992	1
2811	840	1
2811	2300	1
2811	2628	1
2811	2926	1
2811	1136	1
2811	2066	1
2811	2622	1
2811	1814	1
2811	18	1
2811	531	1
2811	506	1
2811	1614	1
2811	2784	1
2811	2781	1
2811	610	1
2811	2741	1
2811	2913	1
2811	1727	1
2812	2469	1
2813	698	1
2813	849	1
2813	347	1
2813	240	1
2813	1086	1
2813	537	1
2813	720	1
2813	2215	1
2813	2355	1
2813	2693	1
2813	1433	1
2813	782	1
2813	2251	1
2813	691	1
2813	2608	1
2813	270	1
2813	1751	1
2813	886	1
2813	2549	1
2813	2578	1
2813	2684	1
2813	1366	1
2813	185	1
2813	2469	1
2813	200	1
2813	556	1
2813	1224	1
2813	1223	1
2813	2474	1
2813	2393	1
2813	8	1
2813	2222	1
2813	362	1
2813	1772	1
2813	2403	1
2813	1711	1
2813	1830	1
2813	2829	1
2813	2864	1
2813	470	1
2813	2838	1
2813	1315	1
2813	2124	1
2813	2038	1
2813	2383	1
2813	25	1
2813	1540	1
2813	2952	1
2813	1450	1
2813	974	1
2813	948	1
2813	1348	1
2813	977	1
2813	846	1
2813	2815	1
2813	795	1
2813	2436	1
2813	151	1
2813	1899	1
2813	1196	1
2813	48	1
2813	840	1
2813	1181	1
2813	1303	1
2813	1138	1
2813	1203	1
2813	1744	1
2813	1	1
2813	2622	1
2813	1814	1
2813	18	1
2813	685	1
2813	837	1
2813	1010	1
2813	2695	1
2813	2188	1
2813	1033	1
2813	1424	1
2813	125	1
2813	531	1
2813	1127	1
2813	506	1
2813	2213	1
2813	1091	1
2813	1614	1
2813	1244	1
2813	2784	1
2813	142	1
2813	894	1
2813	2924	1
2813	2158	1
2813	1219	1
2813	184	1
2813	821	1
2813	660	1
2813	2940	1
2813	1903	1
2813	308	1
2813	407	1
2813	1377	1
2813	307	1
2813	717	1
2813	1215	1
2813	1910	1
2814	2215	1
2814	2383	1
2814	942	1
2814	1943	1
2814	25	1
2814	1660	1
2814	1424	1
2814	184	1
2814	2273	1
2815	652	1
2815	2124	1
2815	518	1
2815	2675	1
2816	669	1
2816	694	1
2816	906	1
2816	537	1
2816	720	1
2816	1897	1
2816	2549	1
2816	2469	1
2816	2832	1
2816	652	1
2816	2393	1
2816	271	1
2816	2829	1
2816	2864	1
2816	2124	1
2816	942	1
2816	261	1
2816	25	1
2816	1322	1
2816	795	1
2816	2912	1
2816	840	1
2816	1807	1
2816	1486	1
2816	286	1
2816	1484	1
2816	2488	1
2816	2416	1
2816	1660	1
2816	125	1
2816	531	1
2816	2507	1
2816	2327	1
2816	1219	1
2816	308	1
2816	584	1
2816	2740	1
2816	2675	1
2816	1888	1
2817	652	1
2817	1219	1
2817	2675	1
2818	1184	1
2818	531	1
2818	2327	1
2818	2741	1
2819	463	1
2819	2469	1
2819	652	1
2819	2124	1
2819	942	1
2819	2306	1
2820	1116	1
2820	2383	1
2820	897	1
2820	531	1
2820	2741	1
2820	2675	1
2821	2884	1
2821	1710	1
2821	1644	1
2821	2592	1
2821	768	1
2821	2549	1
2821	2469	1
2821	435	1
2821	1580	1
2821	2867	1
2821	319	1
2821	1278	1
2821	2383	1
2821	413	1
2821	302	1
2821	2542	1
2821	2727	1
2821	2456	1
2821	2622	1
2821	1814	1
2821	3005	1
2821	2426	1
2821	1981	1
2821	1660	1
2821	125	1
2821	531	1
2821	2028	1
2821	2768	1
2821	594	1
2821	1515	1
2822	1846	1
2822	1116	1
2822	2383	1
2822	1649	1
2822	2622	1
2822	1814	1
2822	531	1
2822	2741	1
2823	694	1
2823	404	1
2823	270	1
2823	2549	1
2823	185	1
2823	2671	1
2823	2469	1
2823	1224	1
2823	1719	1
2823	328	1
2823	836	1
2823	2829	1
2823	2864	1
2823	1026	1
2823	1649	1
2823	2952	1
2823	2857	1
2823	1475	1
2823	1033	1
2823	531	1
2823	1219	1
2823	2273	1
2823	1694	1
2823	1615	1
2823	1979	1
2823	2741	1
2823	1143	1
2823	1888	1
2823	2889	1
2823	2855	1
2824	2829	1
2824	2124	1
2824	25	1
2824	1168	1
2824	840	1
2825	652	1
2825	2921	1
2826	537	1
2826	2797	1
2826	463	1
2826	8	1
2826	1168	1
2826	901	1
2826	1910	1
2826	357	1
2827	537	1
2827	2046	1
2827	328	1
2827	901	1
2827	531	1
2827	2617	1
2827	357	1
2828	923	1
2828	270	1
2828	2549	1
2828	2864	1
2828	840	1
2828	1660	1
2828	531	1
2828	20	1
2828	2675	1
2828	400	1
2829	537	1
2829	2215	1
2829	463	1
2829	2251	1
2829	2046	1
2829	1897	1
2829	2549	1
2829	2469	1
2829	8	1
2829	2864	1
2829	2943	1
2829	1013	1
2829	1168	1
2829	897	1
2829	2995	1
2829	2058	1
2829	620	1
2829	20	1
2829	2273	1
2829	1143	1
2829	384	1
2829	2617	1
2829	1868	1
2829	1910	1
2829	357	1
2830	1897	1
2830	2675	1
2830	2652	1
2831	720	1
2831	2628	1
2831	2188	1
2832	1116	1
2832	1608	1
2832	2628	1
2832	531	1
2833	1778	1
2833	2077	1
2834	67	1
2834	2618	1
2834	1315	1
2834	1608	1
2834	48	1
2834	1660	1
2834	531	1
2834	2077	1
2834	384	1
2834	1727	1
2835	67	1
2835	1138	1
2835	1660	1
2835	531	1
2835	2077	1
2835	2675	1
2835	384	1
2836	652	1
2836	1	1
2836	2583	1
2836	2921	1
2837	1554	1
2837	2549	1
2837	486	1
2837	2124	1
2837	316	1
2837	1348	1
2837	2016	1
2837	1660	1
2837	2273	1
2837	2675	1
2838	310	1
2838	372	1
2838	2952	1
2838	683	1
2838	2675	1
2839	59	1
2839	20	1
2839	1907	1
2839	1727	1
2840	67	1
2840	2381	1
2840	815	1
2840	2046	1
2840	372	1
2840	2867	1
2840	2864	1
2840	2690	1
2840	659	1
2840	48	1
2840	2622	1
2840	2028	1
2840	683	1
2840	2675	1
2841	67	1
2841	372	1
2841	384	1
2842	67	1
2842	2380	1
2842	1846	1
2842	1086	1
2842	463	1
2842	782	1
2842	1776	1
2842	1366	1
2842	793	1
2842	2393	1
2842	2383	1
2842	2982	1
2842	1163	1
2842	1661	1
2842	261	1
2842	1666	1
2842	1540	1
2842	2152	1
2842	2121	1
2842	2815	1
2842	2951	1
2842	1303	1
2842	1938	1
2842	1744	1
2842	1660	1
2842	125	1
2842	531	1
2842	1244	1
2842	2028	1
2842	2495	1
2842	1219	1
2842	1623	1
2842	1931	1
2842	1410	1
2842	758	1
2842	1903	1
2842	407	1
2842	2675	1
2842	2144	1
2842	1132	1
2843	2618	1
2843	1366	1
2843	2546	1
2843	1138	1
2843	1660	1
2843	531	1
2843	2768	1
2843	268	1
2843	1727	1
2844	886	1
2844	1366	1
2844	2747	1
2844	479	1
2844	1138	1
2844	1734	1
2844	506	1
2844	1253	1
2844	230	1
2845	1086	1
2845	720	1
2845	1897	1
2845	1366	1
2845	185	1
2845	2469	1
2845	1224	1
2845	942	1
2845	2995	1
2845	1660	1
2845	531	1
2845	660	1
2846	2549	1
2846	942	1
2846	1660	1
2846	2273	1
2846	357	1
2847	2469	1
2847	1778	1
2847	1660	1
2847	883	1
2848	2215	1
2848	2549	1
2848	1660	1
2848	2675	1
2849	2675	1
2850	652	1
2850	897	1
2850	1660	1
2850	2273	1
2851	2628	1
2852	1779	1
2852	2549	1
2852	2383	1
2852	531	1
2852	384	1
2853	310	1
2853	67	1
2853	2383	1
2853	942	1
2853	2708	1
2853	48	1
2853	1660	1
2853	531	1
2853	2675	1
2854	67	1
2854	372	1
2854	942	1
2854	260	1
2854	1660	1
2854	531	1
2854	2273	1
2854	1727	1
2855	67	1
2855	1897	1
2855	372	1
2855	2469	1
2855	942	1
2855	125	1
2855	2273	1
2855	2077	1
2855	2675	1
2855	2302	1
2856	310	1
2856	2549	1
2856	2033	1
2856	942	1
2856	2622	1
2856	1660	1
2856	2273	1
2856	1727	1
2857	883	1
2857	2077	1
2857	2675	1
2858	1086	1
2858	2469	1
2858	261	1
2858	48	1
2858	1660	1
2859	793	1
2859	261	1
2859	2675	1
2860	2995	1
2861	2187	1
2861	2628	1
2861	531	1
2861	384	1
2861	2120	1
2862	1320	1
2862	2740	1
2863	1320	1
2863	2740	1
2864	1320	1
2864	2740	1
2865	2740	1
2866	1320	1
2867	1320	1
2868	1320	1
2868	2740	1
2869	1320	1
2869	2740	1
2870	1320	1
2870	2740	1
2871	1320	1
2871	2740	1
2872	1320	1
2872	742	1
2872	2740	1
2873	1320	1
2873	2740	1
2874	1320	1
2874	2740	1
2875	1320	1
2876	1320	1
2877	1320	1
2877	2740	1
2878	1320	1
2878	2740	1
2879	1320	1
2879	2740	1
2880	1320	1
2880	2740	1
2881	1320	1
2881	2740	1
2882	216	1
2883	2707	1
2883	2593	1
2883	2740	1
2884	2707	1
2884	2593	1
2884	2675	1
2885	2707	1
2885	2593	1
2885	2675	1
2886	2707	1
2886	1770	1
2886	2593	1
2886	2675	1
2887	2707	1
2887	2593	1
2887	2740	1
2888	211	1
2888	2549	1
2888	2707	1
2888	1165	1
2888	2593	1
2888	1184	1
2888	531	1
2888	2740	1
2888	384	1
2889	2707	1
2889	2593	1
2889	2740	1
2890	1116	1
2890	211	1
2890	1432	1
2890	2549	1
2890	2707	1
2890	1165	1
2890	1648	1
2890	1250	1
2890	133	1
2890	942	1
2890	25	1
2890	1770	1
2890	795	1
2890	1320	1
2890	2550	1
2890	2995	1
2890	700	1
2890	1184	1
2890	910	1
2890	1660	1
2890	531	1
2890	742	1
2890	2921	1
2890	2235	1
2890	2740	1
2890	384	1
2890	481	1
2890	1888	1
2890	2889	1
2891	2707	1
2891	2740	1
2892	2707	1
2892	2740	1
2893	2707	1
2893	2740	1
2894	2707	1
2894	2740	1
2895	2740	1
2896	2740	1
2897	2740	1
2898	2740	1
2899	2740	1
2900	2707	1
2900	2740	1
2901	2707	1
2901	2740	1
2902	2740	1
2903	2740	1
2904	2707	1
2904	2593	1
2904	2740	1
2905	2740	1
2906	2707	1
2906	2740	1
2907	2707	1
2907	2740	1
2908	2707	1
2908	2740	1
2909	2740	1
2910	2740	1
2911	2549	1
2911	2740	1
2912	2740	1
2913	2740	1
2914	2740	1
2915	2707	1
2916	2707	1
2917	2740	1
2918	2740	1
2919	2740	1
2920	2740	1
2921	2707	1
2922	2740	1
2923	2740	1
2924	2707	1
2925	2740	1
2926	2740	1
2927	2707	1
2928	2707	1
2928	2740	1
2928	2247	1
2929	2740	1
2930	2593	1
2930	2740	1
2931	2740	1
2932	2740	1
2933	2550	1
2934	2740	1
2935	2707	1
2936	2707	1
2937	2707	1
2938	2550	1
2939	2707	1
2940	2707	1
2941	2707	1
2942	2707	1
2943	2740	1
2944	2740	1
2945	2740	1
2946	2593	1
2946	2675	1
2947	2549	1
2947	2707	1
2947	2740	1
2948	2707	1
2948	2740	1
2949	2707	1
2950	2707	1
2951	2707	1
2952	2707	1
2953	2707	1
2954	2707	1
2955	2707	1
2956	2707	1
2957	2740	1
2958	2707	1
2958	2416	1
2958	2740	1
2959	2740	1
2960	2740	1
2961	2740	1
2962	2707	1
2963	2707	1
2964	2707	1
2965	815	1
2965	1224	1
2965	840	1
2965	2740	1
2966	2707	1
2966	25	1
2966	2740	1
2967	2593	1
2967	2675	1
2968	2707	1
2968	2740	1
2969	2707	1
2970	2707	1
2970	2740	1
2971	2549	1
2971	1649	1
2971	2952	1
2971	1968	1
2971	2416	1
2971	1422	1
2971	2740	1
2972	2707	1
2972	2740	1
2973	2707	1
2973	2740	1
2974	2707	1
2974	2740	1
2975	2707	1
2975	2740	1
2976	2707	1
2976	2740	1
2977	2707	1
2977	2740	1
2978	2707	1
2978	25	1
2979	2740	1
2980	2740	1
2981	2707	1
2981	2740	1
2982	2707	1
2982	2740	1
2983	2707	1
2983	2740	1
2984	2707	1
2984	2740	1
2985	2707	1
2985	2740	1
2986	2707	1
2986	2740	1
2987	2707	1
2988	2707	1
2988	2740	1
2989	2740	1
2990	2707	1
2990	2740	1
2991	2707	1
2991	2740	1
2992	2707	1
2992	2740	1
2992	2675	1
2993	2740	1
2993	2675	1
2994	2707	1
2994	2740	1
2995	2707	1
2995	2740	1
2996	2707	1
2997	2707	1
2997	2740	1
2998	2707	1
2998	2740	1
2999	2707	1
2999	25	1
2999	2740	1
3000	2707	1
3000	25	1
3000	2740	1
3001	1622	1
3001	2416	1
3001	55	1
3001	2740	1
3002	2707	1
3002	2416	1
3002	55	1
3002	2740	1
3003	2707	1
3003	2740	1
3004	2707	1
3004	2740	1
3005	1610	1
3005	1622	1
3005	2550	1
3005	2416	1
3005	2740	1
3006	2707	1
3006	2740	1
3007	2707	1
3007	2740	1
3008	2707	1
3008	2740	1
3009	2707	1
3010	2707	1
3011	2707	1
3011	2740	1
3012	2707	1
3012	2740	1
3013	2707	1
3013	2740	1
3014	2707	1
3014	2740	1
3015	2707	1
3015	2740	1
3016	2707	1
3017	2675	1
3018	2707	1
3018	2247	1
3019	2740	1
3020	2740	1
3021	1320	1
3021	2740	1
3022	1320	1
3022	2740	1
3023	1320	1
3023	2740	1
3024	2707	1
3025	2740	1
3026	2675	1
3027	2707	1
3028	652	1
3029	2707	1
3029	2740	1
3030	2707	1
3030	748	1
3031	2740	1
3032	2367	1
3033	221	1
3033	1061	1
3033	720	1
3033	1897	1
3033	270	1
3033	2393	1
3033	2227	1
3033	1772	1
3033	271	1
3033	1942	1
3033	2119	1
3033	942	1
3033	3010	1
3033	795	1
3033	1638	1
3033	840	1
3033	1725	1
3033	1012	1
3033	2760	1
3033	308	1
3033	2741	1
3034	698	1
3034	2931	1
3034	720	1
3034	3032	1
3034	1433	1
3034	782	1
3034	2251	1
3034	627	1
3034	2278	1
3034	270	1
3034	1776	1
3034	2549	1
3034	1944	1
3034	1366	1
3034	486	1
3034	185	1
3034	1161	1
3034	718	1
3034	1772	1
3034	836	1
3034	1766	1
3034	316	1
3034	942	1
3034	261	1
3034	2750	1
3034	216	1
3034	2952	1
3034	2615	1
3034	2238	1
3034	169	1
3034	924	1
3034	1306	1
3034	1199	1
3034	232	1
3034	1171	1
3034	457	1
3034	1234	1
3034	1345	1
3034	840	1
3034	2300	1
3034	867	1
3034	2330	1
3034	1147	1
3034	1929	1
3034	1725	1
3034	614	1
3034	2386	1
3034	1681	1
3034	1660	1
3034	531	1
3034	988	1
3034	1505	1
3034	2980	1
3034	2921	1
3034	1828	1
3034	2028	1
3034	184	1
3034	2273	1
3034	610	1
3034	47	1
3034	1046	1
3034	345	1
3034	407	1
3034	2740	1
3034	1049	1
3034	2920	1
3034	668	1
3034	2602	1
3034	2305	1
3035	849	1
3035	2751	1
3035	2164	1
3035	720	1
3035	1897	1
3035	1096	1
3035	1932	1
3035	2549	1
3035	2756	1
3035	2873	1
3035	556	1
3035	495	1
3035	328	1
3035	2119	1
3035	942	1
3035	1649	1
3035	261	1
3035	1112	1
3035	25	1
3035	1450	1
3035	3010	1
3035	2206	1
3035	1460	1
3035	840	1
3035	2628	1
3035	1203	1
3035	2132	1
3035	988	1
3035	1244	1
3035	1219	1
3035	716	1
3035	821	1
3035	407	1
3035	2089	1
3035	2644	1
3035	1910	1
3036	1116	1
3036	2740	1
3037	1660	1
3038	840	1
3038	2628	1
3038	2741	1
3038	384	1
3039	2549	1
3039	25	1
3039	1770	1
3039	795	1
3039	1303	1
3039	2622	1
3039	638	1
3039	2675	1
3039	748	1
3040	2628	1
3040	2995	1
3041	2628	1
3041	2995	1
3041	460	1
3042	2628	1
3042	2995	1
3042	460	1
3043	849	1
3043	25	1
3043	897	1
3043	20	1
3043	2740	1
3044	2417	1
3045	963	1
3045	2549	1
3045	795	1
3045	2622	1
3045	2675	1
3045	384	1
3046	2549	1
3046	616	1
3046	825	1
3046	795	1
3046	1674	1
3046	2622	1
3046	531	1
3046	2417	1
3046	2675	1
3047	825	1
3047	1770	1
3047	879	1
3047	1303	1
3047	2675	1
3048	2550	1
3049	2046	1
3049	2707	1
3049	25	1
3049	1674	1
3049	2675	1
3049	384	1
3050	2549	1
3050	1770	1
3050	795	1
3050	1842	1
3050	531	1
3050	384	1
3051	2046	1
3052	2549	1
3052	2707	1
3052	25	1
3052	1770	1
3052	795	1
3052	531	1
3053	2549	1
3053	2707	1
3053	1770	1
3053	460	1
3053	2675	1
3053	384	1
3054	2046	1
3054	652	1
3054	1773	1
3054	2628	1
3054	2675	1
3055	748	1
3056	2549	1
3056	25	1
3056	1770	1
3056	1396	1
3056	384	1
3056	748	1
3057	2550	1
3058	2134	1
3059	2549	1
3059	2707	1
3059	25	1
3059	1770	1
3059	795	1
3059	1674	1
3059	531	1
3060	2549	1
3060	25	1
3060	1770	1
3060	1674	1
3060	2675	1
3061	2549	1
3061	25	1
3061	1770	1
3061	795	1
3061	1674	1
3061	384	1
3061	748	1
3062	897	1
3063	460	1
3064	2628	1
3065	2675	1
3066	1772	1
3066	942	1
3066	1660	1
3066	2675	1
3067	2549	1
3067	2707	1
3067	1770	1
3067	384	1
3067	748	1
3068	2549	1
3068	2707	1
3068	25	1
3068	795	1
3068	531	1
3068	2675	1
3069	2332	1
3069	2756	1
3069	111	1
3069	818	1
3069	185	1
3069	1711	1
3069	1830	1
3069	2953	1
3069	1914	1
3069	25	1
3069	1450	1
3069	840	1
3069	2857	1
3069	791	1
3069	1475	1
3069	18	1
3069	563	1
3069	2784	1
3069	184	1
3069	357	1
3070	1660	1
3070	2675	1
3071	2549	1
3071	1303	1
3071	2675	1
3072	2675	1
3073	2707	1
3074	2707	1
3074	1181	1
3075	2741	1
3076	720	1
3076	1096	1
3076	840	1
3076	2550	1
3076	1979	1
3076	1888	1
3077	373	1
3077	1061	1
3077	815	1
3077	1086	1
3077	720	1
3077	2215	1
3077	1897	1
3077	2549	1
3077	2707	1
3077	111	1
3077	185	1
3077	1224	1
3077	2393	1
3077	1772	1
3077	836	1
3077	2864	1
3077	2124	1
3077	942	1
3077	25	1
3077	616	1
3077	2952	1
3077	169	1
3077	2542	1
3077	840	1
3077	2628	1
3077	1938	1
3077	1744	1
3077	620	1
3077	2488	1
3077	1660	1
3077	531	1
3077	358	1
3077	346	1
3077	2104	1
3077	2273	1
3077	1903	1
3077	2740	1
3077	2675	1
3077	1910	1
3078	2469	1
3078	1660	1
3078	2675	1
3079	2741	1
3080	2469	1
3080	2741	1
3080	748	1
3081	2469	1
3081	748	1
3082	2549	1
3082	1729	1
3082	2952	1
3082	879	1
3082	2273	1
3082	2675	1
3083	2707	1
3083	2469	1
3083	1224	1
3083	840	1
3084	2675	1
3085	2628	1
3085	1625	1
3086	815	1
3086	2675	1
3087	2469	1
3087	1660	1
3087	2675	1
3088	476	1
3088	537	1
3088	720	1
3088	2215	1
3088	884	1
3088	2549	1
3088	111	1
3088	1378	1
3088	2393	1
3088	271	1
3088	942	1
3088	1213	1
3088	2497	1
3088	2952	1
3088	948	1
3088	1770	1
3088	992	1
3088	840	1
3088	1293	1
3088	2622	1
3088	1814	1
3088	1660	1
3088	1614	1
3088	2273	1
3088	2760	1
3088	1625	1
3088	1727	1
3089	2469	1
3089	2628	1
3089	1279	1
3089	2273	1
3090	25	1
3090	840	1
3090	2628	1
3090	1660	1
3091	2628	1
3091	2320	1
3091	2741	1
3092	29	1
3093	2628	1
3093	1184	1
3093	2320	1
3094	2628	1
3094	2622	1
3094	1660	1
3095	2549	1
3095	2469	1
3095	2628	1
3095	1660	1
3096	2469	1
3096	1660	1
3096	2675	1
3097	1666	1
3097	25	1
3097	2628	1
3098	2052	1
3098	897	1
3098	2718	1
3098	2194	1
3098	29	1
3098	2675	1
3099	1116	1
3099	2052	1
3099	2707	1
3099	2469	1
3099	942	1
3099	25	1
3099	840	1
3099	1184	1
3099	2740	1
3099	384	1
3099	2302	1
3100	1770	1
3100	897	1
3100	1660	1
3100	2675	1
3100	384	1
3101	2469	1
3101	2628	1
3101	1744	1
3101	1660	1
3101	125	1
3101	2675	1
3102	2395	1
3102	1660	1
3103	2628	1
3104	942	1
3104	1303	1
3104	1744	1
3104	125	1
3104	2741	1
3104	2675	1
3105	48	1
3105	2675	1
3105	384	1
3106	2995	1
3106	1184	1
3107	1660	1
3107	2741	1
3108	2628	1
3108	384	1
3109	2628	1
3110	2741	1
3111	720	1
3111	2549	1
3111	2469	1
3111	25	1
3111	840	1
3111	1660	1
3112	720	1
3112	111	1
3112	2469	1
3112	25	1
3112	840	1
3112	2628	1
3113	942	1
3113	25	1
3113	840	1
3113	1184	1
3113	1660	1
3114	2549	1
3114	25	1
3114	1303	1
3114	2628	1
3114	1660	1
3114	384	1
3115	2741	1
3116	2741	1
3117	111	1
3117	2469	1
3117	25	1
3117	2628	1
3118	2469	1
3118	652	1
3118	2403	1
3119	2469	1
3119	2383	1
3119	942	1
3119	25	1
3119	1303	1
3119	1744	1
3119	286	1
3119	384	1
3119	2302	1
3120	1660	1
3120	2675	1
3120	384	1
3121	384	1
3122	1116	1
3123	1116	1
3123	2383	1
3123	2952	1
3123	384	1
3124	2707	1
3125	2707	1
3126	2707	1
3126	1184	1
3127	2707	1
3128	2707	1
3129	2707	1
3129	2067	1
3130	2707	1
3130	25	1
3130	531	1
3131	3032	1
3131	2549	1
3131	1802	1
3131	2578	1
3131	486	1
3131	1591	1
3131	2838	1
3131	201	1
3131	942	1
3131	2952	1
3131	1990	1
3131	1749	1
3131	1168	1
3131	1460	1
3131	2449	1
3131	487	1
3131	3015	1
3131	2511	1
3131	2569	1
3131	531	1
3131	1844	1
3131	350	1
3131	1219	1
3131	591	1
3131	2086	1
3131	1910	1
3132	1778	1
3132	1608	1
3132	713	1
3132	2120	1
3133	2215	1
3133	942	1
3133	2675	1
3134	2707	1
3134	25	1
3135	1116	1
3135	2675	1
3136	1224	1
3136	2952	1
3136	2741	1
3137	2707	1
3138	2707	1
3139	1778	1
3139	2622	1
3139	1727	1
3140	2618	1
3140	1433	1
3140	1778	1
3140	66	1
3141	2618	1
3141	1778	1
3142	531	1
3143	211	1
3143	942	1
3143	2675	1
3144	2469	1
3144	2952	1
3144	1660	1
3144	531	1
3144	184	1
3144	2273	1
3144	2675	1
3145	1213	1
3145	1660	1
3145	2675	1
3146	1116	1
3146	384	1
3147	1897	1
3147	185	1
3147	271	1
3147	2675	1
3148	2707	1
3149	1778	1
3149	713	1
3150	1086	1
3150	2469	1
3150	2383	1
3150	795	1
3150	2675	1
3151	2215	1
3151	2707	1
3151	436	1
3151	25	1
3151	1258	1
3152	2707	1
3152	1181	1
3153	1778	1
3153	713	1
3154	2549	1
3154	2707	1
3154	25	1
3154	384	1
3155	906	1
3155	2549	1
3155	2707	1
3155	2474	1
3155	2853	1
3156	1778	1
3156	713	1
3157	2618	1
3158	211	1
3158	2675	1
3159	1778	1
3160	2707	1
3161	2707	1
3161	2124	1
3161	25	1
3162	211	1
3163	1116	1
3164	1116	1
3165	1116	1
3166	1116	1
3167	2707	1
3168	2740	1
3169	720	1
3169	1770	1
3169	840	1
3169	2550	1
3169	2741	1
3170	2707	1
3170	1660	1
3170	2740	1
3171	1116	1
3171	720	1
3171	2549	1
3171	2707	1
3171	111	1
3171	185	1
3171	1660	1
3171	742	1
3171	2741	1
3171	2740	1
3171	2889	1
3171	748	1
3172	2549	1
3172	1660	1
3173	1116	1
3173	720	1
3173	2549	1
3173	652	1
3173	1165	1
3173	840	1
3173	2628	1
3173	2550	1
3173	2593	1
3173	742	1
3173	2921	1
3173	2740	1
3173	2675	1
3173	2889	1
3173	748	1
3174	2089	1
3175	2675	1
3176	2675	1
3177	2707	1
3178	2740	1
3178	2675	1
3179	2707	1
3179	2740	1
3180	1116	1
3181	2215	1
3181	2675	1
3182	2707	1
3182	1320	1
3183	2675	1
3184	2707	1
3184	2740	1
3185	2675	1
3186	720	1
3186	2549	1
3186	2707	1
3186	840	1
3186	2741	1
3187	720	1
3187	2549	1
3187	1770	1
3187	2741	1
3187	2740	1
3188	2707	1
3189	2675	1
3190	2707	1
3190	2804	1
3190	2740	1
3191	2707	1
3191	840	1
3191	2741	1
3192	720	1
3192	2707	1
3192	840	1
3192	2741	1
3193	2707	1
3193	840	1
3194	185	1
3194	1772	1
3194	2675	1
3195	2549	1
3195	531	1
3195	2675	1
3196	2675	1
3197	748	1
3198	2707	1
3198	748	1
3199	652	1
3199	2741	1
3199	357	1
3200	2707	1
3200	531	1
3201	2707	1
3202	2707	1
3203	652	1
3203	2550	1
3203	2995	1
3203	2675	1
3203	748	1
3204	2707	1
3205	2707	1
3206	2707	1
3207	2707	1
3208	2385	1
3209	1608	1
3210	2072	1
3210	476	1
3210	849	1
3210	1846	1
3210	689	1
3210	2440	1
3210	2164	1
3210	2215	1
3210	884	1
3210	963	1
3210	1897	1
3210	270	1
3210	2549	1
3210	185	1
3210	2469	1
3210	2970	1
3210	2474	1
3210	328	1
3210	2393	1
3210	1772	1
3210	271	1
3210	1672	1
3210	2864	1
3210	547	1
3210	1817	1
3210	578	1
3210	942	1
3210	261	1
3210	25	1
3210	2952	1
3210	1770	1
3210	48	1
3210	840	1
3210	2939	1
3210	1744	1
3210	2871	1
3210	286	1
3210	1814	1
3210	3005	1
3210	295	1
3210	1523	1
3210	1660	1
3210	1033	1
3210	531	1
3210	1614	1
3210	350	1
3210	1219	1
3210	2273	1
3210	821	1
3210	2760	1
3210	308	1
3210	2741	1
3210	1625	1
3211	2549	1
3211	2628	1
3211	2622	1
3212	2469	1
3212	840	1
3212	2675	1
3213	185	1
3213	840	1
3213	2675	1
3214	2675	1
3215	384	1
3216	185	1
3216	2469	1
3216	2383	1
3216	1660	1
3216	384	1
3217	1116	1
3217	2383	1
3218	2164	1
3218	720	1
3218	1897	1
3218	2469	1
3218	271	1
3218	1315	1
3218	840	1
3218	1744	1
3218	184	1
3219	2469	1
3219	942	1
3219	261	1
3219	48	1
3219	840	1
3219	1660	1
3219	1033	1
3219	2273	1
3219	2675	1
3220	1660	1
3220	531	1
3221	942	1
3221	48	1
3221	1660	1
3222	689	1
3222	720	1
3222	1897	1
3222	270	1
3222	2469	1
3222	1224	1
3222	271	1
3222	1315	1
3222	2038	1
3222	2383	1
3222	1770	1
3222	795	1
3222	1899	1
3222	48	1
3222	840	1
3222	1674	1
3222	2622	1
3222	125	1
3222	531	1
3222	1614	1
3222	2273	1
3222	308	1
3222	407	1
3222	2741	1
3223	795	1
3223	1660	1
3223	2675	1
3224	2469	1
3224	1660	1
3224	2675	1
3225	2469	1
3225	66	1
3225	2675	1
3226	886	1
3226	486	1
3226	556	1
3226	1224	1
3226	271	1
3226	547	1
3226	795	1
3226	509	1
3226	1744	1
3226	1660	1
3226	2741	1
3226	1625	1
3227	849	1
3227	886	1
3227	2469	1
3227	271	1
3227	1660	1
3227	1625	1
3228	720	1
3228	2549	1
3228	185	1
3228	840	1
3228	531	1
3229	669	1
3229	67	1
3229	431	1
3229	2549	1
3229	2622	1
3229	1614	1
3229	893	1
3229	2741	1
3229	384	1
3230	431	1
3230	1770	1
3230	2628	1
3230	1660	1
3231	67	1
3231	10	1
3231	1315	1
3231	683	1
3232	25	1
3232	384	1
3233	2707	1
3234	537	1
3234	2215	1
3234	1897	1
3234	185	1
3234	1772	1
3234	1770	1
3234	840	1
3234	1744	1
3234	2622	1
3234	2188	1
3234	1614	1
3234	2327	1
3234	308	1
3234	407	1
3235	2675	1
3236	1625	1
3237	2707	1
3238	1116	1
3238	384	1
3239	2549	1
3239	942	1
3239	1608	1
3239	2628	1
3239	1660	1
3239	2273	1
3239	2675	1
3240	1061	1
3240	1116	1
3240	2549	1
3240	2469	1
3240	2383	1
3240	942	1
3240	1608	1
3240	1303	1
3240	384	1
3241	1061	1
3241	2549	1
3241	486	1
3241	2469	1
3241	1224	1
3241	1608	1
3241	840	1
3241	531	1
3241	384	1
3242	1116	1
3242	2675	1
3242	384	1
3243	1608	1
3244	2469	1
3244	942	1
3244	2628	1
3244	2675	1
3245	1116	1
3245	1608	1
3245	384	1
3245	1910	1
3246	2215	1
3246	185	1
3246	2469	1
3246	2952	1
3246	840	1
3246	1744	1
3246	2273	1
3246	308	1
3246	407	1
3247	698	1
3247	942	1
3247	407	1
3247	2675	1
3248	1608	1
3249	942	1
3249	2622	1
3249	1660	1
3249	2273	1
3249	2740	1
3250	2549	1
3250	185	1
3250	2469	1
3250	2383	1
3250	2622	1
3250	1660	1
3250	2507	1
3251	2628	1
3252	299	1
3252	2549	1
3252	1770	1
3252	2628	1
3252	2273	1
3253	2707	1
3253	2067	1
3253	25	1
3254	942	1
3254	1649	1
3254	1018	1
3254	1303	1
3255	1974	1
3255	1061	1
3255	1086	1
3255	437	1
3255	486	1
3255	185	1
3255	556	1
3255	2383	1
3255	942	1
3255	25	1
3255	1450	1
3255	948	1
3255	2163	1
3255	2622	1
3255	1660	1
3255	2028	1
3255	2273	1
3255	2703	1
3255	407	1
3255	2675	1
3255	748	1
3256	2383	1
3256	1660	1
3257	2558	1
3257	2077	1
3258	2618	1
3258	2622	1
3258	384	1
3259	2622	1
3259	2741	1
3259	384	1
3260	720	1
3260	25	1
3260	1424	1
3260	531	1
3260	384	1
3260	307	1
3260	1573	1
3260	1910	1
3261	1018	1
3262	2215	1
3262	1897	1
3262	2707	1
3262	185	1
3262	1224	1
3262	2393	1
3262	25	1
3262	2628	1
3262	1979	1
3262	2740	1
3262	1727	1
3263	897	1
3264	1846	1
3264	2381	1
3264	2314	1
3264	1432	1
3264	2549	1
3264	2732	1
3264	578	1
3264	2804	1
3264	2958	1
3264	2154	1
3264	1303	1
3264	1852	1
3264	2550	1
3264	2326	1
3264	2593	1
3264	3029	1
3264	1184	1
3264	1814	1
3264	1660	1
3264	1614	1
3264	558	1
3264	2028	1
3264	2940	1
3264	2913	1
3264	601	1
3264	594	1
3265	2549	1
3265	261	1
3265	1660	1
3266	1846	1
3266	1751	1
3266	2707	1
3266	531	1
3267	978	1
3267	2312	1
3267	1358	1
3267	1482	1
3267	799	1
3267	1436	1
3267	2778	1
3267	2115	1
3267	2469	1
3267	251	1
3267	2867	1
3267	1354	1
3267	2328	1
3267	578	1
3267	2576	1
3267	1619	1
3267	2824	1
3267	330	1
3267	1744	1
3267	596	1
3267	778	1
3267	1258	1
3267	1660	1
3267	125	1
3267	1426	1
3267	1244	1
3267	353	1
3267	1408	1
3267	1381	1
3267	2061	1
3267	562	1
3267	594	1
3268	2384	1
3268	2130	1
3268	2215	1
3268	25	1
3268	2952	1
3268	1770	1
3268	48	1
3268	2622	1
3268	1954	1
3268	531	1
3268	1226	1
3269	2707	1
3269	2383	1
3269	25	1
3269	2741	1
3270	2549	1
3270	2707	1
3270	25	1
3270	531	1
3271	2628	1
3272	384	1
3273	2741	1
3274	2332	1
3274	1061	1
3274	2164	1
3274	1116	1
3274	720	1
3274	270	1
3274	2549	1
3274	1224	1
3274	942	1
3274	25	1
3274	1203	1
3274	2857	1
3274	1091	1
3274	1381	1
3274	1910	1
3275	1116	1
3275	1184	1
3276	1800	1
3276	2454	1
3276	384	1
3276	1573	1
3277	2741	1
3278	3032	1
3278	270	1
3278	2549	1
3278	486	1
3278	2469	1
3278	622	1
3278	942	1
3278	261	1
3278	1450	1
3278	1348	1
3278	1608	1
3278	840	1
3278	2001	1
3278	2030	1
3278	184	1
3279	1116	1
3280	2038	1
3280	1744	1
3281	1116	1
3282	2675	1
3283	486	1
3283	2383	1
3283	879	1
3283	2995	1
3283	2675	1
3284	652	1
3284	2995	1
3284	2675	1
3285	1116	1
3285	825	1
3285	897	1
3285	2741	1
3285	2675	1
3285	2617	1
3286	1116	1
3286	2549	1
3286	2707	1
3287	1116	1
3288	2707	1
3288	1184	1
3289	1116	1
3290	849	1
3290	1116	1
3290	261	1
3290	795	1
3291	1116	1
3291	897	1
3292	1116	1
3293	897	1
3293	384	1
3294	2707	1
3295	1116	1
3296	1116	1
3296	897	1
3296	2741	1
3296	475	1
3297	1116	1
3297	2741	1
3298	1184	1
3298	2210	1
3299	1116	1
3299	2417	1
3299	384	1
3300	2210	1
3301	1116	1
3302	897	1
3303	1116	1
3303	897	1
3304	1116	1
3305	460	1
3306	1116	1
3306	2952	1
3306	531	1
3307	2707	1
3308	1116	1
3309	2675	1
3310	2740	1
3311	2628	1
3312	2707	1
3313	2675	1
3313	384	1
3314	372	1
3315	782	1
3315	372	1
3315	531	1
3316	2707	1
3317	2707	1
3318	2995	1
3319	1433	1
3319	2251	1
3319	1294	1
3319	636	1
3319	111	1
3319	2469	1
3319	1224	1
3319	2393	1
3319	1772	1
3319	836	1
3319	2530	1
3319	2038	1
3319	942	1
3319	1649	1
3319	25	1
3319	514	1
3319	1899	1
3319	2628	1
3319	2683	1
3319	18	1
3319	738	1
3319	531	1
3319	1244	1
3319	2327	1
3319	2270	1
3319	821	1
3319	407	1
3319	1377	1
3319	2305	1
3319	1910	1
3320	463	1
3320	111	1
3320	185	1
3320	2469	1
3320	1224	1
3320	1847	1
3320	1649	1
3320	2952	1
3320	2238	1
3320	840	1
3320	509	1
3320	2628	1
3320	2995	1
3320	1744	1
3320	2188	1
3320	125	1
3321	1061	1
3321	1433	1
3321	2251	1
3321	185	1
3321	519	1
3321	2543	1
3321	2	1
3321	2393	1
3321	8	1
3321	2222	1
3321	1772	1
3321	2530	1
3321	1740	1
3321	2038	1
3321	514	1
3321	1899	1
3321	2628	1
3321	1	1
3321	1258	1
3321	2188	1
3321	2327	1
3321	821	1
3321	131	1
3321	407	1
3321	1215	1
3322	67	1
3322	1445	1
3322	48	1
3322	2628	1
3322	531	1
3322	683	1
3322	1727	1
3323	372	1
3323	261	1
3324	1573	1
3325	1116	1
3326	1116	1
3327	1116	1
3328	2707	1
3329	2618	1
3329	218	1
3329	2952	1
3329	48	1
3329	1138	1
3329	2239	1
3329	1814	1
3329	2327	1
3329	893	1
3330	1116	1
3331	2707	1
3331	1224	1
3331	1315	1
3331	1660	1
3332	1847	1
3332	2675	1
3332	2302	1
3333	2740	1
3334	67	1
3334	372	1
3334	48	1
3334	1814	1
3334	531	1
3334	1614	1
3334	2495	1
3334	1727	1
3335	2046	1
3335	2549	1
3335	868	1
3335	2864	1
3335	386	1
3335	2463	1
3335	48	1
3335	2622	1
3335	531	1
3335	2427	1
3335	384	1
3335	2302	1
3336	2707	1
3337	1322	1
3338	2707	1
3339	1116	1
3339	2707	1
3339	384	1
3340	1116	1
3341	1778	1
3342	942	1
3342	1660	1
3342	2273	1
3342	2675	1
3343	2707	1
3344	698	1
3344	2225	1
3344	1061	1
3344	270	1
3344	2549	1
3344	556	1
3344	1224	1
3344	830	1
3344	122	1
3344	1649	1
3344	261	1
3344	1450	1
3344	2238	1
3344	1841	1
3344	1306	1
3344	1770	1
3344	2296	1
3344	2622	1
3344	1328	1
3344	5	1
3344	1043	1
3344	1424	1
3344	531	1
3344	1219	1
3344	699	1
3344	174	1
3344	678	1
3344	1910	1
3344	1707	1
3345	586	1
3345	1692	1
3345	299	1
3345	1813	1
3345	270	1
3345	2409	1
3345	2549	1
3345	2578	1
3345	486	1
3345	2469	1
3345	556	1
3345	401	1
3345	1224	1
3345	1837	1
3345	1591	1
3345	38	1
3345	122	1
3345	1439	1
3345	2383	1
3345	201	1
3345	2978	1
3345	2098	1
3345	942	1
3345	1306	1
3345	205	1
3345	151	1
3345	2316	1
3345	91	1
3345	2418	1
3345	1	1
3345	2296	1
3345	2511	1
3345	1328	1
3345	2744	1
3345	89	1
3345	5	1
3345	1043	1
3345	1219	1
3345	699	1
3345	174	1
3345	1812	1
3345	678	1
3345	1707	1
3346	1116	1
3346	2741	1
3347	1608	1
3348	1814	1
3349	66	1
3349	384	1
3350	67	1
3350	578	1
3350	1917	1
3350	2165	1
3350	1138	1
3350	1674	1
3350	2622	1
3350	531	1
3350	2327	1
3350	893	1
3350	1643	1
3351	1116	1
3352	1116	1
3353	1116	1
3354	2417	1
3354	2675	1
3354	748	1
3355	1116	1
3356	849	1
3356	448	1
3356	1846	1
3356	1724	1
3356	2707	1
3356	25	1
3356	1674	1
3356	1301	1
3357	669	1
3357	2332	1
3357	1911	1
3357	240	1
3357	2215	1
3357	3032	1
3357	463	1
3357	691	1
3357	1906	1
3357	2670	1
3357	362	1
3357	2530	1
3357	2463	1
3357	1895	1
3357	942	1
3357	1163	1
3357	1666	1
3357	2853	1
3357	2042	1
3357	2688	1
3357	2095	1
3357	1074	1
3357	1196	1
3357	2107	1
3357	2622	1
3357	1703	1
3357	2487	1
3357	2320	1
3357	1258	1
3357	1660	1
3357	1033	1
3357	125	1
3357	987	1
3357	1066	1
3357	2273	1
3357	2781	1
3357	821	1
3357	660	1
3357	783	1
3357	1695	1
3357	618	1
3357	683	1
3357	722	1
3357	1381	1
3357	717	1
3357	1857	1
3357	1910	1
3358	1744	1
3359	2741	1
3360	1116	1
3360	1778	1
3360	2675	1
3361	1116	1
3362	1778	1
3363	2675	1
3364	1116	1
3364	652	1
3364	1660	1
3364	2741	1
3365	2707	1
3366	1116	1
3367	2707	1
3368	2417	1
3369	2707	1
3370	942	1
3371	698	1
3371	2549	1
3371	1772	1
3371	2864	1
3371	942	1
3371	1163	1
3371	2386	1
3371	1291	1
3371	838	1
3371	2016	1
3371	531	1
3371	2273	1
3371	1134	1
3371	407	1
3371	2675	1
3372	720	1
3372	942	1
3372	1219	1
3372	2273	1
3372	407	1
3373	1953	1
3373	1219	1
3373	2675	1
3374	698	1
3374	838	1
3374	2016	1
3374	531	1
3374	2273	1
3374	2675	1
3375	652	1
3375	1660	1
3375	2675	1
3376	384	1
3377	2741	1
3377	2675	1
3378	2618	1
3378	840	1
3378	2741	1
3379	261	1
3379	1660	1
3379	531	1
3379	2675	1
3380	942	1
3380	1660	1
3380	531	1
3380	2417	1
3380	2675	1
3381	2741	1
3381	2675	1
3382	2675	1
3383	1666	1
3383	1744	1
3383	2675	1
3384	815	1
3384	2469	1
3384	2383	1
3384	942	1
3384	1660	1
3384	531	1
3384	2273	1
3385	1116	1
3385	2383	1
3385	825	1
3385	1660	1
3385	531	1
3385	2675	1
3386	2448	1
3386	1315	1
3386	2383	1
3386	344	1
3386	2675	1
3387	1116	1
3387	261	1
3388	431	1
3388	1315	1
3388	1612	1
3388	531	1
3388	344	1
3388	2675	1
3388	384	1
3388	2302	1
3389	1612	1
3389	2383	1
3389	2239	1
3389	531	1
3390	2383	1
3390	942	1
3390	2622	1
3390	1814	1
3390	1660	1
3390	531	1
3390	2273	1
3390	2675	1
3391	2469	1
3391	942	1
3391	3004	1
3391	2622	1
3391	531	1
3391	2675	1
3392	185	1
3392	2741	1
3392	2675	1
3393	1116	1
3393	2741	1
3394	2741	1
3394	2675	1
3395	2052	1
3396	67	1
3396	2314	1
3396	2079	1
3396	1612	1
3396	2383	1
3396	1660	1
3396	344	1
3396	2675	1
3397	431	1
3397	48	1
3397	840	1
3397	1138	1
3397	2239	1
3397	2622	1
3397	713	1
3397	2675	1
3398	909	1
3398	2618	1
3398	372	1
3398	2549	1
3398	2383	1
3398	48	1
3398	1138	1
3398	2622	1
3398	1614	1
3398	683	1
3398	2768	1
3399	1846	1
3399	2618	1
3399	372	1
3399	2383	1
3399	1770	1
3399	1744	1
3399	2622	1
3399	531	1
3399	2768	1
3400	2592	1
3400	1086	1
3400	782	1
3400	2251	1
3400	2549	1
3400	1778	1
3400	1138	1
3400	713	1
3400	531	1
3400	2784	1
3400	608	1
3401	1778	1
3402	1778	1
3403	1778	1
3403	1138	1
3403	531	1
3404	261	1
3404	1219	1
3404	2675	1
3405	2469	1
3405	316	1
3405	620	1
3405	2675	1
3406	2469	1
3406	942	1
3406	261	1
3406	1660	1
3406	2273	1
3406	1903	1
3406	2675	1
3407	1772	1
3407	942	1
3407	1303	1
3407	2273	1
3407	407	1
3407	2675	1
3408	1538	1
3408	2381	1
3408	372	1
3408	2549	1
3408	878	1
3408	2148	1
3408	1223	1
3408	599	1
3408	1784	1
3408	34	1
3408	578	1
3408	1601	1
3408	1770	1
3408	48	1
3408	1744	1
3408	2622	1
3408	125	1
3408	531	1
3408	358	1
3408	1614	1
3408	893	1
3408	2273	1
3408	2077	1
3408	2675	1
3409	2215	1
3409	2469	1
3409	316	1
3409	620	1
3409	2386	1
3409	838	1
3409	1660	1
3409	1219	1
3409	2741	1
3410	698	1
3410	942	1
3410	1660	1
3410	531	1
3410	2273	1
3410	1903	1
3411	1660	1
3411	531	1
3411	2273	1
3411	1903	1
3411	2675	1
3412	942	1
3412	1660	1
3412	531	1
3412	1903	1
3412	2741	1
3412	2675	1
3413	2741	1
3414	2741	1
3415	720	1
3415	1772	1
3415	2675	1
3415	1910	1
3416	942	1
3416	1649	1
3416	2952	1
3416	2622	1
3416	838	1
3416	2028	1
3416	1219	1
3416	2273	1
3416	407	1
3416	2741	1
3416	2675	1
3417	815	1
3417	906	1
3417	2215	1
3417	2549	1
3417	486	1
3417	185	1
3417	2864	1
3417	2821	1
3417	2238	1
3417	795	1
3417	659	1
3417	840	1
3417	503	1
3417	3015	1
3417	1814	1
3417	838	1
3417	2016	1
3417	358	1
3418	1116	1
3418	720	1
3418	437	1
3418	185	1
3418	2469	1
3418	942	1
3418	1660	1
3418	531	1
3418	2417	1
3418	2028	1
3418	2273	1
3418	1903	1
3418	2675	1
3418	748	1
3419	2469	1
3419	1660	1
3419	2273	1
3420	815	1
3420	1116	1
3420	437	1
3420	2549	1
3420	2469	1
3420	652	1
3420	942	1
3420	261	1
3420	2622	1
3420	531	1
3420	2417	1
3420	2273	1
3420	1903	1
3420	2741	1
3420	2675	1
3421	942	1
3421	897	1
3421	2628	1
3421	531	1
3421	1903	1
3421	2741	1
3421	2675	1
3422	942	1
3422	1660	1
3422	2273	1
3422	2675	1
3423	2741	1
3424	1660	1
3424	531	1
3424	2741	1
3425	1116	1
3425	2741	1
3426	323	1
3426	1219	1
3426	384	1
3427	486	1
3427	261	1
3427	2622	1
3427	531	1
3427	1219	1
3427	2741	1
3428	1116	1
3428	1660	1
3428	2273	1
3428	2741	1
3428	2675	1
3429	531	1
3429	2273	1
3429	2741	1
3430	1061	1
3430	1772	1
3430	942	1
3430	2628	1
3430	1660	1
3430	1033	1
3430	2273	1
3430	1903	1
3431	2469	1
3431	942	1
3431	1660	1
3431	531	1
3431	2273	1
3432	2675	1
3433	1897	1
3433	2469	1
3433	2383	1
3433	1660	1
3433	2273	1
3433	2741	1
3434	1116	1
3434	2469	1
3434	942	1
3434	531	1
3434	2495	1
3434	2741	1
3435	185	1
3435	942	1
3435	2273	1
3435	2741	1
3435	2675	1
3436	2741	1
3437	1116	1
3437	384	1
3438	2469	1
3438	1291	1
3438	838	1
3438	2016	1
3438	531	1
3438	1219	1
3438	1903	1
3438	407	1
3438	2741	1
3439	2469	1
3439	1303	1
3439	1660	1
3439	2273	1
3439	2675	1
3440	1116	1
3440	437	1
3440	2417	1
3440	2741	1
3441	323	1
3441	1608	1
3441	531	1
3441	2741	1
3442	748	1
3443	2707	1
3443	1770	1
3443	2889	1
3444	2707	1
3444	652	1
3444	2740	1
3444	384	1
3445	2707	1
3446	2707	1
3446	2740	1
3447	2707	1
3447	2921	1
3448	2707	1
3448	2921	1
3449	2707	1
3449	2740	1
3450	2302	1
3451	2549	1
3451	2707	1
3451	1660	1
3451	2740	1
3452	2707	1
3452	1660	1
3452	2740	1
3453	2549	1
3453	2707	1
3453	1660	1
3453	2740	1
3454	67	1
3454	1778	1
3454	2383	1
3454	1138	1
3455	1778	1
3456	2707	1
3457	1096	1
3457	2707	1
3457	556	1
3457	261	1
3457	1660	1
3457	1219	1
3458	2741	1
3458	2675	1
3458	384	1
3459	1018	1
3459	59	1
3459	748	1
3460	1018	1
3460	2740	1
3460	748	1
3461	2707	1
3462	720	1
3462	1018	1
3462	1660	1
3462	384	1
3463	48	1
3463	2675	1
3464	2314	1
3464	1138	1
3464	531	1
3464	1614	1
3464	1832	1
3464	2077	1
3464	2120	1
3464	1727	1
3465	2707	1
3466	399	1
3466	2952	1
3466	1184	1
3466	2077	1
3466	1727	1
3467	897	1
3467	2628	1
3467	2741	1
3468	1778	1
3468	2120	1
3469	2549	1
3469	1778	1
3469	2383	1
3469	48	1
3469	2622	1
3470	431	1
3470	1778	1
3470	2383	1
3470	2952	1
3470	383	1
3470	1138	1
3470	2622	1
3470	531	1
3470	1727	1
3471	1778	1
3472	1778	1
3472	2120	1
3472	1727	1
3473	1116	1
3474	2707	1
3475	2707	1
3476	20	1
3477	67	1
3477	720	1
3477	2618	1
3477	210	1
3477	2251	1
3477	2549	1
3477	185	1
3477	435	1
3477	578	1
3477	2982	1
3477	48	1
3477	1138	1
3477	2456	1
3477	2622	1
3477	2367	1
3477	531	1
3477	2327	1
3477	893	1
3478	2618	1
3478	1223	1
3478	319	1
3478	2366	1
3478	1138	1
3478	2622	1
3478	531	1
3478	2327	1
3478	2741	1
3479	67	1
3479	720	1
3479	210	1
3479	1223	1
3479	2829	1
3479	319	1
3479	578	1
3479	2982	1
3479	840	1
3479	1138	1
3479	2622	1
3479	531	1
3479	893	1
3479	230	1
3479	2675	1
3480	2618	1
3481	2707	1
3481	384	1
3482	652	1
3482	25	1
3482	1770	1
3482	2675	1
3483	2707	1
3484	1538	1
3484	48	1
3484	531	1
3484	66	1
3484	2327	1
3485	2707	1
3485	795	1
3486	2469	1
3486	2982	1
3486	942	1
3486	840	1
3486	1660	1
3486	1219	1
3487	652	1
3487	2952	1
3487	2675	1
3488	66	1
3488	1106	1
3489	20	1
3490	2707	1
3491	2707	1
3492	2707	1
3492	1674	1
3492	2740	1
3493	652	1
3493	2952	1
3493	2675	1
3494	1116	1
3495	1116	1
3495	2952	1
3495	2675	1
3496	2675	1
3497	652	1
3497	2952	1
3497	2675	1
3498	1116	1
3498	2952	1
3498	2675	1
3499	2549	1
3499	652	1
3499	2952	1
3499	1303	1
3499	2675	1
3500	652	1
3500	2675	1
3501	1116	1
3501	2549	1
3501	652	1
3501	2952	1
3501	531	1
3502	652	1
3502	2952	1
3502	2675	1
3503	652	1
3503	2952	1
3503	2675	1
3504	652	1
3504	2952	1
3504	2675	1
3505	652	1
3505	2952	1
3506	1116	1
3506	2628	1
3506	2675	1
3507	652	1
3507	2952	1
3507	2675	1
3508	2549	1
3508	652	1
3508	25	1
3508	2952	1
3508	1660	1
3509	652	1
3509	2952	1
3509	1184	1
3510	1116	1
3510	652	1
3510	2952	1
3510	1660	1
3510	531	1
3511	2675	1
3512	652	1
3512	2952	1
3512	2675	1
3513	2549	1
3513	652	1
3513	2952	1
3513	2675	1
3514	652	1
3514	2952	1
3515	652	1
3515	2952	1
3515	2675	1
3516	1116	1
3517	2383	1
3517	2952	1
3517	1660	1
3518	652	1
3519	1116	1
3520	2741	1
3521	2995	1
3521	2675	1
3521	384	1
3522	2707	1
3522	2469	1
3522	2832	1
3522	2864	1
3522	942	1
3522	1303	1
3522	1622	1
3522	2416	1
3522	1660	1
3522	2921	1
3522	2802	1
3522	2740	1
3523	2549	1
3523	2707	1
3523	2469	1
3523	1018	1
3523	1303	1
3523	1968	1
3523	1674	1
3523	2593	1
3523	2416	1
3523	1660	1
3523	531	1
3523	2921	1
3523	1395	1
3523	1219	1
3523	2703	1
3524	2707	1
3524	2740	1
3525	2740	1
3526	2707	1
3527	2707	1
3528	2675	1
3529	2675	1
3530	2469	1
3530	2821	1
3530	2383	1
3530	942	1
3530	531	1
3530	2675	1
3531	720	1
3531	1773	1
3531	1943	1
3531	184	1
3531	2273	1
3531	1355	1
3532	2675	1
3533	942	1
3533	897	1
3533	2628	1
3533	2273	1
3534	720	1
3534	2469	1
3534	840	1
3534	2495	1
3534	2273	1
3534	2741	1
3534	2675	1
3535	942	1
3535	1660	1
3535	2273	1
3535	2675	1
3536	2675	1
3537	2469	1
3537	1303	1
3537	1660	1
3537	531	1
3537	2273	1
3538	942	1
3538	2273	1
3538	2741	1
3538	2675	1
3539	1660	1
3539	531	1
3539	2273	1
3539	2741	1
3539	2675	1
3540	2675	1
3541	261	1
3541	1660	1
3541	531	1
3541	2675	1
3542	486	1
3542	942	1
3542	531	1
3543	2675	1
3544	1674	1
3544	2622	1
3544	2741	1
3545	2469	1
3545	1660	1
3545	2495	1
3545	2675	1
3546	1660	1
3546	531	1
3546	1903	1
3546	308	1
3546	2675	1
3547	2469	1
3547	1660	1
3547	531	1
3547	2273	1
3547	2675	1
3548	942	1
3548	1660	1
3548	2273	1
3548	2675	1
3549	2469	1
3549	2821	1
3549	942	1
3549	2273	1
3549	1903	1
3549	2675	1
3550	185	1
3550	2469	1
3550	2622	1
3550	1660	1
3550	531	1
3550	2273	1
3550	2675	1
3550	748	1
3551	2549	1
3551	942	1
3551	1660	1
3551	531	1
3551	2273	1
3552	1897	1
3552	185	1
3552	2469	1
3552	1772	1
3552	1770	1
3552	1660	1
3552	531	1
3552	2273	1
3552	748	1
3553	942	1
3553	261	1
3553	2622	1
3553	1660	1
3553	531	1
3553	2273	1
3553	2675	1
3554	2469	1
3554	1660	1
3554	2675	1
3555	2675	1
3556	2821	1
3556	308	1
3556	2675	1
3557	185	1
3557	1660	1
3557	531	1
3558	261	1
3558	2675	1
3559	2675	1
3559	1727	1
3560	372	1
3561	2163	1
3561	1660	1
3561	531	1
3561	358	1
3561	2028	1
3561	2273	1
3561	1903	1
3561	2675	1
3562	185	1
3562	1772	1
3562	2383	1
3562	942	1
3562	1660	1
3562	531	1
3562	1903	1
3563	942	1
3563	1660	1
3563	2675	1
3564	2469	1
3564	261	1
3564	1608	1
3564	2628	1
3564	1660	1
3564	531	1
3564	184	1
3565	25	1
3565	1770	1
3565	2163	1
3565	855	1
3565	748	1
3566	2469	1
3566	531	1
3566	1903	1
3566	2675	1
3567	1138	1
3567	2675	1
3568	1116	1
3568	2707	1
3569	2675	1
3570	2707	1
3570	1770	1
3570	1303	1
3570	2417	1
3570	660	1
3571	1116	1
3571	2707	1
3572	2469	1
3572	2383	1
3572	2952	1
3572	1608	1
3572	1744	1
3572	1660	1
3572	384	1
3572	1156	1
3573	1116	1
3573	531	1
3573	384	1
3574	2675	1
3575	897	1
3575	2675	1
3576	1897	1
3576	2469	1
3576	652	1
3576	261	1
3576	2952	1
3576	1660	1
3576	2273	1
3576	2675	1
3577	1116	1
3577	211	1
3577	1649	1
3577	2952	1
3577	20	1
3577	384	1
3578	1116	1
3578	2618	1
3578	2768	1
3579	67	1
3579	2618	1
3579	1223	1
3579	1778	1
3579	2941	1
3579	2622	1
3579	1981	1
3579	531	1
3579	1069	1
3579	893	1
3579	821	1
3579	1643	1
3580	1116	1
3580	2618	1
3580	2768	1
3580	1727	1
3581	1116	1
3581	2367	1
3581	2741	1
3582	1116	1
3582	2367	1
3582	2741	1
3583	713	1
3583	2120	1
3583	1727	1
3584	1086	1
3584	2688	1
3584	764	1
3584	1660	1
3584	358	1
3584	407	1
3585	384	1
3586	942	1
3586	531	1
3586	2273	1
3586	2675	1
3587	2675	1
3588	2215	1
3588	782	1
3588	2608	1
3588	1776	1
3588	2469	1
3588	1953	1
3588	1772	1
3588	1740	1
3588	2821	1
3588	942	1
3588	261	1
3588	2952	1
3588	2238	1
3588	457	1
3588	2621	1
3588	1638	1
3588	867	1
3588	2386	1
3588	1291	1
3588	1660	1
3588	309	1
3588	531	1
3588	358	1
3588	1134	1
3588	1616	1
3588	1410	1
3588	407	1
3588	2675	1
3588	56	1
3589	2675	1
3590	1341	1
3590	720	1
3590	2549	1
3590	486	1
3590	185	1
3590	1224	1
3590	519	1
3590	271	1
3590	836	1
3590	2838	1
3590	942	1
3590	1450	1
3590	840	1
3590	1475	1
3590	1660	1
3590	1903	1
3590	39	1
3590	357	1
3591	2549	1
3591	2302	1
3592	1116	1
3592	2707	1
3592	2163	1
3592	2675	1
3592	2302	1
3593	1116	1
3593	652	1
3593	840	1
3594	1116	1
3594	2707	1
3595	2675	1
3596	2707	1
3596	652	1
3596	2383	1
3596	384	1
3597	2707	1
3598	185	1
3598	2393	1
3598	2995	1
3598	2675	1
3599	2707	1
3599	2286	1
3599	840	1
3599	2740	1
3600	2707	1
3600	840	1
3600	2740	1
3600	2889	1
3601	2707	1
3602	1116	1
3602	1897	1
3602	2469	1
3602	2393	1
3602	1772	1
3603	2740	1
3604	2740	1
3605	1116	1
3605	2707	1
3606	67	1
3606	782	1
3606	2251	1
3606	1138	1
3606	531	1
3606	1727	1
3607	2618	1
3607	782	1
3607	2251	1
3607	1138	1
3607	2622	1
3607	531	1
3607	66	1
3607	2768	1
3607	2221	1
3607	2120	1
3607	1727	1
3608	2232	1
3608	2038	1
3608	489	1
3608	48	1
3608	1138	1
3608	2675	1
3608	2120	1
3608	1106	1
3609	1778	1
3609	1138	1
3609	2622	1
3609	2077	1
3610	211	1
3610	1897	1
3610	133	1
3610	48	1
3610	1660	1
3610	308	1
3610	2741	1
3610	384	1
3611	2384	1
3611	2469	1
3611	435	1
3611	2982	1
3611	48	1
3611	840	1
3611	1660	1
3611	1424	1
3611	531	1
3611	184	1
3612	825	1
3612	1660	1
3612	2675	1
3613	2707	1
3613	652	1
3613	2550	1
3613	531	1
3614	825	1
3614	2675	1
3615	652	1
3615	1303	1
3615	1660	1
3615	384	1
3616	2707	1
3617	2952	1
3617	1660	1
3617	531	1
3617	2675	1
3618	2675	1
3619	815	1
3619	2549	1
3619	942	1
3619	1660	1
3619	531	1
3619	2273	1
3620	2741	1
3621	2549	1
3621	2469	1
3621	2383	1
3621	942	1
3621	531	1
3622	652	1
3622	2383	1
3622	897	1
3622	1660	1
3622	531	1
3622	2675	1
3623	2549	1
3623	185	1
3623	2469	1
3623	1772	1
3623	2952	1
3623	1660	1
3623	2741	1
3623	2089	1
3623	2652	1
3624	2675	1
3625	2469	1
3625	836	1
3625	942	1
3625	2028	1
3626	185	1
3626	2469	1
3626	652	1
3626	435	1
3626	2864	1
3626	2383	1
3626	942	1
3626	897	1
3626	1660	1
3626	125	1
3626	2028	1
3626	2273	1
3626	2423	1
3626	2741	1
3626	384	1
3627	815	1
3627	1897	1
3627	2469	1
3627	1772	1
3627	942	1
3627	1661	1
3627	261	1
3627	2952	1
3627	48	1
3627	1303	1
3627	1628	1
3627	620	1
3627	1814	1
3627	125	1
3627	531	1
3627	2306	1
3627	131	1
3627	407	1
3628	720	1
3628	1772	1
3628	2952	1
3628	840	1
3628	2675	1
3628	384	1
3629	2675	1
3630	815	1
3630	1086	1
3630	1116	1
3630	437	1
3630	1897	1
3630	2469	1
3630	652	1
3630	1772	1
3630	547	1
3630	2383	1
3630	2690	1
3630	25	1
3630	2952	1
3630	2163	1
3630	879	1
3630	1303	1
3630	1744	1
3630	2622	1
3630	620	1
3630	1660	1
3630	125	1
3630	2028	1
3630	2273	1
3630	2741	1
3630	2675	1
3630	104	1
3631	815	1
3631	1897	1
3631	2549	1
3631	2469	1
3631	1740	1
3631	840	1
3631	2104	1
3631	2273	1
3631	1903	1
3631	308	1
3632	67	1
3632	1784	1
3632	2952	1
3632	2432	1
3632	2239	1
3632	2622	1
3632	2412	1
3632	2077	1
3632	2768	1
3632	2741	1
3632	1106	1
3632	1727	1
3633	1778	1
3634	67	1
3634	2383	1
3634	1138	1
3634	531	1
3634	2077	1
3634	2768	1
3634	1727	1
3635	1778	1
3635	1727	1
3636	373	1
3636	2894	1
3636	531	1
3636	2495	1
3636	2675	1
3637	2675	1
3638	2675	1
3639	2707	1
3639	942	1
3639	2740	1
3640	1846	1
3640	1751	1
3640	2622	1
3640	531	1
3640	2675	1
3641	1086	1
3641	2549	1
3641	185	1
3641	1224	1
3641	2821	1
3641	2383	1
3641	942	1
3641	48	1
3641	1303	1
3641	2622	1
3641	1660	1
3641	531	1
3641	2273	1
3641	1903	1
3641	2675	1
3642	942	1
3642	261	1
3642	2273	1
3642	384	1
3643	2675	1
3644	2675	1
3645	2675	1
3645	2302	1
3646	476	1
3646	372	1
3646	1751	1
3646	1366	1
3646	2469	1
3646	1778	1
3646	942	1
3646	1770	1
3646	514	1
3646	48	1
3646	1744	1
3646	1293	1
3646	2239	1
3646	1674	1
3646	2622	1
3646	1814	1
3646	1660	1
3646	531	1
3646	1614	1
3646	2273	1
3647	1224	1
3647	2741	1
3647	1625	1
3648	1116	1
3649	2628	1
3649	2622	1
3649	1625	1
3650	1585	1
3650	2618	1
3650	578	1
3650	239	1
3650	57	1
3650	629	1
3650	2622	1
3650	1734	1
3650	536	1
3650	2741	1
3650	230	1
3650	2675	1
3650	268	1
3651	67	1
3651	1116	1
3651	2618	1
3651	878	1
3651	1278	1
3652	2618	1
3652	1138	1
3652	2622	1
3652	2675	1
3653	1116	1
3653	2618	1
3653	51	1
3653	1138	1
3653	2622	1
3653	531	1
3654	2384	1
3654	2618	1
3654	2622	1
3654	2741	1
3654	384	1
3655	2618	1
3655	2221	1
3655	2675	1
3656	67	1
3656	1116	1
3656	1275	1
3656	2618	1
3656	878	1
3656	2477	1
3656	2383	1
3656	2329	1
3656	1138	1
3656	2622	1
3656	2181	1
3656	531	1
3657	1116	1
3657	2622	1
3657	66	1
3658	1116	1
3658	2618	1
3658	1478	1
3658	2477	1
3658	239	1
3658	51	1
3658	57	1
3658	2181	1
3658	883	1
3658	2221	1
3658	384	1
3658	400	1
3659	2741	1
3660	2707	1
3661	1660	1
3661	2675	1
3662	2675	1
3663	1116	1
3663	2675	1
3663	384	1
3664	942	1
3664	2952	1
3664	384	1
3664	2302	1
3665	669	1
3665	2554	1
3665	2469	1
3665	652	1
3665	2383	1
3665	1649	1
3665	48	1
3665	1303	1
3665	2320	1
3665	125	1
3665	531	1
3665	2028	1
3666	942	1
3666	2675	1
3667	2707	1
3668	2707	1
3668	2740	1
3669	1778	1
3670	2707	1
3671	1900	1
3671	910	1
3671	2675	1
3672	652	1
3672	2675	1
3673	652	1
3673	2675	1
3674	2707	1
3675	2707	1
3676	1974	1
3676	1188	1
3676	1098	1
3676	25	1
3676	2804	1
3676	1610	1
3676	545	1
3676	427	1
3676	1332	1
3676	2809	1
3676	1255	1
3676	161	1
3676	2716	1
3676	1968	1
3676	1131	1
3676	1683	1
3676	700	1
3676	478	1
3676	2460	1
3676	1976	1
3676	1422	1
3676	2675	1
3676	968	1
3677	652	1
3677	2675	1
3678	2675	1
3679	2707	1
3680	652	1
3680	2675	1
3681	2675	1
3682	2707	1
3683	2707	1
3684	2707	1
3685	2675	1
3686	652	1
3687	2707	1
3688	2707	1
3689	2707	1
3690	2707	1
3691	652	1
3691	1900	1
3691	700	1
3691	742	1
3692	652	1
3693	1900	1
3693	1320	1
3693	2593	1
3694	25	1
3694	2550	1
3695	652	1
3695	1165	1
3695	2804	1
3695	2550	1
3695	700	1
3696	2707	1
3697	2707	1
3698	1900	1
3698	2593	1
3698	2740	1
3698	2675	1
3699	2549	1
3699	2740	1
3700	652	1
3700	2675	1
3701	652	1
3701	1900	1
3702	2417	1
3702	2740	1
3702	384	1
3703	2707	1
3704	384	1
3705	897	1
3705	2741	1
3705	384	1
3705	357	1
3706	261	1
3706	1322	1
3706	48	1
3706	531	1
3706	1614	1
3707	2740	1
3708	2740	1
3709	2740	1
3710	2740	1
3711	2740	1
3712	2740	1
3713	2740	1
3714	2740	1
3715	2740	1
3716	2740	1
3717	2740	1
3718	2740	1
3719	2740	1
3720	2740	1
3721	2952	1
3721	2740	1
3722	2740	1
3723	2740	1
3724	2740	1
3725	2740	1
3726	2740	1
3727	2740	1
3728	2740	1
3729	2740	1
3730	384	1
3731	384	1
3732	652	1
3732	2675	1
3733	25	1
3733	1770	1
3733	2550	1
3733	1674	1
3733	1660	1
3734	1116	1
3734	2707	1
3734	578	1
3734	2628	1
3734	1184	1
3734	1660	1
3734	20	1
3734	2740	1
3734	2675	1
3734	384	1
3735	211	1
3735	897	1
3735	2550	1
3735	1184	1
3735	1396	1
3735	2740	1
3735	2675	1
3735	384	1
3736	2549	1
3736	2707	1
3736	25	1
3736	1770	1
3736	531	1
3736	384	1
3737	384	1
3738	2675	1
3739	652	1
3739	2675	1
3740	25	1
3740	1744	1
3740	384	1
3741	652	1
3742	1116	1
3742	1897	1
3742	270	1
3742	2707	1
3742	1204	1
3742	8	1
3742	564	1
3742	2550	1
3742	1979	1
3742	2675	1
3743	2707	1
3743	2740	1
3744	2707	1
3744	2740	1
3745	2707	1
3745	2740	1
3746	2707	1
3746	840	1
3746	55	1
3747	2707	1
3747	25	1
3747	1033	1
3748	2469	1
3748	25	1
3748	2952	1
3748	840	1
3748	3029	1
3748	1660	1
3748	1033	1
3748	308	1
3749	2707	1
3750	2707	1
3750	2740	1
3751	2707	1
3751	2675	1
3752	1974	1
3752	1159	1
3752	1165	1
3752	1014	1
3752	25	1
3752	1238	1
3752	1610	1
3752	1255	1
3752	2767	1
3752	2416	1
3752	1258	1
3752	1422	1
3753	2707	1
3754	2707	1
3755	2707	1
3756	2707	1
3757	2740	1
3758	2707	1
3759	2707	1
3759	2952	1
3760	2707	1
3760	2675	1
3761	2707	1
3762	2707	1
3762	1165	1
3762	2804	1
3762	742	1
3762	384	1
3763	2707	1
3763	2675	1
3764	2707	1
3765	2707	1
3765	2921	1
3765	2740	1
3766	2707	1
3767	2707	1
3767	2675	1
3768	2707	1
3769	2707	1
3770	2707	1
3770	2675	1
3771	2707	1
3772	2707	1
3773	2707	1
3773	2921	1
3773	2740	1
3774	2707	1
3775	2593	1
3776	2707	1
3776	2921	1
3776	2740	1
3777	2707	1
3778	2707	1
3778	652	1
3778	2675	1
3779	2707	1
3779	942	1
3779	2593	1
3779	2675	1
3780	1968	1
3780	2416	1
3780	1422	1
3780	2675	1
3781	1116	1
3781	652	1
3781	1660	1
3781	741	1
3781	2273	1
3782	2707	1
3782	2675	1
3783	2707	1
3784	2707	1
3785	2707	1
3786	2593	1
3786	910	1
3786	2675	1
3787	2707	1
3788	1165	1
3788	1900	1
3788	177	1
3788	2804	1
3788	1303	1
3788	910	1
3788	1660	1
3788	2273	1
3788	2675	1
3789	2707	1
3790	2707	1
3790	2675	1
3791	2707	1
3792	2675	1
3793	2707	1
3793	1165	1
3793	2401	1
3793	177	1
3793	2740	1
3794	2707	1
3795	2707	1
3796	2707	1
3797	2707	1
3798	652	1
3798	2738	1
3799	2707	1
3800	2707	1
3800	2921	1
3800	1979	1
3801	2707	1
3802	2707	1
3802	2740	1
3802	1888	1
3803	2707	1
3803	2469	1
3803	1165	1
3803	2401	1
3803	25	1
3803	2550	1
3803	2593	1
3803	910	1
3803	2416	1
3803	2740	1
3804	437	1
3804	652	1
3804	1900	1
3804	942	1
3804	25	1
3804	2878	1
3804	2804	1
3804	1303	1
3804	2550	1
3804	2593	1
3804	1660	1
3804	742	1
3804	2802	1
3804	1708	1
3804	2740	1
3804	2675	1
3805	2707	1
3805	1250	1
3805	25	1
3805	1610	1
3805	700	1
3805	742	1
3805	741	1
3806	25	1
3806	2804	1
3806	1303	1
3806	2550	1
3806	910	1
3806	1660	1
3806	2740	1
3807	652	1
3807	2593	1
3808	2832	1
3808	2401	1
3808	942	1
3808	1649	1
3808	1303	1
3808	1660	1
3809	2707	1
3809	2247	1
3810	2707	1
3810	1979	1
3810	2889	1
3811	2707	1
3812	2707	1
3813	2707	1
3813	2675	1
3814	2707	1
3815	2707	1
3815	1165	1
3815	1622	1
3815	2593	1
3815	2740	1
3816	2707	1
3817	2707	1
3817	2675	1
3818	652	1
3819	2707	1
3819	2417	1
3819	2740	1
3819	384	1
3820	2707	1
3821	698	1
3821	1846	1
3821	1061	1
3821	2549	1
3821	486	1
3821	2469	1
3821	1773	1
3821	2393	1
3821	942	1
3821	261	1
3821	795	1
3821	2016	1
3821	531	1
3821	1614	1
3821	2028	1
3821	2273	1
3821	2760	1
3821	345	1
3821	2675	1
3822	463	1
3822	2469	1
3822	531	1
3822	358	1
3822	2273	1
3822	407	1
3823	2675	1
3824	2215	1
3824	2469	1
3824	1161	1
3824	1772	1
3824	2953	1
3824	942	1
3824	261	1
3824	795	1
3824	840	1
3824	1010	1
3824	531	1
3824	2273	1
3824	1903	1
3824	407	1
3824	2675	1
3825	510	1
3825	1061	1
3825	2215	1
3825	1897	1
3825	1445	1
3825	1378	1
3825	2038	1
3825	578	1
3825	2383	1
3825	261	1
3825	1917	1
3825	2952	1
3825	2238	1
3825	795	1
3825	1056	1
3825	48	1
3825	2622	1
3825	1814	1
3825	1249	1
3825	1660	1
3825	309	1
3825	125	1
3825	531	1
3825	358	1
3825	2324	1
3825	2028	1
3825	2273	1
3825	407	1
3825	1515	1
3826	2215	1
3826	2469	1
3826	261	1
3826	2206	1
3826	358	1
3826	2675	1
3827	2675	1
3828	2469	1
3828	261	1
3828	1660	1
3828	531	1
3828	2675	1
3829	261	1
3829	531	1
3829	2675	1
3830	2469	1
3830	2383	1
3830	1660	1
3830	2675	1
3831	2931	1
3831	815	1
3831	2215	1
3831	2549	1
3831	486	1
3831	2469	1
3831	1224	1
3831	2953	1
3831	836	1
3831	2864	1
3831	2821	1
3831	2038	1
3831	2383	1
3831	316	1
3831	942	1
3831	2366	1
3831	1943	1
3831	2688	1
3831	2300	1
3831	1744	1
3831	2622	1
3831	1660	1
3831	531	1
3831	358	1
3831	184	1
3831	2273	1
3831	1694	1
3831	131	1
3831	2760	1
3831	1903	1
3831	407	1
3831	1727	1
3832	261	1
3832	531	1
3832	2675	1
3833	1778	1
3833	48	1
3833	531	1
3833	2120	1
3834	720	1
3834	2549	1
3834	2707	1
3834	185	1
3834	1224	1
3834	840	1
3834	531	1
3834	384	1
3834	2889	1
3835	67	1
3835	1322	1
3835	48	1
3835	1138	1
3835	2239	1
3836	2740	1
3836	2675	1
3837	1778	1
3837	2622	1
3837	2327	1
3838	2549	1
3838	2469	1
3838	2867	1
3838	1315	1
3838	1778	1
3838	48	1
3838	2273	1
3838	1515	1
3839	1116	1
3840	1116	1
3841	1116	1
3842	1116	1
3842	2761	1
3842	2741	1
3843	1116	1
3844	1116	1
3845	1116	1
3846	2215	1
3846	1275	1
3846	2469	1
3846	1772	1
3846	2383	1
3846	942	1
3846	1744	1
3846	2622	1
3846	1660	1
3846	2273	1
3846	2675	1
3847	2131	1
3847	20	1
3847	2558	1
3847	2675	1
3848	2675	1
3849	1275	1
3849	2618	1
3849	1366	1
3849	2469	1
3849	862	1
3849	942	1
3849	1660	1
3849	531	1
3849	2768	1
3849	2675	1
3850	1366	1
3850	2469	1
3850	1772	1
3850	1744	1
3850	2622	1
3850	260	1
3850	1660	1
3850	2028	1
3850	2273	1
3850	2768	1
3850	2675	1
3851	2618	1
3851	1366	1
3851	1772	1
3851	862	1
3851	1744	1
3851	2622	1
3851	531	1
3851	2273	1
3851	2768	1
3851	2675	1
3852	1275	1
3852	2618	1
3852	862	1
3852	2383	1
3852	942	1
3852	2622	1
3852	1660	1
3852	2028	1
3852	2273	1
3852	2675	1
3853	1086	1
3853	2215	1
3853	1275	1
3853	2618	1
3853	486	1
3853	2469	1
3853	862	1
3853	2383	1
3853	2952	1
3853	1744	1
3853	2622	1
3853	1258	1
3853	531	1
3853	1244	1
3853	2273	1
3854	2618	1
3854	1366	1
3854	2469	1
3854	2383	1
3854	942	1
3854	1744	1
3854	2622	1
3854	1660	1
3854	531	1
3854	2028	1
3855	1275	1
3855	2469	1
3855	1772	1
3855	862	1
3855	2383	1
3855	942	1
3855	1744	1
3855	531	1
3855	2028	1
3855	2675	1
3856	2618	1
3856	2469	1
3856	1772	1
3856	942	1
3856	2622	1
3856	1660	1
3856	531	1
3856	2028	1
3856	2768	1
3856	2675	1
3857	1275	1
3857	2618	1
3857	2469	1
3857	1772	1
3857	862	1
3857	942	1
3857	2622	1
3857	2028	1
3857	2768	1
3857	2675	1
3858	1275	1
3858	1366	1
3858	2469	1
3858	1772	1
3858	862	1
3858	942	1
3858	1660	1
3858	531	1
3858	2273	1
3858	2768	1
3859	1275	1
3859	1366	1
3859	1772	1
3859	942	1
3859	1744	1
3859	2622	1
3859	531	1
3859	2273	1
3859	2768	1
3859	2675	1
3860	1772	1
3860	862	1
3860	2383	1
3860	942	1
3860	531	1
3860	2028	1
3860	2273	1
3860	2768	1
3860	2675	1
3861	1275	1
3861	2618	1
3861	1366	1
3861	2383	1
3861	942	1
3861	2622	1
3861	1660	1
3861	531	1
3861	2273	1
3861	2675	1
3862	1275	1
3862	1366	1
3862	862	1
3862	2383	1
3862	942	1
3862	1744	1
3862	2622	1
3862	531	1
3862	2273	1
3862	2675	1
3863	435	1
3863	1778	1
3863	79	1
3863	2495	1
3863	1931	1
3864	384	1
3865	897	1
3866	652	1
3867	2675	1
3868	2215	1
3868	2549	1
3868	2707	1
3868	2864	1
3868	531	1
3869	1116	1
3869	2239	1
3869	531	1
3869	66	1
3870	1213	1
3870	840	1
3870	1291	1
3870	1219	1
3870	184	1
3870	2273	1
3870	131	1
3870	1903	1
3870	2675	1
3870	2602	1
3870	56	1
3871	1649	1
3871	1138	1
3871	2239	1
3871	531	1
3871	2675	1
3872	1116	1
3872	2741	1
3873	2707	1
3873	652	1
3873	2740	1
3873	2675	1
3874	2707	1
3874	2740	1
3875	2707	1
3875	2740	1
3876	2707	1
3876	2740	1
3877	2707	1
3878	2707	1
3878	2740	1
3879	2707	1
3880	2740	1
3881	2707	1
3881	2740	1
3882	2740	1
3883	2740	1
3884	2707	1
3884	2499	1
3885	2417	1
3886	1116	1
3886	2469	1
3886	2675	1
3886	384	1
3887	1116	1
3887	2707	1
3888	1116	1
3889	1770	1
3889	897	1
3889	29	1
3890	1116	1
3890	2675	1
3891	1778	1
3891	2622	1
3891	2675	1
3892	1778	1
3893	1778	1
3893	133	1
3893	2675	1
3894	2469	1
3894	942	1
3894	2952	1
3894	2675	1
3895	652	1
3895	2675	1
3896	1778	1
3896	66	1
3896	2120	1
3897	1778	1
3897	2120	1
3898	384	1
3899	2215	1
3899	185	1
3899	2469	1
3899	2393	1
3899	1772	1
3899	2821	1
3899	942	1
3899	2386	1
3899	531	1
3899	2273	1
3899	131	1
3899	1903	1
3900	1061	1
3900	2469	1
3900	942	1
3900	2273	1
3900	2675	1
3901	2215	1
3901	840	1
3901	2675	1
3902	1303	1
3902	2741	1
3902	384	1
3903	1303	1
3903	2675	1
3903	384	1
3904	372	1
3904	2741	1
3904	475	1
3904	384	1
3905	2675	1
3906	2215	1
3906	1897	1
3906	1303	1
3906	2995	1
3906	531	1
3906	2741	1
3906	2675	1
3906	2089	1
3906	748	1
3907	372	1
3907	2675	1
3907	475	1
3908	1778	1
3908	2120	1
3908	1727	1
3909	1778	1
3909	2239	1
3909	713	1
3910	2618	1
3910	1778	1
3910	2952	1
3910	531	1
3911	1778	1
3911	66	1
3911	2120	1
3911	1727	1
3912	1138	1
3912	2622	1
3912	713	1
3912	531	1
3912	66	1
3912	1727	1
3913	2675	1
3914	1660	1
3914	2675	1
3915	2550	1
3916	2120	1
3916	1984	1
3916	1727	1
3917	384	1
3918	211	1
3918	185	1
3918	1772	1
3918	133	1
3918	942	1
3918	2952	1
3918	1006	1
3918	1608	1
3918	897	1
3918	1660	1
3918	20	1
3918	2558	1
3918	407	1
3918	357	1
3919	2215	1
3919	942	1
3919	1608	1
3919	1382	1
3919	2675	1
3920	2675	1
3920	384	1
3921	652	1
3921	1772	1
3921	942	1
3921	1006	1
3921	1018	1
3921	1303	1
3921	2628	1
3921	1660	1
3921	460	1
3921	2741	1
3921	2675	1
3921	384	1
3921	748	1
3922	1778	1
3922	1614	1
3923	1116	1
3923	1396	1
3923	384	1
3924	372	1
3925	2065	1
3926	2065	1
3926	698	1
3926	1116	1
3926	1163	1
3926	2952	1
3926	825	1
3926	2628	1
3926	2995	1
3926	1744	1
3926	828	1
3926	620	1
3926	18	1
3926	1691	1
3926	838	1
3926	2016	1
3926	1660	1
3926	531	1
3926	2306	1
3926	2784	1
3926	2028	1
3926	1219	1
3926	1903	1
3926	1910	1
3927	2741	1
3927	2675	1
3927	384	1
3928	2675	1
3929	849	1
3929	2215	1
3929	2608	1
3929	718	1
3929	1672	1
3929	2953	1
3929	844	1
3929	578	1
3929	155	1
3929	795	1
3929	838	1
3929	1660	1
3929	531	1
3929	324	1
3929	2273	1
3929	660	1
3929	2696	1
3930	2675	1
3931	2707	1
3932	2707	1
3932	840	1
3932	1320	1
3932	2550	1
3932	2416	1
3932	1422	1
3932	2889	1
3933	2550	1
3933	2740	1
3934	2707	1
3934	2921	1
3935	2707	1
3935	1165	1
3935	2416	1
3935	2740	1
3935	2675	1
3936	2707	1
3936	2675	1
3937	2707	1
3937	2864	1
3937	2622	1
3937	531	1
3938	2707	1
3938	1708	1
3939	2416	1
3940	2707	1
3940	2675	1
3941	1934	1
3941	720	1
3941	2215	1
3941	2549	1
3941	2469	1
3941	652	1
3941	261	1
3941	825	1
3941	879	1
3941	2628	1
3941	1744	1
3941	1219	1
3941	384	1
3942	2675	1
3943	2215	1
3943	2549	1
3943	840	1
3943	531	1
3943	2273	1
3943	1903	1
3943	407	1
3943	2675	1
3944	1897	1
3944	652	1
3944	2622	1
3944	2675	1
3945	2675	1
3946	3002	1
3946	2265	1
3946	1974	1
3946	2968	1
3946	1204	1
3946	2767	1
3946	1968	1
3946	700	1
3946	1869	1
3946	2416	1
3946	531	1
3946	1422	1
3946	2089	1
3946	2642	1
3946	2889	1
3947	2707	1
3948	2707	1
3948	2675	1
3949	1846	1
3949	720	1
3949	2215	1
3949	2707	1
3949	185	1
3949	2469	1
3949	652	1
3949	1165	1
3949	836	1
3949	735	1
3949	2593	1
3949	2622	1
3949	2583	1
3949	2416	1
3949	1660	1
3949	2802	1
3949	2889	1
3950	1974	1
3950	2767	1
3950	1968	1
3950	2416	1
3951	2707	1
3952	2707	1
3953	2675	1
3954	2707	1
3955	2707	1
3956	185	1
3956	652	1
3956	2889	1
3957	2707	1
3957	2675	1
3958	2707	1
3959	2707	1
3959	2767	1
3959	2593	1
3959	910	1
3959	2416	1
3959	55	1
3959	2675	1
3960	2707	1
3960	733	1
3960	2802	1
3960	741	1
3961	2593	1
3961	2740	1
3962	270	1
3962	2707	1
3962	1165	1
3962	616	1
3962	1320	1
3962	2416	1
3962	531	1
3962	1422	1
3962	2740	1
3963	2707	1
3964	2550	1
3965	2707	1
3965	2740	1
3966	2707	1
3966	2675	1
3967	2707	1
3968	2707	1
3969	2707	1
3970	2707	1
3971	2740	1
3972	2707	1
3973	2707	1
3974	2707	1
3974	2740	1
3975	2707	1
3975	2921	1
3976	67	1
3976	431	1
3976	2448	1
3976	2618	1
3976	2851	1
3976	795	1
3976	1138	1
3976	2239	1
3976	2622	1
3976	531	1
3976	66	1
3976	2594	1
3976	344	1
3976	1106	1
3977	1116	1
3977	2067	1
3977	1649	1
3978	2952	1
3978	2675	1
3979	652	1
3979	2952	1
3979	2675	1
3980	652	1
3980	2952	1
3980	29	1
3980	2675	1
3981	652	1
3981	2952	1
3981	2675	1
3982	652	1
3982	2952	1
3982	2675	1
3983	2383	1
3983	25	1
3983	795	1
3984	2675	1
3985	1116	1
3986	2549	1
3986	2383	1
3986	1727	1
3987	67	1
3987	2298	1
3987	1275	1
3987	2251	1
3987	486	1
3987	578	1
3987	2952	1
3987	897	1
3987	1138	1
3987	531	1
3987	2327	1
3987	1145	1
3987	384	1
3987	1727	1
3988	2298	1
3988	2618	1
3988	2469	1
3988	578	1
3988	531	1
3988	384	1
3989	2384	1
3989	2298	1
3989	1116	1
3989	1275	1
3989	2251	1
3989	2549	1
3989	1144	1
3989	319	1
3989	553	1
3989	412	1
3989	1175	1
3989	578	1
3989	2383	1
3989	2329	1
3989	48	1
3989	897	1
3989	1642	1
3989	2628	1
3989	1138	1
3989	1136	1
3989	1674	1
3989	2622	1
3989	1289	1
3989	1184	1
3989	1396	1
3989	1660	1
3989	358	1
3989	66	1
3989	2327	1
3989	2273	1
3989	536	1
3989	2434	1
3989	683	1
3989	2741	1
3989	384	1
3989	1910	1
3990	67	1
3990	1275	1
3990	578	1
3990	1138	1
3990	1184	1
3990	531	1
3990	2675	1
3990	384	1
3990	1727	1
3991	669	1
3991	67	1
3991	1086	1
3991	2618	1
3991	463	1
3991	1897	1
3991	2549	1
3991	2469	1
3991	1378	1
3991	2393	1
3991	1672	1
3991	361	1
3991	578	1
3991	942	1
3991	1649	1
3991	1666	1
3991	1917	1
3991	2952	1
3991	2110	1
3991	1303	1
3991	1462	1
3991	2727	1
3991	2320	1
3991	1660	1
3991	125	1
3991	1614	1
3991	1244	1
3991	2327	1
3991	1695	1
3991	683	1
3991	2768	1
3991	2675	1
3992	1897	1
3992	185	1
3992	2469	1
3992	1224	1
3992	652	1
3992	2393	1
3992	2740	1
3992	2675	1
3993	2618	1
3993	578	1
3993	2622	1
3993	1184	1
3993	2327	1
3993	2675	1
3994	2384	1
3994	1116	1
3994	1366	1
3994	319	1
3994	578	1
3994	2383	1
3994	2622	1
3994	1614	1
3994	2327	1
3995	67	1
3995	2384	1
3995	2298	1
3995	1116	1
3995	578	1
3995	897	1
3995	1744	1
3995	2622	1
3995	1184	1
3995	531	1
3995	2675	1
3995	384	1
3996	67	1
3996	2298	1
3996	1116	1
3996	2618	1
3996	2251	1
3996	2038	1
3996	578	1
3996	2622	1
3996	66	1
3997	67	1
3997	2618	1
3997	782	1
3997	2251	1
3997	2469	1
3997	2148	1
3997	1916	1
3997	578	1
3997	2501	1
3997	897	1
3997	1138	1
3997	1660	1
3997	531	1
3997	2327	1
3997	2077	1
3997	2741	1
3997	2675	1
3998	67	1
3998	2298	1
3998	1116	1
3998	2148	1
3998	48	1
3998	2239	1
3998	2622	1
3998	2327	1
3998	1727	1
3999	67	1
3999	1846	1
3999	1376	1
3999	2618	1
3999	2867	1
3999	1315	1
3999	578	1
3999	1649	1
3999	51	1
3999	1136	1
3999	1184	1
3999	1660	1
3999	125	1
3999	531	1
3999	506	1
3999	2166	1
3999	2273	1
3999	2594	1
3999	2221	1
4000	67	1
4000	1275	1
4000	2618	1
4000	1138	1
4000	2622	1
4000	2327	1
4001	67	1
4001	2384	1
4001	2618	1
4001	2148	1
4001	578	1
4001	897	1
4001	1138	1
4001	2622	1
4001	531	1
4001	2675	1
4001	384	1
4002	67	1
4002	1116	1
4002	531	1
4002	1727	1
4003	67	1
4003	1275	1
4003	782	1
4003	2251	1
4003	2469	1
4003	2239	1
4003	2622	1
4003	531	1
4003	2675	1
4004	67	1
4004	2618	1
4004	578	1
4004	48	1
4004	897	1
4004	2675	1
4005	67	1
4005	2298	1
4005	1086	1
4005	1116	1
4005	1275	1
4005	2618	1
4005	2469	1
4005	578	1
4005	1649	1
4005	51	1
4005	57	1
4005	1508	1
4005	840	1
4005	1138	1
4005	2565	1
4005	1660	1
4005	125	1
4005	531	1
4005	2327	1
4005	2028	1
4005	197	1
4005	1524	1
4005	1727	1
4006	2384	1
4006	578	1
4006	897	1
4006	2239	1
4006	2622	1
4006	531	1
4006	2327	1
4007	2298	1
4007	1116	1
4007	2618	1
4007	2251	1
4007	2148	1
4007	578	1
4007	1196	1
4007	2239	1
4007	1184	1
4007	531	1
4007	2327	1
4007	2423	1
4007	2044	1
4007	2741	1
4007	384	1
4008	2298	1
4008	768	1
4008	2618	1
4008	1433	1
4008	2251	1
4008	578	1
4008	2383	1
4008	1601	1
4008	795	1
4008	1138	1
4008	2622	1
4008	531	1
4008	1614	1
4008	2327	1
4008	683	1
4008	2675	1
4008	1727	1
4009	67	1
4009	2384	1
4009	2618	1
4009	2952	1
4009	1138	1
4009	531	1
4009	2327	1
4009	2675	1
4010	67	1
4010	1086	1
4010	2618	1
4010	2530	1
4010	1303	1
4010	531	1
4010	2675	1
4011	669	1
4011	67	1
4011	2384	1
4011	1275	1
4011	79	1
4011	897	1
4011	2628	1
4011	1138	1
4011	1184	1
4011	125	1
4011	2675	1
4012	67	1
4012	1138	1
4012	2622	1
4012	2741	1
4012	1727	1
4013	669	1
4013	67	1
4013	2384	1
4013	2554	1
4013	768	1
4013	435	1
4013	2530	1
4013	2383	1
4013	48	1
4013	897	1
4013	2628	1
4013	1744	1
4013	1258	1
4013	125	1
4013	1614	1
4013	2327	1
4013	2675	1
4014	67	1
4014	2618	1
4014	2148	1
4014	578	1
4014	2622	1
4014	531	1
4014	2675	1
4015	2298	1
4015	897	1
4015	2622	1
4015	531	1
4015	2327	1
4015	2675	1
4016	669	1
4016	67	1
4016	2384	1
4016	1275	1
4016	2346	1
4016	897	1
4016	1138	1
4016	3029	1
4016	2132	1
4016	1660	1
4016	531	1
4016	2495	1
4017	669	1
4017	67	1
4017	2384	1
4017	2298	1
4017	2618	1
4017	1366	1
4017	2148	1
4017	1916	1
4017	2864	1
4017	578	1
4017	2383	1
4017	1649	1
4017	25	1
4017	1138	1
4017	2622	1
4017	125	1
4017	531	1
4017	2327	1
4017	2273	1
4017	683	1
4018	67	1
4018	2384	1
4018	2298	1
4018	211	1
4018	2618	1
4018	782	1
4018	2469	1
4018	2148	1
4018	578	1
4018	897	1
4018	1138	1
4018	2622	1
4018	1660	1
4018	531	1
4018	2327	1
4018	2221	1
4018	1727	1
4019	2384	1
4019	2298	1
4019	768	1
4019	1275	1
4019	2618	1
4019	782	1
4019	2251	1
4019	1916	1
4019	2564	1
4019	48	1
4019	2622	1
4019	1184	1
4019	1981	1
4019	531	1
4019	2327	1
4019	2495	1
4019	893	1
4019	1727	1
4020	67	1
4020	2758	1
4020	1116	1
4020	2215	1
4020	2196	1
4020	234	1
4020	2383	1
4020	1649	1
4020	2739	1
4020	1056	1
4020	1138	1
4020	1184	1
4020	1660	1
4020	1820	1
4020	309	1
4020	531	1
4020	893	1
4020	683	1
4021	2384	1
4021	2148	1
4021	1138	1
4021	2239	1
4021	2622	1
4021	1184	1
4021	531	1
4022	67	1
4022	435	1
4022	2982	1
4022	48	1
4022	897	1
4022	2327	1
4023	669	1
4023	2384	1
4023	2298	1
4023	1116	1
4023	2148	1
4023	578	1
4023	2383	1
4023	1138	1
4023	2622	1
4023	531	1
4023	2327	1
4023	2273	1
4023	2741	1
4023	384	1
4023	1727	1
4024	67	1
4024	2618	1
4024	578	1
4024	2383	1
4024	1649	1
4024	897	1
4024	2622	1
4024	1184	1
4024	531	1
4024	2675	1
4024	1727	1
4025	669	1
4025	67	1
4025	2384	1
4025	2298	1
4025	1086	1
4025	2618	1
4025	782	1
4025	2469	1
4025	2148	1
4025	578	1
4025	1917	1
4025	1322	1
4025	1138	1
4025	2622	1
4025	2132	1
4025	1660	1
4025	531	1
4025	66	1
4025	1244	1
4025	2768	1
4025	2741	1
4025	1947	1
4025	1727	1
4026	1086	1
4026	2618	1
4026	2148	1
4026	2038	1
4026	51	1
4026	840	1
4026	1744	1
4026	2239	1
4026	2327	1
4026	2741	1
4026	2221	1
4026	2675	1
4026	384	1
4026	1727	1
4027	67	1
4027	2384	1
4027	2148	1
4027	2622	1
4027	531	1
4027	2327	1
4028	67	1
4028	1116	1
4028	2618	1
4028	2251	1
4028	1294	1
4028	2148	1
4028	1315	1
4028	1649	1
4028	2276	1
4028	897	1
4028	2628	1
4028	2239	1
4028	2622	1
4028	1184	1
4028	1396	1
4028	66	1
4028	2327	1
4028	2741	1
4028	384	1
4028	1727	1
4029	67	1
4029	2384	1
4029	2298	1
4029	1315	1
4029	578	1
4029	48	1
4029	2622	1
4029	531	1
4029	66	1
4029	2327	1
4030	2384	1
4030	2298	1
4030	1275	1
4030	2618	1
4030	2867	1
4030	319	1
4030	2383	1
4030	1917	1
4030	2329	1
4030	2456	1
4030	2622	1
4030	557	1
4030	531	1
4030	358	1
4030	2327	1
4030	2675	1
4030	1515	1
4031	67	1
4031	2384	1
4031	2380	1
4031	1846	1
4031	2298	1
4031	1609	1
4031	906	1
4031	986	1
4031	2440	1
4031	1116	1
4031	768	1
4031	909	1
4031	1275	1
4031	2618	1
4031	3025	1
4031	1366	1
4031	435	1
4031	1144	1
4031	2867	1
4031	319	1
4031	1113	1
4031	547	1
4031	412	1
4031	578	1
4031	2383	1
4031	892	1
4031	942	1
4031	394	1
4031	1666	1
4031	795	1
4031	1157	1
4031	1473	1
4031	2329	1
4031	1196	1
4031	48	1
4031	897	1
4031	1744	1
4031	2239	1
4031	2456	1
4031	1121	1
4031	2367	1
4031	1981	1
4031	125	1
4031	358	1
4031	1614	1
4031	1244	1
4031	2327	1
4031	2028	1
4031	893	1
4031	2273	1
4031	536	1
4031	860	1
4031	2760	1
4031	2434	1
4031	1381	1
4031	230	1
4031	384	1
4031	2092	1
4031	2186	1
4031	1727	1
4032	67	1
4032	1116	1
4032	2618	1
4032	578	1
4032	2622	1
4032	1184	1
4032	1660	1
4032	531	1
4033	2298	1
4033	1086	1
4033	2618	1
4033	2469	1
4033	2038	1
4033	509	1
4033	2628	1
4033	1138	1
4033	1744	1
4033	1674	1
4033	1184	1
4033	1660	1
4033	125	1
4033	531	1
4033	2741	1
4034	67	1
4034	2384	1
4034	2618	1
4034	782	1
4034	578	1
4034	2982	1
4034	1138	1
4034	2622	1
4034	1184	1
4034	531	1
4034	66	1
4034	2327	1
4034	2675	1
4034	384	1
4035	2618	1
4035	2432	1
4035	48	1
4035	1138	1
4035	531	1
4036	67	1
4036	2298	1
4036	2618	1
4036	319	1
4036	578	1
4036	897	1
4036	1138	1
4036	2456	1
4036	2622	1
4036	2327	1
4036	893	1
4036	2760	1
4036	2434	1
4036	2675	1
4036	384	1
4036	2186	1
4036	1727	1
4037	67	1
4037	2384	1
4037	1116	1
4037	1275	1
4037	2618	1
4037	463	1
4037	782	1
4037	2251	1
4037	2469	1
4037	942	1
4037	840	1
4037	1744	1
4037	1184	1
4038	369	1
4038	67	1
4038	1322	1
4038	48	1
4038	1138	1
4038	531	1
4038	683	1
4039	1116	1
4039	886	1
4039	428	1
4039	2747	1
4039	1649	1
4039	1664	1
4039	1136	1
4039	2940	1
4039	601	1
4040	886	1
4040	2899	1
4040	428	1
4040	2383	1
4040	1649	1
4040	25	1
4040	1770	1
4040	1385	1
4040	2628	1
4040	1660	1
4040	506	1
4040	2940	1
4041	2440	1
4041	2618	1
4041	840	1
4041	897	1
4041	1138	1
4041	2622	1
4041	1660	1
4041	531	1
4041	2327	1
4042	384	1
4043	1184	1
4043	384	1
4043	1515	1
4044	384	1
4045	1184	1
4045	384	1
4046	2622	1
4046	66	1
4047	2618	1
4047	2675	1
4048	2622	1
4048	2675	1
4049	2622	1
4049	2558	1
4049	2675	1
4049	2302	1
4050	897	1
4050	2558	1
4050	2675	1
4051	1778	1
4051	531	1
4052	2618	1
4052	1138	1
4052	2622	1
4052	893	1
4052	384	1
4053	2707	1
4054	942	1
4054	1660	1
4054	531	1
4054	2028	1
4054	2273	1
4054	2741	1
4055	1138	1
4055	2622	1
4055	531	1
4056	1315	1
4056	1778	1
4056	261	1
4056	48	1
4056	713	1
4056	1660	1
4057	2741	1
4058	2675	1
4059	2440	1
4059	1778	1
4059	48	1
4059	683	1
4059	1727	1
4060	2440	1
4060	1778	1
4060	261	1
4060	1727	1
4061	2675	1
4062	531	1
4062	660	1
4062	2675	1
4062	384	1
4063	1396	1
4064	531	1
4064	2675	1
4065	652	1
4065	1770	1
4066	2065	1
4066	652	1
4066	1303	1
4066	2675	1
4067	1303	1
4067	2622	1
4067	1660	1
4067	531	1
4067	1727	1
4068	2675	1
4069	1138	1
4069	2675	1
4070	2675	1
4071	1138	1
4071	531	1
4071	660	1
4072	2675	1
4073	372	1
4073	519	1
4073	1778	1
4073	1322	1
4073	683	1
4074	1396	1
4075	261	1
4075	1744	1
4075	531	1
4076	660	1
4076	2675	1
4077	2675	1
4078	2675	1
4079	1913	1
4079	531	1
4079	660	1
4079	2675	1
4080	1116	1
4080	2929	1
4080	1396	1
4080	660	1
4081	1116	1
4081	1303	1
4081	660	1
4081	2675	1
4082	372	1
4082	1778	1
4082	1614	1
4082	2120	1
4083	2440	1
4083	372	1
4083	1778	1
4083	1727	1
4084	1315	1
4084	1660	1
4084	531	1
4084	2741	1
4085	1778	1
4085	531	1
4085	1614	1
4086	372	1
4086	1778	1
4086	1322	1
4086	48	1
4087	372	1
4087	519	1
4087	261	1
4088	2675	1
4089	2707	1
4090	2707	1
4090	2952	1
4091	2740	1
4091	384	1
4092	67	1
4092	2952	1
4092	531	1
4092	2507	1
4092	2741	1
4092	2977	1
4093	1649	1
4093	2952	1
4093	840	1
4093	531	1
4093	2741	1
4093	384	1
4094	1116	1
4094	2741	1
4094	384	1
4095	2469	1
4095	2952	1
4095	531	1
4095	2741	1
4096	1138	1
4096	531	1
4096	1614	1
4096	2077	1
4096	1910	1
4097	2215	1
4097	531	1
4097	2077	1
4098	67	1
4098	2215	1
4098	2549	1
4098	1138	1
4098	531	1
4098	2120	1
4099	942	1
4099	2952	1
4099	1660	1
4099	531	1
4099	2741	1
4099	2675	1
4100	1116	1
4100	261	1
4100	1660	1
4100	531	1
4100	2741	1
4101	67	1
4101	1846	1
4101	1275	1
4101	2618	1
4101	2549	1
4101	1366	1
4101	1378	1
4101	1587	1
4101	2038	1
4101	2383	1
4101	1649	1
4101	25	1
4101	1818	1
4101	2542	1
4101	1138	1
4101	1744	1
4101	2622	1
4101	684	1
4101	1820	1
4101	531	1
4101	1614	1
4101	893	1
4101	2768	1
4101	384	1
4102	2124	1
4102	2028	1
4102	407	1
4102	2675	1
4103	1086	1
4103	2549	1
4103	185	1
4103	271	1
4103	840	1
4103	838	1
4103	531	1
4103	2028	1
4103	1219	1
4103	660	1
4103	407	1
4104	815	1
4104	1086	1
4104	691	1
4104	2608	1
4104	2549	1
4104	2469	1
4104	2688	1
4104	2622	1
4104	838	1
4104	2016	1
4104	1660	1
4104	2273	1
4104	407	1
4104	2675	1
4105	1086	1
4105	1897	1
4105	691	1
4105	2469	1
4105	942	1
4105	1163	1
4105	48	1
4105	1017	1
4105	2028	1
4105	2675	1
4106	1778	1
4107	1778	1
4108	1778	1
4109	1778	1
4110	1778	1
4110	1322	1
4110	48	1
4110	1727	1
4111	1778	1
4112	1778	1
4113	1778	1
4113	1322	1
4113	48	1
4113	1727	1
4114	1778	1
4114	893	1
4114	1727	1
4115	1778	1
4116	1778	1
4117	1778	1
4118	1778	1
4118	261	1
4118	1322	1
4118	1727	1
4119	67	1
4119	2384	1
4119	1086	1
4119	1275	1
4119	1366	1
4119	1223	1
4119	1941	1
4119	319	1
4119	1113	1
4119	578	1
4119	897	1
4119	2628	1
4119	1674	1
4119	2622	1
4119	1660	1
4119	531	1
4119	536	1
4119	2675	1
4120	2384	1
4120	2298	1
4120	1275	1
4120	2618	1
4120	1223	1
4120	1916	1
4120	319	1
4120	578	1
4120	1649	1
4120	2165	1
4120	795	1
4120	2731	1
4120	1508	1
4120	48	1
4120	897	1
4120	2628	1
4120	1138	1
4120	1136	1
4120	1674	1
4120	1184	1
4120	1660	1
4120	358	1
4120	2327	1
4120	2028	1
4120	2273	1
4120	536	1
4120	2434	1
4120	2768	1
4120	2741	1
4120	2675	1
4121	2384	1
4121	2298	1
4121	1366	1
4121	1223	1
4121	1144	1
4121	319	1
4121	578	1
4121	2329	1
4121	897	1
4121	1138	1
4121	1674	1
4121	2434	1
4121	230	1
4121	2675	1
4121	1727	1
4122	67	1
4122	2298	1
4122	1275	1
4122	2009	1
4122	1366	1
4122	1916	1
4122	1144	1
4122	319	1
4122	578	1
4122	2982	1
4122	2165	1
4122	1196	1
4122	2456	1
4122	2622	1
4122	1981	1
4122	2327	1
4122	2273	1
4122	230	1
4122	2675	1
4122	384	1
4122	1727	1
4123	67	1
4123	2298	1
4123	1086	1
4123	1116	1
4123	1275	1
4123	1366	1
4123	2148	1
4123	1223	1
4123	1916	1
4123	578	1
4123	2982	1
4123	1917	1
4123	2165	1
4123	2329	1
4123	1138	1
4123	2622	1
4123	286	1
4123	2181	1
4123	1660	1
4123	893	1
4123	2273	1
4123	964	1
4123	230	1
4123	384	1
4123	1727	1
4124	1116	1
4124	2618	1
4124	897	1
4124	2622	1
4124	531	1
4125	1086	1
4125	1138	1
4125	531	1
4125	2327	1
4126	67	1
4126	2884	1
4126	1086	1
4126	1275	1
4126	2549	1
4126	1223	1
4126	1916	1
4126	492	1
4126	723	1
4126	1144	1
4126	319	1
4126	1113	1
4126	412	1
4126	1777	1
4126	578	1
4126	1649	1
4126	57	1
4126	2165	1
4126	2731	1
4126	2329	1
4126	897	1
4126	2653	1
4126	1138	1
4126	1136	1
4126	2456	1
4126	1674	1
4126	1734	1
4126	1396	1
4126	1981	1
4126	1660	1
4126	531	1
4126	358	1
4126	20	1
4126	2327	1
4126	536	1
4126	197	1
4126	2675	1
4126	384	1
4126	1727	1
4127	906	1
4127	1116	1
4127	2618	1
4127	1517	1
4127	2549	1
4127	2469	1
4127	385	1
4127	2148	1
4127	319	1
4127	1113	1
4127	1315	1
4127	2180	1
4127	2982	1
4127	942	1
4127	1666	1
4127	1943	1
4127	1108	1
4127	51	1
4127	2165	1
4127	2329	1
4127	1196	1
4127	2456	1
4127	1121	1
4127	2622	1
4127	1734	1
4127	125	1
4127	506	1
4127	354	1
4127	2327	1
4127	197	1
4127	2190	1
4127	964	1
4127	2675	1
4127	268	1
4127	1727	1
4128	897	1
4128	1138	1
4128	2622	1
4129	67	1
4129	2239	1
4129	531	1
4129	2675	1
4130	2618	1
4130	2148	1
4130	897	1
4130	1138	1
4130	2239	1
4130	2622	1
4130	1660	1
4130	2675	1
4130	1727	1
4131	67	1
4131	1116	1
4131	51	1
4131	897	1
4131	2628	1
4131	1138	1
4131	2456	1
4131	2622	1
4131	531	1
4131	1614	1
4131	2327	1
4131	2495	1
4131	2273	1
4131	536	1
4131	2675	1
4131	1727	1
4132	67	1
4132	1116	1
4132	2243	1
4132	578	1
4132	1649	1
4132	2952	1
4132	1138	1
4133	67	1
4133	2298	1
4133	2618	1
4133	2970	1
4133	1443	1
4133	892	1
4133	1649	1
4133	57	1
4133	2165	1
4133	795	1
4133	897	1
4133	1138	1
4133	2622	1
4133	286	1
4133	1614	1
4133	566	1
4133	2028	1
4133	964	1
4133	2741	1
4133	2675	1
4133	268	1
4133	1727	1
4134	67	1
4134	2384	1
4134	1116	1
4134	2618	1
4134	2148	1
4134	578	1
4134	1649	1
4134	1138	1
4134	531	1
4134	2327	1
4134	1727	1
4135	2384	1
4135	1116	1
4135	578	1
4135	897	1
4135	2628	1
4135	2622	1
4135	531	1
4135	2327	1
4135	2741	1
4135	384	1
4136	2384	1
4136	2618	1
4136	578	1
4136	1138	1
4136	2622	1
4136	531	1
4136	2327	1
4136	2675	1
4136	384	1
4137	2384	1
4137	1275	1
4137	2251	1
4137	2469	1
4137	2148	1
4137	1916	1
4137	1443	1
4137	319	1
4137	578	1
4137	892	1
4137	1649	1
4137	57	1
4137	48	1
4137	840	1
4137	1138	1
4137	1744	1
4137	1258	1
4137	1660	1
4137	1614	1
4137	2327	1
4137	2675	1
4137	1727	1
4138	67	1
4138	2384	1
4138	2618	1
4138	2243	1
4138	578	1
4138	2622	1
4138	2327	1
4138	1727	1
4139	2384	1
4139	1116	1
4139	2243	1
4139	578	1
4139	897	1
4139	2628	1
4139	531	1
4139	2327	1
4139	2741	1
4139	384	1
4139	2302	1
4140	1086	1
4140	1116	1
4140	1275	1
4140	2549	1
4140	1223	1
4140	1916	1
4140	2243	1
4140	412	1
4140	578	1
4140	2383	1
4140	1271	1
4140	1649	1
4140	2614	1
4140	2366	1
4140	795	1
4140	2329	1
4140	897	1
4140	1138	1
4140	1744	1
4140	2456	1
4140	2622	1
4140	1184	1
4140	1981	1
4140	1660	1
4140	246	1
4140	358	1
4140	30	1
4140	2028	1
4140	893	1
4140	2434	1
4140	2768	1
4140	2000	1
4141	67	1
4141	2148	1
4141	1138	1
4141	2622	1
4141	260	1
4141	531	1
4141	20	1
4141	2327	1
4141	2675	1
4142	67	1
4142	2384	1
4142	2298	1
4142	1116	1
4142	2469	1
4142	2148	1
4142	1443	1
4142	2243	1
4142	1660	1
4142	125	1
4142	531	1
4142	2327	1
4143	2384	1
4143	2148	1
4143	578	1
4143	1138	1
4143	2622	1
4143	531	1
4143	2327	1
4144	2618	1
4144	2148	1
4144	1608	1
4144	897	1
4144	1138	1
4144	2622	1
4144	1184	1
4144	1660	1
4144	1727	1
4145	67	1
4145	1086	1
4145	1275	1
4145	2867	1
4145	412	1
4145	578	1
4145	2982	1
4145	795	1
4145	2456	1
4145	2622	1
4145	531	1
4145	536	1
4145	964	1
4145	2221	1
4145	1947	1
4145	268	1
4146	67	1
4146	790	1
4146	2618	1
4146	1517	1
4146	2549	1
4146	1366	1
4146	1223	1
4146	1916	1
4146	2867	1
4146	578	1
4146	1649	1
4146	1138	1
4146	2456	1
4146	1660	1
4146	2327	1
4146	536	1
4146	964	1
4146	1947	1
4146	268	1
4146	1727	1
4147	1116	1
4147	1916	1
4147	319	1
4147	1138	1
4147	2456	1
4147	531	1
4147	2327	1
4147	536	1
4148	2384	1
4148	2618	1
4148	463	1
4148	2469	1
4148	1224	1
4148	1443	1
4148	1144	1
4148	578	1
4148	2329	1
4148	2107	1
4148	897	1
4148	1138	1
4148	2456	1
4148	1674	1
4148	2622	1
4148	2426	1
4148	1734	1
4148	1981	1
4148	2181	1
4148	1244	1
4148	2327	1
4148	2273	1
4148	2434	1
4148	308	1
4148	2768	1
4148	384	1
4148	1947	1
4148	1156	1
4149	67	1
4149	2384	1
4149	1116	1
4149	1275	1
4149	2618	1
4149	578	1
4149	1138	1
4149	531	1
4149	2675	1
4150	2384	1
4150	1116	1
4150	1376	1
4150	958	1
4150	1366	1
4150	2148	1
4150	1916	1
4150	428	1
4150	1941	1
4150	319	1
4150	412	1
4150	578	1
4150	313	1
4150	1081	1
4150	57	1
4150	2165	1
4150	160	1
4150	629	1
4150	2329	1
4150	1196	1
4150	1508	1
4150	1642	1
4150	1501	1
4150	2456	1
4150	1674	1
4150	1121	1
4150	286	1
4150	139	1
4150	1722	1
4150	1396	1
4150	2181	1
4150	531	1
4150	506	1
4150	2784	1
4150	2028	1
4150	536	1
4150	1253	1
4150	2940	1
4150	197	1
4150	1256	1
4150	964	1
4150	268	1
4150	2186	1
4151	1116	1
4151	878	1
4151	2982	1
4151	897	1
4151	2628	1
4151	1138	1
4151	531	1
4151	2327	1
4151	1727	1
4152	2384	1
4152	1116	1
4152	578	1
4152	1138	1
4152	531	1
4152	2327	1
4153	67	1
4153	2618	1
4153	2148	1
4153	2867	1
4153	1138	1
4153	1396	1
4153	531	1
4154	2884	1
4154	1116	1
4154	1366	1
4154	1223	1
4154	1916	1
4154	1443	1
4154	1941	1
4154	1144	1
4154	319	1
4154	412	1
4154	2165	1
4154	1157	1
4154	2329	1
4154	2456	1
4154	2622	1
4154	1981	1
4154	531	1
4154	2028	1
4154	2273	1
4154	230	1
4154	1727	1
4155	2384	1
4155	1116	1
4155	578	1
4155	897	1
4155	2622	1
4155	384	1
4156	669	1
4156	67	1
4156	2384	1
4156	1086	1
4156	1275	1
4156	2618	1
4156	2009	1
4156	2530	1
4156	2477	1
4156	2383	1
4156	2614	1
4156	2952	1
4156	2165	1
4156	1485	1
4156	1508	1
4156	48	1
4156	1951	1
4156	897	1
4156	1642	1
4156	2628	1
4156	1138	1
4156	1136	1
4156	2456	1
4156	1121	1
4156	1184	1
4156	139	1
4156	2565	1
4156	1660	1
4156	531	1
4156	358	1
4156	506	1
4156	354	1
4156	2327	1
4156	566	1
4156	2028	1
4156	392	1
4156	197	1
4156	2190	1
4156	2741	1
4156	268	1
4156	2092	1
4156	2263	1
4156	1524	1
4156	56	1
4157	669	1
4157	2384	1
4157	2298	1
4157	1116	1
4157	958	1
4157	1275	1
4157	1366	1
4157	2148	1
4157	1223	1
4157	2530	1
4157	319	1
4157	578	1
4157	892	1
4157	1649	1
4157	2952	1
4157	51	1
4157	2165	1
4157	835	1
4157	479	1
4157	2110	1
4157	1136	1
4157	2456	1
4157	2622	1
4157	304	1
4157	125	1
4157	531	1
4157	358	1
4157	506	1
4157	536	1
4157	1253	1
4157	197	1
4157	2434	1
4157	2000	1
4157	2675	1
4157	1524	1
4157	1992	1
4158	67	1
4158	1086	1
4158	1275	1
4158	1517	1
4158	1366	1
4158	385	1
4158	878	1
4158	2264	1
4158	428	1
4158	1443	1
4158	1941	1
4158	1144	1
4158	1187	1
4158	319	1
4158	2747	1
4158	285	1
4158	892	1
4158	1649	1
4158	2366	1
4158	1108	1
4158	2952	1
4158	1081	1
4158	57	1
4158	835	1
4158	795	1
4158	479	1
4158	1196	1
4158	2110	1
4158	1663	1
4158	2628	1
4158	1121	1
4158	2622	1
4158	139	1
4158	1734	1
4158	1396	1
4158	1981	1
4158	1660	1
4158	358	1
4158	59	1
4158	20	1
4158	354	1
4158	2327	1
4158	2028	1
4158	2273	1
4158	1253	1
4158	2940	1
4158	197	1
4158	2190	1
4158	2434	1
4158	2741	1
4158	1782	1
4158	2728	1
4158	2675	1
4158	384	1
4158	2923	1
4158	400	1
4158	567	1
4158	2092	1
4158	2263	1
4158	2186	1
4158	368	1
4158	1727	1
4159	2384	1
4159	319	1
4159	1113	1
4159	578	1
4159	1138	1
4159	531	1
4159	2327	1
4159	2028	1
4159	536	1
4159	683	1
4159	2675	1
4160	67	1
4160	2298	1
4160	1116	1
4160	1275	1
4160	2618	1
4160	782	1
4160	1366	1
4160	1445	1
4160	1916	1
4160	1443	1
4160	2530	1
4160	578	1
4160	2383	1
4160	259	1
4160	1649	1
4160	1108	1
4160	2952	1
4160	51	1
4160	2165	1
4160	479	1
4160	2110	1
4160	897	1
4160	1138	1
4160	1136	1
4160	2456	1
4160	2622	1
4160	354	1
4160	2028	1
4160	2273	1
4160	536	1
4160	268	1
4160	2092	1
4160	1727	1
4161	67	1
4161	2384	1
4161	1366	1
4161	2148	1
4161	428	1
4161	319	1
4161	1113	1
4161	412	1
4161	578	1
4161	1108	1
4161	2952	1
4161	51	1
4161	897	1
4161	2456	1
4161	1121	1
4161	2622	1
4161	1734	1
4161	1396	1
4161	1660	1
4161	531	1
4161	2273	1
4161	2434	1
4161	2221	1
4161	2186	1
4161	1727	1
4162	669	1
4162	67	1
4162	2384	1
4162	2618	1
4162	878	1
4162	2530	1
4162	578	1
4162	1649	1
4162	57	1
4162	897	1
4162	2622	1
4162	531	1
4162	2327	1
4162	566	1
4162	536	1
4162	2741	1
4162	2221	1
4162	2675	1
4163	67	1
4163	1116	1
4163	1275	1
4163	2618	1
4163	1366	1
4163	2243	1
4163	1113	1
4163	412	1
4163	51	1
4163	2165	1
4163	2329	1
4163	1642	1
4163	1138	1
4163	1674	1
4163	2622	1
4163	1981	1
4163	531	1
4163	536	1
4163	197	1
4163	2221	1
4164	2384	1
4164	1086	1
4164	1275	1
4164	2469	1
4164	1223	1
4164	1916	1
4164	2867	1
4164	1113	1
4164	1649	1
4164	1917	1
4164	795	1
4164	840	1
4164	168	1
4164	2456	1
4164	1674	1
4164	2622	1
4164	2426	1
4164	18	1
4164	531	1
4164	358	1
4164	2327	1
4164	2221	1
4164	2675	1
4164	1727	1
4165	67	1
4165	2298	1
4165	1376	1
4165	1366	1
4165	1223	1
4165	1916	1
4165	319	1
4165	1113	1
4165	578	1
4165	892	1
4165	421	1
4165	2366	1
4165	1666	1
4165	1108	1
4165	2048	1
4165	2952	1
4165	51	1
4165	1081	1
4165	57	1
4165	1485	1
4165	1742	1
4165	479	1
4165	2771	1
4165	897	1
4165	2628	1
4165	1136	1
4165	2456	1
4165	1674	1
4165	1121	1
4165	2622	1
4165	1184	1
4165	1734	1
4165	1660	1
4165	1614	1
4165	2327	1
4165	2784	1
4165	2741	1
4165	2221	1
4165	1727	1
4166	67	1
4166	1086	1
4166	986	1
4166	1116	1
4166	1275	1
4166	2549	1
4166	1916	1
4166	1941	1
4166	1187	1
4166	319	1
4166	1113	1
4166	578	1
4166	25	1
4166	1081	1
4166	57	1
4166	2165	1
4166	835	1
4166	1196	1
4166	1508	1
4166	1951	1
4166	1138	1
4166	2456	1
4166	2622	1
4166	1184	1
4166	1734	1
4166	2784	1
4166	2273	1
4166	2221	1
4166	2675	1
4166	268	1
4166	1992	1
4166	1727	1
4167	2618	1
4167	578	1
4167	2628	1
4167	2622	1
4167	531	1
4167	2327	1
4167	2741	1
4167	2221	1
4167	268	1
4168	2384	1
4168	2298	1
4168	1116	1
4168	1275	1
4168	2618	1
4168	1223	1
4168	1941	1
4168	319	1
4168	578	1
4168	1649	1
4168	51	1
4168	948	1
4168	2165	1
4168	1196	1
4168	1138	1
4168	2456	1
4168	1674	1
4168	286	1
4168	1184	1
4168	2426	1
4168	20	1
4168	536	1
4168	2044	1
4168	2741	1
4168	2221	1
4168	384	1
4168	268	1
4168	2186	1
4168	1992	1
4168	1727	1
4169	67	1
4169	1116	1
4169	2618	1
4169	1366	1
4169	2148	1
4169	1223	1
4169	1916	1
4169	1113	1
4169	412	1
4169	578	1
4169	1108	1
4169	51	1
4169	2165	1
4169	1742	1
4169	48	1
4169	1136	1
4169	2456	1
4169	1674	1
4169	286	1
4169	1396	1
4169	1660	1
4169	30	1
4169	3009	1
4169	2273	1
4169	536	1
4169	197	1
4169	683	1
4169	964	1
4169	2741	1
4169	2675	1
4169	384	1
4169	268	1
4169	2186	1
4169	1727	1
4170	67	1
4170	2384	1
4170	2148	1
4170	51	1
4170	897	1
4170	1138	1
4170	2622	1
4170	2327	1
4170	536	1
4170	2675	1
4171	67	1
4171	2384	1
4171	1275	1
4171	2618	1
4171	2469	1
4171	385	1
4171	1443	1
4171	578	1
4171	1649	1
4171	2952	1
4171	51	1
4171	1081	1
4171	479	1
4171	1508	1
4171	48	1
4171	1138	1
4171	1136	1
4171	286	1
4171	1734	1
4171	531	1
4171	2028	1
4171	197	1
4171	964	1
4171	2221	1
4171	268	1
4171	1727	1
4172	1376	1
4172	2148	1
4172	1941	1
4172	578	1
4172	835	1
4172	1138	1
4172	2565	1
4172	531	1
4172	506	1
4172	2028	1
4172	197	1
4172	2675	1
4172	268	1
4173	67	1
4173	2384	1
4173	578	1
4173	1138	1
4173	2622	1
4173	531	1
4173	2327	1
4174	67	1
4174	2384	1
4174	1086	1
4174	1116	1
4174	1376	1
4174	2618	1
4174	1366	1
4174	1941	1
4174	1081	1
4174	479	1
4174	1508	1
4174	897	1
4174	2456	1
4174	1674	1
4174	2622	1
4174	531	1
4174	2028	1
4174	1253	1
4174	2675	1
4174	268	1
4175	2384	1
4175	1376	1
4175	958	1
4175	1275	1
4175	1517	1
4175	463	1
4175	782	1
4175	2251	1
4175	2148	1
4175	1443	1
4175	319	1
4175	2383	1
4175	1649	1
4175	2366	1
4175	1081	1
4175	57	1
4175	2165	1
4175	1674	1
4175	1184	1
4175	260	1
4175	1734	1
4175	1660	1
4175	125	1
4175	358	1
4175	2273	1
4175	2741	1
4175	230	1
4175	384	1
4175	268	1
4175	1727	1
4176	2384	1
4176	1116	1
4176	2618	1
4176	897	1
4176	2622	1
4176	1660	1
4177	67	1
4177	531	1
4177	2675	1
4177	384	1
4178	1086	1
4178	2618	1
4178	578	1
4178	2622	1
4178	1660	1
4178	531	1
4178	2327	1
4178	2741	1
4178	1727	1
4179	67	1
4179	2384	1
4179	1086	1
4179	1517	1
4179	1113	1
4179	578	1
4179	2628	1
4179	1138	1
4179	2456	1
4179	1396	1
4179	531	1
4179	2327	1
4179	2784	1
4179	893	1
4179	536	1
4179	2675	1
4179	1727	1
4180	2298	1
4180	1116	1
4180	2148	1
4180	1223	1
4180	1916	1
4180	578	1
4180	1138	1
4180	2622	1
4180	531	1
4180	2327	1
4180	536	1
4181	2384	1
4181	2618	1
4181	578	1
4181	2628	1
4181	2622	1
4181	2327	1
4182	431	1
4182	2384	1
4182	2298	1
4182	1116	1
4182	531	1
4183	2384	1
4183	2298	1
4183	1751	1
4183	48	1
4183	2239	1
4183	2622	1
4183	531	1
4183	1614	1
4183	2327	1
4183	2675	1
4184	67	1
4184	1846	1
4184	2298	1
4184	2618	1
4184	1751	1
4184	2148	1
4184	48	1
4184	1138	1
4184	1744	1
4184	2622	1
4184	1614	1
4184	1727	1
4185	431	1
4185	1116	1
4185	1275	1
4185	270	1
4185	1223	1
4185	319	1
4185	578	1
4185	2982	1
4185	2790	1
4185	2165	1
4185	48	1
4185	1138	1
4185	2622	1
4185	531	1
4185	1643	1
4185	2741	1
4185	2675	1
4185	1727	1
4186	67	1
4186	2384	1
4186	1116	1
4186	2618	1
4186	897	1
4186	1138	1
4186	2239	1
4186	531	1
4186	1727	1
4187	67	1
4187	2298	1
4187	897	1
4187	1138	1
4187	1396	1
4187	531	1
4187	2120	1
4188	67	1
4188	1138	1
4188	531	1
4188	2675	1
4189	2384	1
4189	2618	1
4189	2251	1
4189	2148	1
4189	1649	1
4189	2432	1
4189	1138	1
4189	2622	1
4189	531	1
4189	1727	1
4190	2298	1
4190	2618	1
4190	2628	1
4190	1138	1
4190	2622	1
4190	260	1
4190	2327	1
4190	2741	1
4190	1727	1
4191	431	1
4191	2298	1
4191	782	1
4191	2251	1
4191	2148	1
4191	1322	1
4191	48	1
4191	2239	1
4191	1660	1
4191	531	1
4191	2675	1
4192	67	1
4192	2618	1
4192	2982	1
4192	1138	1
4192	1396	1
4192	20	1
4192	2273	1
4192	2741	1
4192	2675	1
4192	384	1
4193	2384	1
4193	2148	1
4193	1138	1
4193	2239	1
4193	2622	1
4193	1660	1
4193	531	1
4193	2675	1
4193	1727	1
4194	431	1
4194	2384	1
4194	2298	1
4194	2148	1
4194	1649	1
4194	2432	1
4194	2239	1
4194	2622	1
4194	1660	1
4194	531	1
4194	2675	1
4195	2384	1
4195	2298	1
4195	2432	1
4195	1138	1
4195	2622	1
4196	67	1
4196	2384	1
4196	2298	1
4196	1138	1
4196	531	1
4197	67	1
4197	431	1
4197	2298	1
4197	2618	1
4197	2148	1
4197	2232	1
4197	2952	1
4197	48	1
4197	1138	1
4197	2239	1
4197	2622	1
4197	531	1
4198	1116	1
4199	1116	1
4199	2618	1
4199	2982	1
4199	1138	1
4199	2622	1
4199	531	1
4200	1116	1
4200	1275	1
4200	578	1
4200	2982	1
4200	2622	1
4200	2327	1
4201	720	1
4201	840	1
4201	2622	1
4201	1184	1
4201	1660	1
4201	531	1
4202	1116	1
4202	578	1
4202	1138	1
4202	2622	1
4202	531	1
4202	384	1
4203	67	1
4203	2384	1
4203	1116	1
4203	1366	1
4203	897	1
4203	2628	1
4203	1138	1
4203	2320	1
4203	531	1
4203	2741	1
4203	1727	1
4204	67	1
4204	2384	1
4204	2618	1
4204	2148	1
4204	319	1
4204	1138	1
4204	2622	1
4204	2327	1
4204	1727	1
4205	669	1
4205	67	1
4205	2384	1
4205	2298	1
4205	1116	1
4205	2618	1
4205	2549	1
4205	2530	1
4205	51	1
4205	1322	1
4205	531	1
4205	1614	1
4205	2028	1
4205	2423	1
4205	1727	1
4206	2618	1
4206	2549	1
4206	2469	1
4206	1224	1
4206	1315	1
4206	1322	1
4206	48	1
4206	1138	1
4206	1614	1
4206	1244	1
4206	2675	1
4207	669	1
4207	431	1
4207	1116	1
4207	2549	1
4207	1921	1
4207	2393	1
4207	578	1
4207	1649	1
4207	25	1
4207	2952	1
4207	1322	1
4207	48	1
4207	1303	1
4207	2239	1
4207	2132	1
4207	531	1
4207	893	1
4207	683	1
4207	1381	1
4208	67	1
4208	2384	1
4208	1086	1
4208	2618	1
4208	2469	1
4208	1315	1
4208	578	1
4208	2383	1
4208	1138	1
4208	1744	1
4208	1184	1
4208	1660	1
4208	125	1
4208	1614	1
4208	2675	1
4209	1086	1
4209	1116	1
4209	1366	1
4209	1138	1
4209	1981	1
4209	1660	1
4209	531	1
4209	2327	1
4209	536	1
4210	1666	1
4210	795	1
4210	2628	1
4210	1660	1
4211	2952	1
4211	1660	1
4211	2675	1
4212	1846	1
4212	720	1
4212	1897	1
4212	2549	1
4212	185	1
4212	1669	1
4212	1224	1
4212	519	1
4212	1713	1
4212	362	1
4212	2953	1
4212	2829	1
4212	2864	1
4212	578	1
4212	942	1
4212	1348	1
4212	1781	1
4212	48	1
4212	840	1
4212	2550	1
4212	2593	1
4212	2622	1
4212	971	1
4212	1660	1
4212	531	1
4212	1614	1
4212	1219	1
4212	2675	1
4212	2652	1
4212	2889	1
4212	2823	1
4213	463	1
4213	261	1
4213	384	1
4214	2675	1
4215	669	1
4215	2384	1
4215	2381	1
4215	2618	1
4215	2549	1
4215	1773	1
4215	27	1
4215	2864	1
4215	547	1
4215	1649	1
4215	2952	1
4215	1303	1
4215	1744	1
4215	1660	1
4215	531	1
4215	1381	1
4215	1229	1
4216	2381	1
4216	2618	1
4216	2148	1
4216	1660	1
4216	1244	1
4216	683	1
4217	1803	1
4217	1770	1
4217	1608	1
4217	1744	1
4217	1382	1
4217	2675	1
4217	384	1
4217	1910	1
4218	384	1
4219	2239	1
4219	1660	1
4219	2675	1
4219	1727	1
4220	2052	1
4220	2628	1
4220	1660	1
4221	2952	1
4221	531	1
4221	2675	1
4222	67	1
4222	1366	1
4222	2383	1
4222	2077	1
4222	2768	1
4223	897	1
4224	1846	1
4224	372	1
4224	1322	1
4225	67	1
4225	431	1
4225	1206	1
4225	2549	1
4225	2148	1
4225	1778	1
4225	2383	1
4225	942	1
4225	1744	1
4225	125	1
4225	2077	1
4225	683	1
4226	1846	1
4226	249	1
4226	2383	1
4226	48	1
4226	2239	1
4226	531	1
4226	1727	1
4227	2675	1
4227	384	1
4228	2741	1
4229	2215	1
4229	1649	1
4229	2628	1
4230	2707	1
4230	2383	1
4231	2215	1
4231	2549	1
4231	547	1
4231	2383	1
4231	1359	1
4231	25	1
4232	1116	1
4232	1018	1
4232	384	1
4233	2215	1
4233	2549	1
4233	547	1
4233	2383	1
4233	25	1
4233	2740	1
4234	2448	1
4234	2549	1
4234	2383	1
4234	2740	1
4235	2549	1
4235	2383	1
4235	1660	1
4235	531	1
4235	2740	1
4236	2383	1
4236	2740	1
4237	2740	1
4238	2740	1
4239	1778	1
4239	883	1
4239	683	1
4239	1727	1
4240	1778	1
4240	883	1
4241	1488	1
4241	2649	1
4241	1736	1
4241	578	1
4241	623	1
4241	434	1
4241	1322	1
4241	2917	1
4241	1123	1
4241	1138	1
4241	2622	1
4241	3029	1
4241	2076	1
4241	2205	1
4241	1614	1
4241	2018	1
4241	683	1
4241	1727	1
4242	698	1
4242	67	1
4242	1609	1
4242	1086	1
4242	1116	1
4242	942	1
4242	795	1
4242	2628	1
4242	1744	1
4242	2622	1
4242	531	1
4242	1219	1
4242	2675	1
4242	384	1
4243	2469	1
4243	942	1
4243	1660	1
4243	2273	1
4243	407	1
4243	2675	1
4244	942	1
4244	261	1
4244	1744	1
4244	1660	1
4244	407	1
4244	2675	1
4245	531	1
4245	2273	1
4245	384	1
4246	531	1
4246	2675	1
4247	1660	1
4247	531	1
4247	2675	1
4248	942	1
4248	531	1
4248	2273	1
4248	2675	1
4249	1116	1
4249	2469	1
4249	1772	1
4249	942	1
4249	795	1
4249	840	1
4249	2628	1
4249	2761	1
4249	2995	1
4249	1184	1
4249	1396	1
4249	1660	1
4249	2675	1
4249	384	1
4250	1778	1
4250	48	1
4250	2622	1
4250	531	1
4250	66	1
4251	1116	1
4252	652	1
4253	1116	1
4253	897	1
4254	897	1
4255	897	1
4256	1116	1
4256	795	1
4256	897	1
4257	897	1
4258	240	1
4258	2592	1
4258	537	1
4258	2549	1
4258	2756	1
4258	2671	1
4258	2469	1
4258	328	1
4258	1711	1
4258	1830	1
4258	2953	1
4258	2124	1
4258	1163	1
4258	25	1
4258	1168	1
4258	1303	1
4258	1938	1
4258	620	1
4258	1994	1
4258	663	1
4258	2104	1
4258	1615	1
4258	277	1
4258	407	1
4258	1143	1
4258	2675	1
4259	2332	1
4259	1934	1
4259	906	1
4259	2215	1
4259	2474	1
4259	271	1
4259	1711	1
4259	2953	1
4259	1865	1
4259	784	1
4259	2853	1
4259	1469	1
4259	2419	1
4259	1168	1
4259	422	1
4259	1303	1
4259	2995	1
4259	1697	1
4259	2857	1
4259	18	1
4259	531	1
4259	663	1
4259	184	1
4259	407	1
4259	1143	1
4259	2675	1
4259	357	1
4260	2740	1
4261	2740	1
4262	2740	1
4263	2707	1
4263	1184	1
4264	531	1
4264	384	1
4265	1116	1
4265	897	1
4266	2740	1
4267	2707	1
4267	1066	1
4268	2707	1
4269	2707	1
4270	942	1
4270	1348	1
4270	1608	1
4271	1061	1
4271	2046	1
4271	270	1
4271	2549	1
4271	2469	1
4271	1224	1
4271	2474	1
4271	271	1
4271	2864	1
4271	323	1
4271	25	1
4271	1348	1
4271	1608	1
4271	531	1
4271	184	1
4271	2273	1
4271	384	1
4272	2365	1
4272	1061	1
4272	906	1
4272	2549	1
4272	2707	1
4272	556	1
4272	2474	1
4272	2864	1
4272	2838	1
4272	578	1
4272	942	1
4272	1450	1
4272	564	1
4272	1203	1
4272	3015	1
4272	2744	1
4272	1043	1
4272	1424	1
4272	2602	1
4272	1910	1
4273	2549	1
4273	2707	1
4273	2067	1
4274	2549	1
4274	2707	1
4274	2067	1
4275	2549	1
4275	2707	1
4276	897	1
4277	310	1
4277	531	1
4277	2327	1
4278	531	1
4278	2741	1
4279	897	1
4280	669	1
4280	782	1
4280	2549	1
4280	2952	1
4280	48	1
4280	1744	1
4280	531	1
4280	1244	1
4280	2273	1
4280	2675	1
4281	2215	1
4281	2362	1
4281	691	1
4281	372	1
4281	2549	1
4281	2832	1
4281	2864	1
4281	1649	1
4281	261	1
4281	616	1
4281	1770	1
4281	795	1
4281	1303	1
4281	1329	1
4281	1938	1
4281	1660	1
4281	531	1
4281	1597	1
4281	2273	1
4281	660	1
4281	33	1
4281	758	1
4281	407	1
4281	2644	1
4282	2215	1
4282	2707	1
4282	531	1
4283	1116	1
4284	2618	1
4284	2675	1
4285	669	1
4285	463	1
4285	782	1
4285	2549	1
4285	2867	1
4285	1315	1
4285	1660	1
4285	1244	1
4286	1116	1
4286	2549	1
4286	897	1
4286	531	1
4287	1116	1
4287	2628	1
4287	531	1
4287	2741	1
4288	1116	1
4289	1116	1
4290	1116	1
4291	1116	1
4292	1116	1
4293	1116	1
4293	2550	1
4293	2741	1
4293	384	1
4294	1116	1
4295	2675	1
4296	1116	1
4297	1116	1
4297	2618	1
4297	2622	1
4297	531	1
4298	897	1
4298	531	1
4299	2707	1
4299	897	1
4300	1396	1
4301	2549	1
4301	2864	1
4301	531	1
4301	2908	1
4301	1066	1
4301	179	1
4301	2858	1
4302	2469	1
4302	942	1
4302	840	1
4302	897	1
4303	1116	1
4303	840	1
4303	2028	1
4304	2383	1
4304	261	1
4304	1614	1
4304	2077	1
4304	2120	1
4305	1778	1
4305	66	1
4306	897	1
4307	1086	1
4307	2574	1
4307	2756	1
4307	2101	1
4307	2684	1
4307	486	1
4307	185	1
4307	1160	1
4307	2469	1
4307	438	1
4307	1224	1
4307	519	1
4307	2474	1
4307	428	1
4307	271	1
4307	1711	1
4307	1598	1
4307	2864	1
4307	2525	1
4307	2634	1
4307	1250	1
4307	74	1
4307	52	1
4307	942	1
4307	261	1
4307	524	1
4307	25	1
4307	1537	1
4307	2952	1
4307	2804	1
4307	1085	1
4307	1610	1
4307	721	1
4307	992	1
4307	2172	1
4307	1303	1
4307	1744	1
4307	2622	1
4307	123	1
4307	531	1
4307	1597	1
4307	2498	1
4307	1244	1
4307	1152	1
4307	440	1
4307	2784	1
4307	2802	1
4307	2273	1
4307	821	1
4307	660	1
4307	1903	1
4307	407	1
4307	208	1
4307	777	1
4307	2913	1
4307	1888	1
4307	2889	1
4307	601	1
4307	2973	1
4307	717	1
4308	795	1
4308	1744	1
4308	1674	1
4308	1660	1
4308	531	1
4308	1573	1
4308	1727	1
4309	1116	1
4309	2383	1
4309	531	1
4310	698	1
4310	1086	1
4310	2215	1
4310	2549	1
4310	652	1
4310	578	1
4310	942	1
4310	1649	1
4310	1770	1
4310	897	1
4310	2995	1
4310	1258	1
4310	1614	1
4310	2741	1
4310	2675	1
4310	1727	1
4311	2549	1
4311	578	1
4311	897	1
4311	2416	1
4311	660	1
4312	2741	1
4313	1573	1
4314	1116	1
4314	1666	1
4314	897	1
4314	1184	1
4315	1099	1
4315	906	1
4315	1897	1
4315	2549	1
4315	1921	1
4315	2469	1
4315	652	1
4315	547	1
4315	1474	1
4315	1649	1
4315	1666	1
4315	1971	1
4315	2999	1
4315	2628	1
4315	2194	1
4315	1184	1
4315	531	1
4315	59	1
4315	2760	1
4315	2675	1
4315	475	1
4315	748	1
4316	897	1
4317	698	1
4317	2215	1
4317	2358	1
4317	644	1
4318	2358	1
4318	1660	1
4318	2675	1
4318	384	1
4319	2675	1
4319	384	1
4320	1116	1
4320	897	1
4320	2628	1
4321	2707	1
4322	2707	1
4323	897	1
4323	1660	1
4324	1116	1
4325	67	1
4325	2381	1
4325	720	1
4325	2549	1
4325	2469	1
4325	1772	1
4325	48	1
4325	2622	1
4325	1660	1
4326	1116	1
4326	2707	1
4326	897	1
4326	384	1
4327	384	1
4328	1116	1
4328	897	1
4329	1116	1
4329	897	1
4329	2741	1
4330	531	1
4330	2675	1
4330	384	1
4331	1224	1
4331	1660	1
4331	531	1
4331	2675	1
4332	270	1
4332	2469	1
4332	578	1
4332	2628	1
4332	1744	1
4332	1396	1
4332	1258	1
4332	2741	1
4333	897	1
4334	897	1
4335	2707	1
4335	25	1
4336	2707	1
4336	25	1
4337	1116	1
4337	384	1
4338	2628	1
4338	29	1
4339	2628	1
4339	29	1
4340	897	1
4341	384	1
4342	1116	1
4342	384	1
4343	2707	1
4344	2707	1
4345	1598	1
4345	942	1
4345	531	1
4345	384	1
4345	2302	1
4345	1573	1
4345	1910	1
4346	897	1
4346	384	1
4347	1608	1
4347	897	1
4347	2628	1
4348	897	1
4348	384	1
4349	1608	1
4350	1847	1
4350	2628	1
4351	2707	1
4351	1184	1
4352	2707	1
4352	1184	1
4353	897	1
4354	2380	1
4354	1801	1
4354	1340	1
4354	2549	1
4354	2904	1
4354	2382	1
4354	2676	1
4354	2459	1
4354	116	1
4354	584	1
4354	2858	1
4355	1116	1
4355	384	1
4356	1116	1
4356	384	1
4357	897	1
4357	384	1
4358	2741	1
4359	720	1
4359	2215	1
4359	185	1
4359	2383	1
4359	3004	1
4359	1649	1
4359	48	1
4359	840	1
4359	2628	1
4359	1744	1
4359	2622	1
4359	531	1
4359	407	1
4359	2741	1
4360	1116	1
4360	2549	1
4360	519	1
4361	2741	1
4362	2741	1
4363	1116	1
4364	652	1
4365	1116	1
4366	2741	1
4367	1116	1
4368	1116	1
4369	2365	1
4369	1737	1
4369	463	1
4369	782	1
4369	185	1
4369	2671	1
4369	2	1
4369	8	1
4369	2403	1
4369	271	1
4369	1830	1
4369	1576	1
4369	1305	1
4369	1475	1
4369	18	1
4369	738	1
4369	2988	1
4369	2784	1
4370	1116	1
4371	1396	1
4371	2417	1
4372	1116	1
4372	1396	1
4373	1396	1
4374	1315	1
4374	531	1
4374	2675	1
4375	1660	1
4375	531	1
4375	1244	1
4376	2675	1
4377	1116	1
4377	2952	1
4377	1396	1
4378	1116	1
4378	2707	1
4378	2952	1
4378	531	1
4379	897	1
4380	2707	1
4380	897	1
4380	2628	1
4381	897	1
4382	460	1
4383	2707	1
4384	2707	1
4384	48	1
4384	2741	1
4385	897	1
4386	1116	1
4386	460	1
4387	1116	1
4387	1396	1
4388	1116	1
4388	2952	1
4388	843	1
4388	897	1
4388	1674	1
4388	460	1
4388	384	1
4388	2652	1
4389	1573	1
4390	1116	1
4391	2952	1
4391	1184	1
4391	1396	1
4391	460	1
4391	384	1
4391	2652	1
4392	1116	1
4392	897	1
4392	1184	1
4392	1396	1
4392	460	1
4393	1116	1
4394	1116	1
4395	897	1
4396	897	1
4397	67	1
4397	2618	1
4397	2469	1
4397	878	1
4397	2148	1
4397	578	1
4397	840	1
4397	1744	1
4397	2622	1
4397	260	1
4397	531	1
4397	66	1
4397	2675	1
4397	1727	1
4398	1116	1
4398	897	1
4398	1138	1
4398	2239	1
4398	2622	1
4398	2327	1
4398	2675	1
4399	67	1
4399	2384	1
4399	2618	1
4399	578	1
4399	1138	1
4399	1660	1
4399	531	1
4399	2327	1
4400	67	1
4400	1138	1
4400	2622	1
4400	531	1
4400	2327	1
4401	2384	1
4401	2618	1
4401	2622	1
4401	531	1
4401	2327	1
4402	1116	1
4402	2469	1
4402	1941	1
4402	1649	1
4402	51	1
4402	1951	1
4402	2628	1
4402	1136	1
4402	1734	1
4402	1660	1
4402	531	1
4402	2741	1
4402	268	1
4402	1524	1
4402	1727	1
4403	2384	1
4403	2618	1
4403	1138	1
4403	2622	1
4403	531	1
4403	2327	1
4403	2495	1
4403	536	1
4404	211	1
4404	2618	1
4404	1366	1
4404	2131	1
4404	2530	1
4404	319	1
4404	412	1
4404	2329	1
4404	2181	1
4404	1660	1
4404	531	1
4404	702	1
4404	536	1
4404	2675	1
4404	384	1
4405	1116	1
4405	2675	1
4406	2384	1
4406	1086	1
4406	1116	1
4406	1517	1
4406	2009	1
4406	1366	1
4406	385	1
4406	1941	1
4406	319	1
4406	2477	1
4406	1649	1
4406	3020	1
4406	51	1
4406	479	1
4406	1508	1
4406	1136	1
4406	2622	1
4406	1184	1
4406	415	1
4406	1660	1
4406	125	1
4406	531	1
4406	358	1
4406	2327	1
4406	2028	1
4406	2273	1
4406	197	1
4406	2092	1
4406	1524	1
4407	698	1
4407	906	1
4407	1086	1
4407	2164	1
4407	270	1
4407	486	1
4407	2970	1
4407	271	1
4407	942	1
4407	261	1
4407	25	1
4407	840	1
4407	738	1
4407	1660	1
4407	125	1
4407	531	1
4407	2158	1
4407	2028	1
4407	184	1
4407	2273	1
4408	1086	1
4408	1116	1
4408	2622	1
4408	531	1
4408	2327	1
4408	268	1
4408	1524	1
4409	67	1
4409	2384	1
4409	1086	1
4409	2148	1
4409	1138	1
4409	1660	1
4409	125	1
4409	531	1
4409	2327	1
4409	2675	1
4410	67	1
4410	2384	1
4410	1138	1
4410	531	1
4410	2495	1
4410	2675	1
4411	2384	1
4411	897	1
4411	1138	1
4411	2622	1
4411	2327	1
4412	1275	1
4412	2618	1
4412	51	1
4412	1196	1
4412	897	1
4412	301	1
4412	2327	1
4412	2675	1
4412	268	1
4413	1116	1
4413	2618	1
4413	578	1
4413	1674	1
4413	531	1
4414	2384	1
4414	1061	1
4414	1116	1
4414	1517	1
4414	878	1
4414	2148	1
4414	578	1
4414	1649	1
4414	1196	1
4414	897	1
4414	2628	1
4414	1138	1
4414	2622	1
4414	2367	1
4414	1962	1
4414	1396	1
4414	125	1
4414	20	1
4414	2327	1
4414	2495	1
4414	2221	1
4414	384	1
4414	2302	1
4414	268	1
4415	67	1
4415	1086	1
4415	1376	1
4415	2618	1
4415	1517	1
4415	2009	1
4415	2469	1
4415	428	1
4415	942	1
4415	3020	1
4415	2366	1
4415	1108	1
4415	2165	1
4415	754	1
4415	629	1
4415	2628	1
4415	1121	1
4415	2622	1
4415	415	1
4415	1660	1
4415	566	1
4415	2028	1
4415	2495	1
4415	2741	1
4416	2384	1
4416	1116	1
4416	958	1
4416	1275	1
4416	2618	1
4416	2009	1
4416	2747	1
4416	1113	1
4416	239	1
4416	51	1
4416	1081	1
4416	2165	1
4416	835	1
4416	1508	1
4416	897	1
4416	2628	1
4416	1138	1
4416	415	1
4416	1734	1
4416	506	1
4416	1253	1
4416	2940	1
4416	1992	1
4417	67	1
4417	2384	1
4417	507	1
4417	1846	1
4417	2969	1
4417	1086	1
4417	1116	1
4417	720	1
4417	1376	1
4417	1517	1
4417	2196	1
4417	2836	1
4417	2469	1
4417	385	1
4417	1988	1
4417	2264	1
4417	2148	1
4417	1560	1
4417	428	1
4417	271	1
4417	2747	1
4417	412	1
4417	2180	1
4417	2567	1
4417	2477	1
4417	285	1
4417	578	1
4417	119	1
4417	2743	1
4417	1649	1
4417	2366	1
4417	239	1
4417	1108	1
4417	464	1
4417	2952	1
4417	51	1
4417	948	1
4417	1088	1
4417	1081	1
4417	57	1
4417	1833	1
4417	835	1
4417	1485	1
4417	152	1
4417	754	1
4417	2731	1
4417	479	1
4417	1239	1
4417	1196	1
4417	1508	1
4417	48	1
4417	509	1
4417	897	1
4417	2628	1
4417	1138	1
4417	2456	1
4417	1121	1
4417	2303	1
4417	1184	1
4417	1859	1
4417	2565	1
4417	1734	1
4417	1396	1
4417	304	1
4417	1660	1
4417	1424	1
4417	125	1
4417	1597	1
4417	246	1
4417	358	1
4417	30	1
4417	59	1
4417	2388	1
4417	20	1
4417	354	1
4417	2327	1
4417	2028	1
4417	1253	1
4417	2940	1
4417	197	1
4417	1019	1
4417	964	1
4417	2741	1
4417	2221	1
4417	1782	1
4417	384	1
4417	2923	1
4417	400	1
4417	227	1
4417	1551	1
4417	2263	1
4417	624	1
4417	1024	1
4418	1116	1
4418	2618	1
4418	2469	1
4418	578	1
4418	942	1
4418	1649	1
4418	2952	1
4418	1138	1
4418	2622	1
4418	531	1
4418	354	1
4418	566	1
4418	2028	1
4418	197	1
4418	2221	1
4418	268	1
4418	1727	1
4419	1086	1
4419	2618	1
4419	463	1
4419	1897	1
4419	385	1
4419	2148	1
4419	1113	1
4419	578	1
4419	313	1
4419	942	1
4419	3020	1
4419	2366	1
4419	239	1
4419	835	1
4419	1485	1
4419	1956	1
4419	1508	1
4419	48	1
4419	2337	1
4419	1136	1
4419	2456	1
4419	2622	1
4419	1734	1
4419	304	1
4419	1660	1
4419	531	1
4419	2327	1
4419	566	1
4419	2028	1
4419	2273	1
4419	1253	1
4419	2940	1
4419	197	1
4419	2044	1
4419	2741	1
4419	2221	1
4419	2923	1
4419	268	1
4419	227	1
4419	624	1
4419	1727	1
4420	2741	1
4421	67	1
4421	2384	1
4421	2618	1
4421	2148	1
4421	479	1
4421	1138	1
4421	1121	1
4421	2622	1
4421	2495	1
4421	2741	1
4421	2221	1
4422	48	1
4422	2622	1
4422	531	1
4422	2784	1
4422	628	1
4423	2618	1
4423	897	1
4423	2622	1
4423	531	1
4423	2327	1
4424	2384	1
4424	1116	1
4424	2618	1
4424	897	1
4424	531	1
4425	1116	1
4425	2618	1
4425	531	1
4425	384	1
4426	2929	1
4426	897	1
4426	2741	1
4427	67	1
4427	2384	1
4427	2469	1
4427	1772	1
4427	578	1
4427	897	1
4427	1138	1
4427	2622	1
4427	2273	1
4428	2384	1
4428	2618	1
4428	2148	1
4428	1223	1
4428	319	1
4428	862	1
4428	578	1
4428	48	1
4428	1674	1
4428	1660	1
4428	531	1
4428	2327	1
4428	702	1
4428	2495	1
4428	536	1
4428	1782	1
4428	2186	1
4429	1275	1
4429	2618	1
4429	2469	1
4429	578	1
4429	2383	1
4429	1138	1
4429	1660	1
4429	125	1
4429	531	1
4429	2327	1
4429	2028	1
4429	536	1
4429	2741	1
4429	2221	1
4430	67	1
4430	2384	1
4430	1116	1
4430	1366	1
4430	1916	1
4430	1941	1
4430	2477	1
4430	133	1
4430	1649	1
4430	239	1
4430	1666	1
4430	2952	1
4430	2165	1
4430	795	1
4430	1196	1
4430	1508	1
4430	48	1
4430	1674	1
4430	2622	1
4430	1184	1
4430	123	1
4430	2426	1
4430	18	1
4430	531	1
4430	246	1
4430	506	1
4430	2327	1
4430	2028	1
4430	1253	1
4430	2940	1
4430	197	1
4430	2760	1
4430	2675	1
4430	400	1
4431	1846	1
4431	1116	1
4431	2618	1
4431	897	1
4431	1138	1
4431	531	1
4431	2327	1
4431	2221	1
4432	578	1
4432	239	1
4432	1138	1
4432	2622	1
4432	2327	1
4432	2423	1
4432	268	1
4433	67	1
4433	2969	1
4433	1086	1
4433	986	1
4433	2618	1
4433	1517	1
4433	2009	1
4433	2549	1
4433	2469	1
4433	1113	1
4433	578	1
4433	2383	1
4433	930	1
4433	2622	1
4433	1660	1
4433	125	1
4433	1678	1
4433	531	1
4433	301	1
4433	2327	1
4433	566	1
4433	2423	1
4433	2675	1
4433	268	1
4434	67	1
4434	1585	1
4434	2618	1
4434	3020	1
4434	1138	1
4434	2622	1
4434	531	1
4434	197	1
4434	2221	1
4434	2675	1
4434	1727	1
4435	67	1
4435	2384	1
4435	578	1
4435	2952	1
4435	897	1
4435	2653	1
4435	1138	1
4435	2622	1
4435	1660	1
4435	20	1
4435	2327	1
4435	2675	1
4435	384	1
4435	400	1
4436	67	1
4436	2618	1
4436	1196	1
4436	531	1
4436	2327	1
4436	2675	1
4437	1116	1
4437	48	1
4437	2089	1
4438	2383	1
4438	48	1
4438	1814	1
4438	1660	1
4438	125	1
4438	531	1
4438	66	1
4438	2077	1
4438	1727	1
4439	67	1
4439	431	1
4439	1934	1
4439	1086	1
4439	2440	1
4439	1760	1
4439	2215	1
4439	2883	1
4439	2549	1
4439	2864	1
4439	2982	1
4439	3000	1
4439	1661	1
4439	2952	1
4439	995	1
4439	235	1
4439	1138	1
4439	1823	1
4439	2488	1
4439	309	1
4439	2306	1
4439	2324	1
4439	2104	1
4439	184	1
4439	2273	1
4439	228	1
4439	2077	1
4439	683	1
4439	2675	1
4439	2602	1
4439	1815	1
4439	1727	1
4440	2549	1
4440	2395	1
4440	1666	1
4440	2273	1
4440	1695	1
4440	1381	1
4440	2675	1
4440	1727	1
4441	2740	1
4442	2707	1
4442	2740	1
4443	2215	1
4443	2707	1
4443	652	1
4443	1900	1
4443	2383	1
4443	2952	1
4443	2804	1
4443	1660	1
4443	2740	1
4443	2675	1
4443	384	1
4444	879	1
4445	2417	1
4446	2549	1
4446	2864	1
4446	2740	1
4447	2549	1
4447	2707	1
4448	906	1
4448	1116	1
4448	2215	1
4448	211	1
4448	2469	1
4448	1713	1
4448	1772	1
4448	2864	1
4448	942	1
4448	25	1
4448	795	1
4448	2628	1
4448	2550	1
4448	1396	1
4448	1660	1
4448	20	1
4448	2558	1
4448	2273	1
4448	2740	1
4448	384	1
4449	2694	1
4450	652	1
4451	652	1
4451	1660	1
4451	2675	1
4452	652	1
4452	384	1
4453	1116	1
4453	211	1
4453	2469	1
4453	2694	1
4453	1713	1
4453	652	1
4453	1772	1
4453	942	1
4453	897	1
4453	1674	1
4453	340	1
4453	1184	1
4453	1660	1
4453	460	1
4453	2741	1
4453	2675	1
4454	211	1
4455	2550	1
4456	2215	1
4456	2549	1
4456	428	1
4456	48	1
4456	1054	1
4456	531	1
4456	1931	1
4456	2077	1
4456	2675	1
4456	2120	1
4456	1727	1
4457	2675	1
4458	2067	1
4458	2864	1
4458	547	1
4458	578	1
4458	25	1
4458	2042	1
4458	1887	1
4458	659	1
4458	2550	1
4458	2382	1
4458	1674	1
4458	3005	1
4458	112	1
4459	815	1
4459	2549	1
4459	2067	1
4459	2953	1
4459	623	1
4459	1649	1
4459	784	1
4459	25	1
4459	2952	1
4459	2042	1
4459	795	1
4459	2546	1
4459	659	1
4459	1674	1
4459	597	1
4459	531	1
4459	2760	1
4459	1226	1
4459	964	1
4459	2740	1
4460	25	1
4460	2550	1
4461	2549	1
4461	2864	1
4461	1163	1
4461	620	1
4461	1994	1
4461	2028	1
4461	1219	1
4461	2675	1
4462	1934	1
4462	2164	1
4462	2215	1
4462	2469	1
4462	2970	1
4462	556	1
4462	1772	1
4462	2403	1
4462	2864	1
4462	1163	1
4462	25	1
4462	2952	1
4462	795	1
4462	1303	1
4462	2370	1
4462	1183	1
4462	531	1
4462	2078	1
4462	2028	1
4462	2104	1
4462	2273	1
4462	2781	1
4462	1903	1
4463	698	1
4463	2251	1
4463	1219	1
4463	2675	1
4464	1116	1
4464	2383	1
4464	1244	1
4465	185	1
4465	2393	1
4465	840	1
4465	1744	1
4465	531	1
4465	308	1
4465	2741	1
4466	261	1
4466	840	1
4466	2741	1
4467	361	1
4467	840	1
4467	1660	1
4467	531	1
4467	2741	1
4468	1116	1
4468	2549	1
4468	2383	1
4468	531	1
4469	1778	1
4469	48	1
4469	1138	1
4469	2622	1
4469	66	1
4470	556	1
4470	2741	1
4471	849	1
4471	2381	1
4471	720	1
4471	1897	1
4471	185	1
4471	2469	1
4471	271	1
4471	2821	1
4471	942	1
4471	1649	1
4471	795	1
4471	629	1
4471	992	1
4471	840	1
4471	2996	1
4471	1744	1
4471	1674	1
4471	2622	1
4471	1814	1
4471	2188	1
4471	1660	1
4471	531	1
4471	2028	1
4471	184	1
4471	2273	1
4471	308	1
4471	2741	1
4472	2628	1
4472	1660	1
4472	2675	1
4473	2628	1
4473	1660	1
4473	2675	1
4474	29	1
4475	2741	1
4476	2741	1
4477	1660	1
4477	531	1
4477	2675	1
4478	2741	1
4479	185	1
4480	1116	1
4480	1660	1
4480	531	1
4480	2741	1
4481	1315	1
4481	261	1
4481	2741	1
4482	1116	1
4482	1433	1
4482	2251	1
4482	111	1
4482	2469	1
4482	261	1
4482	2952	1
4482	48	1
4482	1184	1
4482	1660	1
4482	2741	1
4483	261	1
4483	531	1
4483	2741	1
4484	1778	1
4484	1138	1
4484	2622	1
4484	531	1
4485	185	1
4485	1184	1
4485	1660	1
4485	531	1
4486	1778	1
4486	1138	1
4486	2622	1
4487	638	1
4487	384	1
4488	1116	1
4489	2707	1
4490	48	1
4490	2628	1
4491	2469	1
4491	1772	1
4491	25	1
4491	2952	1
4491	48	1
4491	1303	1
4491	2628	1
4491	2320	1
4491	2273	1
4492	652	1
4492	879	1
4492	1660	1
4493	1116	1
4493	2707	1
4493	2740	1
4494	879	1
4494	748	1
4495	2707	1
4495	1649	1
4495	2740	1
4496	2802	1
4496	964	1
4496	2089	1
4496	748	1
4497	2215	1
4497	2401	1
4497	1537	1
4497	2550	1
4497	910	1
4497	2416	1
4497	2740	1
4498	2549	1
4498	1660	1
4498	2675	1
4499	2549	1
4499	2952	1
4499	1660	1
4500	2417	1
4501	2383	1
4501	2675	1
4502	2469	1
4502	652	1
4502	840	1
4502	2550	1
4502	2675	1
4503	2215	1
4503	652	1
4503	825	1
4503	1303	1
4503	1660	1
4504	547	1
4504	2194	1
4504	2802	1
4504	2675	1
4505	2215	1
4505	652	1
4505	910	1
4505	2802	1
4506	2215	1
4506	652	1
4506	2401	1
4506	879	1
4506	2802	1
4506	748	1
4507	652	1
4507	825	1
4507	2675	1
4508	2970	1
4508	2952	1
4508	795	1
4508	1674	1
4508	2622	1
4508	1660	1
4509	2707	1
4509	652	1
4509	897	1
4509	2417	1
4509	2740	1
4510	437	1
4510	2549	1
4510	2707	1
4510	652	1
4510	942	1
4510	795	1
4510	2550	1
4510	910	1
4510	2416	1
4510	2417	1
4510	2740	1
4511	2549	1
4511	2952	1
4511	2675	1
4512	652	1
4512	825	1
4512	879	1
4512	795	1
4512	910	1
4512	2802	1
4512	384	1
4512	748	1
4513	1974	1
4513	2215	1
4513	2549	1
4513	652	1
4513	2401	1
4513	1537	1
4513	2459	1
4513	2740	1
4514	2215	1
4514	652	1
4514	879	1
4515	1974	1
4515	2215	1
4515	437	1
4515	2549	1
4515	652	1
4515	25	1
4515	2952	1
4515	1018	1
4515	2550	1
4515	2593	1
4515	2417	1
4515	2802	1
4515	2459	1
4515	1082	1
4515	2675	1
4516	437	1
4516	652	1
4516	1443	1
4516	2550	1
4516	910	1
4516	1660	1
4516	2740	1
4517	652	1
4517	1443	1
4517	2383	1
4518	1974	1
4518	2215	1
4518	652	1
4519	1974	1
4519	2215	1
4519	2401	1
4519	1649	1
4519	879	1
4519	1303	1
4519	2802	1
4519	748	1
4520	177	1
4520	1537	1
4520	879	1
4520	910	1
4520	2740	1
4521	2549	1
4521	2550	1
4521	2740	1
4522	2740	1
4523	2549	1
4523	1847	1
4523	379	1
4524	2549	1
4524	25	1
4524	1770	1
4524	897	1
4524	2550	1
4525	2740	1
4526	2416	1
4526	2802	1
4526	748	1
4527	2707	1
4528	2549	1
4528	1770	1
4528	1303	1
4528	2740	1
4528	2675	1
4529	2707	1
4530	652	1
4530	2675	1
4531	652	1
4531	2417	1
4531	748	1
4532	1846	1
4532	2215	1
4532	652	1
4532	1660	1
4533	2707	1
4533	2740	1
4533	1336	1
4534	1443	1
4534	879	1
4534	2550	1
4534	2740	1
4534	2089	1
4535	1116	1
4535	2675	1
4535	384	1
4536	2707	1
4536	557	1
4536	2077	1
4537	2707	1
4537	2077	1
4538	1116	1
4539	2383	1
4539	2628	1
4539	1660	1
4539	531	1
4539	460	1
4540	2383	1
4540	1138	1
4540	2622	1
4540	531	1
4540	66	1
4541	2251	1
4541	185	1
4541	2383	1
4541	1138	1
4541	66	1
4541	893	1
4542	2618	1
4542	782	1
4542	2383	1
4542	2622	1
4542	531	1
4542	66	1
4542	2077	1
4542	2675	1
4542	2120	1
4543	2251	1
4543	2383	1
4543	1138	1
4543	531	1
4543	893	1
4543	2675	1
4544	2618	1
4544	1138	1
4544	2622	1
4544	531	1
4544	66	1
4544	893	1
4544	1106	1
4545	67	1
4545	2251	1
4545	2383	1
4545	1322	1
4545	2239	1
4545	2622	1
4545	531	1
4545	66	1
4545	2077	1
4545	2675	1
4545	1910	1
4546	2618	1
4546	2251	1
4546	2383	1
4546	531	1
4546	66	1
4546	893	1
4547	2740	1
4548	2707	1
4548	384	1
4549	2417	1
4550	2740	1
4551	2707	1
4551	2740	1
4552	67	1
4552	2251	1
4552	2622	1
4552	66	1
4552	893	1
4553	2618	1
4553	1778	1
4553	2622	1
4554	2707	1
4554	2741	1
4554	384	1
4555	1116	1
4555	2549	1
4556	25	1
4556	2952	1
4556	1018	1
4556	1660	1
4557	652	1
4557	2675	1
4558	1116	1
4559	1116	1
4559	2802	1
4560	1897	1
4560	372	1
4560	2469	1
4560	1773	1
4560	176	1
4560	1303	1
4560	1744	1
4560	2989	1
4560	2273	1
4560	2760	1
4560	2740	1
4560	2675	1
4561	2417	1
4562	2740	1
4563	2383	1
4563	2952	1
4563	384	1
4564	2383	1
4564	2952	1
4564	1608	1
4564	48	1
4564	2622	1
4564	1814	1
4564	1614	1
4564	1931	1
4564	2077	1
4564	384	1
4564	307	1
4564	1727	1
4565	1382	1
4566	2707	1
4566	2383	1
4566	384	1
4567	2707	1
4567	843	1
4567	795	1
4567	1184	1
4567	2428	1
4567	384	1
4568	372	1
4569	2469	1
4569	942	1
4569	384	1
4570	1116	1
4570	840	1
4570	2628	1
4570	322	1
4570	2558	1
4570	2740	1
4570	2675	1
4571	2707	1
4571	2740	1
4572	2707	1
4572	2740	1
4573	2549	1
4573	1224	1
4573	840	1
4573	531	1
4573	1219	1
4573	1382	1
4573	2741	1
4574	720	1
4574	2393	1
4574	840	1
4574	2740	1
4575	2707	1
4575	48	1
4575	531	1
4575	683	1
4575	2977	1
4575	2740	1
4576	720	1
4576	2549	1
4576	2707	1
4576	185	1
4576	2469	1
4576	1772	1
4576	2622	1
4576	1660	1
4577	2440	1
4577	728	1
4577	1778	1
4577	66	1
4578	67	1
4578	2130	1
4578	1609	1
4578	2707	1
4578	2469	1
4578	1445	1
4578	1378	1
4578	27	1
4578	1315	1
4578	795	1
4578	48	1
4578	1303	1
4578	1660	1
4578	531	1
4578	683	1
4578	1727	1
4578	1515	1
4579	2675	1
4580	67	1
4580	2232	1
4580	133	1
4580	1608	1
4580	125	1
4580	531	1
4580	1382	1
4580	384	1
4581	2694	1
4581	1138	1
4581	2622	1
4581	1814	1
4582	669	1
4582	2384	1
4582	2618	1
4582	1445	1
4582	2148	1
4582	435	1
4582	1315	1
4582	897	1
4582	1814	1
4582	531	1
4582	2423	1
4582	683	1
4582	2675	1
4582	594	1
4583	431	1
4583	476	1
4583	849	1
4583	2298	1
4583	1086	1
4583	2167	1
4583	2670	1
4583	2006	1
4583	1580	1
4583	656	1
4583	1689	1
4583	1784	1
4583	6	1
4583	248	1
4583	509	1
4583	1293	1
4583	3029	1
4583	1184	1
4583	2132	1
4583	1033	1
4583	1066	1
4583	2273	1
4583	1931	1
4583	481	1
4583	1393	1
4583	1947	1
4584	1315	1
4584	1660	1
4584	1381	1
4584	2675	1
4584	1515	1
4585	1609	1
4585	2215	1
4585	1906	1
4585	2549	1
4585	2469	1
4585	1773	1
4585	543	1
4585	1315	1
4585	578	1
4585	1649	1
4585	1781	1
4585	2110	1
4585	48	1
4585	947	1
4585	125	1
4585	531	1
4585	683	1
4585	2675	1
4586	67	1
4586	431	1
4586	2384	1
4586	689	1
4586	1911	1
4586	906	1
4586	1116	1
4586	790	1
4586	270	1
4586	2549	1
4586	2670	1
4586	2395	1
4586	1445	1
4586	868	1
4586	1378	1
4586	1191	1
4586	1580	1
4586	2867	1
4586	2530	1
4586	1315	1
4586	2124	1
4586	578	1
4586	2383	1
4586	25	1
4586	2952	1
4586	169	1
4586	1770	1
4586	2542	1
4586	151	1
4586	1854	1
4586	422	1
4586	840	1
4586	1303	1
4586	2727	1
4586	509	1
4586	1138	1
4586	1744	1
4586	2622	1
4586	1184	1
4586	3005	1
4586	2555	1
4586	2132	1
4586	1660	1
4586	125	1
4586	1614	1
4586	1244	1
4586	2028	1
4586	2273	1
4586	2760	1
4586	683	1
4586	1381	1
4586	1393	1
4587	384	1
4588	2384	1
4588	2383	1
4588	1138	1
4588	2239	1
4588	2622	1
4588	531	1
4588	2495	1
4588	2675	1
4588	1727	1
4589	2079	1
4589	2675	1
4590	67	1
4590	2232	1
4590	1138	1
4590	2239	1
4590	2622	1
4590	713	1
4590	2327	1
4590	2675	1
4591	67	1
4591	2867	1
4591	1138	1
4591	2320	1
4591	1660	1
4591	531	1
4591	2077	1
4591	1381	1
4591	1727	1
4592	2384	1
4592	2549	1
4592	2469	1
4592	878	1
4592	2006	1
4592	1772	1
4592	2243	1
4592	418	1
4592	578	1
4592	2383	1
4592	2952	1
4592	178	1
4592	1322	1
4592	2111	1
4592	1138	1
4592	2239	1
4592	2622	1
4592	1660	1
4592	1954	1
4592	531	1
4592	1614	1
4592	2507	1
4592	2327	1
4592	1931	1
4592	2675	1
4592	268	1
4592	1727	1
4593	67	1
4593	1116	1
4593	2618	1
4593	782	1
4593	1322	1
4593	2622	1
4593	1184	1
4593	1814	1
4593	1033	1
4593	531	1
4593	384	1
4593	1727	1
4594	2384	1
4594	2618	1
4594	1184	1
4594	531	1
4594	2741	1
4594	1727	1
4595	2384	1
4595	1322	1
4595	897	1
4595	1138	1
4595	2622	1
4595	2327	1
4595	2417	1
4595	1727	1
4596	1116	1
4596	1660	1
4596	531	1
4597	2675	1
4598	1116	1
4598	795	1
4598	2741	1
4599	2622	1
4599	531	1
4599	2675	1
4600	2469	1
4600	1666	1
4600	1660	1
4600	125	1
4600	2675	1
4601	67	1
4601	2523	1
4601	319	1
4601	1315	1
4601	261	1
4601	1666	1
4601	2952	1
4601	1322	1
4601	79	1
4601	48	1
4601	2622	1
4601	772	1
4601	531	1
4601	59	1
4601	2327	1
4601	2495	1
4601	1410	1
4601	345	1
4601	683	1
4601	1381	1
4601	1393	1
4601	2120	1
4601	1727	1
4602	1116	1
4602	2549	1
4602	2622	1
4602	2675	1
4603	669	1
4603	67	1
4603	2384	1
4603	1926	1
4603	1116	1
4603	2052	1
4603	768	1
4603	958	1
4603	1275	1
4603	2618	1
4603	2196	1
4603	3025	1
4603	1698	1
4603	2040	1
4603	2549	1
4603	1366	1
4603	1445	1
4603	1378	1
4603	1916	1
4603	1443	1
4603	2285	1
4603	1941	1
4603	2530	1
4603	441	1
4603	2747	1
4603	1315	1
4603	553	1
4603	412	1
4603	980	1
4603	2471	1
4603	2477	1
4603	578	1
4603	2383	1
4603	484	1
4603	1917	1
4603	25	1
4603	1818	1
4603	1950	1
4603	1887	1
4603	853	1
4603	57	1
4603	2165	1
4603	835	1
4603	414	1
4603	160	1
4603	1657	1
4603	1231	1
4603	479	1
4603	2542	1
4603	190	1
4603	2329	1
4603	840	1
4603	1663	1
4603	1752	1
4603	1951	1
4603	897	1
4603	1642	1
4603	1138	1
4603	1136	1
4603	2239	1
4603	2456	1
4603	1121	1
4603	3029	1
4603	2871	1
4603	1741	1
4603	2400	1
4603	415	1
4603	2320	1
4603	2132	1
4603	1660	1
4603	125	1
4603	1452	1
4603	1873	1
4603	1614	1
4603	1407	1
4603	354	1
4603	2028	1
4603	893	1
4603	2273	1
4603	536	1
4603	207	1
4603	1253	1
4603	197	1
4603	2760	1
4603	37	1
4603	1235	1
4603	683	1
4603	2741	1
4603	1381	1
4603	2221	1
4603	2728	1
4603	2675	1
4603	384	1
4603	268	1
4603	227	1
4603	291	1
4603	1524	1
4603	2513	1
4603	1727	1
4604	2384	1
4604	1609	1
4604	2549	1
4604	1315	1
4604	2383	1
4604	1322	1
4604	1614	1
4604	2273	1
4604	683	1
4604	2675	1
4604	1727	1
4605	1116	1
4606	1116	1
4607	310	1
4607	67	1
4607	2384	1
4607	1086	1
4607	1116	1
4607	1376	1
4607	2557	1
4607	2264	1
4607	2148	1
4607	319	1
4607	578	1
4607	313	1
4607	51	1
4607	160	1
4607	2110	1
4607	1752	1
4607	1951	1
4607	1138	1
4607	2622	1
4607	3021	1
4607	1734	1
4607	1660	1
4607	531	1
4607	358	1
4607	506	1
4607	1614	1
4607	2327	1
4607	2028	1
4607	893	1
4607	2940	1
4607	197	1
4607	964	1
4607	268	1
4608	1322	1
4608	1303	1
4608	2622	1
4608	1660	1
4608	531	1
4608	1614	1
4608	1727	1
4609	2618	1
4609	2675	1
4610	67	1
4610	1116	1
4610	2549	1
4610	1315	1
4610	413	1
4610	1322	1
4610	48	1
4610	125	1
4610	1727	1
4611	67	1
4611	2622	1
4611	125	1
4611	531	1
4612	2554	1
4612	748	1
4613	67	1
4613	2618	1
4613	1660	1
4613	531	1
4613	384	1
4613	748	1
4614	1315	1
4614	1778	1
4614	48	1
4614	531	1
4615	1315	1
4615	1778	1
4615	531	1
4616	1116	1
4616	2618	1
4616	66	1
4617	67	1
4617	2381	1
4617	2618	1
4617	48	1
4617	1138	1
4617	2622	1
4617	531	1
4618	2618	1
4618	897	1
4618	1138	1
4618	2622	1
4619	67	1
4619	1116	1
4619	1184	1
4619	2320	1
4620	2384	1
4620	2622	1
4620	384	1
4620	1515	1
4621	2148	1
4621	2982	1
4621	2239	1
4621	531	1
4621	400	1
4621	1393	1
4622	1116	1
4622	211	1
4622	332	1
4622	1315	1
4622	2622	1
4622	1814	1
4622	1396	1
4622	2675	1
4622	384	1
4622	1515	1
4623	2384	1
4623	332	1
4623	2675	1
4623	384	1
4624	1116	1
4624	1322	1
4624	795	1
4624	1674	1
4624	1184	1
4624	531	1
4625	67	1
4625	1138	1
4625	2741	1
4626	1116	1
4626	2675	1
4627	2618	1
4627	2622	1
4627	66	1
4627	893	1
4628	1116	1
4629	1116	1
4629	1138	1
4630	2384	1
4630	1116	1
4630	2622	1
4630	1184	1
4630	531	1
4631	211	1
4631	332	1
4631	2622	1
4631	66	1
4631	1156	1
4631	1515	1
4632	2628	1
4632	1515	1
4633	1116	1
4633	2622	1
4634	67	1
4634	1116	1
4634	2622	1
4634	531	1
4634	66	1
4635	1116	1
4635	2622	1
4635	1184	1
4636	1184	1
4636	531	1
4636	2741	1
4637	1897	1
4637	2982	1
4637	1184	1
4637	893	1
4637	2675	1
4637	2302	1
4638	67	1
4638	1116	1
4638	1224	1
4638	332	1
4638	1378	1
4638	1184	1
4638	2675	1
4638	384	1
4639	2675	1
4639	1515	1
4640	67	1
4640	431	1
4640	2384	1
4640	1116	1
4640	2982	1
4640	2628	1
4640	1184	1
4640	2741	1
4640	2302	1
4641	67	1
4641	1116	1
4641	2952	1
4641	48	1
4641	2622	1
4641	531	1
4641	2434	1
4641	2675	1
4642	67	1
4642	1814	1
4642	531	1
4642	2675	1
4642	1515	1
4643	2384	1
4643	332	1
4643	2952	1
4643	48	1
4643	897	1
4643	1138	1
4643	2622	1
4643	1660	1
4643	66	1
4643	20	1
4643	1727	1
4644	2384	1
4644	211	1
4644	2618	1
4644	2899	1
4644	332	1
4644	2148	1
4644	1315	1
4644	1608	1
4644	1138	1
4644	2622	1
4644	1814	1
4644	531	1
4644	400	1
4644	1156	1
4645	67	1
4645	2384	1
4645	2628	1
4645	1138	1
4645	531	1
4645	2741	1
4646	1116	1
4646	1760	1
4646	332	1
4646	1223	1
4646	1772	1
4646	1315	1
4646	1778	1
4646	2232	1
4646	1943	1
4646	2952	1
4646	840	1
4646	1138	1
4646	2622	1
4646	1184	1
4646	1660	1
4646	683	1
4646	2675	1
4646	384	1
4646	400	1
4646	1727	1
4646	1515	1
4647	578	1
4647	384	1
4647	1515	1
4648	2384	1
4648	2622	1
4648	1184	1
4648	531	1
4648	2741	1
4649	1116	1
4649	2622	1
4649	893	1
4649	2675	1
4649	384	1
4650	2622	1
4650	2675	1
4650	384	1
4651	2554	1
4651	1911	1
4651	1116	1
4651	2395	1
4651	1445	1
4651	1587	1
4651	2320	1
4651	1695	1
4651	1381	1
4651	1515	1
4652	531	1
4652	2675	1
4653	1116	1
4653	531	1
4653	66	1
4653	2675	1
4654	669	1
4654	2384	1
4654	1116	1
4654	2618	1
4654	878	1
4654	319	1
4654	578	1
4654	2383	1
4654	79	1
4654	1138	1
4654	1744	1
4654	2622	1
4654	1184	1
4654	1981	1
4654	531	1
4654	2327	1
4654	2273	1
4654	1145	1
4654	2044	1
4654	1727	1
4655	2384	1
4655	1116	1
4655	2549	1
4655	332	1
4655	1378	1
4655	133	1
4655	1608	1
4655	1184	1
4655	2741	1
4655	384	1
4655	1156	1
4656	67	1
4656	1116	1
4656	793	1
4656	361	1
4656	578	1
4656	2622	1
4656	893	1
4656	1381	1
4657	67	1
4657	332	1
4657	1378	1
4657	2622	1
4657	1184	1
4657	2028	1
4657	2741	1
4657	384	1
4657	1515	1
4658	2622	1
4658	531	1
4658	384	1
4659	2129	1
4660	689	1
4660	25	1
4660	2952	1
4660	2622	1
4660	1660	1
4660	2740	1
4661	1116	1
4661	437	1
4661	2707	1
4661	2741	1
4662	2549	1
4662	840	1
4662	340	1
4662	531	1
4663	2549	1
4663	840	1
4663	340	1
4663	531	1
4664	2469	1
4664	840	1
4664	384	1
4665	1116	1
4665	2707	1
4665	2675	1
4666	2707	1
4666	2740	1
4667	1116	1
4667	2707	1
4668	720	1
4668	2707	1
4668	384	1
4669	2707	1
4670	2740	1
4671	384	1
4672	384	1
4673	728	1
4673	105	1
4673	460	1
4673	2741	1
4674	1778	1
4675	384	1
4676	1116	1
4676	340	1
4676	1660	1
4677	2065	1
4677	1086	1
4677	1116	1
4677	519	1
4677	942	1
4677	908	1
4677	879	1
4677	1674	1
4677	123	1
4677	2695	1
4677	531	1
4677	1597	1
4677	973	1
4677	2652	1
4678	1086	1
4678	2549	1
4678	652	1
4678	728	1
4678	2383	1
4678	1303	1
4678	1674	1
4678	1184	1
4678	1614	1
4679	2707	1
4680	1116	1
4680	1608	1
4680	897	1
4680	2622	1
4680	1396	1
4681	2868	1
4681	2549	1
4681	652	1
4681	25	1
4681	531	1
4681	2417	1
4681	2740	1
4681	2302	1
4682	2707	1
4682	2832	1
4682	2929	1
4682	1608	1
4682	2628	1
4682	1396	1
4682	1660	1
4682	2675	1
4683	1359	1
4684	2618	1
4684	1396	1
4684	531	1
4685	1396	1
4686	2384	1
4686	1917	1
4686	1322	1
4686	1138	1
4686	2622	1
4686	1660	1
4686	2327	1
4686	2028	1
4686	893	1
4686	165	1
4686	683	1
4686	1515	1
4687	2618	1
4687	2549	1
4687	2469	1
4687	1224	1
4687	1322	1
4687	48	1
4687	897	1
4687	1138	1
4687	1744	1
4687	1184	1
4687	1660	1
4687	531	1
4687	893	1
4687	384	1
4687	1515	1
4688	1116	1
4688	2622	1
4688	2327	1
4689	790	1
4689	2618	1
4689	2622	1
4689	1396	1
4689	531	1
4689	400	1
4690	1224	1
4690	840	1
4690	1184	1
4690	1143	1
4691	1061	1
4691	270	1
4691	2549	1
4691	486	1
4691	2671	1
4691	1224	1
4691	1608	1
4691	840	1
4691	2857	1
4691	738	1
4691	1903	1
4692	669	1
4692	2554	1
4692	1116	1
4692	720	1
4692	2046	1
4692	2067	1
4692	1224	1
4692	2864	1
4692	2339	1
4692	578	1
4692	2383	1
4692	942	1
4692	1666	1
4692	25	1
4692	2952	1
4692	1887	1
4692	659	1
4692	2718	1
4692	1744	1
4692	2622	1
4692	2320	1
4692	1033	1
4692	1695	1
4692	883	1
4692	2077	1
4692	2768	1
4692	2675	1
4692	1947	1
4692	1573	1
4692	1727	1
4693	2741	1
4694	2622	1
4694	531	1
4694	1727	1
4695	67	1
4695	2384	1
4695	897	1
4695	2628	1
4695	1138	1
4695	384	1
4696	669	1
4696	67	1
4696	1846	1
4696	815	1
4696	2215	1
4696	1445	1
4696	2864	1
4696	361	1
4696	1315	1
4696	2952	1
4696	1322	1
4696	48	1
4696	840	1
4696	2239	1
4696	125	1
4696	358	1
4696	2324	1
4696	1614	1
4696	1695	1
4696	683	1
4696	1727	1
4696	1515	1
4697	1116	1
4697	942	1
4697	1138	1
4697	2622	1
4698	431	1
4698	906	1
4698	2440	1
4698	2448	1
4698	2148	1
4698	1315	1
4698	578	1
4698	1322	1
4698	1138	1
4698	2239	1
4698	2622	1
4698	531	1
4698	1614	1
4698	1727	1
4699	2707	1
4700	67	1
4700	1585	1
4700	1086	1
4700	2618	1
4700	463	1
4700	578	1
4700	239	1
4700	1081	1
4700	1138	1
4700	2622	1
4700	1660	1
4700	125	1
4700	531	1
4700	702	1
4700	893	1
4700	2221	1
4700	1727	1
4701	67	1
4701	1086	1
4701	1116	1
4701	2618	1
4701	1366	1
4701	319	1
4701	578	1
4701	1081	1
4701	1956	1
4701	1138	1
4701	702	1
4701	2495	1
4701	536	1
4701	1019	1
4701	2675	1
4702	67	1
4702	1116	1
4702	2618	1
4702	578	1
4702	479	1
4702	1196	1
4702	1138	1
4702	1136	1
4702	2456	1
4702	2622	1
4702	702	1
4702	2675	1
4703	886	1
4703	1254	1
4703	578	1
4703	1734	1
4703	2940	1
4703	197	1
4703	47	1
4703	345	1
4704	2384	1
4704	51	1
4704	1138	1
4704	2622	1
4704	531	1
4704	506	1
4704	702	1
4704	2028	1
4704	2221	1
4704	384	1
4704	307	1
4704	400	1
4705	67	1
4705	2384	1
4705	2884	1
4705	2164	1
4705	1116	1
4705	463	1
4705	782	1
4705	1897	1
4705	2469	1
4705	1916	1
4705	2948	1
4705	578	1
4705	133	1
4705	1649	1
4705	1450	1
4705	1348	1
4705	795	1
4705	1608	1
4705	1196	1
4705	840	1
4705	1138	1
4705	2456	1
4705	1981	1
4705	1033	1
4705	2028	1
4705	184	1
4705	2273	1
4705	536	1
4706	67	1
4706	1585	1
4706	240	1
4706	1086	1
4706	1116	1
4706	1376	1
4706	958	1
4706	2618	1
4706	463	1
4706	1366	1
4706	428	1
4706	470	1
4706	2966	1
4706	412	1
4706	1925	1
4706	942	1
4706	2366	1
4706	1108	1
4706	51	1
4706	1088	1
4706	57	1
4706	2165	1
4706	414	1
4706	639	1
4706	1385	1
4706	479	1
4706	1303	1
4706	1951	1
4706	1642	1
4706	1138	1
4706	2456	1
4706	2622	1
4706	2638	1
4706	163	1
4706	539	1
4706	3003	1
4706	1464	1
4706	18	1
4706	1660	1
4706	531	1
4706	1873	1
4706	506	1
4706	30	1
4706	1407	1
4706	2863	1
4706	702	1
4706	2028	1
4706	893	1
4706	2273	1
4706	197	1
4706	2190	1
4706	2246	1
4706	466	1
4706	964	1
4706	2675	1
4706	2923	1
4706	268	1
4706	2092	1
4706	2263	1
4706	1524	1
4706	1992	1
4706	1727	1
4707	2592	1
4707	1086	1
4707	958	1
4707	2618	1
4707	51	1
4707	1081	1
4707	57	1
4707	479	1
4707	629	1
4707	1196	1
4707	1138	1
4707	621	1
4707	2622	1
4707	912	1
4707	1734	1
4707	531	1
4707	1873	1
4707	2327	1
4707	2784	1
4707	702	1
4707	783	1
4707	1019	1
4707	2221	1
4707	3028	1
4707	1992	1
4708	531	1
4708	2675	1
4709	2707	1
4709	133	1
4709	1660	1
4709	2675	1
4710	271	1
4710	308	1
4710	384	1
4711	2592	1
4711	1116	1
4711	51	1
4711	509	1
4711	1138	1
4711	2622	1
4711	1184	1
4711	531	1
4711	2784	1
4711	893	1
4711	2675	1
4711	1727	1
4712	384	1
4713	384	1
4714	1165	1
4714	25	1
4714	2804	1
4714	1610	1
4714	742	1
4715	2707	1
4715	384	1
4716	1165	1
4716	1770	1
4716	742	1
4717	1165	1
4717	1610	1
4717	742	1
4717	2802	1
4718	1165	1
4718	1610	1
4718	1770	1
4718	742	1
4719	384	1
4720	2707	1
4720	133	1
4720	2952	1
4720	2740	1
4721	384	1
4722	384	1
4723	2707	1
4723	29	1
4724	384	1
4725	384	1
4726	384	1
4727	384	1
4728	384	1
4729	384	1
4730	1165	1
4730	25	1
4730	384	1
4731	1165	1
4731	2675	1
4732	384	1
4733	384	1
4734	2707	1
4734	1165	1
4735	384	1
4736	2293	1
4737	2550	1
4737	384	1
4738	2707	1
4738	2740	1
4739	2380	1
4739	1770	1
4739	2293	1
4739	2995	1
4740	2065	1
4741	1116	1
4742	2293	1
4743	2707	1
4744	2707	1
4745	2707	1
4746	2707	1
4747	2707	1
4748	2707	1
4749	2707	1
4750	2707	1
4751	2675	1
4752	2065	1
4752	1770	1
4752	2761	1
4753	2293	1
4754	1116	1
4755	2707	1
4756	2707	1
4756	2740	1
4757	2550	1
4757	384	1
4758	2383	1
4758	2761	1
4758	1184	1
4758	475	1
4759	1116	1
4759	2383	1
4759	1219	1
4760	1116	1
4760	428	1
4760	1138	1
4760	2622	1
4760	531	1
4761	2215	1
4761	475	1
4762	1331	1
4762	1116	1
4762	1376	1
4762	958	1
4762	2469	1
4762	385	1
4762	2477	1
4762	942	1
4762	2366	1
4762	51	1
4762	1088	1
4762	57	1
4762	1385	1
4762	479	1
4762	629	1
4762	1508	1
4762	2628	1
4762	2337	1
4762	1138	1
4762	2579	1
4762	912	1
4762	1464	1
4762	1722	1
4762	1660	1
4762	125	1
4762	246	1
4762	1873	1
4762	506	1
4762	2327	1
4762	2784	1
4762	2028	1
4762	2273	1
4762	1253	1
4762	197	1
4762	2760	1
4762	2741	1
4762	268	1
4762	1524	1
4762	1727	1
4763	2618	1
4763	51	1
4763	1081	1
4763	1196	1
4763	1951	1
4763	1138	1
4763	506	1
4763	2327	1
4763	2028	1
4763	536	1
4763	2221	1
4763	2675	1
4764	67	1
4764	1116	1
4764	1376	1
4764	1366	1
4764	51	1
4764	1081	1
4764	479	1
4764	1508	1
4764	1138	1
4764	1744	1
4764	2622	1
4764	1396	1
4764	1660	1
4764	2327	1
4764	2266	1
4764	2273	1
4764	536	1
4764	2940	1
4764	2741	1
4764	2675	1
4764	384	1
4764	1727	1
4765	67	1
4765	1116	1
4765	211	1
4765	1366	1
4765	2148	1
4765	319	1
4765	412	1
4765	578	1
4765	133	1
4765	51	1
4765	1608	1
4765	1138	1
4765	2456	1
4765	2622	1
4765	531	1
4765	2327	1
4765	2028	1
4765	536	1
4765	2221	1
4765	2675	1
4765	384	1
4766	1086	1
4766	1275	1
4766	412	1
4766	1649	1
4766	1196	1
4766	1951	1
4766	2622	1
4766	1660	1
4766	531	1
4766	2327	1
4766	2028	1
4766	2781	1
4766	2741	1
4766	2675	1
4766	1727	1
4767	67	1
4767	2969	1
4767	2592	1
4767	986	1
4767	463	1
4767	886	1
4767	185	1
4767	2469	1
4767	1224	1
4767	2148	1
4767	2006	1
4767	2867	1
4767	578	1
4767	313	1
4767	261	1
4767	1666	1
4767	1848	1
4767	1917	1
4767	51	1
4767	2206	1
4767	1322	1
4767	795	1
4767	1836	1
4767	1956	1
4767	992	1
4767	1196	1
4767	1508	1
4767	1136	1
4767	1744	1
4767	2239	1
4767	1674	1
4767	2622	1
4767	1352	1
4767	2857	1
4767	1184	1
4767	1814	1
4767	1734	1
4767	1660	1
4767	531	1
4767	506	1
4767	1244	1
4767	2273	1
4767	536	1
4767	1253	1
4767	2940	1
4767	1019	1
4767	683	1
4767	2741	1
4767	230	1
4767	2675	1
4767	2876	1
4767	268	1
4767	1992	1
4768	2384	1
4768	2884	1
4768	986	1
4768	2618	1
4768	1366	1
4768	2035	1
4768	385	1
4768	428	1
4768	2867	1
4768	470	1
4768	1315	1
4768	51	1
4768	1138	1
4768	2456	1
4768	1674	1
4768	2622	1
4768	18	1
4768	531	1
4768	2327	1
4768	2784	1
4768	2495	1
4768	2675	1
4768	2876	1
4769	67	1
4769	2884	1
4769	2130	1
4769	1116	1
4769	720	1
4769	1366	1
4769	2035	1
4769	2469	1
4769	878	1
4769	1445	1
4769	2477	1
4769	1649	1
4769	2366	1
4769	51	1
4769	57	1
4769	1836	1
4769	992	1
4769	1196	1
4769	840	1
4769	1303	1
4769	1138	1
4769	1033	1
4769	531	1
4769	1614	1
4769	2784	1
4769	1226	1
4769	2221	1
4769	1782	1
4769	2675	1
4769	1727	1
4770	1376	1
4770	1275	1
4770	2618	1
4770	1366	1
4770	2148	1
4770	1519	1
4770	2168	1
4770	1081	1
4770	1956	1
4770	1196	1
4770	840	1
4770	1951	1
4770	1138	1
4770	1136	1
4770	2456	1
4770	2579	1
4770	1734	1
4770	566	1
4770	2273	1
4770	407	1
4770	2221	1
4770	2675	1
4771	720	1
4771	840	1
4771	357	1
4772	578	1
4772	2134	1
4772	531	1
4773	2707	1
4773	2038	1
4773	1744	1
4774	2707	1
4774	531	1
4775	2550	1
4775	531	1
4776	2549	1
4776	2707	1
4777	2707	1
4778	2549	1
4778	652	1
4778	1660	1
4778	2675	1
4779	2707	1
4779	2417	1
4780	1116	1
4780	2707	1
4780	2675	1
4781	2707	1
4782	2549	1
4782	2038	1
4782	2383	1
4782	25	1
4782	1744	1
4783	2707	1
4783	2417	1
4783	2740	1
4784	1116	1
4784	2707	1
4785	1116	1
4785	531	1
4785	384	1
4786	2707	1
4787	2707	1
4788	2067	1
4789	2618	1
4789	1778	1
4789	942	1
4789	1601	1
4789	1138	1
4789	2622	1
4789	1184	1
4789	531	1
4789	1614	1
4789	893	1
4789	1513	1
4789	883	1
4789	384	1
4789	1626	1
4789	1909	1
4790	67	1
4790	2800	1
4790	2383	1
4790	1138	1
4790	713	1
4790	531	1
4790	1927	1
4790	66	1
4790	893	1
4790	1035	1
4790	3008	1
4790	1727	1
4791	1086	1
4791	2469	1
4791	1315	1
4791	1322	1
4791	48	1
4791	1660	1
4791	2273	1
4791	407	1
4791	2675	1
4792	3008	1
4793	2864	1
4793	25	1
4793	531	1
4794	1660	1
4794	2675	1
4795	384	1
4796	2549	1
4796	2707	1
4797	2549	1
4797	2707	1
4798	2549	1
4798	2707	1
4798	2622	1
4798	2740	1
4799	2707	1
4799	2740	1
4800	2549	1
4800	652	1
4800	1660	1
4800	2675	1
4801	2549	1
4801	2707	1
4801	2740	1
4802	2549	1
4802	2469	1
4802	1224	1
4802	2952	1
4802	1450	1
4802	48	1
4802	2273	1
4803	2298	1
4803	2215	1
4803	2851	1
4803	486	1
4803	4	1
4803	74	1
4803	2383	1
4803	795	1
4803	1608	1
4803	48	1
4803	531	1
4803	2077	1
4803	2120	1
4803	1727	1
4803	2696	1
4804	720	1
4804	2707	1
4804	840	1
4804	2740	1
4805	728	1
4805	897	1
4805	2550	1
4805	1674	1
4806	1116	1
4806	2707	1
4806	2134	1
4806	1660	1
4806	2740	1
4807	2215	1
4807	2549	1
4807	1303	1
4807	1660	1
4808	25	1
4808	2740	1
4808	2675	1
4809	25	1
4810	2215	1
4810	2549	1
4810	652	1
4810	25	1
4810	825	1
4810	1770	1
4810	1744	1
4810	531	1
4810	2802	1
4810	2740	1
4810	384	1
4811	652	1
4811	2675	1
4812	2549	1
4812	652	1
4812	795	1
4812	1660	1
4813	2046	1
4813	825	1
4813	1258	1
4813	1573	1
4814	2046	1
4814	25	1
4814	1660	1
4814	1573	1
4815	2549	1
4815	652	1
4815	825	1
4815	879	1
4815	2675	1
4816	652	1
4816	2675	1
4817	652	1
4817	1303	1
4817	1660	1
4817	2675	1
4818	1846	1
4818	1303	1
4818	1184	1
4818	1660	1
4818	638	1
4819	652	1
4819	1660	1
4819	2675	1
4820	67	1
4820	1116	1
4820	1773	1
4820	2038	1
4820	2383	1
4820	48	1
4820	1138	1
4820	1744	1
4820	1293	1
4820	1814	1
4820	2320	1
4820	713	1
4820	1258	1
4820	1660	1
4820	1927	1
4820	2273	1
4820	2274	1
4820	1947	1
4820	3008	1
4820	1727	1
4821	67	1
4821	1086	1
4821	2800	1
4821	1371	1
4821	2469	1
4821	578	1
4821	2383	1
4821	48	1
4821	1138	1
4821	2622	1
4821	1258	1
4821	1660	1
4821	1614	1
4821	66	1
4821	2507	1
4821	2675	1
4822	67	1
4822	1086	1
4822	111	1
4822	185	1
4822	2469	1
4822	2393	1
4822	2867	1
4822	1649	1
4822	1917	1
4822	2952	1
4822	509	1
4822	1138	1
4822	2622	1
4822	1660	1
4822	531	1
4822	1614	1
4822	1244	1
4822	2594	1
4822	683	1
4822	2741	1
4822	1947	1
4822	594	1
4823	2549	1
4823	2383	1
4823	48	1
4823	1674	1
4823	2622	1
4823	286	1
4823	1660	1
4823	531	1
4823	2590	1
4823	2675	1
4823	1727	1
4824	2067	1
4824	2864	1
4824	2118	1
4825	2707	1
4825	2904	1
4826	2741	1
4827	1116	1
4827	475	1
4828	1116	1
4828	2549	1
4828	2707	1
4828	1649	1
4828	2675	1
4828	384	1
4829	1116	1
4829	2628	1
4829	2740	1
4830	1116	1
4830	2549	1
4830	2707	1
4831	1116	1
4831	2628	1
4831	2740	1
4832	2215	1
4832	486	1
4832	2469	1
4832	2383	1
4832	840	1
4832	1660	1
4832	531	1
4832	384	1
4833	906	1
4833	2549	1
4833	2067	1
4833	2550	1
4833	1184	1
4834	2707	1
4834	2740	1
4835	2383	1
4835	2542	1
4835	531	1
4836	67	1
4836	1315	1
4836	1778	1
4836	48	1
4836	1138	1
4836	683	1
4837	2864	1
4837	2383	1
4837	2675	1
4837	384	1
4838	1116	1
4838	2383	1
4838	2675	1
4838	384	1
4839	2864	1
4839	2675	1
4840	2864	1
4840	2675	1
4840	384	1
4841	1116	1
4841	1660	1
4841	2675	1
4842	2864	1
4842	2383	1
4842	2675	1
4842	384	1
4843	1116	1
4843	2549	1
4843	2628	1
4843	2675	1
4843	384	1
4844	2741	1
4845	2741	1
4846	2741	1
4847	1116	1
4847	261	1
4847	1660	1
4847	2741	1
4848	531	1
4849	2741	1
4850	2628	1
4850	1660	1
4850	2741	1
4850	384	1
4851	384	1
4852	2741	1
4853	1116	1
4853	2741	1
4853	384	1
4854	531	1
4854	2741	1
4854	2675	1
4855	2741	1
4856	2741	1
4857	2741	1
4858	261	1
4858	531	1
4858	2741	1
4859	2675	1
4860	2707	1
4861	720	1
4861	1897	1
4861	2707	1
4861	185	1
4861	261	1
4861	2952	1
4861	2622	1
4861	1184	1
4861	531	1
4861	2423	1
4861	2740	1
4862	2707	1
4862	840	1
4863	2417	1
4864	2417	1
4865	2740	1
4865	2675	1
4866	549	1
4867	2707	1
4867	2067	1
4868	2707	1
4868	2740	1
4869	2549	1
4869	2707	1
4870	2549	1
4870	652	1
4870	2740	1
4871	2740	1
4872	652	1
4872	2740	1
4873	2740	1
4874	2740	1
4875	2549	1
4875	652	1
4876	2549	1
4876	652	1
4876	2740	1
4877	2549	1
4877	652	1
4877	2740	1
4878	2740	1
4879	2549	1
4879	2740	1
4879	2675	1
4880	2740	1
4881	2549	1
4881	652	1
4881	1660	1
4881	2675	1
4882	652	1
4882	1660	1
4882	2675	1
4883	2549	1
4883	652	1
4884	652	1
4884	2593	1
4884	2740	1
4884	2675	1
4885	2549	1
4885	2740	1
4886	2549	1
4886	652	1
4886	1660	1
4886	2675	1
4887	2549	1
4887	652	1
4887	1660	1
4887	2740	1
4888	652	1
4888	1660	1
4888	2740	1
4889	2549	1
4889	1660	1
4889	2740	1
4889	2675	1
4890	2549	1
4890	652	1
4890	2593	1
4890	2740	1
4891	2593	1
4891	1660	1
4891	2740	1
4892	2549	1
4892	1660	1
4892	2740	1
4893	2549	1
4893	652	1
4893	1660	1
4893	2740	1
4894	2549	1
4894	2593	1
4894	1660	1
4894	2740	1
4895	2549	1
4895	652	1
4895	2593	1
4895	1660	1
4896	2549	1
4896	652	1
4896	2740	1
4896	2675	1
4897	652	1
4897	2740	1
4898	2740	1
4899	2549	1
4899	652	1
4899	2740	1
4900	2549	1
4900	652	1
4900	2740	1
4901	2549	1
4901	2740	1
4902	2740	1
4903	2549	1
4903	2675	1
4904	652	1
4904	2740	1
4904	2675	1
4905	840	1
4905	2740	1
4906	2549	1
4906	1660	1
4906	2740	1
4907	2593	1
4907	1660	1
4907	2740	1
4907	2675	1
4908	2549	1
4909	2417	1
4909	2675	1
4910	2052	1
4910	652	1
4911	2628	1
4911	1396	1
4911	2741	1
4912	748	1
4913	2741	1
4913	2675	1
4914	2707	1
4914	2741	1
4914	2675	1
4915	2707	1
4916	2707	1
4917	2707	1
4917	2740	1
4918	531	1
4918	2675	1
4919	2675	1
4919	384	1
4920	2675	1
4921	840	1
4921	384	1
4922	2675	1
4923	2675	1
4924	2707	1
4924	2067	1
4924	185	1
4924	2675	1
4925	1116	1
4926	2627	1
4926	111	1
4926	185	1
4926	1773	1
4926	2227	1
4926	1772	1
4926	1941	1
4926	921	1
4926	509	1
4926	329	1
4926	2760	1
4926	1903	1
4926	407	1
4926	2675	1
4926	2644	1
4927	1779	1
4927	185	1
4927	1941	1
4927	1824	1
4927	616	1
4927	1261	1
4927	840	1
4927	2989	1
4927	329	1
4927	2760	1
4927	407	1
4927	2644	1
4927	748	1
4928	185	1
4928	840	1
4928	2675	1
4929	2675	1
4929	384	1
4930	2469	1
4930	840	1
4930	1660	1
4930	2675	1
4931	1061	1
4931	720	1
4931	486	1
4931	1770	1
4931	2741	1
4932	2675	1
4933	1974	1
4933	720	1
4933	2868	1
4933	2046	1
4933	111	1
4933	185	1
4933	1772	1
4933	1711	1
4933	133	1
4933	2952	1
4933	2163	1
4933	795	1
4933	840	1
4933	897	1
4933	2628	1
4933	2550	1
4933	2995	1
4933	2622	1
4933	2194	1
4933	1660	1
4933	59	1
4933	20	1
4933	2741	1
4933	384	1
4933	2089	1
4933	400	1
4933	1910	1
4933	357	1
4933	748	1
4934	2707	1
4934	1649	1
4934	25	1
4934	2952	1
4934	2273	1
4934	2741	1
4934	2675	1
4934	748	1
4935	1116	1
4935	1396	1
4936	25	1
4936	1770	1
4936	1660	1
4936	2740	1
4937	2675	1
4938	185	1
4938	2675	1
4939	25	1
4939	2163	1
4939	840	1
4939	2995	1
4939	2675	1
4940	185	1
4940	25	1
4940	840	1
4941	2995	1
4942	2215	1
4942	2046	1
4942	2995	1
4943	25	1
4943	840	1
4943	2675	1
4944	840	1
4944	1660	1
4944	2675	1
4945	25	1
4945	1770	1
4945	2675	1
4946	1303	1
4946	1660	1
4946	2675	1
4947	1116	1
4947	1660	1
4947	748	1
4948	211	1
4948	185	1
4948	133	1
4948	1303	1
4948	620	1
4948	2255	1
4948	2273	1
4948	2675	1
4948	748	1
4949	211	1
4949	963	1
4949	2046	1
4949	2549	1
4949	133	1
4949	942	1
4949	2999	1
4949	1521	1
4949	1660	1
4949	2675	1
4949	748	1
4950	2675	1
4951	1897	1
4951	2675	1
4952	25	1
4952	840	1
4952	2675	1
4953	840	1
4953	2675	1
4953	384	1
4954	185	1
4954	2675	1
4955	1116	1
4955	2707	1
4955	1165	1
4955	1320	1
4955	2740	1
4955	481	1
4956	652	1
4956	25	1
4956	2675	1
4957	2707	1
4958	2707	1
4959	25	1
4959	2740	1
4959	2675	1
4960	2707	1
4961	2707	1
4962	2707	1
4963	2707	1
4963	942	1
4963	1660	1
4963	2675	1
4964	2707	1
4964	652	1
4964	531	1
4965	2707	1
4965	942	1
4965	1660	1
4965	2675	1
4966	2707	1
4967	2707	1
4967	840	1
4968	1644	1
4968	2707	1
4968	123	1
4968	1597	1
4969	25	1
4969	1770	1
4969	2675	1
4970	2707	1
4970	2622	1
4971	2707	1
4972	2065	1
4972	2860	1
4972	1649	1
4972	908	1
4972	2952	1
4972	1770	1
4972	1073	1
4972	2995	1
4972	123	1
4972	1010	1
4972	1597	1
4972	2273	1
4973	1644	1
4973	840	1
4973	2675	1
4974	2707	1
4974	2508	1
4974	840	1
4975	2707	1
4976	2675	1
4977	2707	1
4977	742	1
4977	481	1
4978	2707	1
4979	2707	1
4979	1165	1
4980	2707	1
4980	1165	1
4981	2707	1
4982	2707	1
4982	2124	1
4982	2416	1
4983	2804	1
4983	2593	1
4983	910	1
4984	2707	1
4984	2952	1
4984	840	1
4985	2707	1
4986	2707	1
4986	840	1
4986	1320	1
4986	2995	1
4987	2707	1
4988	2707	1
4988	25	1
4988	2952	1
4989	1644	1
4989	2707	1
4989	2273	1
4990	2707	1
4991	2549	1
4992	2707	1
4992	652	1
4992	2675	1
4993	25	1
4993	1770	1
4994	1116	1
4994	2707	1
4994	1320	1
4994	2628	1
4994	742	1
4994	481	1
4995	840	1
4995	2675	1
4996	25	1
4996	1660	1
4996	2675	1
4997	25	1
4997	2675	1
4998	652	1
4999	2707	1
5000	840	1
5000	2675	1
5000	384	1
5001	2215	1
5001	2067	1
5001	1396	1
5002	2707	1
5003	2740	1
5004	25	1
5004	531	1
5004	2760	1
5005	2707	1
5006	2707	1
5007	2707	1
5008	2707	1
5009	1116	1
5009	720	1
5009	1660	1
5009	2741	1
5010	840	1
5010	2741	1
5011	840	1
5011	2741	1
5012	1660	1
5012	2675	1
5013	1116	1
5013	720	1
5013	25	1
5013	2741	1
5013	2675	1
5014	2741	1
5015	1116	1
5015	25	1
5015	2741	1
5016	185	1
5016	2469	1
5016	2741	1
5016	2675	1
5017	2741	1
5018	963	1
5018	185	1
5018	2295	1
5018	1660	1
5018	184	1
5018	2741	1
5019	185	1
5019	840	1
5019	2741	1
5019	2675	1
5020	2469	1
5020	840	1
5020	1303	1
5020	1660	1
5020	2675	1
5021	185	1
5021	840	1
5021	2741	1
5021	2675	1
5022	2707	1
5023	2675	1
5024	2549	1
5024	357	1
5025	2707	1
5025	185	1
5025	2469	1
5025	795	1
5025	840	1
5025	2741	1
5025	2675	1
5026	2707	1
5026	2383	1
5026	531	1
5027	840	1
5028	2675	1
5029	840	1
5030	2707	1
5031	185	1
5031	2469	1
5031	2124	1
5031	942	1
5031	25	1
5031	1770	1
5031	1303	1
5031	2675	1
5032	2469	1
5032	2741	1
5032	2675	1
5033	1086	1
5033	2469	1
5033	1224	1
5033	25	1
5033	1660	1
5034	2707	1
5034	185	1
5034	2469	1
5034	1660	1
5035	2707	1
5036	1116	1
5036	720	1
5036	25	1
5036	2741	1
5037	1116	1
5037	942	1
5037	1660	1
5037	2273	1
5037	357	1
5038	840	1
5038	2741	1
5039	25	1
5039	1660	1
5039	2675	1
5040	2707	1
5041	2707	1
5041	2740	1
5042	2707	1
5042	2740	1
5043	2707	1
5043	2740	1
5044	2707	1
5044	2740	1
5045	2707	1
5045	2740	1
5046	2707	1
5047	2707	1
5047	2740	1
5048	2707	1
5048	2675	1
5049	2707	1
5049	2675	1
5050	2707	1
5050	2593	1
5050	2675	1
5051	2707	1
5052	2740	1
5053	2707	1
5054	2707	1
5054	2740	1
5055	2707	1
5055	2740	1
5056	2740	1
5057	2740	1
5058	2707	1
5058	2247	1
5059	2707	1
5059	2921	1
5060	2707	1
5060	2393	1
5060	2741	1
5060	2247	1
5061	2707	1
5062	2707	1
5063	2707	1
5064	840	1
5064	2675	1
5065	25	1
5065	840	1
5065	2741	1
5065	2675	1
5066	840	1
5066	2741	1
5067	840	1
5067	2741	1
5067	384	1
5068	2741	1
5069	185	1
5069	942	1
5069	2741	1
5069	2675	1
5070	185	1
5070	840	1
5070	384	1
5071	840	1
5071	2675	1
5072	2707	1
5072	2740	1
5073	2707	1
5073	2740	1
5074	2707	1
5074	2921	1
5075	2707	1
5075	2740	1
5076	2707	1
5076	2921	1
5077	2707	1
5078	2707	1
5078	2740	1
5079	2707	1
5079	2740	1
5080	2740	1
5081	2707	1
5082	2707	1
5082	2247	1
5083	2707	1
5084	2707	1
5084	2740	1
5085	2707	1
5086	2593	1
5086	2247	1
5087	2707	1
5087	2740	1
5088	1897	1
5088	2707	1
5088	2247	1
5089	2707	1
5090	2707	1
5090	2593	1
5091	2707	1
5091	2247	1
5092	2593	1
5093	2707	1
5093	2740	1
5094	2675	1
5095	2247	1
5096	2247	1
5097	2707	1
5097	2740	1
5098	2707	1
5098	2767	1
5098	531	1
5098	2740	1
5099	2707	1
5099	2921	1
5100	2707	1
5100	2921	1
5100	2740	1
5101	2741	1
5101	2675	1
5102	2741	1
5103	2549	1
5103	840	1
5103	2740	1
5104	2417	1
5105	2707	1
5106	652	1
5106	2952	1
5106	2593	1
5106	2675	1
5107	2707	1
5107	652	1
5107	2593	1
5108	2707	1
5108	652	1
5108	2593	1
5108	2675	1
5109	2707	1
5109	2675	1
5110	2707	1
5110	652	1
5110	2593	1
5110	2675	1
5111	2707	1
5111	652	1
5112	2707	1
5112	652	1
5112	2675	1
5113	2707	1
5113	652	1
5113	2593	1
5114	2707	1
5114	652	1
5114	2593	1
5114	2675	1
5115	2707	1
5115	2952	1
5116	2707	1
5116	2593	1
5117	2707	1
5117	2593	1
5117	2675	1
5118	2707	1
5119	2707	1
5119	2593	1
5119	2675	1
5120	2707	1
5120	2952	1
5120	2593	1
5120	2675	1
5121	2707	1
5121	2952	1
5121	2593	1
5122	2707	1
5122	652	1
5123	2707	1
5123	2593	1
5123	2675	1
5124	2707	1
5124	25	1
5124	2593	1
5124	2675	1
5125	2707	1
5126	2707	1
5127	2707	1
5128	2707	1
5128	2675	1
5129	2707	1
5129	2593	1
5129	2675	1
5130	2707	1
5130	2593	1
5130	2675	1
5131	2707	1
5131	2952	1
5132	2707	1
5132	2593	1
5132	2675	1
5133	2707	1
5134	2707	1
5135	2740	1
5136	2707	1
5136	2593	1
5136	2675	1
5137	2707	1
5137	2593	1
5138	2707	1
5139	25	1
5139	1660	1
5139	2675	1
5140	2549	1
5140	25	1
5140	1660	1
5140	2675	1
5141	185	1
5141	840	1
5141	2675	1
5142	2549	1
5142	25	1
5142	2675	1
5143	2707	1
5143	1165	1
5143	2804	1
5143	825	1
5144	2707	1
5144	261	1
5144	1660	1
5144	531	1
5145	2707	1
5146	2707	1
5147	2549	1
5147	25	1
5147	840	1
5147	2675	1
5148	185	1
5148	2469	1
5148	2393	1
5148	2675	1
5149	2675	1
5150	2675	1
5151	2707	1
5152	2707	1
5152	840	1
5153	1974	1
5154	2194	1
5155	1974	1
5156	2707	1
5157	2675	1
5158	2675	1
5158	384	1
5159	689	1
5159	2707	1
5159	1979	1
5160	2707	1
5160	1598	1
5160	1320	1
5161	897	1
5162	2707	1
5162	2593	1
5162	2675	1
5163	2707	1
5164	2707	1
5164	652	1
5164	2550	1
5164	1708	1
5165	2707	1
5166	720	1
5166	942	1
5166	2427	1
5166	2740	1
5166	2889	1
5167	2707	1
5168	185	1
5168	25	1
5168	2952	1
5168	840	1
5168	531	1
5169	1660	1
5169	2675	1
5170	185	1
5170	2675	1
5171	2549	1
5171	2952	1
5171	840	1
5171	2675	1
5172	2549	1
5172	185	1
5172	840	1
5172	2675	1
5173	185	1
5173	840	1
5173	2675	1
5174	2707	1
5175	2549	1
5175	25	1
5175	2675	1
5176	2215	1
5176	2549	1
5176	2707	1
5176	185	1
5176	25	1
5176	2546	1
5176	840	1
5176	1660	1
5176	2675	1
5176	748	1
5177	25	1
5177	2952	1
5177	840	1
5177	2675	1
5178	25	1
5178	2952	1
5178	2675	1
5179	689	1
5179	25	1
5179	1320	1
5179	1968	1
5179	2921	1
5179	1422	1
5180	2508	1
5180	531	1
5180	2417	1
5180	2740	1
5180	2675	1
5180	748	1
5181	2707	1
5182	2707	1
5182	2416	1
5182	2740	1
5183	2707	1
5184	2707	1
5185	2707	1
5185	2416	1
5185	2740	1
5186	2707	1
5186	2416	1
5186	2740	1
5186	2675	1
5187	2740	1
5188	2707	1
5189	1396	1
5190	2707	1
5190	2740	1
5191	25	1
5191	2767	1
5191	2550	1
5191	2593	1
5191	125	1
5192	1974	1
5192	2804	1
5192	2767	1
5193	2675	1
5194	2707	1
5195	2707	1
5196	2707	1
5196	2416	1
5196	2740	1
5196	2675	1
5197	2707	1
5198	1622	1
5198	2593	1
5198	910	1
5199	2675	1
5200	2707	1
5201	2416	1
5201	1422	1
5201	2417	1
5202	2740	1
5203	2707	1
5204	2707	1
5205	2707	1
5205	2416	1
5205	2740	1
5206	2707	1
5207	2707	1
5208	1974	1
5209	2707	1
5210	25	1
5211	2416	1
5211	2740	1
5211	2675	1
5212	2587	1
5212	1885	1
5212	2707	1
5212	1463	1
5212	1648	1
5212	2804	1
5212	1968	1
5212	742	1
5212	2921	1
5212	1422	1
5212	2459	1
5212	2740	1
5212	2247	1
5213	1116	1
5213	897	1
5214	2707	1
5215	2707	1
5216	2707	1
5217	2707	1
5217	2675	1
5218	2707	1
5219	2707	1
5220	2707	1
5221	2707	1
5221	2416	1
5221	2740	1
5221	2675	1
5222	2707	1
5222	2416	1
5222	2740	1
5222	2675	1
5223	2707	1
5223	2675	1
5224	2707	1
5225	2707	1
5225	2416	1
5225	2740	1
5226	2707	1
5226	2416	1
5226	2740	1
5226	2675	1
5227	2707	1
5228	2707	1
5228	2416	1
5228	2740	1
5228	2675	1
5229	2707	1
5229	2740	1
5230	2707	1
5230	2416	1
5230	2740	1
5230	2675	1
5231	2707	1
5232	2707	1
5233	2707	1
5234	2707	1
5235	2707	1
5236	2707	1
5237	2707	1
5237	2740	1
5238	2707	1
5238	2952	1
5238	2675	1
5239	2707	1
5239	2740	1
5240	1974	1
5240	3031	1
5240	2215	1
5240	891	1
5240	2549	1
5240	2707	1
5240	2401	1
5240	25	1
5240	2928	1
5240	1334	1
5240	1332	1
5240	161	1
5240	1622	1
5240	2550	1
5240	996	1
5240	1761	1
5240	1169	1
5240	1660	1
5240	1422	1
5240	2417	1
5240	2802	1
5240	2740	1
5240	2675	1
5241	1974	1
5241	2508	1
5241	177	1
5241	1537	1
5241	2952	1
5241	1303	1
5241	1968	1
5241	2593	1
5241	910	1
5241	1660	1
5241	531	1
5241	2802	1
5241	2740	1
5241	2675	1
5241	2247	1
5242	25	1
5242	2999	1
5242	2194	1
5242	2675	1
5243	3031	1
5243	2707	1
5243	2508	1
5243	1188	1
5244	2707	1
5245	2707	1
5245	2741	1
5245	2675	1
5246	2707	1
5247	2707	1
5248	2707	1
5248	2740	1
5249	2952	1
5249	2740	1
5250	689	1
5250	2707	1
5251	689	1
5251	1116	1
5251	25	1
5252	1116	1
5253	2332	1
5253	347	1
5253	240	1
5253	2164	1
5253	720	1
5253	2215	1
5253	299	1
5253	3032	1
5253	270	1
5253	1096	1
5253	2549	1
5253	2684	1
5253	2223	1
5253	2469	1
5253	200	1
5253	1224	1
5253	1161	1
5253	2474	1
5253	2393	1
5253	8	1
5253	2222	1
5253	362	1
5253	1830	1
5253	2864	1
5253	1645	1
5253	2821	1
5253	2097	1
5253	2978	1
5253	1379	1
5253	1649	1
5253	2750	1
5253	2952	1
5253	974	1
5253	13	1
5253	2292	1
5253	1659	1
5253	1305	1
5253	1037	1
5253	1303	1
5253	91	1
5253	1203	1
5253	2058	1
5253	644	1
5253	2386	1
5253	2001	1
5253	1291	1
5253	887	1
5253	1660	1
5253	1033	1
5253	1882	1
5253	1091	1
5253	2784	1
5253	1615	1
5253	1226	1
5253	1046	1
5253	308	1
5253	407	1
5253	1143	1
5253	1388	1
5253	56	1
5253	2925	1
5253	357	1
5254	698	1
5254	2332	1
5254	931	1
5254	240	1
5254	1737	1
5254	2822	1
5254	720	1
5254	2215	1
5254	3032	1
5254	782	1
5254	270	1
5254	2549	1
5254	2671	1
5254	200	1
5254	556	1
5254	2	1
5254	2474	1
5254	8	1
5254	2222	1
5254	271	1
5254	1830	1
5254	462	1
5254	578	1
5254	261	1
5254	2952	1
5254	1450	1
5254	840	1
5254	1203	1
5254	3015	1
5254	2857	1
5254	1475	1
5254	336	1
5254	2188	1
5254	531	1
5254	2784	1
5254	2273	1
5254	1615	1
5254	1143	1
5255	1275	1
5255	2383	1
5255	531	1
5255	384	1
5256	1116	1
5256	2046	1
5256	2012	1
5256	29	1
5256	2558	1
5256	1986	1
5256	2977	1
5256	384	1
5257	1275	1
5257	2383	1
5257	384	1
5258	2383	1
5259	2383	1
5259	2417	1
5259	384	1
5260	2618	1
5260	1542	1
5260	2549	1
5260	2383	1
5260	2952	1
5260	2768	1
5261	2707	1
5261	2469	1
5261	2952	1
5261	1674	1
5261	1660	1
5262	2707	1
5262	2383	1
5262	2952	1
5262	531	1
5263	1275	1
5263	2383	1
5264	2707	1
5264	531	1
5264	2768	1
5265	1275	1
5265	2707	1
5265	2383	1
5266	2549	1
5266	2707	1
5266	840	1
5267	2549	1
5267	2707	1
5267	2383	1
5267	2952	1
5268	1275	1
5268	2707	1
5268	2864	1
5268	2383	1
5269	1275	1
5269	2707	1
5269	2864	1
5269	2383	1
5270	1275	1
5270	2707	1
5270	2864	1
5270	2383	1
5271	2707	1
5271	2383	1
5271	531	1
5272	2864	1
5272	2383	1
5272	531	1
5273	1275	1
5273	2707	1
5273	2864	1
5273	2383	1
5274	1275	1
5274	2707	1
5274	2383	1
5274	1674	1
5275	1275	1
5275	2707	1
5275	2383	1
5276	2549	1
5276	2707	1
5276	2383	1
5276	1674	1
5277	1275	1
5277	2707	1
5277	2383	1
5277	531	1
5278	2707	1
5278	2383	1
5278	531	1
5279	2707	1
5279	2383	1
5280	2707	1
5280	2383	1
5280	531	1
5281	1275	1
5281	2707	1
5281	2383	1
5282	2383	1
5282	384	1
5283	1275	1
5283	2549	1
5283	2707	1
5283	2383	1
5284	2618	1
5284	1542	1
5284	2549	1
5284	2851	1
5284	2952	1
5284	2575	1
5284	44	1
5284	2768	1
5285	2549	1
5285	2383	1
5285	531	1
5285	1573	1
5286	2618	1
5286	1542	1
5286	2549	1
5286	2383	1
5286	1322	1
5286	1184	1
5286	44	1
5286	2768	1
5287	2383	1
5287	2417	1
5287	1573	1
5288	1116	1
5288	2741	1
5288	2740	1
5289	2707	1
5289	840	1
5290	2707	1
5290	2740	1
5291	689	1
5291	2707	1
5291	25	1
5291	2652	1
5292	840	1
5292	2741	1
5293	2741	1
5294	1744	1
5294	2675	1
5294	2120	1
5295	2675	1
5296	1116	1
5297	2675	1
5297	384	1
5298	2741	1
5299	2383	1
5299	1660	1
5299	2741	1
5299	2675	1
5300	849	1
5300	2383	1
5300	1303	1
5300	1660	1
5300	2741	1
5300	638	1
5300	2675	1
5300	748	1
5301	2383	1
5301	2741	1
5301	2675	1
5302	384	1
5303	2383	1
5303	384	1
5304	2383	1
5304	879	1
5304	2546	1
5305	2215	1
5305	2383	1
5305	825	1
5305	879	1
5305	2628	1
5305	2675	1
5305	384	1
5305	2089	1
5305	748	1
5306	1116	1
5306	2741	1
5306	2675	1
5306	384	1
5307	1116	1
5307	2952	1
5307	795	1
5307	1674	1
5307	531	1
5307	2417	1
5308	1116	1
5308	2675	1
5309	825	1
5309	1770	1
5309	879	1
5309	2741	1
5309	638	1
5309	2675	1
5310	1116	1
5310	74	1
5310	825	1
5310	879	1
5310	2546	1
5310	2628	1
5310	1293	1
5310	1660	1
5310	460	1
5310	2417	1
5310	2387	1
5310	2741	1
5310	638	1
5310	2675	1
5310	2302	1
5310	748	1
5311	2953	1
5311	25	1
5311	795	1
5311	1396	1
5311	531	1
5312	2383	1
5312	1649	1
5312	897	1
5312	1744	1
5312	1660	1
5312	2740	1
5313	2383	1
5313	2741	1
5314	384	1
5315	849	1
5315	2675	1
5316	2675	1
5316	384	1
5317	531	1
5317	2741	1
5317	2675	1
5318	74	1
5318	2383	1
5318	825	1
5318	2546	1
5318	2741	1
5318	2675	1
5318	2089	1
5318	748	1
5319	1116	1
5319	2417	1
5319	2741	1
5320	2383	1
5320	2952	1
5320	1660	1
5321	840	1
5321	2675	1
5322	2383	1
5322	531	1
5322	2741	1
5323	2383	1
5323	2675	1
5324	1116	1
5324	531	1
5325	1116	1
5325	2383	1
5325	2675	1
5326	849	1
5326	2469	1
5326	531	1
5326	2741	1
5327	270	1
5327	2549	1
5327	1314	1
5327	2756	1
5327	1366	1
5327	111	1
5327	2469	1
5327	1445	1
5327	1021	1
5327	2864	1
5327	1315	1
5327	2383	1
5327	942	1
5327	1818	1
5327	2952	1
5327	2238	1
5327	840	1
5327	1203	1
5327	2622	1
5327	123	1
5327	1095	1
5327	2695	1
5327	1660	1
5327	1033	1
5327	1820	1
5327	531	1
5327	2030	1
5327	2158	1
5327	2273	1
5327	345	1
5327	407	1
5327	1381	1
5327	2675	1
5327	1910	1
5328	1542	1
5328	1396	1
5328	531	1
5328	2507	1
5328	2077	1
5329	2550	1
5329	2675	1
5330	2550	1
5331	2707	1
5332	2550	1
5332	2675	1
5333	2550	1
5334	2550	1
5335	2550	1
5336	720	1
5336	2707	1
5336	1033	1
5337	2707	1
5337	652	1
5337	2593	1
5337	2675	1
5338	2707	1
5339	2707	1
5340	1224	1
5340	2	1
5340	2222	1
5340	1772	1
5340	25	1
5340	2995	1
5340	2857	1
5340	18	1
5340	1143	1
5341	2707	1
5341	652	1
5341	1900	1
5341	2921	1
5341	2675	1
5342	2707	1
5342	2469	1
5342	652	1
5342	2393	1
5342	942	1
5342	840	1
5342	2273	1
5342	2675	1
5343	2675	1
5344	2675	1
5345	2707	1
5346	2675	1
5347	2675	1
5348	2707	1
5349	2707	1
5350	2707	1
5351	2707	1
5352	652	1
5352	1900	1
5352	2921	1
5352	2675	1
5353	2675	1
5354	1900	1
5354	2593	1
5354	2921	1
5355	2215	1
5355	2549	1
5355	652	1
5355	2675	1
5356	2675	1
5357	2215	1
5357	2549	1
5357	2707	1
5357	185	1
5357	2469	1
5357	2832	1
5357	2383	1
5357	1943	1
5357	1018	1
5357	2550	1
5357	2593	1
5357	2622	1
5357	2416	1
5357	1660	1
5357	531	1
5357	2273	1
5357	2675	1
5358	2675	1
5359	2707	1
5360	2707	1
5361	2549	1
5361	2707	1
5361	2067	1
5361	2469	1
5361	652	1
5361	2593	1
5361	2740	1
5361	2675	1
5362	2707	1
5362	2593	1
5362	2921	1
5362	2675	1
5363	652	1
5363	2740	1
5363	2675	1
5364	2707	1
5364	840	1
5364	384	1
5365	2740	1
5365	2675	1
5366	2707	1
5367	2707	1
5368	2215	1
5368	652	1
5368	1649	1
5368	1770	1
5368	795	1
5368	1674	1
5368	1660	1
5368	2921	1
5368	2740	1
5368	2675	1
5369	1974	1
5369	2215	1
5369	2549	1
5369	2401	1
5369	1373	1
5369	1904	1
5369	531	1
5369	2802	1
5369	2675	1
5369	384	1
5370	2046	1
5371	2707	1
5372	2707	1
5373	2707	1
5374	2707	1
5375	2707	1
5376	2707	1
5377	2707	1
5378	2707	1
5379	2707	1
5380	2707	1
5381	2707	1
5382	2707	1
5383	2707	1
5384	2707	1
5385	1974	1
5386	2707	1
5387	1974	1
5387	2469	1
5387	2194	1
5388	1974	1
5389	2707	1
5389	2921	1
5390	2707	1
5391	2707	1
5392	2675	1
5393	2550	1
5393	2593	1
5393	2416	1
5393	2740	1
5393	2675	1
5394	2707	1
5394	2593	1
5394	2416	1
5394	2740	1
5395	2707	1
5396	2707	1
5397	2707	1
5398	2707	1
5399	2707	1
5399	2593	1
5399	2416	1
5399	2740	1
5400	2675	1
5401	2707	1
5402	2707	1
5402	2593	1
5402	2416	1
5402	2740	1
5403	2707	1
5404	2707	1
5405	2707	1
5405	2593	1
5405	2416	1
5405	2740	1
5406	1660	1
5406	2675	1
5407	2707	1
5408	2469	1
5408	652	1
5408	1660	1
5408	2675	1
5409	2707	1
5410	2707	1
5411	2707	1
5412	2707	1
5413	2707	1
5414	2707	1
5415	2707	1
5416	2707	1
5417	2707	1
5418	2707	1
5419	2593	1
5420	2707	1
5421	2707	1
5422	2707	1
5423	2707	1
5423	25	1
5423	2675	1
5424	2707	1
5425	2707	1
5426	2707	1
5426	2740	1
5427	2707	1
5427	2740	1
5428	2707	1
5429	2707	1
5429	748	1
5430	2707	1
5431	2707	1
5432	2707	1
5432	25	1
5433	2707	1
5434	2707	1
5435	2707	1
5436	2707	1
5437	2707	1
5437	2740	1
5438	2707	1
5439	2707	1
5439	2740	1
5440	2707	1
5440	2740	1
5441	2740	1
5442	2194	1
5443	2707	1
5444	840	1
5444	2675	1
5445	25	1
5445	59	1
5445	2675	1
5446	2549	1
5446	185	1
5446	840	1
5446	2675	1
5447	2675	1
5448	2675	1
5449	2707	1
5449	2675	1
5450	2549	1
5450	25	1
5450	840	1
5450	2675	1
5451	2549	1
5451	25	1
5451	840	1
5451	2675	1
5452	2675	1
5453	25	1
5453	840	1
5453	2675	1
5454	2549	1
5454	840	1
5454	2675	1
5455	2675	1
5456	2675	1
5457	2707	1
5458	2046	1
5459	2707	1
5460	2707	1
5461	2707	1
5462	2587	1
5462	1359	1
5462	1320	1
5462	1968	1
5462	2550	1
5462	2593	1
5462	700	1
5462	2825	1
5462	2413	1
5462	1660	1
5462	2802	1
5462	665	1
5462	2740	1
5463	3031	1
5463	1885	1
5463	2707	1
5463	652	1
5463	1188	1
5463	2804	1
5463	1332	1
5463	1255	1
5463	1622	1
5463	1968	1
5463	2550	1
5463	910	1
5463	2416	1
5463	1976	1
5463	1660	1
5463	1446	1
5463	1422	1
5463	2802	1
5464	2707	1
5464	652	1
5464	1165	1
5464	1622	1
5464	1976	1
5464	2675	1
5465	2215	1
5465	270	1
5465	2549	1
5465	2832	1
5465	652	1
5465	1165	1
5465	1830	1
5465	2864	1
5465	25	1
5465	1255	1
5465	161	1
5465	1622	1
5465	1968	1
5465	2593	1
5465	700	1
5465	1708	1
5465	2760	1
5465	2740	1
5465	357	1
5466	2707	1
5467	2707	1
5467	840	1
5468	2707	1
5469	2707	1
5470	2707	1
5471	2707	1
5472	2707	1
5473	2707	1
5474	2707	1
5475	2707	1
5476	2707	1
5477	840	1
5478	2707	1
5479	2707	1
5479	2740	1
5480	2707	1
5481	2707	1
5482	2707	1
5483	2707	1
5483	840	1
5484	2707	1
5485	2707	1
5486	2707	1
5486	2675	1
5487	2707	1
5488	2707	1
5489	2921	1
5489	2740	1
5490	2740	1
5491	2707	1
5491	2417	1
5491	2740	1
5492	2707	1
5492	2921	1
5492	2740	1
5493	2707	1
5493	2740	1
5494	1165	1
5494	2804	1
5494	741	1
5495	2587	1
5495	2549	1
5495	2707	1
5495	1204	1
5495	2832	1
5495	652	1
5495	942	1
5495	2804	1
5495	1332	1
5495	1126	1
5495	2593	1
5495	2416	1
5495	2921	1
5495	1422	1
5495	2273	1
5495	1979	1
5495	1903	1
5495	2741	1
5495	2740	1
5495	384	1
5496	2707	1
5496	2417	1
5496	2740	1
5496	2675	1
5497	720	1
5497	2707	1
5497	840	1
5497	2740	1
5498	2707	1
5498	2550	1
5498	2921	1
5499	2707	1
5499	1165	1
5499	2593	1
5499	2416	1
5499	2921	1
5500	2707	1
5500	2921	1
5500	2740	1
5501	2707	1
5501	2921	1
5501	2740	1
5502	2707	1
5502	2921	1
5502	2740	1
5503	2707	1
5503	2921	1
5504	2707	1
5504	2921	1
5504	2740	1
5505	2707	1
5505	2550	1
5505	2921	1
5506	2707	1
5506	2550	1
5506	2921	1
5507	2707	1
5507	2740	1
5508	2707	1
5508	2550	1
5508	2593	1
5509	2921	1
5509	2740	1
5510	2707	1
5510	2550	1
5510	2921	1
5511	1165	1
5511	2593	1
5511	2921	1
5511	2675	1
5512	2707	1
5512	2921	1
5512	2740	1
5513	720	1
5513	271	1
5513	840	1
5514	2675	1
5515	2707	1
5516	2675	1
5517	185	1
5517	840	1
5517	2675	1
5518	2707	1
5519	1974	1
5520	2707	1
5520	25	1
5520	2740	1
5520	2675	1
5521	2675	1
5522	2740	1
5522	2675	1
5522	384	1
5523	2707	1
5523	1770	1
5523	2740	1
5524	2707	1
5524	2740	1
5524	2675	1
5525	2707	1
5526	2707	1
5527	2675	1
5528	25	1
5528	2675	1
5529	25	1
5529	1770	1
5529	2675	1
5530	2707	1
5531	185	1
5531	2469	1
5531	2675	1
5532	815	1
5532	2549	1
5532	2707	1
5532	185	1
5532	1660	1
5532	384	1
5533	185	1
5533	2469	1
5534	2675	1
5534	384	1
5535	2549	1
5535	2707	1
5536	2707	1
5536	2921	1
5537	2707	1
5537	2921	1
5538	2921	1
5539	2707	1
5540	2707	1
5541	2707	1
5541	2921	1
5542	2707	1
5543	2707	1
5543	2921	1
5544	2707	1
5544	2921	1
5545	2707	1
5546	2707	1
5546	2921	1
5547	2707	1
5547	2921	1
5548	2707	1
5548	2416	1
5548	2921	1
5549	2707	1
5550	2707	1
5550	2921	1
5551	2921	1
5552	2707	1
5553	2707	1
5553	2921	1
5554	2707	1
5555	2707	1
5556	2707	1
5556	2921	1
5557	2707	1
5558	2707	1
5558	2921	1
5559	2707	1
5559	2921	1
5560	2707	1
5560	2921	1
5561	2707	1
5561	2921	1
5562	2707	1
5563	2707	1
5563	2921	1
5564	2707	1
5565	2707	1
5565	2921	1
5566	2707	1
5567	2707	1
5568	2707	1
5568	2921	1
5569	2707	1
5569	2921	1
5570	2707	1
5571	2707	1
5571	2921	1
5572	2549	1
5572	2707	1
5572	2921	1
5573	2707	1
5573	2921	1
5574	2707	1
5575	2707	1
5576	2707	1
5577	2707	1
5578	2046	1
5578	2707	1
5578	2921	1
5578	2675	1
5579	2707	1
5579	2921	1
5580	2707	1
5580	2921	1
5581	2707	1
5581	2921	1
5582	2707	1
5583	2707	1
5584	2707	1
5585	2707	1
5585	2921	1
5586	2707	1
5586	2921	1
5587	2707	1
5588	2707	1
5589	2707	1
5589	2921	1
5590	2707	1
5590	2921	1
5591	2707	1
5592	2707	1
5592	2921	1
5593	2707	1
5593	2921	1
5594	2707	1
5594	2921	1
5595	2707	1
5596	2707	1
5596	2921	1
5597	2921	1
5598	2707	1
5598	2921	1
5599	2707	1
5599	2921	1
5600	2707	1
5601	2707	1
5602	2707	1
5602	2921	1
5603	2740	1
5603	2675	1
5604	2707	1
5604	1165	1
5604	700	1
5604	2741	1
5604	2675	1
5605	1116	1
5605	720	1
5605	2707	1
5605	185	1
5605	1224	1
5605	2628	1
5605	2675	1
5605	384	1
5606	1116	1
5606	720	1
5606	2741	1
5606	2675	1
5606	384	1
5607	720	1
5607	185	1
5607	840	1
5607	1979	1
5607	2740	1
5608	840	1
5608	2740	1
5609	840	1
5609	2740	1
5610	2740	1
5610	2675	1
5611	720	1
5611	2707	1
5611	185	1
5611	2469	1
5611	1772	1
5611	735	1
5611	942	1
5611	2804	1
5611	2628	1
5611	2550	1
5611	2593	1
5611	29	1
5611	2741	1
5611	2740	1
5611	2675	1
5611	2302	1
5611	1480	1
5612	2707	1
5613	2707	1
5614	2740	1
5615	2675	1
5616	2707	1
5616	2741	1
5617	185	1
5617	2469	1
5617	2675	1
5618	652	1
5618	2124	1
5618	2675	1
5619	185	1
5619	1660	1
5619	2675	1
5620	437	1
5620	2707	1
5621	840	1
5621	2675	1
5622	652	1
5622	2675	1
5623	2469	1
5623	652	1
5623	2124	1
5623	825	1
5623	2675	1
5624	825	1
5624	1903	1
5624	2675	1
5624	748	1
5625	2675	1
5626	2469	1
5626	1770	1
5626	840	1
5626	1303	1
5626	897	1
5626	2675	1
5627	2469	1
5627	1847	1
5627	825	1
5627	840	1
5627	897	1
5627	1660	1
5628	2469	1
5628	1165	1
5628	942	1
5628	2417	1
5628	2889	1
5629	942	1
5629	840	1
5629	2995	1
5629	2417	1
5629	2889	1
5630	720	1
5630	2469	1
5630	840	1
5631	1897	1
5631	2469	1
5631	2675	1
5632	2675	1
5633	2675	1
5634	840	1
5634	2675	1
5635	476	1
5635	849	1
5635	2549	1
5635	1847	1
5635	840	1
5635	2995	1
5635	1660	1
5635	2675	1
5635	2302	1
5636	2675	1
5637	2707	1
5638	2675	1
5639	652	1
5639	2675	1
5640	720	1
5640	2675	1
5641	1086	1
5641	720	1
5641	185	1
5641	2469	1
5641	1772	1
5641	942	1
5641	1649	1
5641	2952	1
5641	1660	1
5641	531	1
5641	2273	1
5642	2469	1
5642	840	1
5642	2675	1
5643	347	1
5643	1897	1
5643	2707	1
5643	111	1
5643	2469	1
5643	2952	1
5643	840	1
5643	2675	1
5643	384	1
5644	185	1
5644	2469	1
5644	840	1
5644	2675	1
5645	1086	1
5645	185	1
5645	2469	1
5645	942	1
5645	2163	1
5645	2273	1
5645	2741	1
5645	748	1
5646	2675	1
5647	2384	1
5647	2512	1
5647	85	1
5647	537	1
5647	720	1
5647	2123	1
5647	1575	1
5647	1843	1
5647	2794	1
5647	270	1
5647	2549	1
5647	111	1
5647	1072	1
5647	1465	1
5647	2053	1
5647	1773	1
5647	2227	1
5647	1772	1
5647	2967	1
5647	2843	1
5647	1830	1
5647	2091	1
5647	547	1
5647	1957	1
5647	2371	1
5647	459	1
5647	1370	1
5647	2295	1
5647	25	1
5647	616	1
5647	2267	1
5647	2163	1
5647	1498	1
5647	607	1
5647	2444	1
5647	729	1
5647	829	1
5647	1522	1
5647	1303	1
5647	2874	1
5647	809	1
5647	644	1
5647	2194	1
5647	3013	1
5647	1553	1
5647	1798	1
5647	2582	1
5647	557	1
5647	2368	1
5647	531	1
5647	2900	1
5647	2335	1
5647	893	1
5647	2760	1
5647	588	1
5647	2818	1
5647	1860	1
5647	357	1
5647	1727	1
5648	185	1
5648	840	1
5648	2675	1
5648	384	1
5649	2675	1
5650	2675	1
5651	1766	1
5651	25	1
5651	616	1
5651	1660	1
5651	329	1
5652	2846	1
5652	1483	1
5652	2163	1
5652	1251	1
5652	2194	1
5652	432	1
5652	1660	1
5652	531	1
5652	2335	1
5652	976	1
5652	2760	1
5652	2675	1
5653	1086	1
5653	1897	1
5653	2469	1
5653	1772	1
5653	942	1
5653	2163	1
5653	1660	1
5653	2273	1
5654	111	1
5654	1766	1
5654	616	1
5654	2995	1
5654	329	1
5654	33	1
5655	849	1
5655	377	1
5655	689	1
5655	347	1
5655	437	1
5655	1575	1
5655	1843	1
5655	1897	1
5655	270	1
5655	2549	1
5655	111	1
5655	885	1
5655	2469	1
5655	1847	1
5655	183	1
5655	1830	1
5655	2124	1
5655	2910	1
5655	1957	1
5655	2837	1
5655	616	1
5655	1887	1
5655	2163	1
5655	1297	1
5655	2942	1
5655	1142	1
5655	1521	1
5655	467	1
5655	901	1
5655	1842	1
5655	809	1
5655	2995	1
5655	2051	1
5655	2650	1
5655	2194	1
5655	432	1
5655	738	1
5655	2368	1
5655	283	1
5655	531	1
5655	2900	1
5655	329	1
5655	2417	1
5655	2760	1
5655	2459	1
5655	2818	1
5655	1936	1
5655	1480	1
5656	111	1
5656	2628	1
5656	2995	1
5656	1660	1
5656	2675	1
5657	1772	1
5657	840	1
5657	2675	1
5658	1974	1
5658	347	1
5658	1086	1
5658	720	1
5658	1897	1
5658	2549	1
5658	2756	1
5658	111	1
5658	185	1
5658	2469	1
5658	1847	1
5658	616	1
5658	1770	1
5658	840	1
5658	897	1
5658	2628	1
5658	809	1
5658	2210	1
5658	20	1
5658	2273	1
5658	2741	1
5658	2675	1
5658	748	1
5659	185	1
5659	2469	1
5659	1770	1
5659	1660	1
5659	2675	1
5660	185	1
5660	840	1
5660	1660	1
5661	1770	1
5661	840	1
5661	2675	1
5662	840	1
5662	2675	1
5663	185	1
5663	2675	1
5664	185	1
5664	840	1
5664	2675	1
5664	384	1
5665	840	1
5665	2675	1
5666	2675	1
5667	2675	1
5668	2163	1
5668	2741	1
5668	748	1
5669	25	1
5669	1770	1
5669	384	1
5670	1897	1
5670	2469	1
5670	840	1
5670	2675	1
5671	2384	1
5671	1086	1
5671	2215	1
5671	437	1
5671	1897	1
5671	2549	1
5671	2469	1
5671	1830	1
5671	2864	1
5671	942	1
5671	25	1
5671	1770	1
5671	1674	1
5671	1396	1
5671	738	1
5671	2368	1
5671	1660	1
5671	20	1
5671	2273	1
5671	2741	1
5671	2675	1
5672	849	1
5672	1779	1
5672	1702	1
5672	1897	1
5672	2549	1
5672	185	1
5672	1772	1
5672	2124	1
5672	942	1
5672	840	1
5672	2628	1
5672	1660	1
5672	2273	1
5672	2675	1
5673	270	1
5673	2707	1
5673	185	1
5674	437	1
5674	270	1
5674	2999	1
5674	2194	1
5674	2368	1
5675	2469	1
5675	2675	1
5676	2469	1
5676	840	1
5676	1660	1
5677	2675	1
5678	1897	1
5678	2549	1
5678	2707	1
5678	2469	1
5678	1772	1
5678	25	1
5678	2952	1
5678	1770	1
5678	2163	1
5678	1018	1
5678	1795	1
5678	1660	1
5678	2741	1
5678	384	1
5678	2385	1
5678	1336	1
5679	347	1
5679	1843	1
5679	270	1
5679	2393	1
5679	271	1
5679	1830	1
5679	25	1
5679	2163	1
5679	557	1
5679	2368	1
5679	976	1
5680	476	1
5680	270	1
5680	1830	1
5680	25	1
5680	1184	1
5680	1396	1
5680	1091	1
5680	2741	1
5680	748	1
5681	476	1
5681	347	1
5681	2215	1
5681	963	1
5681	1897	1
5681	270	1
5681	2707	1
5681	111	1
5681	185	1
5681	2469	1
5681	1772	1
5681	1711	1
5681	2867	1
5681	547	1
5681	1649	1
5681	1943	1
5681	25	1
5681	616	1
5681	169	1
5681	825	1
5681	2163	1
5681	2999	1
5681	48	1
5681	840	1
5681	1968	1
5681	2628	1
5681	2550	1
5681	2995	1
5681	1396	1
5681	1660	1
5681	20	1
5681	1066	1
5681	2104	1
5681	2675	1
5681	748	1
5682	270	1
5682	111	1
5682	271	1
5682	840	1
5682	384	1
5683	2741	1
5684	1897	1
5684	1772	1
5684	942	1
5684	25	1
5684	1660	1
5684	2273	1
5684	2675	1
5685	849	1
5685	689	1
5685	347	1
5685	720	1
5685	2196	1
5685	1559	1
5685	270	1
5685	185	1
5685	2469	1
5685	1729	1
5685	1830	1
5685	25	1
5685	2952	1
5685	1177	1
5685	2358	1
5685	732	1
5685	840	1
5685	1521	1
5685	1680	1
5685	897	1
5685	2653	1
5685	1733	1
5685	59	1
5685	184	1
5685	2273	1
5685	1653	1
5685	2741	1
5685	2675	1
5685	2089	1
5686	840	1
5686	1660	1
5686	2675	1
5687	2675	1
5687	384	1
5688	840	1
5688	2675	1
5688	384	1
5689	1396	1
5689	2741	1
5689	384	1
5690	2675	1
5691	2163	1
5691	2741	1
5691	748	1
5692	1897	1
5692	185	1
5692	2469	1
5692	1772	1
5692	942	1
5692	1660	1
5692	2273	1
5693	2163	1
5693	557	1
5693	2741	1
5693	748	1
5694	2707	1
5695	2707	1
5695	2921	1
5696	185	1
5696	840	1
5696	2675	1
5696	384	1
5697	1116	1
5697	2741	1
5698	1770	1
5698	897	1
5698	2628	1
5698	742	1
5698	2741	1
5698	2740	1
5699	825	1
5699	879	1
5699	638	1
5700	2332	1
5700	537	1
5700	720	1
5700	2355	1
5700	270	1
5700	2549	1
5700	1224	1
5700	328	1
5700	2393	1
5700	2222	1
5700	578	1
5700	1450	1
5700	840	1
5700	2995	1
5700	1203	1
5700	2058	1
5700	2857	1
5700	1475	1
5700	1219	1
5701	2469	1
5701	2383	1
5701	2952	1
5701	840	1
5701	1033	1
5701	2675	1
5702	2469	1
5702	2952	1
5702	840	1
5702	1660	1
5702	1033	1
5702	1625	1
5703	2383	1
5703	1660	1
5703	66	1
5703	2768	1
5703	2675	1
5704	2618	1
5704	2469	1
5704	2383	1
5704	66	1
5704	2675	1
5705	2215	1
5705	2383	1
5705	2952	1
5705	1660	1
5705	1033	1
5705	66	1
5706	2707	1
5707	2740	1
5708	1116	1
5709	2675	1
5710	2707	1
5711	2707	1
5712	840	1
5713	2707	1
5714	2707	1
5715	840	1
5715	2675	1
5716	1116	1
5716	2741	1
5717	556	1
5717	840	1
5717	531	1
5718	2707	1
5719	2707	1
5719	556	1
5719	840	1
5719	307	1
5720	2707	1
5721	1116	1
5721	2707	1
5721	185	1
5721	840	1
5722	1116	1
5722	2707	1
5722	840	1
5723	2707	1
5724	2707	1
5725	2707	1
5725	185	1
5725	556	1
5726	1116	1
5727	2707	1
5727	1770	1
5728	2707	1
5728	518	1
5728	2741	1
5729	720	1
5729	840	1
5729	2089	1
5730	720	1
5730	840	1
5730	2628	1
5731	849	1
5731	270	1
5731	111	1
5731	2628	1
5732	2707	1
5732	1968	1
5732	2628	1
5733	849	1
5733	211	1
5733	2707	1
5733	111	1
5733	25	1
5733	1781	1
5733	840	1
5733	2628	1
5733	2194	1
5733	1382	1
5733	2675	1
5734	2707	1
5735	1770	1
5735	2628	1
5735	748	1
5736	2707	1
5737	1303	1
5737	1660	1
5737	531	1
5738	689	1
5738	2707	1
5738	25	1
5739	2707	1
5740	2707	1
5741	2707	1
5742	2707	1
5742	25	1
5742	1660	1
5742	531	1
5743	2707	1
5743	25	1
5743	2740	1
5744	2707	1
5745	2707	1
5746	2707	1
5747	2675	1
5748	1778	1
5749	67	1
5749	2381	1
5749	1086	1
5749	1116	1
5749	1275	1
5749	486	1
5749	2469	1
5749	2530	1
5749	1778	1
5749	1278	1
5749	578	1
5749	2383	1
5749	942	1
5749	1818	1
5749	1322	1
5749	1770	1
5749	1196	1
5749	48	1
5749	509	1
5749	1744	1
5749	1814	1
5749	260	1
5749	1660	1
5749	1424	1
5749	125	1
5749	2784	1
5749	893	1
5749	2434	1
5749	2077	1
5749	683	1
5749	2768	1
5749	2186	1
5749	1727	1
5750	67	1
5750	1778	1
5750	1138	1
5750	2622	1
5751	2384	1
5751	1275	1
5751	2251	1
5751	2549	1
5751	486	1
5751	2469	1
5751	2599	1
5751	2148	1
5751	278	1
5751	1778	1
5751	1689	1
5751	74	1
5751	578	1
5751	2383	1
5751	3004	1
5751	2366	1
5751	1818	1
5751	843	1
5751	2012	1
5751	1322	1
5751	795	1
5751	2287	1
5751	2907	1
5751	1138	1
5751	1744	1
5751	1970	1
5751	260	1
5751	2565	1
5751	1734	1
5751	1396	1
5751	2428	1
5751	531	1
5751	1614	1
5751	2327	1
5751	243	1
5751	893	1
5751	536	1
5751	1986	1
5751	2142	1
5751	1727	1
5752	67	1
5752	1778	1
5752	1138	1
5752	1814	1
5752	1660	1
5752	384	1
5752	1515	1
5753	67	1
5753	2384	1
5753	1897	1
5753	1778	1
5753	2622	1
5753	1660	1
5753	66	1
5753	1515	1
5754	1778	1
5754	2622	1
5754	1814	1
5754	531	1
5754	1614	1
5755	1116	1
5756	2384	1
5756	2618	1
5756	48	1
5756	1138	1
5756	2622	1
5757	1846	1
5757	2549	1
5757	2469	1
5757	942	1
5757	2952	1
5757	2761	1
5757	2600	1
5757	2273	1
5757	683	1
5758	67	1
5758	795	1
5758	2622	1
5758	531	1
5759	2622	1
5759	2028	1
5759	2077	1
5759	2675	1
5760	1086	1
5760	840	1
5760	1660	1
5760	125	1
5760	1244	1
5760	2675	1
5761	2469	1
5761	1660	1
5761	531	1
5761	1244	1
5761	2675	1
5762	2675	1
5763	2675	1
5764	2622	1
5764	531	1
5764	2675	1
5765	2675	1
5765	384	1
5766	2675	1
5766	384	1
5767	1116	1
5767	531	1
5767	2675	1
5767	384	1
5768	1116	1
5768	531	1
5768	2675	1
5768	384	1
5769	67	1
5769	1116	1
5769	1138	1
5769	1660	1
5769	893	1
5770	1778	1
5770	713	1
5770	2675	1
5771	1116	1
5771	531	1
5772	2554	1
5772	1897	1
5772	2469	1
5772	1772	1
5772	2410	1
5772	125	1
5772	531	1
5772	1695	1
5773	2383	1
5773	1744	1
5773	2622	1
5773	1660	1
5773	531	1
5773	2273	1
5774	67	1
5774	1846	1
5774	2298	1
5774	2448	1
5774	1698	1
5774	918	1
5774	2549	1
5774	486	1
5774	2469	1
5774	2970	1
5774	2649	1
5774	80	1
5774	1778	1
5774	762	1
5774	2383	1
5774	489	1
5774	957	1
5774	2916	1
5774	942	1
5774	3000	1
5774	1649	1
5774	2952	1
5774	151	1
5774	1196	1
5774	48	1
5774	840	1
5774	1138	1
5774	1203	1
5774	1744	1
5774	2974	1
5774	2372	1
5774	1184	1
5774	2132	1
5774	1660	1
5774	2600	1
5774	2784	1
5774	682	1
5774	2273	1
5774	2760	1
5774	2866	1
5774	2594	1
5774	683	1
5774	1393	1
5774	2120	1
5775	1116	1
5775	897	1
5776	1116	1
5776	2618	1
5776	897	1
5776	2120	1
5777	1116	1
5777	2618	1
5777	2675	1
5778	878	1
5778	1138	1
5778	2622	1
5778	531	1
5778	2675	1
5779	1116	1
5779	2618	1
5779	531	1
5780	1116	1
5780	2618	1
5781	1116	1
5781	2618	1
5781	531	1
5782	1116	1
5782	531	1
5783	1116	1
5783	2675	1
5784	1224	1
5784	2622	1
5784	1660	1
5784	531	1
5784	2817	1
5785	1116	1
5786	897	1
5786	2120	1
5787	1116	1
5787	897	1
5787	2675	1
5788	897	1
5789	1116	1
5790	1116	1
5791	1116	1
5792	1116	1
5793	1116	1
5794	1116	1
5795	2675	1
5796	1116	1
5796	2952	1
5796	2628	1
5796	2622	1
5796	531	1
5796	2675	1
5796	384	1
5797	897	1
5797	2628	1
5797	1660	1
5797	2675	1
5797	384	1
5798	2618	1
5798	2251	1
5798	1138	1
5798	2622	1
5798	531	1
5798	2327	1
5799	1286	1
5799	2383	1
5799	1586	1
5799	261	1
5799	517	1
5799	1770	1
5799	1635	1
5799	514	1
5799	1744	1
5799	531	1
5799	1244	1
5799	298	1
5800	2675	1
5801	1116	1
5801	66	1
5801	2675	1
5802	67	1
5802	1116	1
5802	2622	1
5803	1116	1
5803	2675	1
5804	1116	1
5805	2130	1
5805	1086	1
5805	1116	1
5805	2469	1
5805	2071	1
5805	2867	1
5805	1666	1
5805	948	1
5805	795	1
5805	1018	1
5805	1303	1
5805	1744	1
5805	2320	1
5805	1396	1
5805	1660	1
5805	725	1
5805	2675	1
5805	384	1
5805	1947	1
5805	748	1
5806	2554	1
5806	2675	1
5806	384	1
5807	435	1
5807	1814	1
5807	2675	1
5808	768	1
5808	2985	1
5808	1275	1
5808	2469	1
5808	2148	1
5808	1223	1
5808	319	1
5808	1175	1
5808	578	1
5808	1848	1
5808	1081	1
5808	1196	1
5808	1138	1
5808	2622	1
5808	1289	1
5808	1184	1
5808	1536	1
5808	1069	1
5808	702	1
5808	893	1
5808	536	1
5808	1643	1
5808	2434	1
5808	2478	1
5808	1381	1
5808	1397	1
5808	2186	1
5808	1727	1
5809	1846	1
5809	1275	1
5809	1223	1
5809	2383	1
5809	2276	1
5809	48	1
5809	1138	1
5809	2239	1
5809	819	1
5809	287	1
5809	260	1
5809	2213	1
5809	1614	1
5809	2507	1
5809	2028	1
5809	2273	1
5809	1727	1
5810	2440	1
5810	2383	1
5810	1814	1
5810	531	1
5810	49	1
5811	2675	1
5812	2828	1
5812	1778	1
5812	957	1
5812	1649	1
5812	48	1
5812	1138	1
5812	531	1
5812	1727	1
5813	2707	1
5814	2707	1
5815	1778	1
5816	384	1
5817	2707	1
5817	2740	1
5818	2046	1
5819	2740	1
5820	2740	1
5821	2740	1
5822	652	1
5822	2740	1
5822	2675	1
5822	384	1
5823	2740	1
5823	2675	1
5823	384	1
5824	384	1
5825	2740	1
5825	2675	1
5826	2707	1
5826	2740	1
5826	384	1
5827	1018	1
5827	1660	1
5828	2740	1
5829	2740	1
5829	2675	1
5829	384	1
5830	2740	1
5831	2549	1
5831	2707	1
5832	2707	1
5832	1660	1
5832	2675	1
5833	2740	1
5834	2740	1
5835	2707	1
5836	2707	1
5836	2740	1
5837	2707	1
5837	1660	1
5837	2802	1
5837	2675	1
5838	2707	1
5839	2740	1
5840	1018	1
5841	2740	1
5842	652	1
5842	2740	1
5842	2675	1
5842	384	1
5843	652	1
5844	2740	1
5844	384	1
5845	2740	1
5846	1018	1
5847	652	1
5847	531	1
5848	2549	1
5848	2707	1
5848	25	1
5848	1660	1
5848	2417	1
5848	2675	1
5849	384	1
5850	2707	1
5851	67	1
5851	1778	1
5851	2383	1
5851	1138	1
5851	2622	1
5852	249	1
5852	1778	1
5853	2707	1
5854	2740	1
5855	2741	1
5856	2469	1
5856	1666	1
5856	1303	1
5856	1660	1
5856	125	1
5856	384	1
5857	2740	1
5858	1660	1
5858	2675	1
5859	2401	1
5859	2952	1
5859	1303	1
5859	2675	1
5860	652	1
5860	2675	1
5861	2675	1
5862	2740	1
5863	384	1
5864	67	1
5864	1649	1
5864	25	1
5864	795	1
5864	2622	1
5864	20	1
5864	2675	1
5864	268	1
5865	2549	1
5865	652	1
5865	1660	1
5865	2675	1
5866	1649	1
5866	2740	1
5867	384	1
5868	2549	1
5868	2707	1
5868	2675	1
5869	2707	1
5869	652	1
5869	2675	1
5870	2675	1
5871	2675	1
5872	1018	1
5872	2675	1
5872	384	1
5873	2707	1
5873	1660	1
5873	384	1
5874	2549	1
5874	2707	1
5874	1018	1
5875	384	1
5876	2124	1
5876	1744	1
5876	2675	1
5877	384	1
5878	2707	1
5878	384	1
5879	2707	1
5879	2741	1
5880	652	1
5880	2675	1
5881	2707	1
5882	2707	1
5883	2707	1
5883	2550	1
5883	2675	1
5884	2707	1
5884	25	1
5884	1537	1
5884	2952	1
5884	2804	1
5884	2740	1
5885	652	1
5885	2675	1
5886	2707	1
5886	2740	1
5887	1660	1
5887	2675	1
5888	2417	1
5889	1770	1
5890	652	1
5890	2675	1
5890	384	1
5891	652	1
5891	1303	1
5891	1660	1
5892	1396	1
5892	2675	1
5892	384	1
5893	384	1
5894	384	1
5895	2707	1
5895	652	1
5895	1018	1
5895	2550	1
5895	1396	1
5895	2740	1
5895	384	1
5896	2675	1
5897	384	1
5898	1116	1
5898	897	1
5898	1660	1
5898	384	1
5899	2675	1
5900	384	1
5901	652	1
5901	1660	1
5902	1018	1
5902	1660	1
5902	2740	1
5902	2675	1
5902	384	1
5903	2675	1
5904	384	1
5905	879	1
5905	638	1
5906	2549	1
5906	578	1
5906	25	1
5906	1770	1
5906	1303	1
5906	897	1
5906	2628	1
5906	2995	1
5906	1396	1
5906	1660	1
5906	531	1
5906	460	1
5906	2558	1
5906	638	1
5906	384	1
5907	2549	1
5907	384	1
5908	2675	1
5909	1660	1
5909	2740	1
5910	1660	1
5910	2675	1
5911	384	1
5912	384	1
5913	2707	1
5914	384	1
5915	652	1
5915	1303	1
5915	2675	1
5915	384	1
5916	2707	1
5916	531	1
5917	384	1
5918	652	1
5918	1674	1
5919	2707	1
5919	2740	1
5920	1116	1
5920	1897	1
5920	2383	1
5920	936	1
5920	840	1
5920	1744	1
5920	384	1
5921	384	1
5922	384	1
5923	384	1
5924	2675	1
5924	384	1
5925	384	1
5926	2707	1
5926	2864	1
5927	2550	1
5928	2707	1
5929	2707	1
5930	2707	1
5930	1033	1
5930	531	1
5931	652	1
5932	1770	1
5932	2740	1
5932	2675	1
5933	2221	1
5934	2741	1
5935	2741	1
5935	2221	1
5936	2741	1
5936	2675	1
5937	2741	1
5938	1770	1
5938	2675	1
5939	2740	1
5940	2707	1
5940	652	1
5940	1660	1
5940	2740	1
5940	2675	1
5941	2707	1
5942	2707	1
5943	2740	1
5944	2707	1
5945	2215	1
5945	2740	1
5945	384	1
5946	2046	1
5947	2740	1
5948	2381	1
5948	720	1
5948	1224	1
5948	1378	1
5948	2393	1
5948	271	1
5948	795	1
5948	840	1
5948	531	1
5948	1219	1
5948	1573	1
5949	384	1
5950	1778	1
5951	384	1
5952	384	1
5953	310	1
5953	2864	1
5953	2881	1
5954	2417	1
5955	2675	1
5956	384	1
5957	384	1
5958	448	1
5958	25	1
5958	2417	1
5958	1130	1
5959	1644	1
5959	2215	1
5959	2952	1
5959	48	1
5959	2622	1
5959	531	1
5959	1614	1
5959	2675	1
5960	2187	1
5960	2549	1
5960	2995	1
5960	340	1
5960	20	1
5961	185	1
5961	1900	1
5961	897	1
5961	579	1
5961	1660	1
5961	531	1
5961	29	1
5961	2273	1
5961	1625	1
5961	252	1
5962	1772	1
5962	579	1
5962	1660	1
5962	2273	1
5962	252	1
5963	1846	1
5963	2549	1
5963	1322	1
5963	795	1
5963	48	1
5963	2622	1
5963	1184	1
5963	1660	1
5963	1614	1
5963	2802	1
5963	2675	1
5963	2913	1
5964	669	1
5964	510	1
5964	1086	1
5964	782	1
5964	2549	1
5964	2469	1
5964	519	1
5964	1713	1
5964	652	1
5964	2383	1
5964	942	1
5964	1163	1
5964	261	1
5964	1369	1
5964	2238	1
5964	2815	1
5964	1361	1
5964	1138	1
5964	1744	1
5964	1447	1
5964	1660	1
5964	125	1
5964	531	1
5964	2273	1
5964	2077	1
5964	2561	1
5964	1727	1
5965	2549	1
5965	2864	1
5965	2952	1
5965	879	1
5965	579	1
5965	531	1
5965	2802	1
5965	2675	1
5966	2215	1
5966	1649	1
5966	1660	1
5966	1033	1
5966	2889	1
5967	1875	1
5967	2740	1
5968	1116	1
5968	2741	1
5969	1744	1
5969	2675	1
5969	384	1
5970	2628	1
5971	720	1
5971	1897	1
5971	1656	1
5971	185	1
5971	2469	1
5971	1224	1
5971	2864	1
5971	992	1
5971	1138	1
5971	2188	1
5971	1614	1
5971	2741	1
5972	372	1
5972	2469	1
5972	652	1
5972	992	1
5972	840	1
5972	2675	1
5972	307	1
5973	10	1
5974	1149	1
5974	2520	1
5974	273	1
5974	1695	1
5974	2675	1
5975	67	1
5975	476	1
5975	1897	1
5975	372	1
5975	270	1
5975	2549	1
5975	185	1
5975	1224	1
5975	836	1
5975	2829	1
5975	2864	1
5975	1412	1
5975	261	1
5975	867	1
5975	1660	1
5975	125	1
5975	531	1
5975	1614	1
5975	1219	1
5976	2618	1
5976	3025	1
5976	1772	1
5976	2383	1
5976	2501	1
5976	2628	1
5976	1396	1
5976	531	1
5976	893	1
5976	2273	1
5976	536	1
5976	2302	1
5977	67	1
5977	1608	1
5977	2077	1
5977	1727	1
5978	239	1
5978	531	1
5978	2940	1
5979	476	1
5979	2884	1
5979	1086	1
5979	2618	1
5979	938	1
5979	2549	1
5979	2677	1
5979	1138	1
5979	2426	1
5979	531	1
5979	2919	1
5979	536	1
5979	407	1
5979	2513	1
5980	2707	1
5981	1106	1
