0	1572	1
0	1585	1
0	924	1
0	414	1
0	2057	1
1	1572	1
1	1322	1
2	1322	1
2	924	1
2	1718	1
3	1322	1
3	2057	1
4	1481	1
4	1322	1
4	2057	1
5	945	1
6	2057	1
7	1572	1
7	1481	1
7	35	1
7	1365	1
7	2057	1
8	1572	1
8	1322	1
8	924	1
8	2057	1
9	1572	1
9	1481	1
9	1322	1
9	924	1
10	2057	1
11	1718	1
11	2057	1
12	2057	1
13	1572	1
13	1024	1
13	2057	1
14	1572	1
14	1322	1
14	35	1
14	1365	1
14	2057	1
15	1481	1
15	1322	1
15	924	1
15	2057	1
16	1481	1
16	1322	1
16	924	1
16	2057	1
17	1572	1
17	1322	1
17	924	1
17	2057	1
18	1585	1
18	1322	1
18	924	1
18	1771	1
19	2057	1
20	2057	1
21	2057	1
22	1322	1
22	1024	1
22	414	1
22	1718	1
22	2057	1
22	1528	1
23	1572	1
23	1481	1
23	65	1
23	924	1
23	1179	1
23	35	1
23	524	1
23	414	1
23	1551	1
23	1644	1
24	1572	1
24	1481	1
24	1322	1
24	414	1
24	1365	1
25	1572	1
25	1481	1
25	924	1
25	2057	1
26	1572	1
26	1322	1
26	924	1
26	2057	1
27	1996	1
27	1481	1
27	1177	1
27	182	1
27	1668	1
27	1066	1
27	632	1
27	65	1
27	945	1
27	924	1
27	696	1
27	1024	1
27	1718	1
27	1236	1
27	1528	1
27	1803	1
27	1192	1
28	2057	1
29	2057	1
30	1572	1
30	1585	1
30	1322	1
30	2057	1
31	1572	1
31	1322	1
31	1668	1
31	924	1
31	35	1
31	1365	1
31	2057	1
31	1528	1
32	1572	1
32	924	1
32	35	1
32	2057	1
33	1572	1
33	924	1
33	2057	1
34	944	1
35	1572	1
35	924	1
35	35	1
35	2057	1
36	35	1
36	1718	1
36	2057	1
37	1322	1
37	924	1
37	2057	1
38	1481	1
38	924	1
38	414	1
39	2057	1
40	1572	1
40	1322	1
40	414	1
41	1572	1
41	1481	1
41	35	1
41	1365	1
42	1481	1
42	924	1
42	2057	1
43	1572	1
43	1481	1
43	924	1
43	2057	1
44	1572	1
44	924	1
44	2057	1
45	1572	1
45	924	1
45	2057	1
46	1572	1
46	924	1
46	2057	1
47	1572	1
47	1322	1
47	35	1
47	2057	1
48	1572	1
48	1322	1
48	35	1
48	2057	1
49	1572	1
49	1322	1
49	35	1
49	2057	1
50	1572	1
50	1322	1
50	924	1
50	2057	1
51	1322	1
51	1165	1
51	35	1
51	1718	1
51	908	1
51	1352	1
52	1859	1
52	1718	1
52	1411	1
53	1572	1
53	1481	1
53	1534	1
53	1668	1
53	434	1
53	35	1
53	1718	1
53	908	1
54	1585	1
54	1033	1
54	1024	1
55	1572	1
55	1967	1
55	33	1
55	496	1
55	1668	1
55	659	1
55	35	1
55	892	1
55	1718	1
56	2057	1
57	1481	1
57	35	1
57	709	1
57	2057	1
58	709	1
58	2057	1
59	2057	1
60	35	1
60	709	1
60	2057	1
61	35	1
61	2057	1
62	35	1
62	2057	1
63	1585	1
63	1481	1
63	1644	1
64	35	1
64	2057	1
65	1481	1
65	35	1
65	709	1
65	2057	1
66	1585	1
66	1481	1
66	709	1
66	2057	1
67	168	1
67	1481	1
67	1424	1
67	30	1
67	1072	1
67	1668	1
67	65	1
67	80	1
67	1760	1
67	524	1
67	1718	1
67	106	1
67	1644	1
67	267	1
67	198	1
68	1137	1
68	1585	1
68	1790	1
68	930	1
68	1447	1
68	1856	1
69	1481	1
69	1668	1
70	1481	1
70	1365	1
70	2057	1
71	1137	1
71	1706	1
71	924	1
71	1718	1
71	1184	1
71	386	1
71	1856	1
72	1481	1
72	2057	1
73	2057	1
74	1572	1
74	1585	1
74	360	1
74	1481	1
74	1318	1
74	1967	1
74	2072	1
74	1866	1
74	1066	1
74	1682	1
74	1365	1
74	1660	1
74	13	1
75	1585	1
75	1481	1
75	1961	1
75	1318	1
75	702	1
75	1230	1
75	403	1
75	35	1
75	1945	1
75	1718	1
75	1332	1
75	908	1
76	1572	1
76	1585	1
76	1318	1
76	1004	1
76	30	1
76	1048	1
76	506	1
76	35	1
76	1718	1
76	1528	1
76	812	1
77	1585	1
77	1481	1
77	1318	1
77	1967	1
77	1048	1
77	2057	1
77	908	1
78	1572	1
78	240	1
78	2079	1
78	1715	1
78	65	1
78	355	1
78	1429	1
78	327	1
78	506	1
78	1718	1
78	2057	1
78	100	1
78	908	1
78	247	1
79	1572	1
79	1131	1
79	1481	1
79	1704	1
79	21	1
79	2079	1
79	865	1
79	65	1
79	1908	1
79	1364	1
79	506	1
79	1718	1
80	1572	1
80	1039	1
80	788	1
80	1033	1
80	233	1
80	1989	1
80	35	1
80	1718	1
80	501	1
80	873	1
80	1365	1
80	1528	1
80	103	1
80	888	1
81	1481	1
81	35	1
81	1718	1
81	1077	1
82	1252	1
82	1682	1
82	1718	1
82	247	1
83	1481	1
83	30	1
83	65	1
83	924	1
83	1718	1
83	873	1
83	426	1
83	2057	1
84	1572	1
84	35	1
84	1718	1
84	2057	1
85	1572	1
85	1775	1
85	1945	1
85	650	1
85	1718	1
85	1528	1
85	908	1
86	1481	1
86	1790	1
86	1364	1
86	35	1
86	1718	1
86	86	1
86	56	1
86	247	1
87	1252	1
87	1790	1
87	35	1
87	200	1
87	1718	1
87	1997	1
87	1983	1
88	2057	1
89	1481	1
89	2057	1
90	1572	1
90	1481	1
90	1252	1
90	1066	1
90	1157	1
90	1206	1
90	1682	1
90	924	1
90	1168	1
90	1718	1
90	930	1
90	1997	1
90	426	1
90	2057	1
90	66	1
90	771	1
90	1136	1
90	386	1
91	1481	1
91	2057	1
92	247	1
93	1034	1
93	1044	1
93	1141	1
93	924	1
93	35	1
93	1365	1
93	2057	1
93	267	1
94	216	1
94	1536	1
94	327	1
94	610	1
94	1718	1
94	873	1
95	21	1
95	327	1
95	35	1
95	1945	1
95	1718	1
96	1572	1
96	2046	1
96	354	1
96	33	1
96	900	1
96	2055	1
96	451	1
96	1666	1
96	689	1
96	1805	1
96	1350	1
96	35	1
96	52	1
96	696	1
96	1381	1
96	1718	1
96	591	1
96	703	1
97	1966	1
97	319	1
97	1882	1
97	722	1
97	1912	1
97	1928	1
97	958	1
97	816	1
97	2081	1
97	398	1
97	383	1
98	1585	1
98	997	1
98	1481	1
98	1718	1
98	1365	1
99	1572	1
99	997	1
99	1481	1
99	1322	1
99	35	1
99	856	1
99	1718	1
100	1572	1
100	1585	1
100	997	1
100	1718	1
100	1365	1
101	1966	1
101	1962	1
101	931	1
101	33	1
101	1132	1
101	1863	1
101	805	1
101	1102	1
101	924	1
101	958	1
101	568	1
101	1144	1
101	1945	1
101	1718	1
101	1798	1
101	398	1
101	426	1
101	383	1
101	1825	1
102	85	1
102	1559	1
102	610	1
102	555	1
103	1322	1
103	327	1
103	1718	1
103	251	1
103	2057	1
104	1322	1
104	327	1
104	709	1
104	1718	1
104	251	1
105	1322	1
105	35	1
105	709	1
105	251	1
106	35	1
106	709	1
106	1718	1
106	251	1
106	2057	1
107	1322	1
107	1887	1
107	85	1
107	35	1
107	709	1
108	1322	1
108	327	1
108	35	1
108	1718	1
108	251	1
109	35	1
109	709	1
109	1718	1
109	251	1
110	1706	1
110	1157	1
110	35	1
110	1718	1
111	1668	1
111	924	1
111	35	1
111	1718	1
112	962	1
112	2021	1
112	327	1
112	395	1
112	650	1
112	1718	1
112	608	1
112	555	1
113	611	1
113	1666	1
113	327	1
113	610	1
114	2021	1
114	1775	1
114	327	1
115	956	1
115	1668	1
115	65	1
115	1048	1
115	873	1
115	1365	1
115	424	1
116	1034	1
116	488	1
116	1134	1
116	1534	1
116	30	1
116	65	1
116	618	1
116	1048	1
116	1992	1
116	426	1
116	1982	1
116	103	1
116	424	1
116	1254	1
116	1352	1
117	1572	1
117	1481	1
117	65	1
117	924	1
117	1048	1
117	35	1
117	1865	1
117	892	1
117	202	1
117	1945	1
117	426	1
117	1528	1
118	1572	1
118	1481	1
118	327	1
118	1718	1
119	1481	1
119	702	1
119	1668	1
119	696	1
119	1365	1
119	642	1
120	1481	1
120	1518	1
120	1322	1
120	687	1
120	1247	1
120	1250	1
120	659	1
120	1048	1
120	35	1
120	709	1
120	856	1
120	892	1
120	1945	1
120	1090	1
120	1718	1
120	443	1
120	251	1
120	916	1
120	1644	1
120	381	1
120	1619	1
121	875	1
121	1929	1
121	1235	1
121	1707	1
121	292	1
121	1775	1
121	1889	1
121	610	1
121	772	1
121	1005	1
121	1141	1
121	35	1
121	1197	1
121	1451	1
121	650	1
121	827	1
121	675	1
121	442	1
122	1572	1
122	369	1
122	769	1
122	1322	1
122	1534	1
122	964	1
122	506	1
122	35	1
122	1168	1
122	1747	1
122	643	1
122	1718	1
122	56	1
122	1528	1
122	247	1
122	1011	1
122	1184	1
123	1137	1
123	369	1
123	168	1
123	2072	1
123	1322	1
123	1534	1
123	65	1
123	964	1
123	1157	1
123	35	1
123	709	1
123	1168	1
123	466	1
123	930	1
123	873	1
123	1365	1
123	1771	1
123	56	1
123	247	1
123	13	1
124	1137	1
124	1761	1
124	769	1
124	2072	1
124	1322	1
124	964	1
124	1546	1
124	506	1
124	35	1
124	930	1
124	1365	1
124	384	1
124	1771	1
124	1011	1
124	1352	1
125	912	1
125	1307	1
125	120	1
125	610	1
125	1945	1
125	1718	1
125	429	1
126	402	1
126	33	1
126	1887	1
126	120	1
126	150	1
126	35	1
126	1945	1
126	1718	1
127	1775	1
127	610	1
127	1916	1
127	1626	1
128	1322	1
128	1668	1
128	160	1
128	1718	1
128	1365	1
129	1572	1
129	1585	1
129	1322	1
129	1307	1
129	1534	1
129	30	1
129	1300	1
129	956	1
129	1668	1
129	1910	1
129	317	1
129	611	1
129	120	1
129	1033	1
129	233	1
129	327	1
129	1989	1
129	140	1
129	659	1
129	506	1
129	35	1
129	1945	1
129	1718	1
129	873	1
129	1088	1
129	1120	1
129	598	1
129	2057	1
129	1620	1
129	424	1
129	1644	1
129	908	1
129	522	1
129	888	1
129	1192	1
130	1033	1
130	233	1
130	1551	1
130	812	1
130	522	1
131	1666	1
131	1033	1
131	160	1
131	1718	1
131	916	1
131	424	1
132	1033	1
133	2057	1
134	2057	1
135	679	1
135	924	1
135	35	1
135	1718	1
135	1365	1
135	2057	1
136	1572	1
136	1668	1
136	1718	1
136	2057	1
137	1572	1
137	702	1
137	33	1
137	120	1
137	679	1
137	1065	1
137	1375	1
137	916	1
137	2057	1
138	1572	1
138	1585	1
138	1322	1
138	956	1
138	924	1
138	35	1
139	1572	1
139	1481	1
139	35	1
139	414	1
139	1718	1
139	426	1
140	1572	1
140	1961	1
140	702	1
140	1407	1
140	1322	1
140	993	1
140	1534	1
140	30	1
140	21	1
140	286	1
140	1668	1
140	148	1
140	85	1
140	1250	1
140	924	1
140	186	1
140	35	1
140	209	1
140	798	1
140	1288	1
140	2012	1
140	202	1
140	650	1
140	426	1
140	2057	1
141	1481	1
141	1322	1
141	410	1
141	924	1
141	1024	1
141	426	1
142	1668	1
143	1572	1
143	1534	1
143	791	1
143	35	1
143	1718	1
143	2057	1
144	1572	1
144	1481	1
144	35	1
144	1718	1
144	1365	1
145	1322	1
145	659	1
145	35	1
145	1718	1
145	1365	1
145	426	1
145	2057	1
145	1528	1
146	1572	1
146	1668	1
146	924	1
146	35	1
147	364	1
147	1967	1
147	619	1
147	1307	1
147	900	1
147	1640	1
147	1775	1
147	659	1
147	1686	1
147	892	1
147	494	1
147	1718	1
147	703	1
148	900	1
148	1668	1
148	881	1
148	164	1
148	1686	1
148	1945	1
148	494	1
148	1718	1
148	1656	1
148	642	1
149	1572	1
149	1322	1
149	1024	1
149	1718	1
150	1024	1
150	414	1
150	1718	1
151	319	1
151	1458	1
151	962	1
151	1887	1
151	1666	1
151	610	1
151	395	1
151	199	1
151	650	1
151	1718	1
151	1436	1
152	1458	1
152	2021	1
152	1666	1
152	327	1
152	610	1
153	1572	1
153	1322	1
153	1762	1
153	659	1
153	35	1
153	1718	1
153	2057	1
153	613	1
154	1481	1
154	1322	1
154	924	1
154	35	1
154	1718	1
154	1365	1
154	426	1
154	908	1
155	1572	1
155	1322	1
155	160	1
155	924	1
155	35	1
155	1718	1
155	1365	1
155	908	1
156	1572	1
156	1481	1
156	160	1
156	1682	1
156	1718	1
156	1365	1
156	426	1
156	2057	1
157	1572	1
157	1322	1
157	160	1
157	1682	1
157	924	1
157	35	1
157	426	1
157	908	1
158	2046	1
158	547	1
158	1307	1
158	515	1
158	881	1
158	2034	1
158	1250	1
158	772	1
158	1350	1
158	659	1
158	542	1
158	1686	1
158	1945	1
158	494	1
158	2057	1
158	1248	1
158	1359	1
158	1931	1
159	1235	1
159	1718	1
159	2057	1
160	278	1
160	1044	1
160	1307	1
160	1235	1
160	252	1
160	1141	1
160	2057	1
160	101	1
161	956	1
161	1039	1
161	2057	1
162	1572	1
162	1481	1
162	924	1
162	35	1
162	1945	1
162	1099	1
163	1572	1
163	1318	1
163	702	1
163	30	1
163	1668	1
163	35	1
163	1718	1
163	1365	1
163	426	1
163	1528	1
163	1644	1
164	1067	1
164	900	1
164	451	1
164	611	1
164	1775	1
164	610	1
164	395	1
164	608	1
165	1572	1
165	1635	1
165	1407	1
165	1065	1
165	696	1
165	1718	1
165	873	1
166	1572	1
166	1481	1
166	1707	1
166	1790	1
166	1682	1
166	924	1
166	35	1
166	1718	1
166	255	1
166	1748	1
167	1572	1
167	222	1
167	30	1
167	327	1
167	1718	1
167	2057	1
167	1192	1
168	1572	1
168	1322	1
168	1235	1
168	2055	1
168	35	1
168	1718	1
168	1365	1
168	426	1
169	1572	1
169	404	1
169	213	1
169	168	1
169	1481	1
169	1322	1
169	1235	1
169	1812	1
169	956	1
169	1121	1
169	1610	1
169	65	1
169	317	1
169	120	1
169	1247	1
169	1666	1
169	1615	1
169	679	1
169	327	1
169	1682	1
169	35	1
169	892	1
169	494	1
169	1718	1
169	1365	1
169	1997	1
169	1528	1
169	1644	1
169	642	1
169	1192	1
169	593	1
170	30	1
170	1265	1
170	1682	1
171	1572	1
171	1322	1
171	1574	1
171	924	1
171	1997	1
171	1528	1
172	1322	1
172	2057	1
173	1322	1
173	2057	1
174	1322	1
174	2057	1
174	1528	1
175	1481	1
175	30	1
175	1666	1
175	659	1
175	924	1
175	35	1
175	426	1
175	2057	1
175	1528	1
176	1481	1
176	30	1
176	1668	1
176	924	1
176	1718	1
177	1572	1
177	1481	1
177	1322	1
177	30	1
177	1039	1
177	1668	1
177	327	1
177	1718	1
177	1365	1
177	426	1
177	916	1
177	1528	1
178	1572	1
178	1481	1
178	1322	1
178	1289	1
178	2057	1
178	642	1
179	1572	1
179	924	1
179	35	1
179	426	1
179	1190	1
180	1572	1
180	993	1
180	1534	1
180	1206	1
180	924	1
180	1945	1
180	930	1
180	426	1
180	908	1
180	888	1
180	1176	1
181	1481	1
181	993	1
181	35	1
181	1945	1
181	1718	1
181	1365	1
181	426	1
181	908	1
181	888	1
182	1572	1
182	1034	1
182	1258	1
182	924	1
182	35	1
182	1718	1
182	908	1
182	13	1
183	547	1
183	33	1
183	252	1
183	189	1
183	687	1
183	1793	1
183	828	1
183	59	1
183	35	1
183	1686	1
183	494	1
183	1718	1
183	251	1
183	916	1
183	642	1
184	1481	1
184	1070	1
184	1534	1
184	1668	1
184	2028	1
184	1834	1
184	924	1
184	35	1
184	1365	1
184	1551	1
184	13	1
185	35	1
185	1718	1
185	1798	1
185	1365	1
185	593	1
186	1572	1
186	1481	1
186	252	1
186	35	1
187	547	1
187	168	1
187	377	1
187	1481	1
187	1318	1
187	1967	1
187	33	1
187	1322	1
187	1307	1
187	1235	1
187	1713	1
187	1534	1
187	1373	1
187	1039	1
187	189	1
187	434	1
187	616	1
187	1775	1
187	1793	1
187	1287	1
187	964	1
187	1033	1
187	1364	1
187	160	1
187	1989	1
187	1682	1
187	1622	1
187	659	1
187	1141	1
187	1605	1
187	924	1
187	506	1
187	35	1
187	696	1
187	2012	1
187	1375	1
187	1798	1
187	119	1
187	873	1
187	1120	1
187	426	1
187	916	1
187	2057	1
187	1620	1
187	1488	1
187	1436	1
187	307	1
187	1587	1
187	13	1
188	2057	1
189	2057	1
190	1033	1
190	1718	1
190	2057	1
191	1572	1
191	240	1
191	2072	1
191	182	1
191	584	1
191	506	1
191	1718	1
191	1771	1
191	1447	1
192	404	1
192	547	1
192	240	1
192	1318	1
192	1307	1
192	1534	1
192	2079	1
192	687	1
192	584	1
192	1793	1
192	964	1
192	506	1
192	35	1
192	1152	1
192	892	1
192	930	1
192	916	1
192	888	1
192	307	1
192	1447	1
192	407	1
193	1572	1
193	35	1
193	1718	1
193	2057	1
194	1572	1
194	1034	1
194	547	1
194	240	1
194	168	1
194	1481	1
194	2072	1
194	1322	1
194	182	1
194	1534	1
194	539	1
194	65	1
194	1775	1
194	584	1
194	355	1
194	1793	1
194	2024	1
194	924	1
194	851	1
194	709	1
194	1982	1
194	812	1
194	908	1
194	888	1
194	1160	1
194	307	1
194	1447	1
194	407	1
195	610	1
195	1718	1
196	1572	1
196	1733	1
196	997	1
196	2046	1
196	377	1
196	1635	1
196	488	1
196	491	1
196	632	1
196	160	1
196	659	1
196	1048	1
196	1179	1
196	35	1
196	2012	1
196	426	1
196	13	1
197	1572	1
197	1481	1
197	1258	1
197	924	1
197	35	1
197	709	1
197	1644	1
197	908	1
197	247	1
197	13	1
198	1163	1
198	1370	1
198	611	1
198	1793	1
198	194	1
198	1593	1
198	689	1
198	1299	1
198	856	1
198	2012	1
198	1945	1
198	642	1
198	522	1
199	1572	1
199	1635	1
199	1322	1
199	1668	1
199	1690	1
199	1365	1
199	426	1
199	1644	1
200	1572	1
200	1034	1
200	1761	1
200	1996	1
200	857	1
200	1039	1
200	1668	1
200	1265	1
200	35	1
200	827	1
200	1365	1
201	1163	1
201	33	1
201	21	1
202	1365	1
202	2057	1
203	1718	1
204	1666	1
204	1157	1
204	610	1
204	1945	1
204	1718	1
205	1996	1
205	1635	1
205	252	1
205	1522	1
205	663	1
205	667	1
205	1718	1
205	2057	1
205	1620	1
205	888	1
205	13	1
206	547	1
206	168	1
206	33	1
206	1250	1
206	828	1
206	1522	1
206	35	1
206	1945	1
206	873	1
206	1120	1
206	916	1
206	593	1
207	1481	1
207	1322	1
207	924	1
207	35	1
207	2057	1
208	2057	1
209	2057	1
210	1610	1
210	679	1
210	1718	1
210	2057	1
210	888	1
210	13	1
211	1322	1
211	414	1
211	2057	1
212	1572	1
212	70	1
212	931	1
212	1006	1
212	1494	1
212	1812	1
212	858	1
212	1887	1
212	65	1
212	500	1
212	1698	1
212	1882	1
212	1678	1
212	618	1
212	356	1
212	816	1
212	892	1
212	1233	1
212	756	1
212	1718	1
212	1375	1
212	873	1
212	426	1
212	703	1
212	1467	1
212	642	1
212	1073	1
212	13	1
213	1228	1
213	2021	1
213	120	1
214	1956	1
214	937	1
214	404	1
214	547	1
214	319	1
214	1353	1
214	1890	1
214	853	1
214	1812	1
214	275	1
214	1300	1
214	1105	1
214	2079	1
214	2021	1
214	2036	1
214	1052	1
214	2042	1
214	858	1
214	1304	1
214	446	1
214	317	1
214	687	1
214	1775	1
214	85	1
214	741	1
214	428	1
214	447	1
214	653	1
214	610	1
214	454	1
214	1941	1
214	59	1
214	363	1
214	35	1
214	709	1
214	308	1
214	1655	1
214	1945	1
214	650	1
214	1090	1
214	494	1
214	1718	1
214	1375	1
214	426	1
214	56	1
214	358	1
214	1607	1
214	1000	1
214	167	1
214	1272	1
214	124	1
214	71	1
214	814	1
214	1352	1
215	1572	1
215	1812	1
215	65	1
215	1666	1
215	327	1
215	35	1
215	1375	1
215	1120	1
215	426	1
216	1167	1
216	1807	1
216	319	1
216	33	1
216	1929	1
216	962	1
216	871	1
216	831	1
216	1887	1
216	65	1
216	1174	1
216	687	1
216	611	1
216	1775	1
216	85	1
216	1166	1
216	1274	1
216	1945	1
216	1718	1
216	583	1
216	916	1
217	1322	1
217	1307	1
217	894	1
217	951	1
217	1745	1
217	1174	1
217	1852	1
217	1366	1
217	48	1
217	659	1
217	828	1
217	494	1
217	1718	1
217	307	1
218	1322	1
218	922	1
218	873	1
218	251	1
218	591	1
218	908	1
218	247	1
218	307	1
219	997	1
219	547	1
219	1318	1
219	1322	1
219	1307	1
219	59	1
219	35	1
219	1236	1
219	908	1
219	247	1
219	307	1
220	547	1
220	21	1
220	120	1
220	1945	1
220	1718	1
220	1120	1
220	1303	1
221	404	1
221	1042	1
221	547	1
221	240	1
221	1070	1
221	1318	1
221	1967	1
221	278	1
221	912	1
221	1344	1
221	1322	1
221	530	1
221	1413	1
221	1307	1
221	21	1
221	1441	1
221	1105	1
221	1745	1
221	1396	1
221	1039	1
221	1558	1
221	747	1
221	1379	1
221	901	1
221	968	1
221	1858	1
221	687	1
221	1775	1
221	355	1
221	85	1
221	1501	1
221	492	1
221	1662	1
221	1859	1
221	2077	1
221	1274	1
221	327	1
221	195	1
221	1141	1
221	828	1
221	208	1
221	1841	1
221	922	1
221	798	1
221	1439	1
221	709	1
221	1367	1
221	2018	1
221	1486	1
221	494	1
221	1718	1
221	443	1
221	930	1
221	873	1
221	251	1
221	1710	1
221	137	1
221	1236	1
221	145	1
221	1000	1
221	779	1
221	99	1
221	1311	1
221	1269	1
221	807	1
221	13	1
222	1572	1
222	379	1
222	1304	1
222	1030	1
222	1265	1
222	1666	1
222	436	1
222	659	1
222	35	1
222	643	1
222	1718	1
222	1425	1
222	103	1
222	1352	1
222	13	1
223	367	1
223	937	1
223	483	1
223	1039	1
223	302	1
223	1647	1
223	1989	1
223	1350	1
223	1141	1
223	1024	1
223	1718	1
223	1446	1
223	703	1
223	833	1
223	1644	1
223	1984	1
224	1668	1
224	35	1
224	1718	1
225	1572	1
225	937	1
225	1481	1
225	556	1
225	2055	1
225	1793	1
225	251	1
225	2057	1
225	642	1
226	1572	1
226	1668	1
226	1666	1
226	924	1
226	1718	1
226	1365	1
227	1572	1
227	1481	1
227	1534	1
227	1039	1
227	1668	1
227	964	1
227	327	1
227	924	1
227	35	1
227	1747	1
227	930	1
227	1323	1
227	56	1
227	888	1
228	1668	1
229	1668	1
229	2057	1
230	1572	1
230	1668	1
230	35	1
230	1718	1
231	393	1
231	1481	1
231	278	1
231	1322	1
231	1307	1
231	839	1
231	1105	1
231	65	1
231	800	1
231	610	1
231	178	1
231	650	1
231	1380	1
231	1718	1
231	1798	1
231	1425	1
231	426	1
231	703	1
231	938	1
232	1572	1
232	924	1
232	35	1
232	873	1
232	426	1
233	1572	1
233	1137	1
233	369	1
233	1177	1
233	1318	1
233	1353	1
233	40	1
233	182	1
233	1786	1
233	1105	1
233	2021	1
233	539	1
233	747	1
233	65	1
233	1775	1
233	964	1
233	327	1
233	1969	1
233	1206	1
233	1622	1
233	1941	1
233	924	1
233	1179	1
233	35	1
233	1537	1
233	1168	1
233	1747	1
233	941	1
233	494	1
233	1718	1
233	255	1
233	930	1
233	1075	1
233	384	1
233	2057	1
233	56	1
233	358	1
233	1838	1
233	888	1
233	1660	1
233	1184	1
234	1055	1
234	2001	1
234	1206	1
234	706	1
234	1756	1
234	2017	1
234	1537	1
234	56	1
234	1598	1
234	358	1
234	771	1
235	1783	1
235	2072	1
235	791	1
235	1790	1
235	2001	1
235	35	1
235	930	1
235	56	1
235	1598	1
236	1572	1
236	1034	1
236	168	1
236	1055	1
236	1481	1
236	1318	1
236	1036	1
236	40	1
236	2021	1
236	539	1
236	1596	1
236	1727	1
236	620	1
236	964	1
236	1274	1
236	1206	1
236	1125	1
236	520	1
236	656	1
236	924	1
236	1626	1
236	1747	1
236	1718	1
236	255	1
236	930	1
236	1185	1
236	384	1
236	869	1
236	1620	1
236	56	1
236	1689	1
236	908	1
236	1660	1
236	596	1
236	545	1
237	1666	1
237	924	1
237	35	1
237	1365	1
237	426	1
237	2057	1
238	1572	1
238	1668	1
238	1718	1
239	547	1
239	1574	1
239	1668	1
239	65	1
239	1790	1
239	1364	1
239	1429	1
239	924	1
239	2017	1
239	1945	1
239	1718	1
240	1572	1
240	1055	1
240	1346	1
240	1481	1
240	539	1
240	480	1
240	434	1
240	1727	1
240	317	1
240	1287	1
240	1790	1
240	1453	1
240	316	1
240	872	1
240	2001	1
240	1125	1
240	1682	1
240	935	1
240	1756	1
240	35	1
240	995	1
240	1747	1
240	1945	1
240	255	1
240	930	1
240	426	1
240	66	1
240	2069	1
240	1598	1
240	908	1
240	307	1
240	1648	1
240	13	1
241	1572	1
241	1322	1
241	65	1
241	924	1
241	1718	1
241	426	1
241	1190	1
242	1572	1
242	1668	1
242	35	1
243	1481	1
243	1322	1
243	1668	1
243	1989	1
243	924	1
243	35	1
243	1718	1
243	1365	1
243	2057	1
243	1644	1
244	1668	1
245	2057	1
246	2057	1
247	1668	1
248	1572	1
248	1585	1
248	1322	1
248	1668	1
248	1429	1
248	924	1
248	1365	1
248	1982	1
249	1668	1
250	1668	1
251	1668	1
251	1718	1
252	21	1
252	539	1
252	65	1
252	1429	1
252	1747	1
252	1718	1
253	1572	1
253	1481	1
253	2072	1
253	1727	1
253	1429	1
253	35	1
253	1065	1
253	1375	1
253	916	1
254	1177	1
254	2072	1
254	1066	1
254	186	1
254	35	1
254	1718	1
255	1572	1
255	1481	1
255	1177	1
255	2072	1
255	1322	1
255	182	1
255	1066	1
255	1287	1
255	85	1
255	964	1
255	186	1
255	1747	1
255	941	1
255	930	1
255	888	1
256	369	1
256	1177	1
256	1318	1
256	1307	1
256	182	1
256	1786	1
256	1105	1
256	539	1
256	747	1
256	1258	1
256	1287	1
256	1429	1
256	2001	1
256	935	1
256	1622	1
256	1168	1
256	1945	1
256	494	1
256	930	1
256	119	1
256	1075	1
256	358	1
256	771	1
256	1838	1
256	908	1
256	77	1
256	1309	1
256	1184	1
257	1668	1
257	1718	1
258	1572	1
258	1346	1
258	1727	1
258	78	1
258	2001	1
258	935	1
258	35	1
258	1747	1
258	86	1
258	723	1
258	56	1
258	908	1
259	1572	1
259	1800	1
259	1554	1
259	240	1
259	168	1
259	1055	1
259	1783	1
259	1346	1
259	1481	1
259	1353	1
259	182	1
259	2079	1
259	1574	1
259	1668	1
259	339	1
259	434	1
259	65	1
259	1727	1
259	1378	1
259	1775	1
259	1790	1
259	1429	1
259	694	1
259	768	1
259	707	1
259	1541	1
259	327	1
259	476	1
259	610	1
259	1622	1
259	1404	1
259	1756	1
259	656	1
259	1048	1
259	506	1
259	1179	1
259	696	1
259	1415	1
259	1747	1
259	941	1
259	1945	1
259	119	1
259	1789	1
259	1075	1
259	384	1
259	869	1
259	1120	1
259	2057	1
259	56	1
259	1598	1
259	812	1
259	771	1
259	908	1
259	1447	1
259	124	1
259	1927	1
259	545	1
259	1648	1
259	1352	1
259	407	1
259	13	1
260	1481	1
260	1318	1
260	1322	1
260	1285	1
260	1105	1
260	1668	1
260	65	1
260	1775	1
260	467	1
260	78	1
260	1682	1
260	935	1
260	663	1
260	924	1
260	696	1
260	941	1
260	1945	1
260	1718	1
260	723	1
260	1365	1
260	384	1
260	426	1
260	1551	1
260	358	1
260	1838	1
260	307	1
260	283	1
261	1668	1
261	1718	1
262	1572	1
262	1322	1
262	1534	1
262	1668	1
262	65	1
262	924	1
262	1718	1
262	1375	1
262	1365	1
263	1572	1
263	1668	1
263	924	1
263	35	1
263	1718	1
264	168	1
264	1635	1
264	21	1
265	2057	1
266	1572	1
266	65	1
266	1429	1
266	35	1
266	1447	1
267	1572	1
267	1585	1
267	1481	1
267	1668	1
267	659	1
267	1718	1
268	1572	1
268	1668	1
268	65	1
268	1068	1
268	924	1
268	35	1
268	1945	1
268	1192	1
269	1572	1
269	1322	1
269	1668	1
269	924	1
269	1048	1
269	506	1
269	35	1
269	414	1
269	1218	1
269	1099	1
269	916	1
269	2057	1
270	1668	1
270	924	1
270	35	1
271	182	1
271	1668	1
271	2001	1
271	924	1
271	506	1
271	35	1
271	1945	1
271	1718	1
271	930	1
271	916	1
271	307	1
271	1309	1
271	545	1
271	407	1
272	1481	1
272	1322	1
272	1727	1
272	924	1
272	35	1
272	1718	1
272	2057	1
273	1585	1
273	1668	1
273	632	1
273	924	1
273	35	1
274	1572	1
274	1174	1
274	679	1
274	140	1
274	1024	1
274	2057	1
275	1066	1
275	1219	1
275	924	1
275	186	1
275	696	1
275	1365	1
275	407	1
276	1572	1
276	1481	1
276	1322	1
276	924	1
276	35	1
277	1572	1
277	1322	1
277	182	1
277	30	1
277	1066	1
277	65	1
277	1287	1
277	1219	1
277	506	1
277	186	1
277	35	1
277	1718	1
277	1365	1
277	1447	1
277	1335	1
278	1572	1
278	1718	1
278	2057	1
279	182	1
279	1668	1
279	1066	1
279	924	1
279	1718	1
279	407	1
280	1481	1
280	1668	1
280	35	1
280	1718	1
280	1075	1
280	1644	1
281	1572	1
281	1481	1
281	913	1
281	1322	1
281	1929	1
281	1220	1
281	1534	1
281	1121	1
281	1174	1
281	1666	1
281	327	1
281	681	1
281	1048	1
281	35	1
281	1065	1
281	1945	1
281	1486	1
281	1718	1
281	1365	1
282	1668	1
283	1572	1
283	1034	1
283	547	1
283	168	1
283	1055	1
283	1481	1
283	1322	1
283	1668	1
283	1066	1
283	65	1
283	584	1
283	1287	1
283	964	1
283	1157	1
283	1682	1
283	606	1
283	186	1
283	1747	1
283	466	1
283	1718	1
283	1365	1
283	1744	1
283	247	1
283	307	1
284	1572	1
284	2046	1
284	1322	1
284	1135	1
284	317	1
284	767	1
284	924	1
284	1048	1
284	35	1
284	892	1
284	643	1
284	1718	1
284	2057	1
284	1528	1
284	424	1
285	1966	1
285	1572	1
285	1414	1
285	1719	1
285	531	1
285	309	1
285	1337	1
285	936	1
285	1174	1
285	1014	1
285	1456	1
285	312	1
285	1869	1
285	17	1
285	1191	1
285	1260	1
285	273	1
285	422	1
285	517	1
285	1461	1
285	346	1
285	1117	1
286	1633	1
286	216	1
286	571	1
286	33	1
286	1582	1
286	488	1
286	2021	1
286	1001	1
286	901	1
286	1174	1
286	611	1
286	1301	1
286	355	1
286	1666	1
286	1274	1
286	327	1
286	610	1
286	924	1
286	199	1
286	2018	1
286	1945	1
286	650	1
286	873	1
286	1120	1
286	1409	1
286	424	1
286	1619	1
286	13	1
287	1481	1
287	2057	1
288	1668	1
289	1668	1
290	1481	1
290	1322	1
290	924	1
290	1718	1
290	1192	1
291	1668	1
291	35	1
292	1668	1
292	1718	1
292	2057	1
293	1572	1
293	404	1
293	402	1
293	1481	1
293	1887	1
293	65	1
293	924	1
293	35	1
293	1718	1
294	1481	1
294	1668	1
294	791	1
294	65	1
294	1666	1
294	1429	1
294	924	1
294	1945	1
294	494	1
294	426	1
294	888	1
295	1572	1
295	924	1
295	1644	1
296	1718	1
297	1572	1
297	1668	1
297	35	1
297	1375	1
297	1644	1
298	1481	1
298	1668	1
298	924	1
298	1718	1
298	1365	1
298	1644	1
299	875	1
299	367	1
299	1572	1
299	1956	1
299	33	1
299	488	1
299	1044	1
299	280	1
299	1300	1
299	1105	1
299	2036	1
299	1887	1
299	1500	1
299	302	1
299	1174	1
299	687	1
299	120	1
299	1095	1
299	711	1
299	1666	1
299	327	1
299	659	1
299	1141	1
299	59	1
299	35	1
299	789	1
299	199	1
299	482	1
299	650	1
299	1076	1
299	494	1
299	251	1
299	1120	1
299	137	1
299	916	1
299	840	1
299	103	1
299	888	1
299	267	1
300	1481	1
300	1318	1
300	33	1
300	1307	1
300	1676	1
300	747	1
300	1174	1
300	687	1
300	120	1
300	1809	1
300	59	1
300	1945	1
300	357	1
300	2057	1
300	1352	1
300	13	1
301	1572	1
301	168	1
301	1481	1
301	2079	1
301	434	1
301	964	1
301	1790	1
301	1429	1
301	924	1
301	1747	1
301	1365	1
301	358	1
301	908	1
301	888	1
302	1481	1
302	1322	1
302	30	1
302	1718	1
302	873	1
302	812	1
303	1318	1
303	702	1
303	2072	1
303	1066	1
303	434	1
303	1790	1
303	1157	1
303	1682	1
303	924	1
303	1747	1
303	1718	1
303	2069	1
303	1528	1
303	771	1
304	1572	1
304	369	1
304	1055	1
304	1339	1
304	1727	1
304	1790	1
304	1784	1
304	924	1
304	2017	1
304	35	1
304	1081	1
304	869	1
304	908	1
304	247	1
304	13	1
305	1668	1
305	35	1
305	696	1
305	1718	1
305	1365	1
306	1966	1
306	1572	1
306	1342	1
306	638	1
306	160	1
306	1191	1
306	52	1
306	1718	1
306	13	1
307	2057	1
307	812	1
308	1572	1
308	1070	1
308	2072	1
308	1668	1
308	327	1
308	924	1
308	1208	1
308	1024	1
308	1718	1
308	1099	1
308	2057	1
308	1551	1
309	1718	1
310	1572	1
310	1585	1
310	65	1
310	1157	1
310	924	1
310	2057	1
311	168	1
311	571	1
311	21	1
311	1039	1
311	1668	1
311	1610	1
311	160	1
311	327	1
311	924	1
311	35	1
311	1718	1
311	873	1
311	426	1
311	267	1
311	1160	1
312	1572	1
312	1481	1
312	2072	1
312	1534	1
312	1682	1
312	35	1
312	873	1
312	1528	1
313	1572	1
313	1481	1
313	21	1
313	1707	1
313	1039	1
313	1668	1
313	65	1
313	687	1
313	754	1
313	1393	1
313	160	1
313	659	1
313	1141	1
313	924	1
313	35	1
313	696	1
313	1718	1
313	873	1
313	1365	1
313	426	1
313	908	1
313	1136	1
313	888	1
313	13	1
314	1572	1
314	1481	1
314	30	1
314	317	1
314	924	1
314	696	1
314	1718	1
314	1365	1
314	2057	1
314	13	1
315	1572	1
315	1668	1
315	1718	1
316	1572	1
316	1668	1
316	35	1
316	1718	1
317	1585	1
317	506	1
318	1572	1
318	858	1
318	327	1
318	924	1
318	35	1
318	2057	1
319	1882	1
319	800	1
319	610	1
319	395	1
319	199	1
319	650	1
319	87	1
319	1375	1
319	1798	1
320	367	1
320	1034	1
320	1585	1
320	997	1
320	1481	1
320	1004	1
320	33	1
320	30	1
320	1441	1
320	1039	1
320	632	1
320	65	1
320	20	1
320	317	1
320	1859	1
320	1790	1
320	160	1
320	1682	1
320	35	1
320	1945	1
320	494	1
320	1718	1
320	501	1
320	873	1
320	598	1
320	1528	1
320	1644	1
320	1190	1
320	247	1
320	13	1
320	1856	1
321	1481	1
321	1322	1
321	30	1
321	65	1
321	1033	1
321	1429	1
321	1718	1
321	1365	1
322	1481	1
322	30	1
322	2057	1
323	1481	1
323	1666	1
323	35	1
323	1718	1
323	2057	1
324	1572	1
324	1585	1
324	1481	1
324	659	1
324	1718	1
324	2057	1
325	1481	1
325	2057	1
326	1718	1
326	2057	1
326	908	1
327	1572	1
327	466	1
327	1718	1
328	1572	1
328	1585	1
328	1322	1
328	327	1
328	924	1
328	1179	1
328	1718	1
328	908	1
329	1572	1
329	1585	1
329	1481	1
329	35	1
329	2057	1
330	1481	1
330	35	1
330	1024	1
330	466	1
330	2057	1
330	908	1
331	1572	1
331	35	1
331	1024	1
331	1718	1
331	908	1
332	1074	1
332	1572	1
332	1137	1
332	2005	1
332	1761	1
332	1042	1
332	319	1
332	1481	1
332	1252	1
332	1650	1
332	33	1
332	906	1
332	1373	1
332	567	1
332	1039	1
332	1562	1
332	148	1
332	480	1
332	1570	1
332	20	1
332	1216	1
332	1732	1
332	268	1
332	1263	1
332	2028	1
332	1033	1
332	80	1
332	160	1
332	679	1
332	412	1
332	436	1
332	140	1
332	1674	1
332	93	1
332	107	1
332	1024	1
332	414	1
332	1945	1
332	494	1
332	1718	1
332	501	1
332	1365	1
332	1099	1
332	916	1
332	1236	1
332	1170	1
332	1528	1
332	779	1
332	103	1
332	100	1
332	908	1
332	668	1
332	1192	1
332	176	1
332	13	1
333	1137	1
333	1165	1
333	1682	1
333	924	1
333	35	1
333	1718	1
333	908	1
333	307	1
334	1481	1
334	414	1
334	1718	1
334	244	1
334	426	1
335	1572	1
335	924	1
335	1718	1
335	2057	1
336	35	1
336	1024	1
336	2057	1
337	1572	1
337	1174	1
337	35	1
337	1718	1
338	924	1
338	1718	1
338	2057	1
339	1572	1
339	1718	1
339	2057	1
340	1572	1
340	1481	1
340	1682	1
340	2057	1
340	1528	1
341	1572	1
341	1137	1
341	65	1
341	426	1
341	908	1
342	1572	1
342	1481	1
342	33	1
342	65	1
342	1174	1
342	679	1
342	1682	1
342	506	1
342	1718	1
342	2057	1
342	307	1
342	13	1
343	1572	1
343	252	1
343	1610	1
343	924	1
343	35	1
343	1718	1
343	873	1
343	103	1
343	888	1
344	1481	1
344	1322	1
344	506	1
344	2057	1
345	1572	1
345	547	1
345	1481	1
345	1718	1
345	2057	1
345	908	1
346	1572	1
346	1585	1
346	1322	1
346	35	1
346	466	1
346	2057	1
346	908	1
347	1718	1
347	2057	1
348	1572	1
348	1682	1
348	1718	1
348	908	1
349	1572	1
349	35	1
349	1718	1
349	2057	1
350	1572	1
350	1322	1
350	1668	1
350	35	1
350	2057	1
351	1034	1
351	1761	1
351	1481	1
351	1318	1
351	33	1
351	1322	1
351	1570	1
351	65	1
351	1135	1
351	20	1
351	1247	1
351	1033	1
351	80	1
351	935	1
351	924	1
351	1048	1
351	506	1
351	35	1
351	892	1
351	414	1
351	1375	1
351	244	1
351	873	1
351	106	1
351	426	1
351	1551	1
351	1528	1
351	1190	1
351	1192	1
352	1481	1
352	1666	1
352	924	1
352	1718	1
352	908	1
353	1572	1
353	1481	1
353	924	1
353	1945	1
353	1718	1
354	1572	1
354	35	1
354	1718	1
354	2057	1
355	1572	1
355	35	1
355	1718	1
355	2057	1
356	1034	1
356	404	1
356	1552	1
356	1318	1
356	278	1
356	33	1
356	1322	1
356	1044	1
356	1373	1
356	1105	1
356	1739	1
356	446	1
356	1668	1
356	359	1
356	1437	1
356	138	1
356	349	1
356	687	1
356	1216	1
356	14	1
356	185	1
356	1775	1
356	120	1
356	1627	1
356	160	1
356	1529	1
356	1324	1
356	935	1
356	659	1
356	1141	1
356	828	1
356	511	1
356	35	1
356	709	1
356	1946	1
356	752	1
356	2018	1
356	494	1
356	1718	1
356	873	1
356	437	1
356	251	1
356	384	1
356	1120	1
356	137	1
356	916	1
356	1236	1
356	1644	1
356	71	1
356	814	1
356	13	1
357	1106	1
357	1147	1
357	33	1
357	1307	1
357	704	1
357	1699	1
357	1887	1
357	1174	1
357	53	1
357	996	1
357	672	1
357	1588	1
357	678	1
357	1350	1
357	1141	1
357	371	1
357	164	1
357	2062	1
357	1826	1
357	83	1
357	1945	1
357	1718	1
357	1767	1
357	977	1
357	916	1
357	1217	1
357	946	1
357	1738	1
357	657	1
357	1684	1
357	1810	1
358	1733	1
358	937	1
358	638	1
358	1538	1
358	319	1
358	33	1
358	189	1
358	309	1
358	1395	1
358	65	1
358	1174	1
358	1564	1
358	160	1
358	785	1
358	2054	1
358	659	1
358	35	1
358	411	1
358	709	1
358	1425	1
358	916	1
358	424	1
358	1692	1
358	668	1
358	13	1
359	1777	1
359	1342	1
359	1538	1
359	1403	1
359	1395	1
359	687	1
359	736	1
359	17	1
359	2054	1
359	52	1
359	411	1
359	916	1
359	1853	1
360	1966	1
360	937	1
360	1342	1
360	118	1
360	659	1
360	1865	1
360	1718	1
360	873	1
361	1572	1
361	702	1
361	1391	1
361	1668	1
361	524	1
361	414	1
361	643	1
361	1718	1
361	1365	1
361	106	1
361	452	1
361	2049	1
361	424	1
362	1572	1
362	997	1
362	33	1
362	1322	1
362	1391	1
362	1267	1
362	1039	1
362	65	1
362	687	1
362	1250	1
362	1682	1
362	506	1
362	35	1
362	466	1
362	1945	1
362	1718	1
362	916	1
362	2057	1
362	1620	1
362	2049	1
362	888	1
362	1192	1
363	1572	1
363	35	1
363	1718	1
364	1585	1
364	1481	1
364	1534	1
364	65	1
364	924	1
364	506	1
364	35	1
364	1718	1
364	1365	1
364	1982	1
364	888	1
364	13	1
365	1481	1
365	1157	1
365	1682	1
365	1718	1
365	2057	1
366	1034	1
366	1481	1
366	1252	1
366	33	1
366	1534	1
366	924	1
366	1945	1
366	908	1
367	1137	1
367	1481	1
367	1322	1
367	1718	1
367	908	1
368	1481	1
368	65	1
368	1174	1
368	1859	1
368	1941	1
368	506	1
368	709	1
368	650	1
368	251	1
368	916	1
368	1644	1
368	908	1
368	99	1
369	1572	1
369	1481	1
369	1322	1
369	21	1
369	1668	1
369	189	1
369	65	1
369	1682	1
369	924	1
369	506	1
369	1718	1
369	1365	1
369	2057	1
369	13	1
370	1481	1
370	1534	1
370	659	1
370	924	1
370	35	1
370	1718	1
370	1365	1
370	1620	1
370	1982	1
371	1572	1
371	1585	1
371	1481	1
371	1157	1
371	610	1
371	924	1
371	506	1
371	1771	1
371	2057	1
372	1572	1
372	33	1
372	659	1
372	924	1
372	424	1
373	1585	1
373	1481	1
373	2057	1
373	1192	1
374	1654	1
374	1307	1
374	120	1
374	1024	1
374	1945	1
375	1572	1
375	924	1
375	414	1
375	1718	1
375	2057	1
375	1528	1
376	1572	1
376	1033	1
376	2057	1
377	1572	1
377	924	1
377	1945	1
377	2057	1
378	1174	1
378	924	1
378	35	1
378	1718	1
378	244	1
378	2057	1
379	1572	1
379	1585	1
379	1020	1
379	547	1
379	1318	1
379	30	1
379	1668	1
379	632	1
379	65	1
379	1174	1
379	20	1
379	1033	1
379	935	1
379	506	1
379	524	1
379	1365	1
379	2057	1
379	1551	1
379	1982	1
379	1528	1
379	812	1
380	1312	1
380	1165	1
380	1441	1
380	148	1
380	35	1
380	1024	1
381	1322	1
381	317	1
381	35	1
381	1024	1
381	426	1
381	2057	1
381	103	1
382	1481	1
382	1715	1
382	1718	1
382	2057	1
383	1481	1
383	1322	1
383	1534	1
383	865	1
383	1715	1
383	53	1
383	924	1
383	35	1
383	1024	1
383	1718	1
383	1982	1
383	100	1
384	30	1
384	1668	1
384	1365	1
384	426	1
385	1034	1
385	2002	1
385	1481	1
385	33	1
385	30	1
385	1668	1
385	320	1
385	20	1
385	1033	1
385	1024	1
385	1365	1
385	2057	1
386	1034	1
386	547	1
386	1407	1
386	1322	1
386	1307	1
386	21	1
386	1441	1
386	189	1
386	148	1
386	635	1
386	1715	1
386	632	1
386	65	1
386	20	1
386	160	1
386	924	1
386	524	1
386	1024	1
386	414	1
386	1945	1
386	1718	1
386	873	1
386	251	1
386	1365	1
386	426	1
386	916	1
386	1982	1
386	812	1
386	1644	1
386	1352	1
387	1572	1
387	33	1
387	1307	1
387	1534	1
387	189	1
387	687	1
387	120	1
387	659	1
387	892	1
387	1945	1
387	1718	1
387	251	1
387	598	1
387	426	1
387	916	1
387	2057	1
387	1620	1
387	234	1
387	703	1
387	812	1
387	13	1
388	1572	1
388	1481	1
388	1322	1
388	1718	1
388	2057	1
389	1572	1
389	426	1
389	2057	1
390	1718	1
390	2057	1
390	1620	1
391	1572	1
391	924	1
391	35	1
391	2057	1
392	1481	1
392	2057	1
393	1318	1
393	1307	1
393	189	1
393	1174	1
393	1033	1
393	59	1
393	916	1
393	2057	1
393	424	1
394	1481	1
394	1024	1
394	414	1
394	2057	1
395	1481	1
395	1682	1
395	59	1
395	2057	1
396	875	1
396	1733	1
396	1034	1
396	927	1
396	997	1
396	1962	1
396	1761	1
396	354	1
396	1875	1
396	909	1
396	104	1
396	278	1
396	1408	1
396	33	1
396	1494	1
396	1044	1
396	900	1
396	1812	1
396	252	1
396	811	1
396	1649	1
396	450	1
396	2036	1
396	858	1
396	1994	1
396	1887	1
396	1668	1
396	1469	1
396	120	1
396	1247	1
396	822	1
396	1804	1
396	1627	1
396	1666	1
396	1805	1
396	1049	1
396	1364	1
396	1278	1
396	265	1
396	327	1
396	513	1
396	935	1
396	1005	1
396	1350	1
396	659	1
396	1758	1
396	1047	1
396	59	1
396	164	1
396	151	1
396	718	1
396	709	1
396	1743	1
396	2012	1
396	166	1
396	1945	1
396	514	1
396	494	1
396	1365	1
396	965	1
396	2035	1
396	426	1
396	234	1
396	478	1
396	703	1
396	2000	1
396	1687	1
396	424	1
396	110	1
396	642	1
396	1385	1
396	593	1
397	2032	1
397	367	1
397	49	1
397	368	1
397	393	1
397	1572	1
397	1414	1
397	1962	1
397	402	1
397	213	1
397	1020	1
397	1819	1
397	1163	1
397	547	1
397	1580	1
397	184	1
397	319	1
397	474	1
397	1719	1
397	1635	1
397	533	1
397	1180	1
397	863	1
397	340	1
397	1201	1
397	580	1
397	575	1
397	1156	1
397	1496	1
397	531	1
397	51	1
397	343	1
397	1215	1
397	33	1
397	1582	1
397	2061	1
397	1497	1
397	700	1
397	375	1
397	1590	1
397	737	1
397	1494	1
397	1929	1
397	1044	1
397	1273	1
397	1061	1
397	794	1
397	1028	1
397	1943	1
397	900	1
397	1812	1
397	1283	1
397	1433	1
397	1441	1
397	2052	1
397	956	1
397	1105	1
397	379	1
397	2021	1
397	1499	1
397	345	1
397	1634	1
397	2055	1
397	446	1
397	866	1
397	567	1
397	1039	1
397	1440	1
397	1471	1
397	1539	1
397	629	1
397	1465	1
397	685	1
397	309	1
397	1395	1
397	1828	1
397	338	1
397	1500	1
397	953	1
397	1642	1
397	382	1
397	1469	1
397	936	1
397	241	1
397	2009	1
397	1406	1
397	451	1
397	1976	1
397	290	1
397	1731	1
397	1227	1
397	1030	1
397	881	1
397	611	1
397	1959	1
397	1701	1
397	1775	1
397	1489	1
397	1820	1
397	85	1
397	1209	1
397	1501	1
397	1564	1
397	1627	1
397	1166	1
397	400	1
397	1393	1
397	1957	1
397	1172	1
397	1662	1
397	716	1
397	1795	1
397	512	1
397	975	1
397	387	1
397	390	1
397	1369	1
397	160	1
397	1274	1
397	785	1
397	1725	1
397	327	1
397	1629	1
397	1017	1
397	1584	1
397	809	1
397	1869	1
397	800	1
397	734	1
397	595	1
397	974	1
397	653	1
397	558	1
397	910	1
397	1358	1
397	12	1
397	436	1
397	998	1
397	2030	1
397	862	1
397	1894	1
397	1297	1
397	245	1
397	1693	1
397	772	1
397	935	1
397	1868	1
397	293	1
397	1045	1
397	502	1
397	1102	1
397	136	1
397	1350	1
397	659	1
397	1141	1
397	543	1
397	183	1
397	61	1
397	1530	1
397	27	1
397	1609	1
397	828	1
397	525	1
397	15	1
397	1386	1
397	1605	1
397	855	1
397	538	1
397	681	1
397	818	1
397	1765	1
397	1855	1
397	59	1
397	1048	1
397	1839	1
397	1179	1
397	1766	1
397	1773	1
397	35	1
397	69	1
397	1477	1
397	1191	1
397	91	1
397	495	1
397	1175	1
397	1485	1
397	864	1
397	178	1
397	673	1
397	164	1
397	546	1
397	1387	1
397	835	1
397	1065	1
397	1244	1
397	1639	1
397	709	1
397	1058	1
397	1334	1
397	219	1
397	615	1
397	1743	1
397	710	1
397	928	1
397	892	1
397	1833	1
397	1226	1
397	1616	1
397	1289	1
397	2012	1
397	1945	1
397	494	1
397	1718	1
397	665	1
397	239	1
397	827	1
397	1778	1
397	263	1
397	1544	1
397	2026	1
397	1375	1
397	1641	1
397	1425	1
397	627	1
397	594	1
397	517	1
397	949	1
397	1734	1
397	1750	1
397	873	1
397	2047	1
397	437	1
397	34	1
397	1740	1
397	214	1
397	918	1
397	251	1
397	1365	1
397	229	1
397	1389	1
397	1872	1
397	217	1
397	1924	1
397	1120	1
397	1636	1
397	57	1
397	713	1
397	237	1
397	605	1
397	1787	1
397	1139	1
397	383	1
397	358	1
397	1446	1
397	1930	1
397	1838	1
397	472	1
397	779	1
397	1510	1
397	898	1
397	23	1
397	297	1
397	1687	1
397	1314	1
397	424	1
397	1436	1
397	902	1
397	489	1
397	2011	1
397	1557	1
397	396	1
397	2074	1
397	553	1
397	1692	1
397	527	1
397	175	1
397	101	1
397	1632	1
397	1476	1
397	1117	1
397	774	1
397	401	1
397	1619	1
397	1352	1
397	1950	1
397	626	1
397	820	1
398	1966	1
398	937	1
398	326	1
398	1163	1
398	547	1
398	638	1
398	319	1
398	133	1
398	216	1
398	575	1
398	1040	1
398	1463	1
398	1494	1
398	379	1
398	2055	1
398	1327	1
398	1539	1
398	1465	1
398	309	1
398	1642	1
398	1174	1
398	2020	1
398	1775	1
398	1501	1
398	1666	1
398	1172	1
398	526	1
398	1795	1
398	387	1
398	160	1
398	327	1
398	341	1
398	809	1
398	935	1
398	1045	1
398	659	1
398	924	1
398	1179	1
398	1766	1
398	1773	1
398	35	1
398	1260	1
398	1399	1
398	864	1
398	1299	1
398	696	1
398	1817	1
398	1743	1
398	1434	1
398	1673	1
398	643	1
398	1945	1
398	756	1
398	494	1
398	693	1
398	1544	1
398	1375	1
398	422	1
398	419	1
398	398	1
398	1080	1
398	1120	1
398	2019	1
398	916	1
398	1787	1
398	1930	1
398	472	1
398	1907	1
398	1687	1
398	424	1
398	1128	1
398	346	1
398	774	1
398	1351	1
398	814	1
398	1950	1
398	626	1
398	13	1
399	1966	1
399	1414	1
399	1538	1
399	33	1
399	1307	1
399	345	1
399	1887	1
399	1539	1
399	1829	1
399	1589	1
399	1775	1
399	1666	1
399	160	1
399	1818	1
399	1377	1
399	27	1
399	1048	1
399	1260	1
399	212	1
399	494	1
399	1718	1
399	1787	1
399	424	1
399	774	1
400	924	1
400	414	1
400	1718	1
400	2057	1
400	1262	1
401	1034	1
401	1481	1
401	659	1
401	35	1
401	1945	1
401	1718	1
401	598	1
401	13	1
402	497	1
402	59	1
402	1718	1
402	582	1
403	1307	1
403	1534	1
403	1174	1
403	160	1
403	2057	1
403	1644	1
404	1572	1
404	168	1
404	1121	1
404	2028	1
404	924	1
404	35	1
404	999	1
404	1718	1
404	1365	1
404	1644	1
404	1352	1
404	13	1
405	1572	1
405	677	1
405	218	1
405	118	1
405	1463	1
405	1539	1
405	189	1
405	309	1
405	1174	1
405	152	1
405	227	1
405	1944	1
405	1122	1
405	1172	1
405	1428	1
405	73	1
405	160	1
405	236	1
405	366	1
405	2030	1
405	681	1
405	588	1
405	1773	1
405	1817	1
405	643	1
405	2012	1
405	1718	1
405	916	1
405	103	1
405	424	1
405	13	1
406	1966	1
406	1342	1
406	1538	1
406	1174	1
406	230	1
407	319	1
407	931	1
407	1524	1
407	33	1
407	962	1
407	2021	1
407	1887	1
407	659	1
407	395	1
407	35	1
407	199	1
407	696	1
407	1380	1
407	1718	1
407	916	1
407	555	1
408	319	1
408	33	1
408	1307	1
408	2021	1
408	2055	1
408	1887	1
408	189	1
408	1882	1
408	199	1
408	1508	1
408	1945	1
408	650	1
408	1090	1
408	1718	1
408	1798	1
408	424	1
408	101	1
408	1619	1
409	1585	1
409	369	1
409	240	1
409	168	1
409	769	1
409	1635	1
409	1481	1
409	1177	1
409	1534	1
409	2079	1
409	1039	1
409	1668	1
409	1066	1
409	434	1
409	65	1
409	2027	1
409	355	1
409	1126	1
409	1364	1
409	1429	1
409	2024	1
409	1622	1
409	924	1
409	536	1
409	506	1
409	524	1
409	1972	1
409	1865	1
409	1997	1
409	426	1
409	2057	1
409	1523	1
409	1982	1
409	812	1
409	908	1
409	1136	1
409	1803	1
409	1203	1
409	1184	1
410	1307	1
410	2021	1
410	687	1
410	1775	1
410	610	1
410	1945	1
410	650	1
410	1718	1
410	916	1
410	1436	1
411	1707	1
411	2021	1
411	650	1
411	555	1
412	1067	1
412	2021	1
412	1775	1
412	610	1
413	33	1
413	2021	1
413	610	1
413	199	1
413	1945	1
414	2021	1
414	610	1
414	199	1
414	650	1
415	2021	1
415	1159	1
415	610	1
415	650	1
416	2021	1
416	610	1
416	650	1
417	937	1
417	547	1
417	1458	1
417	962	1
417	1307	1
417	882	1
417	2021	1
417	1887	1
417	687	1
417	1775	1
417	120	1
417	160	1
417	610	1
417	659	1
417	395	1
417	59	1
417	1945	1
417	494	1
417	1718	1
417	1053	1
417	873	1
417	916	1
417	1591	1
417	1436	1
417	13	1
418	354	1
418	547	1
418	931	1
418	1307	1
418	2021	1
418	1887	1
418	68	1
418	1882	1
418	1666	1
418	1844	1
418	327	1
418	610	1
418	395	1
418	1179	1
418	35	1
418	199	1
418	1945	1
418	650	1
418	1718	1
418	1375	1
418	1798	1
418	916	1
418	1266	1
418	1436	1
418	555	1
419	931	1
419	2021	1
419	618	1
419	1179	1
419	199	1
419	650	1
419	1436	1
420	1572	1
420	1322	1
420	30	1
420	160	1
420	924	1
420	59	1
420	35	1
420	1945	1
420	494	1
420	251	1
420	1528	1
420	103	1
420	888	1
420	13	1
421	931	1
421	1775	1
421	618	1
421	327	1
421	610	1
421	199	1
421	1436	1
422	931	1
422	2021	1
422	618	1
422	327	1
422	1179	1
422	199	1
422	1436	1
423	2021	1
423	618	1
423	610	1
423	1436	1
424	2021	1
424	199	1
424	650	1
425	931	1
425	2021	1
425	1775	1
425	1666	1
425	610	1
425	199	1
425	1436	1
426	931	1
426	1775	1
426	1666	1
426	618	1
426	327	1
426	199	1
426	650	1
427	610	1
428	1572	1
428	1135	1
428	1880	1
428	1753	1
428	414	1
428	1718	1
428	1528	1
428	1190	1
429	1024	1
429	2057	1
430	875	1
430	224	1
430	1635	1
430	1481	1
430	1318	1
430	1837	1
430	1	1
430	1322	1
430	496	1
430	2055	1
430	686	1
430	791	1
430	1265	1
430	1666	1
430	1016	1
430	1511	1
430	1645	1
430	2077	1
430	423	1
430	969	1
430	35	1
430	1260	1
430	332	1
430	1865	1
430	892	1
430	1508	1
430	494	1
430	1718	1
430	251	1
430	325	1
430	916	1
430	591	1
430	1236	1
430	781	1
430	963	1
430	1644	1
430	642	1
430	44	1
430	13	1
431	33	1
431	496	1
431	2055	1
431	687	1
431	1016	1
431	659	1
431	35	1
431	1865	1
431	1945	1
431	251	1
431	977	1
431	1236	1
431	1644	1
431	101	1
432	875	1
432	393	1
432	1572	1
432	1962	1
432	547	1
432	1996	1
432	1481	1
432	1318	1
432	1967	1
432	278	1
432	912	1
432	33	1
432	1	1
432	1322	1
432	1044	1
432	1165	1
432	1373	1
432	1649	1
432	719	1
432	2055	1
432	1887	1
432	686	1
432	189	1
432	1500	1
432	1356	1
432	410	1
432	1221	1
432	1174	1
432	349	1
432	317	1
432	1627	1
432	1666	1
432	969	1
432	924	1
432	59	1
432	35	1
432	406	1
432	892	1
432	248	1
432	2012	1
432	1945	1
432	893	1
432	1375	1
432	873	1
432	251	1
432	1365	1
432	1120	1
432	137	1
432	426	1
432	1236	1
432	1113	1
432	779	1
432	642	1
432	6	1
432	175	1
432	101	1
433	319	1
433	931	1
433	2021	1
433	1882	1
433	327	1
433	800	1
433	610	1
433	35	1
433	199	1
433	1375	1
433	608	1
434	547	1
434	931	1
434	33	1
434	1307	1
434	2055	1
434	687	1
434	154	1
434	1882	1
434	800	1
434	610	1
434	199	1
434	696	1
434	1945	1
434	650	1
434	756	1
434	494	1
434	1718	1
434	426	1
434	101	1
435	1572	1
435	1481	1
435	1528	1
436	1572	1
436	1481	1
436	1534	1
437	956	1
437	623	1
437	1440	1
437	451	1
437	1804	1
437	1286	1
437	625	1
437	1686	1
437	892	1
437	893	1
437	1955	1
437	1787	1
437	593	1
438	1585	1
438	1481	1
438	1322	1
438	125	1
438	924	1
438	2057	1
438	1982	1
438	596	1
438	13	1
439	1718	1
439	1644	1
439	1190	1
440	1572	1
440	1585	1
440	1481	1
440	2072	1
440	33	1
440	1322	1
440	2055	1
440	189	1
440	148	1
440	65	1
440	1174	1
440	1429	1
440	160	1
440	924	1
440	59	1
440	35	1
440	1090	1
440	1718	1
440	873	1
440	1120	1
440	1236	1
440	1528	1
440	100	1
440	1644	1
440	101	1
440	1192	1
440	13	1
440	593	1
441	21	1
441	643	1
442	997	1
442	213	1
442	1322	1
442	1173	1
442	2055	1
442	659	1
442	924	1
442	673	1
442	1718	1
442	2057	1
442	1620	1
442	1982	1
442	1352	1
442	13	1
443	1572	1
443	2057	1
444	1572	1
444	924	1
444	35	1
444	2057	1
445	1305	1
445	1752	1
445	1270	1
445	495	1
445	23	1
445	380	1
446	1572	1
446	1163	1
446	1752	1
446	1887	1
446	1214	1
446	85	1
446	53	1
446	327	1
446	1350	1
446	1270	1
446	1179	1
446	709	1
446	1945	1
446	898	1
446	1416	1
446	2041	1
447	1572	1
447	1481	1
447	924	1
447	35	1
447	2057	1
448	1034	1
448	2057	1
449	1572	1
449	1481	1
449	1718	1
449	2057	1
449	1620	1
450	1481	1
450	924	1
450	35	1
450	1718	1
451	1572	1
451	491	1
451	189	1
451	16	1
451	148	1
451	65	1
451	1174	1
451	20	1
451	317	1
451	1033	1
451	924	1
451	506	1
451	35	1
451	1024	1
451	414	1
451	643	1
451	1945	1
451	501	1
451	106	1
451	916	1
451	2057	1
451	812	1
451	13	1
452	1572	1
452	2028	1
452	1718	1
452	2057	1
452	1528	1
452	888	1
452	13	1
453	1481	1
453	2057	1
454	1481	1
454	35	1
454	2057	1
455	1481	1
455	659	1
455	35	1
455	1997	1
455	908	1
456	1481	1
456	931	1
456	324	1
456	924	1
456	200	1
456	1528	1
457	1572	1
457	1322	1
457	1174	1
457	924	1
457	1718	1
458	1572	1
458	547	1
458	1967	1
458	1322	1
458	1945	1
458	251	1
458	916	1
458	697	1
459	858	1
459	1666	1
459	1021	1
459	1090	1
459	1446	1
460	1067	1
460	900	1
460	451	1
460	611	1
460	610	1
460	659	1
461	900	1
461	611	1
461	1666	1
461	610	1
461	772	1
462	610	1
463	1353	1
463	33	1
463	1274	1
463	596	1
463	124	1
464	1783	1
464	1574	1
464	879	1
464	1775	1
464	610	1
464	56	1
465	1666	1
465	610	1
465	35	1
465	1945	1
465	596	1
465	124	1
466	43	1
466	926	1
466	449	1
466	1029	1
466	683	1
466	33	1
466	1307	1
466	1010	1
466	1363	1
466	67	1
466	1739	1
466	1271	1
466	1328	1
466	1093	1
466	1621	1
466	153	1
466	1775	1
466	614	1
466	1666	1
466	550	1
466	299	1
466	1755	1
466	559	1
466	1241	1
466	445	1
466	1041	1
466	18	1
466	1718	1
466	1963	1
466	1238	1
466	779	1
466	1060	1
466	167	1
466	94	1
466	971	1
466	1925	1
466	888	1
466	1504	1
466	1245	1
467	1572	1
467	1034	1
467	1585	1
467	937	1
467	547	1
467	1353	1
467	1307	1
467	1534	1
467	21	1
467	2079	1
467	1574	1
467	788	1
467	434	1
467	790	1
467	635	1
467	65	1
467	317	1
467	1953	1
467	1666	1
467	964	1
467	327	1
467	935	1
467	659	1
467	208	1
467	2017	1
467	35	1
467	709	1
467	1506	1
467	1945	1
467	1718	1
467	873	1
467	1323	1
467	598	1
467	1620	1
467	1598	1
467	167	1
467	99	1
467	307	1
467	13	1
468	1572	1
468	30	1
468	808	1
468	1499	1
468	1668	1
468	659	1
468	1945	1
468	1718	1
468	1533	1
469	2021	1
469	968	1
469	618	1
469	596	1
470	1572	1
470	1318	1
470	1967	1
470	2072	1
470	1	1
470	1322	1
470	1307	1
470	1999	1
470	1200	1
470	1174	1
470	687	1
470	1301	1
470	355	1
470	1263	1
470	1242	1
470	412	1
470	2024	1
470	1157	1
470	1622	1
470	156	1
470	520	1
470	924	1
470	59	1
470	1152	1
470	1236	1
470	307	1
471	997	1
471	1481	1
471	1318	1
471	1307	1
471	30	1
471	1441	1
471	1574	1
471	791	1
471	1094	1
471	1174	1
471	1666	1
471	1364	1
471	1760	1
471	1141	1
471	59	1
471	35	1
471	466	1
471	1365	1
471	103	1
471	307	1
472	1894	1
472	610	1
472	895	1
472	1120	1
472	1436	1
473	1481	1
473	33	1
473	1307	1
473	1066	1
473	355	1
473	1242	1
473	1364	1
473	1157	1
473	506	1
473	1860	1
473	1771	1
473	1598	1
473	888	1
473	1184	1
473	13	1
474	1481	1
474	924	1
474	1718	1
475	1039	1
475	1668	1
475	160	1
475	103	1
476	1034	1
476	1322	1
476	252	1
476	1534	1
476	30	1
476	1487	1
476	1668	1
476	632	1
476	1135	1
476	1891	1
476	327	1
476	506	1
476	1179	1
476	35	1
476	1024	1
476	643	1
476	2012	1
476	1190	1
476	13	1
477	1572	1
477	1718	1
477	2057	1
478	367	1
478	547	1
478	1318	1
478	33	1
478	1307	1
478	496	1
478	1816	1
478	1887	1
478	1440	1
478	189	1
478	1247	1
478	1627	1
478	136	1
478	892	1
478	494	1
478	251	1
478	1120	1
478	591	1
478	642	1
479	547	1
479	1635	1
479	1481	1
479	1307	1
479	496	1
479	871	1
479	659	1
479	59	1
479	1048	1
479	1537	1
479	1415	1
479	892	1
479	1665	1
479	1945	1
479	1718	1
479	501	1
479	873	1
479	1365	1
479	1689	1
479	167	1
479	1352	1
480	1572	1
480	1481	1
480	1718	1
481	1572	1
481	1668	1
481	35	1
481	1365	1
482	1585	1
482	1481	1
482	1322	1
482	1668	1
482	1365	1
482	13	1
483	1572	1
483	319	1
483	1318	1
483	1967	1
483	1887	1
483	1174	1
483	59	1
483	1179	1
483	1718	1
483	1644	1
483	1190	1
484	1961	1
484	1318	1
484	702	1
484	1322	1
484	1999	1
484	1174	1
484	698	1
484	1917	1
484	59	1
484	709	1
484	1718	1
484	251	1
484	1120	1
484	1721	1
484	471	1
485	1572	1
485	1174	1
485	1760	1
485	935	1
485	709	1
485	1024	1
485	1415	1
485	414	1
485	1365	1
485	426	1
485	1644	1
486	2005	1
486	1481	1
486	1322	1
486	1668	1
486	1760	1
486	935	1
486	924	1
486	506	1
486	35	1
486	1024	1
486	414	1
486	1365	1
486	426	1
486	13	1
487	1572	1
487	1481	1
487	33	1
487	1322	1
487	964	1
487	1250	1
487	35	1
487	1945	1
487	1365	1
487	101	1
487	1619	1
488	1322	1
488	1668	1
488	35	1
488	1365	1
488	426	1
488	1644	1
489	1322	1
489	1668	1
489	924	1
489	709	1
489	873	1
489	1528	1
490	1572	1
490	21	1
490	709	1
490	501	1
490	1365	1
490	1644	1
490	1190	1
491	1481	1
491	957	1
491	1668	1
491	945	1
491	924	1
491	1048	1
491	35	1
491	873	1
491	251	1
491	426	1
491	1352	1
491	13	1
492	1572	1
492	1481	1
492	1086	1
492	30	1
492	1668	1
492	1718	1
492	1365	1
492	426	1
492	13	1
493	1572	1
493	708	1
493	1322	1
493	1534	1
493	539	1
493	65	1
493	1378	1
493	836	1
493	160	1
493	679	1
493	1125	1
493	924	1
493	1048	1
493	1626	1
493	1747	1
493	1718	1
493	56	1
493	247	1
493	1184	1
493	1352	1
493	13	1
493	1856	1
494	1572	1
494	1585	1
494	997	1
494	21	1
494	788	1
494	924	1
494	506	1
494	1179	1
494	35	1
494	696	1
494	709	1
494	1718	1
494	2057	1
494	1551	1
494	1644	1
494	1190	1
495	997	1
495	956	1
495	20	1
495	709	1
495	1365	1
495	394	1
496	1572	1
496	1034	1
496	30	1
496	788	1
496	1301	1
496	35	1
496	709	1
496	1718	1
496	251	1
496	1365	1
496	13	1
497	1572	1
497	1585	1
497	997	1
497	956	1
497	1668	1
497	20	1
497	1258	1
497	679	1
497	327	1
497	924	1
497	709	1
497	1024	1
497	60	1
497	1945	1
497	1718	1
497	873	1
497	251	1
497	1365	1
497	394	1
497	598	1
497	2057	1
497	247	1
497	888	1
497	13	1
498	1137	1
498	1034	1
498	937	1
498	997	1
498	168	1
498	1783	1
498	1318	1
498	1650	1
498	1307	1
498	1887	1
498	726	1
498	480	1
498	1501	1
498	160	1
498	935	1
498	924	1
498	59	1
498	35	1
498	709	1
498	282	1
498	36	1
498	1945	1
498	1718	1
498	930	1
498	873	1
498	1365	1
498	1771	1
498	394	1
498	1120	1
498	916	1
498	167	1
498	908	1
498	247	1
498	888	1
498	1203	1
498	1011	1
499	1034	1
499	1322	1
499	30	1
499	65	1
499	20	1
499	35	1
499	709	1
499	1718	1
499	501	1
499	1365	1
500	1572	1
500	1761	1
500	1635	1
500	391	1
500	1513	1
500	1322	1
500	30	1
500	1415	1
500	1718	1
500	1365	1
500	384	1
500	1071	1
501	1718	1
501	501	1
502	1572	1
502	1534	1
502	30	1
502	1039	1
502	1429	1
502	679	1
502	35	1
502	709	1
502	643	1
502	1718	1
502	1365	1
502	247	1
503	2072	1
503	1322	1
503	30	1
503	1039	1
503	1668	1
503	65	1
503	20	1
503	679	1
503	924	1
503	35	1
503	501	1
503	1365	1
503	1528	1
503	1644	1
503	1190	1
503	13	1
504	367	1
504	1585	1
504	619	1
504	491	1
504	35	1
504	709	1
504	2012	1
504	1090	1
504	1718	1
504	13	1
505	2046	1
505	1020	1
505	1996	1
505	1481	1
505	1318	1
505	33	1
505	1534	1
505	1441	1
505	1039	1
505	65	1
505	1564	1
505	1859	1
505	1049	1
505	924	1
505	681	1
505	35	1
505	1260	1
505	696	1
505	709	1
505	775	1
505	414	1
505	2012	1
505	1718	1
505	1365	1
505	965	1
505	1687	1
505	424	1
505	175	1
505	13	1
506	33	1
506	1174	1
506	1793	1
506	35	1
506	1718	1
506	380	1
507	1966	1
507	1414	1
507	1580	1
507	1403	1
507	33	1
507	737	1
507	2052	1
507	1539	1
507	629	1
507	189	1
507	309	1
507	1419	1
507	181	1
507	382	1
507	65	1
507	1174	1
507	1589	1
507	1666	1
507	1166	1
507	160	1
507	2030	1
507	1894	1
507	911	1
507	2054	1
507	659	1
507	924	1
507	1191	1
507	864	1
507	673	1
507	1299	1
507	709	1
507	643	1
507	1375	1
507	933	1
507	1025	1
507	832	1
507	13	1
508	1966	1
508	1572	1
508	2005	1
508	638	1
508	2050	1
508	1174	1
508	687	1
508	611	1
508	911	1
508	924	1
508	1892	1
508	1260	1
508	1436	1
509	1966	1
509	1572	1
509	2005	1
509	1342	1
509	1394	1
509	924	1
509	1743	1
509	2019	1
509	916	1
509	2063	1
509	2067	1
509	1692	1
510	1966	1
510	1777	1
510	2005	1
510	1761	1
510	1342	1
510	638	1
510	737	1
510	1174	1
510	673	1
510	422	1
510	2019	1
511	1966	1
511	1777	1
511	1342	1
511	737	1
511	687	1
511	1045	1
511	924	1
511	673	1
511	422	1
511	2019	1
511	916	1
511	2063	1
512	1572	1
512	2005	1
512	2036	1
512	776	1
512	1739	1
512	309	1
512	611	1
512	935	1
512	924	1
512	755	1
512	137	1
512	1294	1
513	1572	1
513	2005	1
513	1028	1
513	1166	1
513	924	1
513	1260	1
513	1098	1
513	52	1
513	916	1
514	1572	1
514	2005	1
514	1830	1
514	1611	1
514	1028	1
514	1394	1
514	1014	1
514	1601	1
514	924	1
514	1840	1
514	52	1
514	916	1
514	489	1
515	2005	1
515	1342	1
515	580	1
515	575	1
515	737	1
515	1394	1
515	309	1
515	687	1
515	883	1
515	935	1
515	924	1
515	1048	1
515	1260	1
515	164	1
515	1743	1
515	658	1
516	1966	1
516	1572	1
516	1342	1
516	1028	1
516	2030	1
516	924	1
516	1260	1
516	673	1
516	1743	1
516	2019	1
516	916	1
516	1692	1
517	1966	1
517	1572	1
517	1964	1
517	1666	1
517	1718	1
517	1425	1
517	13	1
518	388	1
518	1074	1
518	1572	1
518	695	1
518	547	1
518	319	1
518	1878	1
518	1967	1
518	912	1
518	1650	1
518	2	1
518	674	1
518	1322	1
518	1494	1
518	328	1
518	1044	1
518	1181	1
518	556	1
518	1373	1
518	1932	1
518	1649	1
518	858	1
518	1243	1
518	155	1
518	2010	1
518	1174	1
518	349	1
518	1852	1
518	120	1
518	1263	1
518	85	1
518	1666	1
518	1393	1
518	160	1
518	272	1
518	765	1
518	327	1
518	412	1
518	1894	1
518	828	1
518	156	1
518	924	1
518	35	1
518	1491	1
518	856	1
518	1599	1
518	1508	1
518	494	1
518	1718	1
518	1365	1
518	1120	1
518	1236	1
518	1516	1
518	163	1
518	1565	1
518	109	1
518	814	1
519	1668	1
519	1417	1
519	650	1
519	773	1
520	2022	1
520	884	1
520	1585	1
520	168	1
520	458	1
520	1346	1
520	1481	1
520	2079	1
520	604	1
520	1873	1
520	1727	1
520	1781	1
520	611	1
520	355	1
520	1364	1
520	806	1
520	351	1
520	610	1
520	924	1
520	2017	1
520	1845	1
520	485	1
520	1985	1
520	1952	1
520	1718	1
520	680	1
520	930	1
520	384	1
520	242	1
520	1998	1
520	992	1
520	877	1
520	1057	1
520	596	1
520	763	1
520	124	1
520	1352	1
521	1572	1
521	1308	1
521	547	1
521	168	1
521	1154	1
521	1610	1
521	1174	1
521	961	1
521	1793	1
521	1666	1
521	679	1
521	1068	1
521	709	1
521	1945	1
521	1718	1
521	1218	1
521	873	1
521	2057	1
521	1234	1
521	1192	1
522	1585	1
522	646	1
522	1481	1
522	148	1
522	1868	1
522	1045	1
522	35	1
522	414	1
522	1945	1
522	1718	1
522	2057	1
523	33	1
523	687	1
523	160	1
523	327	1
523	643	1
523	426	1
523	103	1
523	888	1
523	267	1
523	1160	1
523	13	1
524	35	1
524	1718	1
524	2057	1
525	2057	1
525	1528	1
526	367	1
526	1034	1
526	547	1
526	1322	1
526	1534	1
526	30	1
526	1668	1
526	679	1
526	1682	1
526	659	1
526	892	1
526	1945	1
526	1718	1
526	873	1
526	1365	1
526	2057	1
526	1620	1
526	1528	1
526	642	1
526	1192	1
526	13	1
527	1572	1
527	1322	1
527	21	1
527	1793	1
527	916	1
527	2057	1
528	1572	1
528	997	1
528	547	1
528	33	1
528	494	1
528	1718	1
528	2057	1
529	1572	1
529	547	1
529	1718	1
529	916	1
530	1966	1
530	33	1
530	65	1
530	2031	1
530	1048	1
530	1179	1
530	892	1
530	1787	1
530	832	1
531	1966	1
531	1733	1
531	326	1
531	319	1
531	118	1
531	575	1
531	1775	1
531	1048	1
531	1945	1
531	873	1
531	1787	1
531	832	1
531	230	1
532	2005	1
532	547	1
532	1481	1
532	1407	1
532	1668	1
532	1682	1
532	935	1
532	1622	1
532	924	1
532	506	1
532	35	1
532	414	1
532	466	1
532	1718	1
532	930	1
532	1997	1
533	1481	1
533	1322	1
533	65	1
533	924	1
533	506	1
533	35	1
533	1945	1
533	1365	1
533	916	1
533	2057	1
533	888	1
533	307	1
534	1034	1
534	1481	1
534	1322	1
534	1165	1
534	1726	1
534	35	1
534	1024	1
534	873	1
534	598	1
534	1644	1
534	13	1
535	1534	1
535	30	1
535	1365	1
535	908	1
535	13	1
536	547	1
536	1635	1
536	1481	1
536	1322	1
536	1790	1
536	935	1
536	35	1
536	1945	1
536	1718	1
536	86	1
536	384	1
536	2057	1
536	425	1
536	307	1
537	1481	1
537	1322	1
537	1534	1
537	679	1
537	1682	1
537	1365	1
537	1528	1
537	908	1
538	547	1
538	1635	1
538	1481	1
538	1322	1
538	21	1
538	1668	1
538	480	1
538	1790	1
538	327	1
538	1682	1
538	924	1
538	1718	1
538	1365	1
538	425	1
539	1635	1
539	1481	1
539	1322	1
539	679	1
539	1982	1
539	812	1
539	908	1
539	13	1
540	1034	1
540	1585	1
540	2005	1
540	937	1
540	1020	1
540	240	1
540	364	1
540	1635	1
540	1481	1
540	1177	1
540	1318	1
540	2072	1
540	33	1
540	1322	1
540	1307	1
540	21	1
540	2079	1
540	1668	1
540	1087	1
540	65	1
540	1135	1
540	1174	1
540	1727	1
540	1103	1
540	1284	1
540	1126	1
540	509	1
540	1429	1
540	2077	1
540	150	1
540	2001	1
540	659	1
540	1404	1
540	1756	1
540	907	1
540	818	1
540	506	1
540	1340	1
540	35	1
540	709	1
540	1747	1
540	466	1
540	1718	1
540	86	1
540	1375	1
540	873	1
540	1365	1
540	384	1
540	1997	1
540	1120	1
540	426	1
540	916	1
540	298	1
540	145	1
540	56	1
540	1598	1
540	1528	1
540	779	1
540	840	1
540	1644	1
540	1190	1
540	908	1
540	247	1
540	984	1
540	307	1
540	13	1
541	1137	1
541	1034	1
541	1481	1
541	182	1
541	327	1
541	506	1
541	1945	1
541	1365	1
541	1136	1
541	888	1
541	307	1
542	1572	1
542	1137	1
542	1772	1
542	547	1
542	1635	1
542	1481	1
542	278	1
542	1322	1
542	1307	1
542	1105	1
542	788	1
542	148	1
542	480	1
542	65	1
542	1364	1
542	1453	1
542	1682	1
542	1141	1
542	506	1
542	1179	1
542	35	1
542	1945	1
542	1365	1
542	384	1
542	2057	1
542	425	1
542	1689	1
542	1838	1
542	1737	1
542	307	1
543	1572	1
543	2005	1
543	1481	1
543	1318	1
543	1496	1
543	1812	1
543	1534	1
543	30	1
543	1066	1
543	148	1
543	65	1
543	687	1
543	679	1
543	327	1
543	935	1
543	924	1
543	414	1
543	1365	1
543	1352	1
543	13	1
544	434	1
544	964	1
544	35	1
544	1718	1
544	908	1
545	1572	1
545	1137	1
545	1143	1
545	21	1
545	362	1
545	395	1
545	1945	1
545	494	1
545	2057	1
545	1644	1
545	1737	1
546	1572	1
546	1034	1
546	1318	1
546	33	1
546	1165	1
546	21	1
546	189	1
546	1726	1
546	1031	1
546	65	1
546	317	1
546	400	1
546	160	1
546	856	1
546	394	1
546	598	1
546	426	1
546	812	1
546	908	1
546	247	1
546	13	1
547	1572	1
547	1137	1
547	1322	1
547	1165	1
547	964	1
547	924	1
547	506	1
547	598	1
547	591	1
547	908	1
547	247	1
548	1481	1
548	33	1
548	1322	1
548	679	1
548	506	1
548	35	1
548	1997	1
548	2057	1
548	812	1
549	1635	1
549	1481	1
549	1429	1
550	1481	1
550	1322	1
550	1668	1
550	1250	1
550	1024	1
550	414	1
550	244	1
550	1365	1
550	2057	1
551	1572	1
551	1481	1
551	1322	1
551	1718	1
551	2057	1
552	1318	1
552	33	1
552	1307	1
552	1534	1
552	1105	1
552	1499	1
552	1668	1
552	1666	1
552	484	1
552	659	1
552	1141	1
552	924	1
552	681	1
552	1048	1
552	35	1
552	650	1
552	1718	1
552	87	1
552	827	1
552	608	1
552	251	1
552	426	1
552	13	1
553	1322	1
553	1676	1
553	1165	1
553	1534	1
553	1441	1
553	434	1
553	1726	1
553	924	1
553	35	1
553	1024	1
553	1997	1
553	44	1
554	908	1
555	1572	1
555	1481	1
555	1534	1
555	1668	1
555	964	1
555	1718	1
555	1620	1
555	908	1
556	506	1
556	1718	1
556	522	1
557	1572	1
557	126	1
557	1635	1
557	1481	1
557	709	1
557	873	1
557	251	1
557	2057	1
557	424	1
557	167	1
558	1322	1
558	1668	1
558	35	1
558	1718	1
559	1572	1
559	1585	1
559	547	1
559	1322	1
560	1585	1
560	1481	1
560	1967	1
560	1668	1
560	317	1
560	659	1
560	13	1
561	2021	1
561	611	1
561	1775	1
561	1666	1
561	659	1
561	116	1
561	1718	1
561	87	1
561	703	1
561	1436	1
561	959	1
562	611	1
562	1775	1
562	1666	1
562	610	1
562	591	1
563	1067	1
563	900	1
563	451	1
563	660	1
563	1775	1
563	1666	1
563	610	1
563	1341	1
563	659	1
563	395	1
563	1290	1
563	696	1
563	1718	1
563	1375	1
563	642	1
564	1572	1
564	1585	1
564	547	1
564	1481	1
564	1318	1
564	1322	1
564	1044	1
564	1612	1
564	989	1
564	1105	1
564	2079	1
564	2036	1
564	747	1
564	65	1
564	1174	1
564	1301	1
564	679	1
564	327	1
564	1760	1
564	706	1
564	395	1
564	506	1
564	1340	1
564	922	1
564	798	1
564	482	1
564	650	1
564	1718	1
564	1798	1
564	873	1
564	384	1
564	145	1
564	56	1
564	1644	1
564	167	1
564	596	1
564	984	1
564	124	1
564	311	1
565	1635	1
565	1481	1
565	1353	1
565	1534	1
565	30	1
565	35	1
565	1190	1
565	1352	1
565	13	1
566	997	1
566	1322	1
566	1174	1
566	35	1
566	709	1
566	1024	1
567	1572	1
567	1167	1
567	1137	1
567	547	1
567	1481	1
567	1353	1
567	747	1
567	1571	1
567	964	1
567	1790	1
567	327	1
567	35	1
567	1718	1
567	930	1
567	384	1
567	426	1
567	56	1
567	247	1
567	307	1
567	13	1
567	1856	1
568	1137	1
568	1585	1
568	1481	1
568	747	1
568	1790	1
568	709	1
568	384	1
568	426	1
568	56	1
568	167	1
568	908	1
568	247	1
569	1137	1
569	168	1
569	1410	1
569	1481	1
569	1353	1
569	1790	1
569	327	1
569	1206	1
569	59	1
569	1326	1
569	709	1
569	1747	1
569	1718	1
569	384	1
569	426	1
569	56	1
569	1644	1
569	167	1
569	908	1
569	247	1
569	99	1
570	1137	1
570	1481	1
570	35	1
570	56	1
570	307	1
570	1856	1
571	168	1
571	1481	1
571	1682	1
571	35	1
571	1748	1
571	56	1
571	247	1
571	1856	1
572	1353	1
572	1574	1
572	1790	1
572	1747	1
572	2069	1
572	908	1
572	247	1
572	307	1
573	1481	1
573	1322	1
573	1024	1
573	1352	1
574	1572	1
574	1481	1
574	434	1
574	964	1
574	924	1
574	1168	1
574	1718	1
574	1323	1
574	908	1
574	307	1
575	1572	1
575	1034	1
575	1307	1
575	1165	1
575	1174	1
575	1125	1
575	59	1
575	1945	1
575	1718	1
575	873	1
575	384	1
575	916	1
575	591	1
575	908	1
575	13	1
576	610	1
576	1718	1
577	402	1
577	33	1
577	1945	1
577	1718	1
578	1039	1
578	1706	1
578	1365	1
579	962	1
579	822	1
579	610	1
579	1718	1
579	827	1
579	1436	1
580	1322	1
580	1668	1
580	935	1
580	35	1
580	1365	1
581	1572	1
581	1034	1
581	1635	1
581	1481	1
581	1812	1
581	1174	1
581	935	1
581	35	1
581	384	1
582	1163	1
582	912	1
582	33	1
582	1945	1
582	1718	1
582	916	1
583	364	1
583	1307	1
583	21	1
583	1718	1
584	319	1
584	1929	1
584	1307	1
584	21	1
584	1174	1
584	1107	1
584	1718	1
584	57	1
584	916	1
585	2005	1
585	319	1
585	21	1
585	1887	1
585	1174	1
586	574	1
586	33	1
586	120	1
586	828	1
586	1945	1
586	1718	1
586	443	1
586	916	1
586	145	1
586	1746	1
587	2057	1
588	1042	1
588	828	1
588	1945	1
588	1718	1
589	875	1
589	547	1
589	903	1
589	75	1
589	1864	1
589	168	1
589	301	1
589	319	1
589	870	1
589	899	1
589	1543	1
589	1151	1
589	1318	1
589	1353	1
589	1044	1
589	1307	1
589	1220	1
589	1105	1
589	1935	1
589	1072	1
589	1887	1
589	1174	1
589	687	1
589	1775	1
589	120	1
589	1301	1
589	194	1
589	1276	1
589	1531	1
589	1666	1
589	1703	1
589	428	1
589	550	1
589	1569	1
589	327	1
589	82	1
589	1770	1
589	1894	1
589	46	1
589	828	1
589	1522	1
589	188	1
589	1941	1
589	294	1
589	445	1
589	1255	1
589	258	1
589	494	1
589	1718	1
589	1670	1
589	854	1
589	1426	1
589	534	1
589	895	1
589	916	1
589	1919	1
589	242	1
589	1838	1
589	167	1
589	888	1
589	267	1
589	1504	1
589	573	1
589	724	1
589	1115	1
589	198	1
589	1958	1
589	1854	1
589	1149	1
589	112	1
590	301	1
590	319	1
590	118	1
590	29	1
590	1156	1
590	1044	1
590	1307	1
590	1235	1
590	1300	1
590	687	1
590	85	1
590	975	1
590	653	1
590	141	1
590	1945	1
590	1718	1
590	916	1
590	358	1
590	1938	1
590	669	1
590	814	1
591	368	1
591	33	1
591	1494	1
591	1441	1
591	956	1
591	1469	1
591	1014	1
591	1564	1
591	1369	1
591	327	1
591	659	1
591	59	1
591	1260	1
591	52	1
591	1945	1
591	494	1
591	873	1
591	437	1
591	1389	1
591	598	1
591	916	1
591	591	1
591	1787	1
591	1696	1
591	424	1
591	13	1
591	593	1
592	1572	1
592	168	1
592	327	1
592	1894	1
592	1522	1
592	35	1
592	709	1
592	650	1
592	167	1
593	1572	1
593	997	1
593	1039	1
593	327	1
593	924	1
593	35	1
593	1718	1
594	168	1
594	956	1
594	189	1
594	65	1
594	1989	1
594	709	1
594	494	1
594	1718	1
594	916	1
594	1856	1
595	997	1
595	1307	1
595	1522	1
595	35	1
595	709	1
595	1718	1
595	1365	1
595	167	1
595	908	1
595	1856	1
596	937	1
596	1360	1
596	1996	1
596	1635	1
596	1407	1
596	1929	1
596	1307	1
596	1812	1
596	2036	1
596	189	1
596	1469	1
596	687	1
596	1775	1
596	1666	1
596	160	1
596	681	1
596	59	1
596	186	1
596	709	1
596	2012	1
596	494	1
596	1718	1
596	873	1
596	1973	1
596	424	1
596	1970	1
596	101	1
596	593	1
597	1635	1
597	1481	1
597	1407	1
597	1265	1
597	681	1
597	1973	1
598	1572	1
598	1137	1
598	369	1
598	547	1
598	168	1
598	1783	1
598	1481	1
598	1353	1
598	174	1
598	1066	1
598	480	1
598	1258	1
598	1790	1
598	327	1
598	1546	1
598	201	1
598	2001	1
598	935	1
598	1622	1
598	2017	1
598	709	1
598	494	1
598	1718	1
598	426	1
598	916	1
598	56	1
598	1598	1
598	908	1
598	888	1
598	307	1
598	1184	1
598	970	1
598	1482	1
598	1856	1
599	2079	1
599	1039	1
599	1775	1
599	327	1
599	35	1
599	608	1
600	1572	1
600	937	1
600	168	1
600	1481	1
600	33	1
600	65	1
600	687	1
600	1775	1
600	1301	1
600	1666	1
600	610	1
600	924	1
600	35	1
600	1065	1
600	1945	1
600	1718	1
600	873	1
600	1365	1
600	916	1
600	1644	1
600	167	1
601	937	1
601	1481	1
601	1322	1
601	189	1
601	791	1
601	1174	1
601	610	1
601	1522	1
601	1941	1
601	924	1
601	1065	1
601	1945	1
601	1718	1
601	873	1
601	1644	1
602	65	1
602	35	1
602	709	1
602	1365	1
602	908	1
602	888	1
603	547	1
603	708	1
603	1783	1
603	1961	1
603	1318	1
603	1353	1
603	1339	1
603	1307	1
603	1105	1
603	2021	1
603	1574	1
603	1727	1
603	85	1
603	1666	1
603	564	1
603	160	1
603	1206	1
603	1522	1
603	1941	1
603	35	1
603	692	1
603	158	1
603	1945	1
603	650	1
603	930	1
603	1598	1
603	167	1
603	307	1
603	124	1
603	381	1
603	1011	1
603	1184	1
603	970	1
603	1881	1
603	13	1
604	1481	1
604	1534	1
604	35	1
604	709	1
604	1718	1
604	1365	1
604	167	1
605	1783	1
605	1967	1
605	1353	1
605	1307	1
605	1534	1
605	2079	1
605	65	1
605	1775	1
605	1953	1
605	1242	1
605	1666	1
605	964	1
605	564	1
605	1790	1
605	7	1
605	35	1
605	1575	1
605	1168	1
605	1506	1
605	1747	1
605	1945	1
605	650	1
605	494	1
605	1718	1
605	1774	1
605	916	1
605	56	1
605	908	1
605	247	1
605	888	1
605	1282	1
605	307	1
605	1184	1
606	875	1
606	369	1
606	1801	1
606	547	1
606	168	1
606	1055	1
606	708	1
606	1783	1
606	1719	1
606	1481	1
606	1961	1
606	1967	1
606	2072	1
606	1156	1
606	1353	1
606	1189	1
606	33	1
606	375	1
606	1339	1
606	1322	1
606	1307	1
606	1612	1
606	857	1
606	491	1
606	1990	1
606	182	1
606	1235	1
606	1300	1
606	2021	1
606	1649	1
606	2036	1
606	1634	1
606	1739	1
606	446	1
606	1574	1
606	726	1
606	879	1
606	1999	1
606	480	1
606	434	1
606	1302	1
606	1094	1
606	89	1
606	1727	1
606	687	1
606	1793	1
606	1666	1
606	1166	1
606	964	1
606	1790	1
606	694	1
606	1274	1
606	905	1
606	327	1
606	1802	1
606	1546	1
606	612	1
606	653	1
606	751	1
606	1894	1
606	661	1
606	659	1
606	1141	1
606	950	1
606	156	1
606	860	1
606	1404	1
606	1756	1
606	1941	1
606	656	1
606	1340	1
606	1148	1
606	692	1
606	995	1
606	1466	1
606	1495	1
606	1506	1
606	1747	1
606	438	1
606	1063	1
606	482	1
606	1945	1
606	1076	1
606	494	1
606	1718	1
606	255	1
606	930	1
606	1053	1
606	1750	1
606	1973	1
606	1323	1
606	1904	1
606	1774	1
606	1185	1
606	1771	1
606	916	1
606	572	1
606	1939	1
606	2069	1
606	234	1
606	56	1
606	781	1
606	1598	1
606	425	1
606	832	1
606	771	1
606	247	1
606	1712	1
606	267	1
606	1517	1
606	2015	1
606	8	1
606	1317	1
606	1184	1
606	970	1
606	1352	1
606	803	1
606	303	1
606	1856	1
607	1353	1
607	1189	1
607	182	1
607	1534	1
607	2021	1
607	1039	1
607	879	1
607	480	1
607	434	1
607	1200	1
607	1196	1
607	964	1
607	1790	1
607	1546	1
607	201	1
607	7	1
607	1622	1
607	655	1
607	1384	1
607	828	1
607	35	1
607	1148	1
607	995	1
607	1063	1
607	255	1
607	930	1
607	1365	1
607	1771	1
607	598	1
607	426	1
607	916	1
607	2069	1
607	1598	1
607	908	1
607	1136	1
607	596	1
607	307	1
607	124	1
607	1011	1
607	1184	1
608	610	1
608	1718	1
609	901	1
609	610	1
609	1718	1
610	875	1
610	404	1
610	1444	1
610	1478	1
610	364	1
610	319	1
610	1975	1
610	278	1
610	1650	1
610	521	1
610	1156	1
610	1613	1
610	33	1
610	1112	1
610	435	1
610	1929	1
610	1890	1
610	1273	1
610	962	1
610	275	1
610	1614	1
610	1707	1
610	2021	1
610	2036	1
610	2042	1
610	1634	1
610	1887	1
610	32	1
610	1329	1
610	2045	1
610	685	1
610	54	1
610	344	1
610	687	1
610	1315	1
610	881	1
610	611	1
610	602	1
610	1775	1
610	739	1
610	1793	1
610	1953	1
610	85	1
610	1922	1
610	295	1
610	1799	1
610	1133	1
610	564	1
610	467	1
610	975	1
610	1369	1
610	1274	1
610	327	1
610	269	1
610	55	1
610	413	1
610	653	1
610	1383	1
610	141	1
610	1894	1
610	1556	1
610	1954	1
610	610	1
610	1141	1
610	395	1
610	1085	1
610	1785	1
610	1563	1
610	818	1
610	1064	1
610	624	1
610	35	1
610	507	1
610	350	1
610	329	1
610	1145	1
610	878	1
610	1909	1
610	652	1
610	95	1
610	1913	1
610	1415	1
610	1663	1
610	1542	1
610	1981	1
610	1945	1
610	650	1
610	1486	1
610	1718	1
610	1651	1
610	330	1
610	190	1
610	2040	1
610	1576	1
610	1053	1
610	1750	1
610	1581	1
610	813	1
610	384	1
610	534	1
610	904	1
610	1120	1
610	1421	1
610	137	1
610	57	1
610	916	1
610	84	1
610	943	1
610	1938	1
610	779	1
610	1970	1
610	365	1
610	307	1
610	1374	1
610	1901	1
610	1549	1
610	810	1
611	1034	1
611	937	1
611	1534	1
611	2021	1
611	687	1
611	160	1
611	426	1
611	916	1
611	424	1
611	1190	1
611	13	1
612	367	1
612	1034	1
612	1585	1
612	213	1
612	547	1
612	1538	1
612	1929	1
612	1307	1
612	1441	1
612	490	1
612	189	1
612	65	1
612	20	1
612	1775	1
612	2077	1
612	659	1
612	1141	1
612	59	1
612	35	1
612	922	1
612	1065	1
612	709	1
612	1486	1
612	494	1
612	1718	1
612	1365	1
612	598	1
612	1000	1
612	1644	1
612	13	1
613	1585	1
614	1585	1
615	1167	1
615	997	1
615	168	1
615	1481	1
615	1318	1
615	1353	1
615	1307	1
615	1039	1
615	1668	1
615	1066	1
615	65	1
615	1287	1
615	85	1
615	160	1
615	861	1
615	1760	1
615	659	1
615	1179	1
615	1340	1
615	709	1
615	494	1
615	119	1
615	873	1
615	1365	1
615	916	1
615	591	1
615	1644	1
615	167	1
615	596	1
615	984	1
615	124	1
615	13	1
616	875	1
616	1572	1
616	1423	1
616	937	1
616	417	1
616	1042	1
616	301	1
616	1473	1
616	1635	1
616	1481	1
616	1318	1
616	1967	1
616	702	1
616	278	1
616	641	1
616	117	1
616	1322	1
616	1929	1
616	1044	1
616	1307	1
616	1676	1
616	882	1
616	1786	1
616	67	1
616	1534	1
616	2021	1
616	2036	1
616	2055	1
616	1887	1
616	1668	1
616	189	1
616	65	1
616	687	1
616	1247	1
616	1908	1
616	618	1
616	1527	1
616	1483	1
616	1274	1
616	327	1
616	935	1
616	828	1
616	305	1
616	1114	1
616	818	1
616	59	1
616	164	1
616	696	1
616	1439	1
616	709	1
616	1926	1
616	128	1
616	1051	1
616	1415	1
616	1865	1
616	1542	1
616	1508	1
616	1945	1
616	650	1
616	976	1
616	494	1
616	1718	1
616	443	1
616	1375	1
616	1576	1
616	873	1
616	384	1
616	1656	1
616	916	1
616	908	1
616	247	1
616	307	1
616	1203	1
616	807	1
616	830	1
617	610	1
618	1067	1
618	33	1
618	1953	1
618	610	1
618	1718	1
619	610	1
620	875	1
620	1962	1
620	130	1
620	870	1
620	1996	1
620	764	1
620	1543	1
620	1318	1
620	702	1
620	278	1
620	1127	1
620	1929	1
620	1220	1
620	1300	1
620	1105	1
620	1229	1
620	1072	1
620	604	1
620	747	1
620	1596	1
620	1717	1
620	63	1
620	861	1
620	1153	1
620	82	1
620	610	1
620	935	1
620	659	1
620	1141	1
620	828	1
620	1187	1
620	1680	1
620	818	1
620	59	1
620	35	1
620	2007	1
620	164	1
620	1089	1
620	878	1
620	696	1
620	709	1
620	2048	1
620	2071	1
620	1455	1
620	202	1
620	1508	1
620	1945	1
620	1670	1
620	639	1
620	1659	1
620	1365	1
620	1988	1
620	1120	1
620	1656	1
620	1838	1
620	888	1
620	1282	1
620	267	1
620	198	1
620	1566	1
620	283	1
620	1658	1
620	311	1
621	1668	1
621	1365	1
622	997	1
622	1441	1
622	127	1
622	35	1
622	1690	1
622	709	1
622	1718	1
622	1365	1
623	1704	1
623	1318	1
623	1967	1
623	601	1
623	37	1
623	1307	1
623	1612	1
623	1300	1
623	1105	1
623	446	1
623	1574	1
623	1775	1
623	706	1
623	610	1
623	1141	1
623	690	1
623	621	1
623	438	1
623	2071	1
623	202	1
623	1945	1
623	650	1
623	1718	1
624	1572	1
624	547	1
624	364	1
624	1392	1
624	1318	1
624	1967	1
624	1156	1
624	33	1
624	1322	1
624	1929	1
624	1413	1
624	853	1
624	1307	1
624	1235	1
624	1105	1
624	2079	1
624	446	1
624	634	1
624	1694	1
624	65	1
624	687	1
624	355	1
624	1666	1
624	679	1
624	143	1
624	195	1
624	935	1
624	1941	1
624	294	1
624	818	1
624	690	1
624	35	1
624	922	1
624	878	1
624	696	1
624	1451	1
624	1718	1
624	1475	1
624	251	1
624	1365	1
624	137	1
624	916	1
624	1236	1
624	1838	1
624	779	1
624	1896	1
624	1644	1
624	167	1
624	1190	1
624	99	1
624	888	1
624	1566	1
624	814	1
624	311	1
625	393	1
625	1572	1
625	278	1
625	1613	1
625	1044	1
625	1307	1
625	1739	1
625	569	1
625	881	1
625	1844	1
625	800	1
625	1556	1
625	610	1
625	395	1
625	1708	1
625	199	1
625	514	1
625	650	1
625	1718	1
625	1375	1
625	873	1
625	916	1
625	1436	1
626	1240	1
626	33	1
626	900	1
626	611	1
626	1666	1
626	610	1
626	1945	1
626	1718	1
626	1248	1
627	354	1
627	548	1
627	856	1
627	418	1
627	1971	1
628	33	1
628	21	1
628	858	1
628	1666	1
628	1758	1
628	856	1
628	1090	1
628	873	1
628	666	1
629	1572	1
629	2005	1
629	547	1
629	1538	1
629	2050	1
629	33	1
629	1174	1
629	1661	1
629	558	1
629	113	1
629	59	1
629	69	1
629	52	1
629	1743	1
629	422	1
629	437	1
629	398	1
629	1120	1
629	1687	1
630	33	1
630	1775	1
630	610	1
630	1718	1
631	952	1
631	1633	1
631	937	1
631	319	1
631	1240	1
631	33	1
631	940	1
631	1666	1
631	160	1
631	327	1
631	828	1
631	855	1
631	1048	1
631	35	1
631	650	1
631	1718	1
631	1120	1
632	1633	1
632	1240	1
632	33	1
632	611	1
632	1775	1
632	85	1
632	160	1
632	327	1
632	828	1
632	855	1
632	1048	1
632	650	1
632	1718	1
632	1120	1
633	1572	1
633	33	1
633	1929	1
633	1668	1
633	85	1
633	1274	1
633	1141	1
633	59	1
633	358	1
634	952	1
634	1633	1
634	937	1
634	1163	1
634	1040	1
634	33	1
634	2079	1
634	940	1
634	327	1
634	855	1
634	1048	1
634	1179	1
634	1945	1
634	650	1
634	1718	1
634	873	1
634	1120	1
634	916	1
634	2060	1
635	937	1
635	2079	1
635	1887	1
635	611	1
635	1775	1
635	85	1
635	1666	1
635	160	1
635	327	1
635	610	1
635	1718	1
635	873	1
636	1633	1
636	1492	1
636	1163	1
636	270	1
636	33	1
636	1887	1
636	940	1
636	1775	1
636	85	1
636	1330	1
636	327	1
636	852	1
636	610	1
636	2037	1
636	828	1
636	35	1
636	696	1
636	1945	1
636	1718	1
636	873	1
636	745	1
636	2013	1
637	952	1
637	1633	1
637	937	1
637	1240	1
637	33	1
637	2079	1
637	611	1
637	1775	1
637	85	1
637	1666	1
637	659	1
637	35	1
637	1945	1
637	1120	1
638	319	1
638	1979	1
638	33	1
638	1683	1
638	619	1
638	1887	1
638	611	1
638	1775	1
638	85	1
638	1666	1
638	1274	1
638	800	1
638	610	1
638	395	1
638	828	1
638	35	1
638	199	1
638	282	1
638	1945	1
638	1375	1
638	1389	1
639	937	1
639	1240	1
639	33	1
639	2021	1
639	611	1
639	1775	1
639	822	1
639	85	1
639	610	1
639	395	1
639	1945	1
639	650	1
639	608	1
639	1436	1
640	2021	1
640	1666	1
640	618	1
640	650	1
640	426	1
641	931	1
641	1322	1
641	21	1
641	1174	1
641	1430	1
641	327	1
641	935	1
641	924	1
641	1718	1
641	1973	1
641	1643	1
642	1572	1
642	1585	1
642	65	1
642	35	1
643	1585	1
643	35	1
643	1718	1
644	1585	1
645	1572	1
645	1585	1
645	35	1
645	1718	1
646	1585	1
647	1585	1
647	35	1
647	1718	1
648	1585	1
648	35	1
648	1718	1
649	1572	1
649	1585	1
649	35	1
649	1718	1
650	1572	1
650	1585	1
650	35	1
650	1718	1
651	1585	1
651	1322	1
652	1572	1
652	1585	1
652	1718	1
653	1585	1
654	1572	1
654	1585	1
654	1718	1
655	1668	1
656	21	1
656	956	1
656	1718	1
657	1458	1
657	931	1
657	2021	1
657	1844	1
657	514	1
657	650	1
657	1351	1
658	931	1
658	839	1
658	2021	1
658	1608	1
658	618	1
658	816	1
658	1718	1
658	426	1
659	1966	1
659	368	1
659	1572	1
659	544	1
659	1458	1
659	931	1
659	33	1
659	1863	1
659	1671	1
659	1174	1
659	1265	1
659	618	1
659	1844	1
659	1102	1
659	644	1
659	342	1
659	650	1
659	1798	1
659	873	1
660	216	1
660	931	1
660	1307	1
660	1882	1
660	1844	1
660	327	1
660	659	1
660	35	1
660	650	1
660	756	1
660	1718	1
660	608	1
660	426	1
660	13	1
661	1572	1
661	35	1
661	1718	1
662	1572	1
662	1585	1
662	35	1
662	1718	1
663	1572	1
663	1034	1
663	997	1
663	1812	1
663	35	1
663	1718	1
663	2057	1
663	1620	1
664	997	1
664	1682	1
664	1747	1
664	1718	1
664	2057	1
665	368	1
665	1538	1
665	1613	1
665	33	1
665	473	1
665	2055	1
665	1743	1
665	892	1
665	494	1
665	591	1
665	1343	1
665	101	1
665	1619	1
666	2057	1
667	1322	1
667	2057	1
668	35	1
668	2057	1
668	1528	1
669	575	1
669	65	1
669	1666	1
669	659	1
669	917	1
669	1009	1
669	2019	1
669	424	1
669	1553	1
669	13	1
669	1980	1
670	1966	1
670	1572	1
670	1962	1
670	402	1
670	1163	1
670	487	1
670	278	1
670	2025	1
670	1040	1
670	33	1
670	1808	1
670	619	1
670	1295	1
670	1764	1
670	1307	1
670	857	1
670	1468	1
670	1812	1
670	2021	1
670	1631	1
670	1039	1
670	189	1
670	1642	1
670	636	1
670	822	1
670	1666	1
670	689	1
670	160	1
670	1695	1
670	1102	1
670	1995	1
670	659	1
670	1903	1
670	395	1
670	1179	1
670	981	1
670	2081	1
670	568	1
670	1594	1
670	709	1
670	1743	1
670	892	1
670	1514	1
670	783	1
670	1945	1
670	1233	1
670	893	1
670	1380	1
670	1718	1
670	1798	1
670	1641	1
670	266	1
670	34	1
670	398	1
670	1779	1
670	383	1
670	703	1
670	561	1
670	1438	1
670	1436	1
670	766	1
670	1331	1
671	2072	1
671	1301	1
671	355	1
671	1718	1
672	1782	1
672	1004	1
672	33	1
672	30	1
672	320	1
672	65	1
672	1174	1
672	1365	1
672	426	1
672	452	1
672	888	1
672	13	1
673	1572	1
673	1034	1
673	11	1
673	547	1
673	764	1
673	1481	1
673	1307	1
673	1534	1
673	434	1
673	579	1
673	1174	1
673	1596	1
673	1258	1
673	316	1
673	1545	1
673	2001	1
673	1125	1
673	1682	1
673	1756	1
673	1941	1
673	924	1
673	2017	1
673	1048	1
673	1747	1
673	941	1
673	494	1
673	930	1
673	119	1
673	1075	1
673	1323	1
673	1365	1
673	425	1
673	812	1
673	908	1
673	888	1
673	307	1
673	970	1
673	1352	1
674	1572	1
674	518	1
674	547	1
674	857	1
674	1258	1
674	964	1
674	694	1
674	35	1
674	494	1
674	1718	1
674	930	1
674	1323	1
674	1365	1
674	1011	1
674	13	1
675	1034	1
675	168	1
675	1039	1
675	1775	1
675	1941	1
675	35	1
675	1945	1
675	1718	1
675	426	1
675	167	1
675	307	1
675	13	1
676	1572	1
676	1034	1
676	1481	1
676	1676	1
676	30	1
676	1718	1
676	1365	1
676	307	1
676	13	1
677	1572	1
677	1733	1
677	1034	1
677	937	1
677	213	1
677	1635	1
677	1481	1
677	702	1
677	33	1
677	900	1
677	1165	1
677	1534	1
677	30	1
677	1039	1
677	1668	1
677	490	1
677	687	1
677	1823	1
677	659	1
677	1141	1
677	924	1
677	681	1
677	35	1
677	709	1
677	892	1
677	2012	1
677	1718	1
677	1798	1
677	1120	1
677	598	1
677	426	1
677	591	1
677	2049	1
677	424	1
677	888	1
677	1352	1
677	13	1
678	808	1
678	1718	1
678	358	1
678	832	1
679	1034	1
679	1724	1
679	490	1
679	207	1
679	1885	1
679	893	1
679	873	1
679	1955	1
679	1365	1
679	358	1
680	207	1
680	35	1
680	1885	1
680	893	1
681	1730	1
681	1572	1
681	1034	1
681	319	1
681	1040	1
681	857	1
681	189	1
681	824	1
681	1174	1
681	236	1
681	82	1
681	35	1
681	696	1
681	2012	1
681	1993	1
681	1361	1
681	967	1
681	1945	1
681	1718	1
681	1365	1
681	426	1
681	2049	1
681	1930	1
681	424	1
681	1190	1
681	1352	1
682	1034	1
682	168	1
682	1252	1
682	1165	1
682	65	1
682	1258	1
682	2066	1
682	1316	1
682	2043	1
682	659	1
682	1522	1
682	35	1
682	1168	1
682	1747	1
682	1945	1
682	1718	1
682	1323	1
682	1365	1
682	908	1
682	888	1
682	267	1
682	1011	1
683	33	1
683	1322	1
683	1441	1
683	1887	1
683	1039	1
683	1668	1
683	65	1
683	709	1
683	494	1
683	873	1
683	13	1
684	65	1
684	1793	1
684	1945	1
684	1365	1
685	1481	1
685	1307	1
685	414	1
685	494	1
685	424	1
686	1572	1
686	1718	1
686	424	1
687	1572	1
687	1481	1
687	1718	1
688	1481	1
688	1318	1
688	1718	1
689	1572	1
689	547	1
689	1322	1
689	1307	1
689	1105	1
689	1735	1
689	1121	1
689	1766	1
689	696	1
689	414	1
689	1718	1
689	501	1
689	873	1
689	426	1
689	100	1
689	1644	1
689	1352	1
690	1572	1
690	1481	1
690	1322	1
690	21	1
690	1668	1
690	1121	1
690	65	1
690	1174	1
690	945	1
690	160	1
690	1250	1
690	659	1
690	828	1
690	924	1
690	1048	1
690	1766	1
690	1024	1
690	999	1
690	1718	1
690	501	1
690	394	1
690	1902	1
690	1352	1
691	1481	1
691	1668	1
691	1024	1
692	1668	1
692	1718	1
693	1572	1
693	1481	1
693	1668	1
693	709	1
694	1481	1
694	1668	1
694	20	1
694	1024	1
695	1481	1
695	1322	1
695	1668	1
695	1891	1
695	1865	1
695	1718	1
695	501	1
695	1365	1
696	1668	1
696	924	1
696	709	1
696	426	1
697	1572	1
697	1481	1
697	1668	1
697	1718	1
697	1619	1
698	931	1
698	1812	1
698	762	1
698	35	1
698	1514	1
698	1718	1
698	398	1
698	383	1
698	424	1
698	1436	1
699	2057	1
700	1572	1
700	1962	1
700	189	1
700	65	1
700	1249	1
700	924	1
700	837	1
700	1743	1
700	1718	1
700	383	1
701	393	1
701	931	1
701	1882	1
701	1942	1
701	1798	1
701	426	1
701	383	1
701	938	1
702	1572	1
702	168	1
702	1481	1
702	1318	1
702	702	1
702	993	1
702	30	1
702	21	1
702	2079	1
702	1668	1
702	127	1
702	1135	1
702	355	1
702	1578	1
702	506	1
702	1179	1
702	1340	1
702	1091	1
702	709	1
702	1024	1
702	591	1
702	1551	1
702	1982	1
702	1528	1
702	1190	1
702	247	1
702	1447	1
702	381	1
702	1352	1
702	13	1
703	1966	1
703	1056	1
703	1026	1
703	319	1
703	1156	1
703	33	1
703	1307	1
703	1291	1
703	1300	1
703	2036	1
703	1739	1
703	446	1
703	687	1
703	290	1
703	1583	1
703	1882	1
703	1265	1
703	1666	1
703	1844	1
703	1669	1
703	1102	1
703	1141	1
703	1898	1
703	1708	1
703	924	1
703	576	1
703	59	1
703	816	1
703	843	1
703	204	1
703	892	1
703	1945	1
703	650	1
703	1375	1
703	1023	1
704	1572	1
704	1481	1
704	1322	1
704	30	1
704	1135	1
704	506	1
704	1256	1
704	1718	1
704	2057	1
704	1982	1
705	1137	1
705	1481	1
705	182	1
705	1574	1
705	1066	1
705	1429	1
705	476	1
705	1404	1
705	2017	1
705	86	1
705	930	1
705	1323	1
705	2069	1
705	167	1
705	908	1
705	1737	1
705	13	1
706	1572	1
706	618	1
706	1417	1
706	816	1
706	178	1
706	650	1
706	1718	1
706	1389	1
707	1668	1
707	296	1
707	1718	1
707	1776	1
708	1966	1
708	1342	1
708	65	1
708	722	1
708	256	1
708	1977	1
708	816	1
708	843	1
708	1945	1
708	756	1
708	494	1
708	916	1
708	257	1
708	938	1
708	1239	1
709	931	1
709	33	1
709	839	1
709	569	1
709	1882	1
709	1666	1
709	1844	1
709	800	1
709	816	1
709	1375	1
709	426	1
709	470	1
709	1169	1
710	610	1
711	945	1
711	1718	1
711	1365	1
711	13	1
712	1067	1
712	618	1
712	610	1
713	1572	1
713	65	1
713	709	1
714	1308	1
714	222	1
714	1322	1
714	1287	1
714	1429	1
714	838	1
714	1718	1
714	1528	1
715	1966	1
715	638	1
715	218	1
715	1403	1
715	318	1
715	1635	1
715	1084	1
715	1534	1
715	30	1
715	951	1
715	379	1
715	1539	1
715	1121	1
715	125	1
715	1610	1
715	1174	1
715	687	1
715	1666	1
715	366	1
715	1869	1
715	911	1
715	924	1
715	1191	1
715	1547	1
715	1599	1
715	756	1
715	1718	1
715	1425	1
715	1445	1
715	1677	1
715	1907	1
715	1711	1
715	13	1
716	434	1
716	964	1
716	1674	1
716	930	1
716	908	1
717	1585	1
717	1322	1
717	1668	1
717	1066	1
717	65	1
717	838	1
717	506	1
717	1218	1
717	1099	1
717	916	1
717	2057	1
717	1528	1
717	1644	1
717	1192	1
717	13	1
718	1572	1
718	1481	1
718	1322	1
718	1365	1
718	2057	1
719	679	1
719	1674	1
719	924	1
719	1718	1
719	1099	1
720	1962	1
720	1761	1
720	319	1
720	33	1
720	1499	1
720	430	1
720	65	1
720	1535	1
720	1174	1
720	1627	1
720	1249	1
720	924	1
720	1765	1
720	59	1
720	494	1
720	1161	1
720	103	1
720	1557	1
720	1619	1
720	13	1
721	983	1
722	1572	1
722	310	1
722	1718	1
723	35	1
723	1718	1
723	908	1
723	1203	1
724	213	1
724	1252	1
724	1757	1
724	1718	1
724	908	1
725	368	1
725	2005	1
725	213	1
725	1538	1
725	2055	1
725	451	1
725	1456	1
725	935	1
725	673	1
725	52	1
725	517	1
725	437	1
725	553	1
726	1668	1
726	1718	1
726	1365	1
727	1481	1
727	1318	1
727	2057	1
728	1585	1
728	240	1
728	355	1
728	1157	1
729	240	1
729	788	1
729	355	1
729	1157	1
729	35	1
729	1718	1
729	873	1
729	1446	1
730	1572	1
730	1733	1
730	2005	1
730	1996	1
730	1481	1
730	2021	1
730	1668	1
730	945	1
730	681	1
730	1048	1
730	696	1
730	944	1
731	1572	1
731	1481	1
731	702	1
731	35	1
731	1718	1
732	1572	1
732	1346	1
732	1481	1
732	1072	1
732	1258	1
732	1790	1
732	1274	1
732	1682	1
732	924	1
732	1747	1
732	930	1
732	2069	1
732	247	1
732	267	1
732	307	1
733	1481	1
733	21	1
733	35	1
733	1644	1
734	1585	1
734	35	1
734	1644	1
735	1572	1
735	937	1
735	1555	1
735	1481	1
735	993	1
735	1668	1
735	320	1
735	945	1
735	1859	1
735	1277	1
735	924	1
735	1048	1
735	709	1
735	225	1
735	251	1
735	2057	1
735	1551	1
735	1352	1
736	1966	1
736	1777	1
736	2005	1
736	1962	1
736	1342	1
736	1538	1
736	278	1
736	575	1
736	2058	1
736	1307	1
736	2051	1
736	309	1
736	125	1
736	241	1
736	1174	1
736	1661	1
736	687	1
736	160	1
736	659	1
736	673	1
736	1817	1
736	1743	1
736	1945	1
736	494	1
736	1425	1
736	1973	1
736	916	1
736	1488	1
736	1557	1
736	1619	1
736	230	1
737	1165	1
737	1258	1
737	2017	1
737	908	1
737	247	1
738	1572	1
738	1481	1
738	956	1
738	35	1
738	2057	1
739	1585	1
739	1718	1
740	1572	1
740	1481	1
740	1322	1
740	2055	1
740	788	1
740	1440	1
740	189	1
740	1775	1
740	1666	1
740	1859	1
740	327	1
740	969	1
740	1048	1
740	35	1
740	1945	1
740	1718	1
740	873	1
740	1365	1
740	426	1
740	175	1
740	13	1
741	1668	1
741	924	1
741	35	1
742	21	1
743	1572	1
743	1481	1
743	1165	1
743	21	1
743	202	1
743	1718	1
744	2057	1
745	1572	1
745	1668	1
745	35	1
745	1718	1
745	1365	1
746	1481	1
746	1318	1
746	327	1
746	1718	1
746	1365	1
747	1481	1
747	1039	1
747	1668	1
747	1775	1
747	1666	1
747	924	1
747	1048	1
747	35	1
747	1718	1
747	13	1
748	1481	1
748	1718	1
748	2057	1
749	1572	1
749	1733	1
749	1143	1
749	1481	1
749	1407	1
749	1534	1
749	808	1
749	1865	1
749	1365	1
749	426	1
749	13	1
750	1481	1
750	1039	1
750	1775	1
750	1666	1
750	679	1
750	659	1
750	1048	1
750	873	1
750	426	1
750	2057	1
750	175	1
750	13	1
751	1407	1
751	808	1
751	125	1
751	65	1
751	1859	1
751	679	1
751	1718	1
751	1528	1
751	13	1
752	1572	1
752	168	1
752	1407	1
752	33	1
752	945	1
752	1179	1
752	1718	1
752	426	1
752	642	1
753	1481	1
753	1318	1
753	1407	1
753	1618	1
753	1165	1
753	30	1
753	808	1
753	65	1
753	679	1
753	1277	1
753	659	1
753	919	1
753	696	1
753	892	1
753	225	1
753	873	1
753	426	1
753	2057	1
753	1224	1
753	13	1
754	1572	1
754	1318	1
754	30	1
754	1668	1
754	919	1
754	924	1
754	1718	1
754	1365	1
755	1572	1
755	30	1
755	808	1
755	1718	1
755	426	1
756	21	1
756	1718	1
757	1668	1
757	945	1
757	1718	1
757	501	1
757	426	1
758	21	1
758	944	1
758	1365	1
759	1572	1
759	30	1
759	1039	1
759	1666	1
759	659	1
759	1048	1
759	1718	1
759	1365	1
759	426	1
759	175	1
759	13	1
760	1572	1
760	1318	1
760	1322	1
760	21	1
760	1668	1
760	320	1
760	1775	1
760	1666	1
760	659	1
760	1048	1
760	1718	1
760	1365	1
760	426	1
760	13	1
761	65	1
761	1775	1
761	1666	1
761	679	1
761	924	1
761	696	1
761	1365	1
761	426	1
762	1481	1
762	1407	1
762	1322	1
762	30	1
762	1668	1
762	1775	1
762	1666	1
762	659	1
762	1048	1
762	1718	1
762	873	1
762	591	1
763	1481	1
763	1407	1
763	1165	1
763	1534	1
763	1668	1
763	1775	1
763	1666	1
763	1718	1
763	873	1
763	426	1
763	591	1
763	1352	1
764	1572	1
764	937	1
764	319	1
764	1481	1
764	1318	1
764	1039	1
764	659	1
764	35	1
764	873	1
764	1365	1
764	1352	1
764	13	1
765	1481	1
765	702	1
765	30	1
765	65	1
765	1277	1
765	924	1
765	1179	1
765	414	1
765	1718	1
765	225	1
765	1525	1
765	2057	1
765	1528	1
765	13	1
766	320	1
766	679	1
767	2057	1
768	2057	1
769	1572	1
769	1481	1
769	1718	1
769	2057	1
770	1481	1
770	2057	1
771	1481	1
771	924	1
771	1718	1
771	2057	1
772	1481	1
772	924	1
772	1718	1
773	808	1
773	924	1
773	35	1
773	1718	1
774	377	1
774	252	1
774	1668	1
774	251	1
775	1572	1
775	924	1
775	1718	1
775	424	1
775	1644	1
776	1481	1
776	1668	1
776	1718	1
777	1572	1
777	808	1
777	1718	1
778	1034	1
778	1668	1
778	709	1
779	1481	1
779	1668	1
780	1572	1
780	1733	1
780	125	1
780	160	1
780	35	1
780	2057	1
780	175	1
781	1572	1
781	1733	1
781	1481	1
781	33	1
781	189	1
781	484	1
781	160	1
781	327	1
781	1251	1
781	659	1
781	35	1
781	456	1
781	1945	1
781	1718	1
781	873	1
781	840	1
781	103	1
781	1352	1
782	1188	1
782	1572	1
782	187	1
782	1932	1
782	191	1
782	1709	1
782	1526	1
783	1534	1
783	1668	1
783	1048	1
783	35	1
783	1718	1
783	873	1
783	1365	1
783	1192	1
784	1342	1
784	677	1
784	1539	1
784	924	1
784	1597	1
784	1179	1
784	52	1
784	650	1
784	1718	1
784	424	1
785	1966	1
785	1572	1
785	677	1
785	1635	1
785	1568	1
785	33	1
785	1539	1
785	189	1
785	1174	1
785	1122	1
785	659	1
785	924	1
785	1718	1
785	13	1
786	367	1
786	1966	1
786	1777	1
786	684	1
786	547	1
786	319	1
786	571	1
786	575	1
786	1134	1
786	1307	1
786	2051	1
786	1812	1
786	1534	1
786	2055	1
786	972	1
786	243	1
786	65	1
786	1174	1
786	152	1
786	687	1
786	1030	1
786	120	1
786	1627	1
786	1666	1
786	1428	1
786	73	1
786	1364	1
786	2031	1
786	160	1
786	793	1
786	236	1
786	1141	1
786	924	1
786	681	1
786	35	1
786	643	1
786	1945	1
786	1718	1
786	933	1
786	234	1
786	1930	1
786	103	1
786	424	1
786	760	1
786	1352	1
786	13	1
787	1966	1
787	368	1
787	1572	1
787	1414	1
787	1342	1
787	1538	1
787	319	1
787	575	1
787	1582	1
787	737	1
787	1307	1
787	1300	1
787	2055	1
787	309	1
787	65	1
787	1174	1
787	687	1
787	1666	1
787	1818	1
787	1869	1
787	1358	1
787	659	1
787	924	1
787	35	1
787	1260	1
787	673	1
787	273	1
787	892	1
787	1945	1
787	756	1
787	517	1
787	873	1
787	607	1
787	57	1
787	2019	1
787	916	1
787	1930	1
787	103	1
787	101	1
787	1632	1
788	1899	1
788	1055	1
788	360	1
788	1783	1
788	1481	1
788	33	1
788	1676	1
788	2036	1
788	1574	1
788	1668	1
788	434	1
788	790	1
788	620	1
788	85	1
788	1666	1
788	1790	1
788	872	1
788	146	1
788	1274	1
788	476	1
788	1125	1
788	1141	1
788	1404	1
788	924	1
788	2017	1
788	1626	1
788	1747	1
788	482	1
788	1945	1
788	1718	1
788	1096	1
788	1771	1
788	908	1
789	168	1
789	1055	1
789	1322	1
789	1713	1
789	480	1
789	1727	1
789	1790	1
789	1453	1
789	2043	1
789	1206	1
789	140	1
789	2017	1
789	709	1
789	1747	1
789	1617	1
789	930	1
789	916	1
789	2069	1
789	771	1
789	668	1
790	1668	1
791	1572	1
791	21	1
791	2028	1
791	1528	1
792	1481	1
792	21	1
792	2028	1
792	1718	1
792	1365	1
793	1572	1
793	1733	1
793	815	1
793	1481	1
793	1318	1
793	702	1
793	1220	1
793	808	1
793	1039	1
793	1668	1
793	791	1
793	1325	1
793	1135	1
793	120	1
793	2028	1
793	924	1
793	1048	1
793	506	1
793	1179	1
793	1865	1
793	1718	1
793	131	1
793	873	1
793	1973	1
793	721	1
793	1365	1
793	426	1
793	2057	1
793	1551	1
793	812	1
793	1644	1
793	13	1
794	1481	1
794	702	1
794	1534	1
794	1668	1
794	1718	1
794	1365	1
794	2057	1
794	1352	1
795	1481	1
795	1322	1
795	1307	1
795	21	1
795	65	1
795	327	1
795	924	1
795	59	1
795	1048	1
795	414	1
795	2057	1
795	1644	1
795	888	1
795	1352	1
796	1481	1
796	993	1
796	35	1
796	2057	1
797	1668	1
797	632	1
797	501	1
798	1572	1
798	1585	1
798	1066	1
798	791	1
798	1790	1
798	1682	1
798	506	1
798	1747	1
798	414	1
798	1718	1
798	2057	1
798	13	1
799	1481	1
799	1318	1
799	1967	1
799	1322	1
799	1812	1
799	1039	1
799	1668	1
799	901	1
799	954	1
799	632	1
799	1891	1
799	1429	1
799	1718	1
799	1365	1
799	452	1
799	1528	1
800	2057	1
801	702	1
801	1322	1
801	30	1
801	1371	1
801	679	1
801	924	1
801	35	1
801	709	1
801	643	1
801	1973	1
801	840	1
802	679	1
802	1048	1
802	35	1
802	1718	1
803	1322	1
803	1668	1
803	924	1
803	35	1
804	1668	1
805	1481	1
805	1441	1
805	506	1
805	709	1
805	1945	1
805	1718	1
805	251	1
805	591	1
805	13	1
806	70	1
806	956	1
806	1039	1
806	1668	1
806	1814	1
806	873	1
806	333	1
806	424	1
807	1668	1
807	554	1
808	808	1
808	1668	1
808	1718	1
808	1365	1
808	2019	1
808	591	1
808	1644	1
808	13	1
809	1582	1
809	1165	1
809	956	1
809	1668	1
809	625	1
809	1718	1
809	591	1
810	33	1
810	1165	1
810	1441	1
810	956	1
810	2055	1
810	1440	1
810	791	1
810	65	1
810	1605	1
810	924	1
810	506	1
810	625	1
810	1718	1
810	437	1
810	598	1
810	591	1
811	1585	1
811	997	1
811	1165	1
811	956	1
811	808	1
811	2055	1
811	591	1
811	13	1
812	997	1
812	1481	1
812	33	1
812	956	1
812	808	1
812	1039	1
812	1440	1
812	65	1
812	277	1
812	988	1
812	1442	1
812	924	1
812	625	1
812	1540	1
812	1718	1
812	437	1
812	1365	1
812	598	1
812	1336	1
812	2019	1
812	591	1
812	13	1
813	1759	1
813	1481	1
813	945	1
813	709	1
813	1024	1
813	1718	1
813	591	1
813	1551	1
814	1481	1
814	30	1
814	65	1
814	597	1
814	1024	1
814	1865	1
814	1071	1
815	709	1
815	1024	1
815	1718	1
816	377	1
816	33	1
816	1322	1
816	808	1
816	1668	1
816	332	1
816	1718	1
816	1236	1
817	1322	1
817	1024	1
818	1585	1
818	1481	1
818	964	1
819	1481	1
819	434	1
819	964	1
820	1481	1
820	148	1
820	434	1
820	964	1
821	1165	1
821	1121	1
821	1111	1
821	1718	1
821	2057	1
822	1668	1
822	434	1
822	964	1
822	247	1
823	1322	1
823	434	1
823	964	1
823	908	1
824	434	1
824	1024	1
824	908	1
825	1137	1
825	1055	1
825	1574	1
825	1066	1
825	480	1
825	65	1
825	1679	1
825	964	1
825	476	1
825	1206	1
825	1125	1
825	395	1
825	208	1
825	2017	1
825	1116	1
825	2038	1
825	1537	1
825	1718	1
825	1365	1
825	1771	1
825	1982	1
825	771	1
825	908	1
825	247	1
825	307	1
825	1927	1
826	1322	1
826	1666	1
826	35	1
826	1718	1
826	13	1
827	369	1
827	1481	1
827	434	1
827	964	1
828	1481	1
828	1322	1
828	964	1
829	1572	1
829	1585	1
829	1481	1
829	1496	1
829	1668	1
829	1174	1
829	1718	1
829	1365	1
829	1982	1
829	1644	1
829	267	1
830	1585	1
830	1024	1
830	1997	1
831	1682	1
831	1997	1
832	1322	1
832	434	1
832	964	1
833	1668	1
833	59	1
833	35	1
833	1365	1
833	1982	1
834	1572	1
834	1481	1
834	1322	1
834	747	1
834	1174	1
834	1718	1
834	1365	1
834	1644	1
835	964	1
835	908	1
836	434	1
836	964	1
836	2043	1
837	434	1
837	964	1
837	2043	1
838	956	1
838	908	1
839	908	1
840	1481	1
840	434	1
840	964	1
840	908	1
841	33	1
841	1668	1
841	1718	1
841	13	1
842	1481	1
842	1682	1
842	1997	1
843	1322	1
843	1668	1
843	35	1
844	1572	1
844	1481	1
844	1066	1
844	65	1
844	924	1
844	1340	1
844	414	1
844	1718	1
844	1365	1
845	1668	1
846	1585	1
846	1481	1
846	964	1
846	1024	1
847	1481	1
847	434	1
847	2043	1
848	434	1
848	964	1
849	1585	1
849	434	1
849	964	1
849	908	1
850	1481	1
850	434	1
850	2043	1
850	908	1
851	1322	1
851	2021	1
851	1682	1
851	35	1
851	466	1
851	1365	1
851	247	1
852	1668	1
853	434	1
854	1668	1
855	1585	1
855	1481	1
856	1322	1
856	1668	1
857	1481	1
857	1668	1
857	434	1
857	1024	1
857	1718	1
858	1322	1
858	1668	1
858	1365	1
859	1668	1
860	1668	1
861	434	1
861	908	1
862	1585	1
862	13	1
863	1481	1
863	1682	1
863	1997	1
863	247	1
864	369	1
864	1055	1
864	1346	1
864	1704	1
864	1318	1
864	1353	1
864	1713	1
864	1066	1
864	964	1
864	1790	1
864	2001	1
864	1125	1
864	659	1
864	2017	1
864	35	1
864	1024	1
864	466	1
864	1718	1
864	930	1
864	66	1
864	2069	1
864	1598	1
864	1644	1
864	247	1
864	888	1
864	668	1
864	1856	1
865	1585	1
865	1481	1
865	434	1
865	1682	1
865	1024	1
865	1997	1
866	434	1
866	964	1
867	964	1
867	908	1
868	434	1
868	2043	1
869	434	1
869	964	1
869	908	1
870	964	1
870	908	1
871	1481	1
871	434	1
871	964	1
872	434	1
872	964	1
872	1024	1
873	1668	1
873	13	1
874	1481	1
874	1668	1
874	1024	1
874	414	1
875	367	1
875	1572	1
875	1481	1
875	1318	1
875	33	1
875	30	1
875	754	1
875	1790	1
875	1035	1
875	1682	1
875	35	1
875	414	1
875	1718	1
876	1258	1
876	1997	1
876	908	1
876	247	1
877	466	1
877	1718	1
877	1997	1
878	964	1
878	1790	1
879	1585	1
879	1961	1
879	1318	1
879	702	1
879	1812	1
879	1534	1
879	30	1
879	21	1
879	65	1
879	1727	1
879	1790	1
879	373	1
879	1682	1
879	935	1
879	924	1
879	818	1
879	1843	1
879	35	1
879	1024	1
879	482	1
879	1486	1
879	255	1
879	1997	1
879	426	1
879	1644	1
879	522	1
879	381	1
879	13	1
880	1668	1
881	1137	1
881	964	1
881	908	1
881	247	1
882	1322	1
882	1668	1
882	120	1
883	1962	1
883	33	1
883	2055	1
883	1668	1
883	189	1
884	1572	1
884	402	1
884	1481	1
884	1668	1
884	632	1
884	65	1
884	1048	1
884	1718	1
885	1137	1
885	1346	1
885	1481	1
885	539	1
885	1066	1
885	584	1
885	1258	1
885	1242	1
885	2043	1
885	1323	1
885	888	1
885	307	1
886	1572	1
886	1346	1
886	1481	1
886	1252	1
886	1306	1
886	964	1
886	1718	1
886	1096	1
886	1323	1
886	771	1
886	1856	1
887	1481	1
887	1322	1
887	65	1
887	1174	1
887	554	1
887	696	1
887	1365	1
888	1668	1
889	1572	1
889	506	1
889	35	1
889	1718	1
890	1668	1
891	1668	1
892	1481	1
892	1668	1
893	501	1
894	1668	1
895	1572	1
895	1585	1
895	327	1
895	35	1
895	1365	1
895	247	1
896	1718	1
896	908	1
897	1572	1
897	1165	1
897	1174	1
898	1572	1
898	148	1
898	1682	1
898	2017	1
898	35	1
898	414	1
898	1718	1
898	2057	1
898	247	1
899	1966	1
899	1962	1
899	1538	1
899	33	1
899	659	1
899	673	1
899	832	1
900	1966	1
900	368	1
900	1572	1
900	2005	1
900	1342	1
900	440	1
900	70	1
900	118	1
900	2050	1
900	1134	1
900	1433	1
900	2052	1
900	379	1
900	2055	1
900	1887	1
900	535	1
900	189	1
900	102	1
900	309	1
900	1642	1
900	65	1
900	891	1
900	1940	1
900	177	1
900	22	1
900	734	1
900	935	1
900	1921	1
900	134	1
900	659	1
900	1398	1
900	924	1
900	193	1
900	35	1
900	1191	1
900	864	1
900	673	1
900	52	1
900	282	1
900	1375	1
900	422	1
900	517	1
900	437	1
900	419	1
900	1740	1
900	2019	1
900	1025	1
900	103	1
900	1314	1
900	1293	1
900	819	1
900	346	1
900	1043	1
900	807	1
900	13	1
901	1635	1
901	65	1
901	35	1
901	1718	1
902	367	1
902	1572	1
902	1929	1
902	372	1
902	1668	1
902	35	1
902	709	1
902	1718	1
902	1722	1
902	814	1
903	1034	1
903	1668	1
903	35	1
904	1572	1
904	808	1
904	359	1
904	945	1
904	924	1
904	35	1
904	1718	1
904	426	1
905	1034	1
905	1668	1
906	1034	1
906	997	1
906	956	1
906	490	1
906	660	1
906	1989	1
906	207	1
906	1718	1
906	873	1
907	2057	1
908	2057	1
909	2057	1
910	1668	1
911	1668	1
912	1668	1
913	1668	1
913	501	1
914	1585	1
914	1322	1
914	35	1
914	2057	1
915	1572	1
915	35	1
915	1718	1
915	1365	1
915	2057	1
916	1572	1
916	1512	1
916	21	1
916	189	1
916	1448	1
916	35	1
916	1514	1
916	1090	1
916	873	1
916	347	1
917	1322	1
917	1668	1
917	35	1
917	1718	1
917	1365	1
918	547	1
918	1322	1
918	1668	1
918	320	1
918	1174	1
918	924	1
918	426	1
918	2057	1
919	1572	1
919	1481	1
919	702	1
919	1322	1
919	30	1
919	21	1
919	320	1
919	1174	1
919	1265	1
919	1790	1
919	35	1
919	1718	1
919	1997	1
919	13	1
920	1668	1
921	1572	1
921	1733	1
921	126	1
921	1481	1
921	1252	1
921	300	1
921	252	1
921	362	1
921	127	1
921	1174	1
921	152	1
921	1775	1
921	73	1
921	160	1
921	1420	1
921	1250	1
921	1894	1
921	924	1
921	681	1
921	35	1
921	1945	1
921	1718	1
921	1083	1
921	2033	1
921	1644	1
921	510	1
921	1352	1
921	1427	1
922	1572	1
922	33	1
922	687	1
922	659	1
922	924	1
922	59	1
922	1260	1
922	673	1
922	696	1
922	643	1
922	103	1
922	13	1
923	2005	1
923	1851	1
923	1307	1
923	1395	1
923	382	1
923	945	1
923	1869	1
923	911	1
923	935	1
923	924	1
923	1179	1
923	1260	1
923	673	1
923	1299	1
923	643	1
923	756	1
923	2019	1
923	916	1
923	1213	1
924	1966	1
924	1572	1
924	629	1
924	1395	1
924	1265	1
924	160	1
924	659	1
924	924	1
924	59	1
924	1817	1
924	756	1
925	1966	1
925	1777	1
925	1143	1
925	2005	1
925	1761	1
925	638	1
925	118	1
925	474	1
925	1851	1
925	1635	1
925	1240	1
925	575	1
925	1837	1
925	33	1
925	1582	1
925	1134	1
925	1105	1
925	858	1
925	629	1
925	309	1
925	1395	1
925	1469	1
925	1174	1
925	1014	1
925	945	1
925	1666	1
925	1662	1
925	1806	1
925	160	1
925	935	1
925	1141	1
925	924	1
925	59	1
925	35	1
925	1817	1
925	1289	1
925	1505	1
925	916	1
925	1161	1
925	1012	1
925	1092	1
925	1213	1
925	13	1
926	1966	1
926	1572	1
926	2005	1
926	638	1
926	474	1
926	1851	1
926	575	1
926	2050	1
926	1582	1
926	737	1
926	1134	1
926	187	1
926	858	1
926	1395	1
926	65	1
926	1469	1
926	687	1
926	611	1
926	28	1
926	129	1
926	945	1
926	1265	1
926	1022	1
926	975	1
926	1369	1
926	1358	1
926	924	1
926	59	1
926	1773	1
926	1260	1
926	178	1
926	1299	1
926	1817	1
926	643	1
926	1945	1
926	494	1
926	517	1
926	398	1
926	2019	1
926	916	1
926	1161	1
926	1687	1
926	1092	1
926	433	1
926	1213	1
926	13	1
927	1966	1
927	832	1
927	424	1
928	610	1
928	199	1
929	1106	1
929	33	1
929	956	1
929	1887	1
929	65	1
929	892	1
929	1955	1
929	591	1
929	593	1
930	1572	1
930	377	1
930	1307	1
930	1668	1
931	1966	1
931	1572	1
931	2005	1
931	1414	1
931	404	1
931	1403	1
931	118	1
931	33	1
931	737	1
931	1165	1
931	1499	1
931	629	1
931	309	1
931	1155	1
931	65	1
931	1174	1
931	792	1
931	1030	1
931	611	1
931	1666	1
931	73	1
931	160	1
931	1171	1
931	1869	1
931	1868	1
931	2054	1
931	659	1
931	538	1
931	1179	1
931	643	1
931	494	1
931	517	1
931	873	1
931	234	1
931	1687	1
931	401	1
931	13	1
932	1966	1
932	1572	1
932	1240	1
932	737	1
932	65	1
932	1775	1
932	1172	1
932	1869	1
932	1868	1
932	659	1
932	924	1
932	1048	1
932	1179	1
932	1260	1
932	673	1
932	916	1
933	1572	1
933	2005	1
933	65	1
933	1174	1
933	1775	1
933	1179	1
933	35	1
933	673	1
933	696	1
933	756	1
933	103	1
933	13	1
934	1966	1
934	368	1
934	1572	1
934	638	1
934	737	1
934	1014	1
934	1456	1
934	911	1
934	935	1
934	2054	1
934	659	1
934	1773	1
934	1260	1
934	673	1
934	1503	1
934	643	1
934	756	1
934	517	1
934	2019	1
934	916	1
934	1687	1
934	1092	1
934	1213	1
934	13	1
935	1966	1
935	2005	1
935	1414	1
935	638	1
935	118	1
935	1635	1
935	1395	1
935	59	1
935	1260	1
935	13	1
936	2005	1
936	1342	1
936	118	1
936	1240	1
936	33	1
936	737	1
936	187	1
936	1440	1
936	1471	1
936	629	1
936	942	1
936	1469	1
936	1174	1
936	659	1
936	924	1
936	59	1
936	1048	1
936	1260	1
936	673	1
936	643	1
936	2019	1
936	916	1
936	13	1
937	1966	1
937	1572	1
937	118	1
937	629	1
937	659	1
937	681	1
937	643	1
937	1718	1
937	1425	1
937	230	1
938	1966	1
938	1777	1
938	547	1
938	638	1
938	33	1
938	1539	1
938	85	1
938	160	1
938	659	1
938	1718	1
938	873	1
938	814	1
938	1352	1
938	230	1
939	1966	1
939	118	1
939	1539	1
939	629	1
939	924	1
939	696	1
939	1718	1
939	230	1
940	1966	1
940	629	1
940	1395	1
940	942	1
940	314	1
940	160	1
940	924	1
940	643	1
940	1718	1
940	424	1
940	230	1
940	13	1
941	1966	1
941	1572	1
941	2005	1
941	937	1
941	118	1
941	737	1
941	1534	1
941	1499	1
941	858	1
941	189	1
941	65	1
941	687	1
941	611	1
941	1014	1
941	1247	1
941	1991	1
941	1265	1
941	1022	1
941	659	1
941	170	1
941	924	1
941	59	1
941	1260	1
941	673	1
941	892	1
941	643	1
941	2012	1
941	494	1
941	1687	1
941	13	1
941	1980	1
942	368	1
942	2005	1
942	547	1
942	1240	1
942	575	1
942	1582	1
942	737	1
942	858	1
942	382	1
942	65	1
942	1174	1
942	792	1
942	611	1
942	1014	1
942	945	1
942	1022	1
942	911	1
942	170	1
942	59	1
942	1773	1
942	892	1
942	643	1
942	2012	1
942	756	1
942	2019	1
942	1687	1
942	103	1
942	1213	1
942	13	1
943	1966	1
943	1572	1
943	547	1
943	638	1
943	118	1
943	1851	1
943	1240	1
943	33	1
943	1582	1
943	187	1
943	858	1
943	629	1
943	1395	1
943	1174	1
943	1014	1
943	1265	1
943	141	1
943	59	1
943	1048	1
943	673	1
943	1299	1
943	1817	1
943	643	1
943	1365	1
943	1687	1
943	1269	1
943	13	1
944	1966	1
944	118	1
944	33	1
944	73	1
944	160	1
944	659	1
944	681	1
944	59	1
944	696	1
944	1425	1
944	873	1
944	13	1
945	1777	1
945	638	1
945	118	1
945	1635	1
945	737	1
945	1539	1
945	629	1
945	65	1
945	1666	1
945	1202	1
945	805	1
945	659	1
945	59	1
945	1048	1
945	1179	1
945	696	1
945	643	1
945	1945	1
945	756	1
945	916	1
945	234	1
945	1911	1
945	13	1
946	1572	1
946	118	1
946	629	1
946	643	1
946	13	1
947	1966	1
947	1572	1
947	638	1
947	118	1
947	33	1
947	1539	1
947	629	1
947	1395	1
947	65	1
947	805	1
947	924	1
947	1048	1
947	1179	1
947	643	1
948	1718	1
949	1572	1
949	2055	1
949	1718	1
949	642	1
949	13	1
950	1572	1
950	1481	1
950	1668	1
950	1174	1
950	1265	1
950	1429	1
950	1365	1
950	1528	1
950	1644	1
951	1572	1
951	1668	1
951	1718	1
952	1572	1
952	1481	1
952	1322	1
952	1039	1
952	1668	1
952	65	1
952	1429	1
952	414	1
952	1718	1
952	1365	1
952	2057	1
953	1481	1
953	1668	1
953	1718	1
953	1365	1
953	426	1
954	1572	1
954	1668	1
954	1174	1
954	1365	1
954	1644	1
955	1572	1
955	1481	1
955	1177	1
955	1174	1
955	1429	1
955	924	1
955	506	1
955	1718	1
956	2055	1
956	1668	1
956	1066	1
956	924	1
956	35	1
956	414	1
956	1718	1
956	1644	1
957	1481	1
957	1668	1
957	65	1
957	945	1
957	1429	1
957	35	1
957	1718	1
958	1572	1
958	1322	1
958	2055	1
958	1668	1
958	747	1
958	65	1
958	945	1
958	1429	1
958	35	1
958	414	1
958	1365	1
958	1551	1
958	1528	1
958	424	1
958	1803	1
959	1572	1
959	1163	1
959	1635	1
959	1481	1
959	1741	1
959	30	1
959	1668	1
959	65	1
959	945	1
959	1429	1
959	659	1
959	924	1
959	696	1
959	414	1
959	1945	1
959	1551	1
959	1528	1
959	1644	1
959	13	1
960	1481	1
960	1668	1
960	924	1
960	1365	1
960	426	1
960	1644	1
961	1174	1
961	337	1
961	1439	1
961	1718	1
961	2057	1
961	1803	1
962	1668	1
963	317	1
963	617	1
964	1167	1
964	997	1
964	1481	1
964	1668	1
964	35	1
964	591	1
965	1572	1
965	1279	1
965	1034	1
965	547	1
965	319	1
965	1996	1
965	1961	1
965	702	1
965	957	1
965	1812	1
965	125	1
965	1715	1
965	1610	1
965	65	1
965	152	1
965	687	1
965	1775	1
965	1666	1
965	1790	1
965	1602	1
965	160	1
965	281	1
965	679	1
965	366	1
965	1682	1
965	1048	1
965	35	1
965	1509	1
965	944	1
965	1865	1
965	728	1
965	414	1
965	999	1
965	1945	1
965	756	1
965	501	1
965	873	1
965	1365	1
965	103	1
965	424	1
965	175	1
965	1352	1
965	697	1
965	1462	1
965	13	1
965	593	1
966	547	1
966	364	1
966	319	1
966	1967	1
966	1650	1
966	777	1
966	1929	1
966	1044	1
966	1300	1
966	685	1
966	1174	1
966	881	1
966	1666	1
966	618	1
966	828	1
966	542	1
966	121	1
966	1718	1
966	823	1
966	608	1
966	873	1
966	1120	1
966	137	1
966	1656	1
966	779	1
966	424	1
967	404	1
967	319	1
967	687	1
967	1775	1
967	610	1
968	1966	1
968	1074	1
968	1572	1
968	168	1
968	1704	1
968	1967	1
968	702	1
968	33	1
968	1603	1
968	1322	1
968	1044	1
968	1307	1
968	1812	1
968	253	1
968	788	1
968	1999	1
968	189	1
968	359	1
968	747	1
968	125	1
968	1422	1
968	152	1
968	687	1
968	1732	1
968	73	1
968	1418	1
968	698	1
968	1567	1
968	1324	1
968	2065	1
968	1250	1
968	659	1
968	1141	1
968	828	1
968	924	1
968	59	1
968	1326	1
968	35	1
968	1091	1
968	587	1
968	709	1
968	1502	1
968	1289	1
968	494	1
968	1718	1
968	1988	1
968	1120	1
968	331	1
968	753	1
968	916	1
968	1720	1
968	779	1
968	424	1
968	1644	1
968	25	1
968	888	1
968	1160	1
968	1566	1
968	814	1
968	697	1
968	157	1
968	13	1
969	1137	1
969	1481	1
969	1044	1
969	1441	1
969	726	1
969	1775	1
969	1242	1
969	1790	1
969	2043	1
969	1989	1
969	1048	1
969	35	1
969	1168	1
969	1945	1
969	873	1
969	1323	1
969	598	1
969	916	1
969	66	1
969	247	1
969	1011	1
969	1352	1
969	13	1
970	1783	1
970	2036	1
970	1574	1
970	726	1
970	434	1
970	65	1
970	1258	1
970	1519	1
970	964	1
970	1790	1
970	1364	1
970	694	1
970	1453	1
970	872	1
970	7	1
970	1622	1
970	1048	1
970	35	1
970	1945	1
970	1718	1
970	1365	1
970	66	1
970	908	1
970	307	1
970	668	1
970	1352	1
971	1034	1
971	997	1
971	1783	1
971	1307	1
971	1534	1
971	1574	1
971	480	1
971	1883	1
971	1196	1
971	579	1
971	20	1
971	1258	1
971	1242	1
971	964	1
971	1790	1
971	1364	1
971	465	1
971	924	1
971	2017	1
971	1945	1
971	494	1
971	508	1
971	1323	1
971	1365	1
971	577	1
971	908	1
971	307	1
971	1184	1
971	386	1
972	1572	1
972	1137	1
972	1020	1
972	288	1
972	748	1
972	1165	1
972	1812	1
972	30	1
972	1441	1
972	1707	1
972	1039	1
972	2044	1
972	1610	1
972	65	1
972	1301	1
972	618	1
972	233	1
972	1364	1
972	41	1
972	1349	1
972	1682	1
972	924	1
972	1048	1
972	35	1
972	238	1
972	590	1
972	562	1
972	79	1
972	1718	1
972	827	1
972	608	1
972	34	1
972	1264	1
972	452	1
972	192	1
972	1528	1
972	833	1
972	1231	1
972	888	1
972	1737	1
972	175	1
972	13	1
973	1572	1
973	1481	1
973	30	1
973	35	1
973	1865	1
973	1528	1
973	1644	1
973	13	1
974	1481	1
974	1534	1
974	317	1
974	506	1
974	35	1
974	1718	1
974	2057	1
974	1982	1
975	1572	1
975	1585	1
975	547	1
975	1481	1
975	1945	1
975	494	1
975	1190	1
976	1585	1
976	404	1
976	319	1
976	1322	1
976	30	1
976	687	1
976	1775	1
976	584	1
976	679	1
976	1763	1
976	818	1
976	35	1
976	1945	1
976	873	1
976	598	1
976	916	1
976	812	1
976	1644	1
976	13	1
977	1572	1
977	1635	1
977	1322	1
977	1534	1
977	30	1
977	65	1
977	1718	1
977	167	1
978	1572	1
978	1585	1
978	65	1
978	1718	1
978	1644	1
979	1322	1
979	1718	1
979	1236	1
980	1572	1
980	35	1
980	1024	1
980	1718	1
981	367	1
981	1034	1
981	997	1
981	547	1
981	1783	1
981	33	1
981	1322	1
981	1307	1
981	1812	1
981	1066	1
981	747	1
981	65	1
981	1775	1
981	1247	1
981	327	1
981	2043	1
981	1945	1
981	930	1
981	384	1
981	1120	1
981	424	1
981	101	1
981	307	1
982	1572	1
982	547	1
982	168	1
982	1346	1
982	1967	1
982	1353	1
982	1307	1
982	857	1
982	1373	1
982	1039	1
982	1216	1
982	1775	1
982	1682	1
982	610	1
982	156	1
982	1522	1
982	924	1
982	35	1
982	1747	1
982	1945	1
982	1365	1
982	384	1
982	1997	1
982	916	1
982	56	1
982	1598	1
982	167	1
982	908	1
982	596	1
982	668	1
982	1856	1
983	1585	1
983	547	1
983	1718	1
984	1572	1
984	997	1
984	182	1
984	1534	1
984	1066	1
984	317	1
984	506	1
984	1718	1
984	508	1
984	888	1
984	596	1
985	1322	1
985	148	1
985	434	1
985	635	1
985	1726	1
985	65	1
985	506	1
985	856	1
985	1620	1
985	1352	1
985	13	1
986	1572	1
986	924	1
986	2017	1
986	9	1
986	1168	1
986	1365	1
986	1120	1
986	908	1
986	13	1
987	168	1
987	1783	1
987	1481	1
987	1353	1
987	65	1
987	1174	1
987	1682	1
987	924	1
987	1747	1
987	1718	1
987	930	1
987	2069	1
988	1034	1
988	1346	1
988	1353	1
988	1300	1
988	480	1
988	65	1
988	1790	1
988	2001	1
988	1206	1
988	1756	1
988	1941	1
988	2017	1
988	1179	1
988	709	1
988	1747	1
988	1076	1
988	86	1
988	1617	1
988	2069	1
988	56	1
988	908	1
988	307	1
989	547	1
989	1783	1
989	1346	1
989	1481	1
989	1307	1
989	480	1
989	1790	1
989	1453	1
989	1682	1
989	924	1
989	59	1
989	35	1
989	1415	1
989	1617	1
989	930	1
989	247	1
990	182	1
990	56	1
990	908	1
991	1572	1
991	168	1
991	1055	1
991	1481	1
991	1353	1
991	1322	1
991	1066	1
991	480	1
991	65	1
991	1174	1
991	1727	1
991	945	1
991	1666	1
991	1790	1
991	412	1
991	2001	1
991	1157	1
991	1206	1
991	706	1
991	1141	1
991	1522	1
991	59	1
991	2038	1
991	1179	1
991	1340	1
991	378	1
991	35	1
991	199	1
991	2048	1
991	1747	1
991	915	1
991	482	1
991	1718	1
991	1617	1
991	1120	1
991	56	1
991	167	1
991	247	1
991	307	1
991	1856	1
992	1481	1
992	1322	1
992	1705	1
992	434	1
992	1610	1
992	1682	1
992	924	1
992	1718	1
992	873	1
992	1365	1
992	1997	1
992	598	1
992	426	1
992	2057	1
992	1620	1
992	771	1
992	424	1
992	908	1
992	888	1
993	570	1
993	1199	1
993	1056	1
993	664	1
993	439	1
993	1110	1
993	1228	1
993	1683	1
993	1874	1
993	505	1
993	811	1
993	1054	1
993	2079	1
993	262	1
993	1484	1
993	453	1
993	1146	1
993	149	1
993	735	1
993	569	1
993	1124	1
993	68	1
993	822	1
993	334	1
993	679	1
993	1844	1
993	800	1
993	220	1
993	610	1
993	231	1
993	203	1
993	1912	1
993	215	1
993	621	1
993	958	1
993	816	1
993	843	1
993	1118	1
993	1685	1
993	568	1
993	199	1
993	778	1
993	321	1
993	1952	1
993	650	1
993	1486	1
993	756	1
993	90	1
993	1380	1
993	87	1
993	827	1
993	1375	1
993	608	1
993	1750	1
993	1973	1
993	1824	1
993	2014	1
993	180	1
993	399	1
993	938	1
993	596	1
993	555	1
994	2057	1
995	1307	1
995	1932	1
995	1174	1
996	368	1
996	937	1
996	1342	1
996	638	1
996	1538	1
996	118	1
996	1635	1
996	1521	1
996	575	1
996	1040	1
996	1780	1
996	1568	1
996	33	1
996	737	1
996	488	1
996	2055	1
996	1539	1
996	309	1
996	1852	1
996	711	1
996	1832	1
996	1784	1
996	160	1
996	1869	1
996	974	1
996	1358	1
996	911	1
996	27	1
996	1986	1
996	924	1
996	193	1
996	1179	1
996	1773	1
996	1550	1
996	1260	1
996	673	1
996	456	1
996	1945	1
996	1718	1
996	1425	1
996	517	1
996	1198	1
996	1822	1
996	2019	1
996	832	1
996	424	1
996	385	1
996	1213	1
996	13	1
997	1181	1
997	379	1
997	1174	1
997	1852	1
997	1784	1
997	924	1
997	1599	1
997	1718	1
997	1907	1
997	1644	1
998	296	1
998	35	1
998	1644	1
999	1572	1
999	1481	1
999	1220	1
999	1534	1
999	30	1
999	1216	1
999	1859	1
999	1429	1
999	327	1
999	610	1
999	34	1
999	1528	1
999	1644	1
1000	2057	1
1001	1481	1
1001	1322	1
1001	414	1
1001	2057	1
1002	1481	1
1002	1322	1
1002	2057	1
1003	1322	1
1003	65	1
1003	1174	1
1003	1682	1
1003	924	1
1003	35	1
1003	709	1
1003	414	1
1003	1718	1
1003	1088	1
1003	2057	1
1003	1528	1
1003	1644	1
1003	1192	1
1004	1966	1
1004	1572	1
1004	160	1
1004	223	1
1004	1718	1
1004	873	1
1005	1966	1
1005	33	1
1005	488	1
1005	1887	1
1005	901	1
1005	1775	1
1005	1301	1
1005	1666	1
1005	327	1
1005	673	1
1005	650	1
1005	1718	1
1005	982	1
1005	608	1
1005	1787	1
1005	832	1
1005	13	1
1006	1668	1
1006	506	1
1006	35	1
1006	1718	1
1006	2057	1
1007	1572	1
1007	2005	1
1007	326	1
1007	1195	1
1007	2021	1
1007	2054	1
1007	193	1
1007	643	1
1008	368	1
1008	1572	1
1008	2005	1
1008	638	1
1008	319	1
1008	1582	1
1008	309	1
1008	65	1
1008	1174	1
1008	973	1
1008	2030	1
1008	1868	1
1008	2054	1
1008	27	1
1008	924	1
1008	1260	1
1008	1900	1
1008	2019	1
1008	682	1
1008	424	1
1008	1850	1
1008	630	1
1009	1572	1
1009	2005	1
1009	1414	1
1009	323	1
1009	629	1
1009	2054	1
1009	27	1
1009	1743	1
1009	103	1
1009	1632	1
1009	874	1
1010	368	1
1010	2075	1
1010	287	1
1010	348	1
1010	1761	1
1010	529	1
1010	1342	1
1010	1296	1
1010	323	1
1010	1582	1
1010	1027	1
1010	737	1
1010	1044	1
1010	1307	1
1010	1028	1
1010	279	1
1010	920	1
1010	1259	1
1010	1884	1
1010	1887	1
1010	567	1
1010	1243	1
1010	1204	1
1010	309	1
1010	65	1
1010	451	1
1010	687	1
1010	1604	1
1010	1013	1
1010	1579	1
1010	1835	1
1010	1646	1
1010	758	1
1010	1978	1
1010	1480	1
1010	17	1
1010	671	1
1010	210	1
1010	1355	1
1010	1109	1
1010	1005	1
1010	1390	1
1010	924	1
1010	1773	1
1010	462	1
1010	1032	1
1010	994	1
1010	1362	1
1010	2039	1
1010	1260	1
1010	96	1
1010	673	1
1010	1743	1
1010	1833	1
1010	1431	1
1010	1905	1
1010	263	1
1010	422	1
1010	214	1
1010	1280	1
1010	826	1
1010	1749	1
1010	463	1
1010	916	1
1010	2063	1
1010	98	1
1010	801	1
1010	1742	1
1010	211	1
1010	0	1
1010	819	1
1010	346	1
1010	1476	1
1010	549	1
1010	626	1
1010	1164	1
1011	1966	1
1011	1572	1
1011	1342	1
1011	2023	1
1011	1869	1
1011	1868	1
1011	27	1
1011	673	1
1012	368	1
1012	1777	1
1012	1572	1
1012	1761	1
1012	2055	1
1012	400	1
1012	160	1
1012	27	1
1012	924	1
1012	673	1
1012	709	1
1012	1905	1
1012	1616	1
1012	1641	1
1012	422	1
1012	873	1
1012	424	1
1013	529	1
1013	1646	1
1013	312	1
1013	27	1
1013	673	1
1013	1435	1
1013	421	1
1013	346	1
1014	1966	1
1014	1572	1
1014	937	1
1014	1414	1
1014	1403	1
1014	737	1
1014	65	1
1014	1469	1
1014	312	1
1014	1869	1
1014	17	1
1014	1358	1
1014	911	1
1014	1102	1
1014	1260	1
1014	673	1
1014	2019	1
1014	1632	1
1015	1966	1
1015	323	1
1015	1129	1
1015	849	1
1015	1028	1
1015	1394	1
1015	17	1
1015	1693	1
1015	1109	1
1015	1398	1
1015	1796	1
1015	1260	1
1015	178	1
1015	1544	1
1015	921	1
1015	398	1
1015	1080	1
1015	916	1
1015	2063	1
1015	472	1
1015	1449	1
1015	1692	1
1016	49	1
1016	1572	1
1016	323	1
1016	863	1
1016	531	1
1016	1582	1
1016	737	1
1016	1539	1
1016	629	1
1016	1584	1
1016	76	1
1016	2030	1
1016	935	1
1016	924	1
1016	462	1
1016	1260	1
1016	441	1
1016	673	1
1016	643	1
1016	1945	1
1016	1718	1
1016	1515	1
1016	1924	1
1016	108	1
1016	2019	1
1016	916	1
1016	832	1
1016	23	1
1016	346	1
1017	1966	1
1017	323	1
1017	1109	1
1017	1260	1
1017	2019	1
1017	916	1
1017	1692	1
1017	346	1
1017	1476	1
1018	1966	1
1018	323	1
1018	867	1
1018	160	1
1018	312	1
1018	1868	1
1018	1102	1
1018	462	1
1018	1485	1
1018	2019	1
1018	916	1
1018	1736	1
1019	1966	1
1019	1572	1
1019	1414	1
1019	1700	1
1019	309	1
1019	1174	1
1019	1191	1
1019	52	1
1019	1120	1
1020	629	1
1020	169	1
1020	1260	1
1020	643	1
1020	2019	1
1021	1966	1
1021	1572	1
1021	2005	1
1021	1342	1
1021	1635	1
1021	1830	1
1021	1173	1
1021	1394	1
1021	309	1
1021	868	1
1021	135	1
1021	448	1
1021	859	1
1021	973	1
1021	2030	1
1021	2054	1
1021	924	1
1021	186	1
1021	1065	1
1021	817	1
1021	948	1
1021	1743	1
1021	1544	1
1021	398	1
1021	2019	1
1021	2063	1
1021	2067	1
1021	1298	1
1021	1950	1
1022	1681	1
1022	1572	1
1022	271	1
1022	309	1
1022	2023	1
1022	53	1
1022	58	1
1022	1507	1
1022	1297	1
1022	1109	1
1022	1921	1
1022	1102	1
1022	27	1
1022	2080	1
1022	1388	1
1022	673	1
1022	1244	1
1022	693	1
1022	1659	1
1022	398	1
1022	1280	1
1022	2019	1
1022	2063	1
1022	472	1
1022	346	1
1022	1476	1
1022	232	1
1022	1950	1
1022	1292	1
1023	1966	1
1023	1342	1
1023	592	1
1023	1792	1
1023	1129	1
1023	1028	1
1023	132	1
1023	379	1
1023	676	1
1023	687	1
1023	743	1
1023	1714	1
1023	17	1
1023	245	1
1023	935	1
1023	1018	1
1023	27	1
1023	173	1
1023	1032	1
1023	738	1
1023	1260	1
1023	495	1
1023	1485	1
1023	696	1
1023	1628	1
1023	1833	1
1023	565	1
1023	2019	1
1023	2063	1
1023	801	1
1023	819	1
1023	346	1
1023	807	1
1023	1624	1
1023	626	1
1024	2005	1
1024	2054	1
1024	1260	1
1024	1632	1
1025	1572	1
1025	2005	1
1025	1539	1
1025	734	1
1025	27	1
1026	1966	1
1026	1028	1
1026	687	1
1026	172	1
1026	27	1
1026	462	1
1026	916	1
1026	2063	1
1026	1692	1
1027	2005	1
1027	2054	1
1027	293	1
1027	1260	1
1027	52	1
1028	1897	1
1028	309	1
1028	1166	1
1028	17	1
1028	2006	1
1028	2054	1
1028	924	1
1028	673	1
1028	1743	1
1028	643	1
1028	827	1
1028	916	1
1028	1436	1
1028	902	1
1028	74	1
1028	1632	1
1029	1966	1
1029	1174	1
1029	1876	1
1029	1869	1
1029	17	1
1029	1811	1
1029	911	1
1029	1868	1
1029	1102	1
1029	27	1
1029	1048	1
1029	193	1
1029	1718	1
1029	1544	1
1029	916	1
1029	1436	1
1029	902	1
1030	2005	1
1030	859	1
1030	932	1
1030	27	1
1030	924	1
1030	103	1
1031	368	1
1031	1777	1
1031	2055	1
1031	498	1
1031	1333	1
1031	17	1
1031	1260	1
1031	709	1
1031	625	1
1031	1905	1
1031	1641	1
1031	873	1
1031	826	1
1031	13	1
1032	1572	1
1032	1733	1
1032	1481	1
1032	1704	1
1032	21	1
1032	1048	1
1032	426	1
1032	71	1
1032	13	1
1033	1572	1
1033	1481	1
1033	35	1
1034	1322	1
1034	1668	1
1034	679	1
1034	924	1
1034	414	1
1034	2057	1
1035	1572	1
1035	65	1
1035	924	1
1035	1718	1
1036	1996	1
1036	1481	1
1036	1033	1
1036	924	1
1036	35	1
1036	1718	1
1036	2057	1
1037	1572	1
1037	1308	1
1037	2005	1
1037	1668	1
1037	1066	1
1037	148	1
1037	233	1
1037	201	1
1037	179	1
1037	935	1
1037	825	1
1037	655	1
1037	925	1
1037	506	1
1037	35	1
1037	1208	1
1037	1718	1
1037	251	1
1037	1443	1
1037	2057	1
1037	1551	1
1037	1262	1
1038	1163	1
1038	319	1
1038	1613	1
1038	1468	1
1038	2021	1
1038	1887	1
1038	327	1
1038	1350	1
1038	395	1
1038	1179	1
1038	1065	1
1038	199	1
1038	282	1
1038	1945	1
1038	650	1
1038	1120	1
1038	555	1
1039	367	1
1039	1572	1
1039	1106	1
1039	402	1
1039	1163	1
1039	547	1
1039	70	1
1039	319	1
1039	1110	1
1039	33	1
1039	1929	1
1039	1044	1
1039	900	1
1039	315	1
1039	1812	1
1039	280	1
1039	956	1
1039	1373	1
1039	2021	1
1039	1304	1
1039	1887	1
1039	189	1
1039	1174	1
1039	687	1
1039	1775	1
1039	85	1
1039	1564	1
1039	1666	1
1039	1166	1
1039	1274	1
1039	327	1
1039	1989	1
1039	659	1
1039	1791	1
1039	1179	1
1039	35	1
1039	1260	1
1039	696	1
1039	892	1
1039	1514	1
1039	2012	1
1039	1945	1
1039	650	1
1039	1486	1
1039	1090	1
1039	494	1
1039	873	1
1039	523	1
1039	57	1
1039	591	1
1039	2057	1
1039	234	1
1039	703	1
1039	1644	1
1039	642	1
1039	593	1
1040	1585	1
1040	1020	1
1040	1042	1
1040	1318	1
1040	1967	1
1040	33	1
1040	1322	1
1040	1307	1
1040	1105	1
1040	2036	1
1040	1066	1
1040	1174	1
1040	120	1
1040	1301	1
1040	1489	1
1040	1848	1
1040	955	1
1040	160	1
1040	797	1
1040	1559	1
1040	1104	1
1040	935	1
1040	659	1
1040	1141	1
1040	1945	1
1040	494	1
1040	1718	1
1040	873	1
1040	251	1
1040	1365	1
1040	384	1
1040	1120	1
1040	137	1
1040	1236	1
1040	247	1
1040	1411	1
1040	984	1
1040	1352	1
1040	13	1
1041	985	1
1041	1020	1
1041	196	1
1041	488	1
1041	882	1
1041	315	1
1041	120	1
1041	85	1
1041	53	1
1041	691	1
1041	3	1
1041	1834	1
1041	1728	1
1041	436	1
1041	115	1
1041	1183	1
1041	159	1
1041	1945	1
1041	650	1
1041	494	1
1041	1718	1
1041	251	1
1041	633	1
1041	916	1
1041	946	1
1041	720	1
1042	1718	1
1042	501	1
1043	33	1
1043	1165	1
1043	858	1
1043	791	1
1043	924	1
1043	35	1
1043	1090	1
1043	1718	1
1044	1572	1
1044	1887	1
1044	1174	1
1044	1758	1
1044	35	1
1044	873	1
1044	977	1
1044	1644	1
1045	1305	1
1045	647	1
1045	1046	1
1045	319	1
1045	469	1
1045	144	1
1045	1494	1
1045	1968	1
1045	309	1
1045	468	1
1045	451	1
1045	313	1
1045	599	1
1045	17	1
1045	1297	1
1045	2054	1
1045	924	1
1045	673	1
1045	709	1
1045	24	1
1045	898	1
1045	1687	1
1045	103	1
1045	175	1
1045	1632	1
1046	404	1
1046	742	1
1046	1225	1
1046	547	1
1046	1082	1
1046	563	1
1046	33	1
1046	1322	1
1046	894	1
1046	120	1
1046	1859	1
1046	1274	1
1046	1141	1
1046	1257	1
1046	156	1
1046	59	1
1046	35	1
1046	261	1
1046	1466	1
1046	1945	1
1046	1718	1
1046	352	1
1046	384	1
1046	916	1
1046	56	1
1046	365	1
1047	875	1
1047	1585	1
1047	1772	1
1047	240	1
1047	786	1
1047	1322	1
1047	1044	1
1047	361	1
1047	65	1
1047	1284	1
1047	706	1
1047	506	1
1047	798	1
1047	482	1
1047	1718	1
1047	1096	1
1047	1813	1
1047	1411	1
1048	1277	1
1048	1718	1
1048	1365	1
1049	1481	1
1049	1857	1
1049	1668	1
1049	924	1
1049	1865	1
1049	1718	1
1050	1572	1
1050	1034	1
1050	997	1
1050	1481	1
1050	1040	1
1050	33	1
1050	1322	1
1050	317	1
1050	1775	1
1050	1936	1
1050	659	1
1050	924	1
1050	681	1
1050	35	1
1050	1718	1
1050	1365	1
1050	1721	1
1050	426	1
1050	1488	1
1050	1644	1
1050	1352	1
1050	13	1
1051	1572	1
1051	1034	1
1051	997	1
1051	1635	1
1051	65	1
1051	1891	1
1051	945	1
1051	681	1
1051	1865	1
1051	1721	1
1051	426	1
1051	1644	1
1052	2046	1
1052	1067	1
1052	1481	1
1052	1004	1
1052	1613	1
1052	33	1
1052	491	1
1052	1165	1
1052	1812	1
1052	1534	1
1052	1705	1
1052	30	1
1052	1441	1
1052	1707	1
1052	956	1
1052	808	1
1052	1039	1
1052	1606	1
1052	1668	1
1052	327	1
1052	136	1
1052	659	1
1052	296	1
1052	924	1
1052	542	1
1052	35	1
1052	1065	1
1052	1690	1
1052	709	1
1052	1024	1
1052	1718	1
1052	501	1
1052	1365	1
1052	426	1
1052	703	1
1052	38	1
1052	1644	1
1052	175	1
1053	1668	1
1053	1277	1
1053	1365	1
1054	1730	1
1054	1572	1
1054	1042	1
1054	118	1
1054	125	1
1054	152	1
1054	1666	1
1054	924	1
1054	1718	1
1054	1973	1
1054	103	1
1054	13	1
1055	1966	1
1055	1572	1
1055	638	1
1055	1582	1
1055	737	1
1055	629	1
1055	1174	1
1055	687	1
1055	1030	1
1055	1697	1
1055	160	1
1055	911	1
1055	935	1
1055	924	1
1055	673	1
1055	643	1
1055	1945	1
1055	517	1
1055	1656	1
1055	103	1
1055	888	1
1055	1097	1
1055	1965	1
1056	320	1
1057	33	1
1057	1788	1
1058	1572	1
1058	1481	1
1058	33	1
1058	1322	1
1058	1174	1
1058	499	1
1058	687	1
1058	1247	1
1058	73	1
1058	35	1
1058	1945	1
1058	426	1
1059	1572	1
1059	1534	1
1059	1174	1
1059	1666	1
1059	924	1
1059	1048	1
1059	35	1
1059	1718	1
1059	873	1
1059	1907	1
1059	103	1
1060	1966	1
1060	1572	1
1060	1761	1
1060	1967	1
1060	33	1
1060	1322	1
1060	488	1
1060	1181	1
1060	1108	1
1060	379	1
1060	1243	1
1060	125	1
1060	362	1
1060	1573	1
1060	1174	1
1060	914	1
1060	821	1
1060	152	1
1060	206	1
1060	687	1
1060	1775	1
1060	1832	1
1060	160	1
1060	436	1
1060	924	1
1060	1048	1
1060	1399	1
1060	1817	1
1060	643	1
1060	1905	1
1060	1246	1
1060	1375	1
1060	1425	1
1060	873	1
1060	1973	1
1060	979	1
1060	916	1
1060	424	1
1060	1397	1
1060	1711	1
1061	1481	1
1061	1967	1
1061	142	1
1061	1322	1
1061	30	1
1061	808	1
1061	1668	1
1061	1121	1
1061	65	1
1061	1174	1
1061	945	1
1061	924	1
1061	414	1
1061	873	1
1061	1644	1
1061	1352	1
1062	1572	1
1062	1481	1
1062	834	1
1062	1668	1
1062	1174	1
1062	35	1
1062	1718	1
1062	426	1
1063	1572	1
1063	1322	1
1063	1668	1
1063	945	1
1063	924	1
1063	1718	1
1063	1365	1
1063	426	1
1064	1572	1
1064	1034	1
1064	1967	1
1064	702	1
1064	834	1
1064	391	1
1064	808	1
1064	1250	1
1064	1024	1
1064	414	1
1064	999	1
1064	1718	1
1064	1352	1
1064	13	1
1065	1572	1
1065	1481	1
1065	1668	1
1065	414	1
1065	2057	1
1066	1481	1
1066	1174	1
1066	709	1
1066	1718	1
1067	1481	1
1067	1668	1
1067	1644	1
1068	1481	1
1068	1322	1
1068	65	1
1068	1265	1
1068	432	1
1068	1945	1
1068	1718	1
1068	2057	1
1068	247	1
1069	1572	1
1069	1967	1
1069	1322	1
1069	1307	1
1069	1174	1
1069	160	1
1069	35	1
1069	643	1
1069	1945	1
1069	1718	1
1069	721	1
1069	251	1
1069	358	1
1069	1644	1
1069	13	1
1070	1137	1
1070	1574	1
1070	434	1
1070	65	1
1070	930	1
1070	307	1
1071	1137	1
1071	1322	1
1071	539	1
1071	1242	1
1071	1033	1
1072	1572	1
1072	1585	1
1072	1481	1
1072	1322	1
1072	327	1
1073	367	1
1073	1137	1
1073	1585	1
1073	1934	1
1073	31	1
1073	240	1
1073	168	1
1073	1055	1
1073	1346	1
1073	1318	1
1073	1967	1
1073	702	1
1073	171	1
1073	842	1
1073	1353	1
1073	1322	1
1073	1929	1
1073	182	1
1073	2079	1
1073	1574	1
1073	1668	1
1073	189	1
1073	125	1
1073	324	1
1073	65	1
1073	1727	1
1073	566	1
1073	1775	1
1073	1706	1
1073	1666	1
1073	964	1
1073	1760	1
1073	1157	1
1073	1206	1
1073	1125	1
1073	1682	1
1073	659	1
1073	828	1
1073	506	1
1073	35	1
1073	696	1
1073	856	1
1073	1747	1
1073	466	1
1073	1718	1
1073	930	1
1073	1860	1
1073	251	1
1073	384	1
1073	1771	1
1073	869	1
1073	66	1
1073	2069	1
1073	56	1
1073	703	1
1073	1644	1
1073	247	1
1073	307	1
1073	124	1
1073	386	1
1073	13	1
1074	1572	1
1074	1481	1
1074	828	1
1074	35	1
1074	1718	1
1075	1473	1
1075	1760	1
1075	506	1
1076	1572	1
1076	1473	1
1076	769	1
1076	182	1
1076	1066	1
1076	1354	1
1076	327	1
1076	1760	1
1076	506	1
1076	1771	1
1076	2057	1
1076	247	1
1076	596	1
1076	124	1
1077	367	1
1077	1572	1
1077	1585	1
1077	240	1
1077	1481	1
1077	1322	1
1077	964	1
1077	1760	1
1077	1157	1
1077	395	1
1077	924	1
1077	506	1
1077	856	1
1077	1718	1
1077	908	1
1078	1572	1
1078	2005	1
1078	33	1
1078	160	1
1078	987	1
1078	35	1
1078	873	1
1079	1481	1
1079	1307	1
1079	1121	1
1079	1174	1
1079	317	1
1079	1522	1
1079	35	1
1079	1718	1
1079	916	1
1079	2057	1
1079	13	1
1080	1572	1
1080	1342	1
1080	1538	1
1080	33	1
1080	1307	1
1080	1676	1
1080	2055	1
1080	65	1
1080	160	1
1080	805	1
1080	1350	1
1080	659	1
1080	1260	1
1080	673	1
1080	52	1
1080	696	1
1080	1641	1
1080	2019	1
1080	591	1
1080	424	1
1081	1572	1
1081	30	1
1081	1039	1
1081	1668	1
1081	1610	1
1081	632	1
1081	65	1
1081	484	1
1081	1062	1
1081	509	1
1081	659	1
1081	35	1
1081	709	1
1081	1718	1
1081	1352	1
1081	13	1
1082	1572	1
1082	1733	1
1082	319	1
1082	1110	1
1082	33	1
1082	1132	1
1082	1307	1
1082	889	1
1082	857	1
1082	280	1
1082	1887	1
1082	1577	1
1082	1608	1
1082	65	1
1082	185	1
1082	1666	1
1082	618	1
1082	1844	1
1082	800	1
1082	659	1
1082	395	1
1082	1708	1
1082	828	1
1082	35	1
1082	816	1
1082	650	1
1082	756	1
1082	90	1
1082	1380	1
1082	873	1
1082	426	1
1082	916	1
1082	145	1
1082	358	1
1082	938	1
1082	1352	1
1083	1481	1
1083	956	1
1083	207	1
1083	460	1
1083	1955	1
1083	591	1
1083	593	1
1084	1322	1
1084	35	1
1084	1718	1
1084	2057	1
1085	1572	1
1085	924	1
1085	35	1
1085	1718	1
1085	2057	1
1086	1572	1
1086	1481	1
1086	1793	1
1086	1442	1
1086	924	1
1086	35	1
1087	1572	1
1087	1481	1
1087	1718	1
1087	2057	1
1088	367	1
1088	1572	1
1088	547	1
1088	1307	1
1088	1887	1
1088	120	1
1088	1821	1
1088	35	1
1088	1718	1
1088	873	1
1088	137	1
1088	2057	1
1088	703	1
1089	402	1
1089	33	1
1089	1718	1
1089	1436	1
1090	1966	1
1090	1237	1
1090	1458	1
1090	931	1
1090	33	1
1090	1494	1
1090	2076	1
1090	85	1
1090	1666	1
1090	610	1
1090	395	1
1090	197	1
1090	696	1
1090	1718	1
1091	1158	1
1091	1163	1
1091	1237	1
1091	1110	1
1091	1458	1
1091	1319	1
1091	1613	1
1091	1524	1
1091	960	1
1091	33	1
1091	1132	1
1091	1494	1
1091	1812	1
1091	1831	1
1091	252	1
1091	1007	1
1091	1300	1
1091	2021	1
1091	757	1
1091	1182	1
1091	2055	1
1091	1915	1
1091	189	1
1091	609	1
1091	844	1
1091	289	1
1091	725	1
1091	735	1
1091	1222	1
1091	1372	1
1091	464	1
1091	1775	1
1091	28	1
1091	1815	1
1091	1247	1
1091	250	1
1091	1652	1
1091	1560	1
1091	2034	1
1091	1844	1
1091	1450	1
1091	897	1
1091	284	1
1091	1003	1
1091	772	1
1091	1102	1
1091	197	1
1091	1059	1
1091	64	1
1091	981	1
1091	1260	1
1091	1685	1
1091	717	1
1091	1261	1
1091	1797	1
1091	1743	1
1091	1514	1
1091	759	1
1091	1320	1
1091	1906	1
1091	1945	1
1091	514	1
1091	650	1
1091	756	1
1091	1718	1
1091	1798	1
1091	1641	1
1091	266	1
1091	493	1
1091	714	1
1091	217	1
1091	727	1
1091	1178	1
1091	966	1
1091	1696	1
1091	1687	1
1091	1768	1
1091	527	1
1091	431	1
1091	1638	1
1091	2016	1
1091	1619	1
1091	593	1
1092	1962	1
1092	1163	1
1092	319	1
1092	1401	1
1092	1524	1
1092	33	1
1092	1132	1
1092	1307	1
1092	951	1
1092	609	1
1092	735	1
1092	687	1
1092	1038	1
1092	822	1
1092	85	1
1092	1666	1
1092	800	1
1092	1141	1
1092	395	1
1092	828	1
1092	235	1
1092	1981	1
1092	1945	1
1092	1718	1
1092	217	1
1092	727	1
1092	383	1
1092	1696	1
1092	101	1
1093	1966	1
1093	1962	1
1093	1163	1
1093	1613	1
1093	1401	1
1093	1524	1
1093	1494	1
1093	315	1
1093	1812	1
1093	1300	1
1093	951	1
1093	858	1
1093	2055	1
1093	687	1
1093	1775	1
1093	28	1
1093	822	1
1093	699	1
1093	85	1
1093	1666	1
1093	2034	1
1093	162	1
1093	1846	1
1093	1886	1
1093	800	1
1093	1894	1
1093	504	1
1093	772	1
1093	395	1
1093	1702	1
1093	828	1
1093	197	1
1093	981	1
1093	1751	1
1093	717	1
1093	235	1
1093	892	1
1093	1945	1
1093	514	1
1093	1718	1
1093	1375	1
1093	266	1
1093	916	1
1093	2059	1
1093	938	1
1093	1696	1
1093	101	1
1093	1385	1
1094	319	1
1094	931	1
1094	1613	1
1094	1494	1
1094	249	1
1094	609	1
1094	1666	1
1094	887	1
1094	1702	1
1094	717	1
1094	235	1
1094	1743	1
1094	1718	1
1094	1842	1
1094	383	1
1094	648	1
1094	1385	1
1095	319	1
1095	1458	1
1095	278	1
1095	931	1
1095	33	1
1095	1044	1
1095	1775	1
1095	1844	1
1095	800	1
1095	610	1
1095	828	1
1095	1065	1
1095	1945	1
1095	650	1
1095	1718	1
1095	1375	1
1095	608	1
1095	1436	1
1095	0	1
1096	148	1
1097	1635	1
1097	1070	1
1097	1967	1
1097	1165	1
1097	189	1
1097	1682	1
1097	35	1
1097	1718	1
1097	873	1
1097	251	1
1097	426	1
1097	424	1
1097	267	1
1097	593	1
1098	2057	1
1099	1481	1
1099	1682	1
1099	2057	1
1100	1572	1
1100	65	1
1100	35	1
1101	1572	1
1101	1585	1
1101	35	1
1101	1718	1
1102	1572	1
1102	148	1
1102	1718	1
1103	1572	1
1103	924	1
1103	35	1
1103	2057	1
1104	1668	1
1104	924	1
1104	35	1
1104	414	1
1104	1718	1
1105	1572	1
1105	1585	1
1105	1481	1
1105	1682	1
1105	35	1
1105	1718	1
1105	103	1
1105	247	1
1106	319	1
1106	1458	1
1106	931	1
1106	1775	1
1106	1666	1
1106	610	1
1107	319	1
1107	1666	1
1107	610	1
1107	650	1
1107	1718	1
1108	1458	1
1108	1775	1
1108	1666	1
1108	650	1
1108	1718	1
1108	978	1
1109	319	1
1109	1458	1
1109	931	1
1109	1775	1
1109	1666	1
1109	650	1
1110	319	1
1110	1458	1
1110	858	1
1110	636	1
1110	1666	1
1111	931	1
1111	858	1
1111	1666	1
1111	610	1
1112	1143	1
1112	319	1
1112	1458	1
1112	548	1
1113	1966	1
1113	1572	1
1113	1882	1
1113	897	1
1113	1718	1
1113	398	1
1113	383	1
1114	1966	1
1114	1572	1
1114	81	1
1114	897	1
1114	568	1
1114	1718	1
1114	398	1
1115	1143	1
1115	1458	1
1115	858	1
1115	548	1
1115	1666	1
1115	610	1
1115	608	1
1116	931	1
1116	636	1
1116	327	1
1116	610	1
1116	35	1
1116	1718	1
1116	608	1
1116	873	1
1116	13	1
1117	319	1
1117	216	1
1117	858	1
1117	548	1
1117	650	1
1117	1718	1
1117	978	1
1118	1458	1
1118	931	1
1118	2021	1
1118	858	1
1118	548	1
1118	1775	1
1118	1666	1
1118	1090	1
1119	1572	1
1119	1481	1
1119	924	1
1119	1718	1
1119	1365	1
1119	2057	1
1120	1572	1
1120	35	1
1120	1718	1
1120	2057	1
1121	1572	1
1121	1055	1
1121	1322	1
1121	1668	1
1121	964	1
1121	1790	1
1121	35	1
1121	466	1
1121	930	1
1121	1365	1
1121	2057	1
1121	771	1
1122	1572	1
1122	1322	1
1122	1365	1
1122	426	1
1123	610	1
1124	434	1
1124	964	1
1125	857	1
1125	1267	1
1125	856	1
1125	1090	1
1125	1718	1
1125	347	1
1126	997	1
1126	1163	1
1126	21	1
1126	856	1
1126	1090	1
1126	1948	1
1126	598	1
1127	1163	1
1127	33	1
1127	1812	1
1127	1989	1
1127	1758	1
1127	35	1
1127	856	1
1127	1620	1
1128	1267	1
1128	39	1
1128	327	1
1128	1989	1
1128	105	1
1128	1758	1
1128	35	1
1128	1090	1
1129	1812	1
1129	21	1
1129	1887	1
1129	39	1
1129	327	1
1129	1989	1
1129	35	1
1129	1718	1
1129	347	1
1130	2021	1
1130	610	1
1130	35	1
1130	650	1
1130	1718	1
1130	608	1
1130	555	1
1131	1034	1
1131	1322	1
1131	1441	1
1131	956	1
1131	2079	1
1131	584	1
1131	1258	1
1131	1790	1
1131	1541	1
1131	1206	1
1131	506	1
1131	1945	1
1131	1718	1
1131	86	1
1131	930	1
1131	1323	1
1131	1365	1
1131	598	1
1131	1744	1
1131	426	1
1131	66	1
1131	888	1
1131	1203	1
1131	1847	1
1131	13	1
1132	1572	1
1132	547	1
1132	600	1
1132	1967	1
1132	1623	1
1132	906	1
1132	1105	1
1132	1739	1
1132	687	1
1132	770	1
1132	506	1
1132	35	1
1132	1718	1
1132	1236	1
1132	1870	1
1132	779	1
1133	1572	1
1133	30	1
1133	434	1
1133	1125	1
1133	1024	1
1133	1718	1
1133	247	1
1133	1737	1
1134	369	1
1134	1322	1
1134	1713	1
1134	1534	1
1134	1441	1
1134	434	1
1134	584	1
1134	1790	1
1134	160	1
1134	1541	1
1134	506	1
1134	1945	1
1134	1718	1
1134	930	1
1134	1323	1
1134	1365	1
1134	598	1
1134	66	1
1134	888	1
1134	1203	1
1134	668	1
1134	1352	1
1134	13	1
1135	2036	1
1135	65	1
1135	584	1
1135	706	1
1135	506	1
1135	1918	1
1135	1774	1
1135	1982	1
1135	1447	1
1135	1338	1
1136	1481	1
1136	1322	1
1136	506	1
1136	1024	1
1136	2057	1
1137	1572	1
1137	1481	1
1137	1318	1
1137	1967	1
1137	1044	1
1137	1307	1
1137	30	1
1137	1105	1
1137	747	1
1137	924	1
1137	1718	1
1137	873	1
1137	916	1
1137	13	1
1138	547	1
1138	1322	1
1138	2017	1
1138	506	1
1138	1718	1
1138	228	1
1138	124	1
1139	1572	1
1139	1585	1
1139	1055	1
1139	1783	1
1139	1481	1
1139	1322	1
1139	1668	1
1139	1066	1
1139	434	1
1139	65	1
1139	964	1
1139	1206	1
1139	1125	1
1139	2017	1
1139	35	1
1139	1626	1
1139	1365	1
1139	771	1
1139	908	1
1139	1447	1
1139	13	1
1140	216	1
1140	2021	1
1140	1775	1
1140	610	1
1141	1730	1
1141	1137	1
1141	997	1
1141	1473	1
1141	1481	1
1141	1165	1
1141	2055	1
1141	1039	1
1141	791	1
1141	434	1
1141	65	1
1141	1174	1
1141	317	1
1141	1258	1
1141	964	1
1141	160	1
1141	1989	1
1141	2017	1
1141	35	1
1141	709	1
1141	1865	1
1141	1718	1
1141	873	1
1141	1323	1
1141	1365	1
1141	598	1
1141	888	1
1141	1184	1
1141	386	1
1141	13	1
1142	26	1
1142	631	1
1142	1034	1
1142	1761	1
1142	168	1
1142	72	1
1142	364	1
1142	118	1
1142	1996	1
1142	1552	1
1142	1961	1
1142	33	1
1142	1322	1
1142	857	1
1142	1235	1
1142	1373	1
1142	1668	1
1142	1577	1
1142	1469	1
1142	1174	1
1142	20	1
1142	152	1
1142	1775	1
1142	1265	1
1142	1022	1
1142	1859	1
1142	236	1
1142	92	1
1142	1250	1
1142	1141	1
1142	1522	1
1142	924	1
1142	1048	1
1142	1843	1
1142	35	1
1142	696	1
1142	709	1
1142	643	1
1142	2012	1
1142	650	1
1142	494	1
1142	873	1
1142	384	1
1142	2049	1
1142	1677	1
1142	103	1
1142	1190	1
1142	510	1
1142	888	1
1142	267	1
1142	773	1
1142	1625	1
1142	1352	1
1143	1572	1
1143	1962	1
1143	1754	1
1143	784	1
1143	1863	1
1143	1069	1
1143	1933	1
1143	659	1
1143	35	1
1143	1718	1
1143	832	1
1143	424	1
1143	13	1
1144	1572	1
1144	1322	1
1144	182	1
1144	1066	1
1144	434	1
1144	506	1
1144	1718	1
1144	1365	1
1145	547	1
1145	168	1
1145	1322	1
1145	1307	1
1145	182	1
1145	1105	1
1145	65	1
1145	1775	1
1145	1894	1
1145	35	1
1145	482	1
1145	1945	1
1146	547	1
1146	1322	1
1146	65	1
1146	327	1
1146	1179	1
1146	35	1
1146	1718	1
1146	1236	1
1147	1318	1
1147	1044	1
1147	1307	1
1147	1649	1
1147	65	1
1147	687	1
1147	120	1
1147	59	1
1147	506	1
1147	1945	1
1147	1718	1
1147	916	1
1147	1236	1
1148	547	1
1148	1307	1
1148	747	1
1148	1859	1
1148	732	1
1148	143	1
1148	610	1
1148	696	1
1148	709	1
1148	1542	1
1148	1718	1
1148	384	1
1149	547	1
1149	1481	1
1149	1066	1
1149	506	1
1149	1192	1
1150	1572	1
1150	1318	1
1150	1322	1
1150	1307	1
1150	30	1
1150	327	1
1150	610	1
1150	924	1
1150	35	1
1150	1718	1
1150	873	1
1150	426	1
1150	812	1
1150	888	1
1150	13	1
1151	1572	1
1151	1034	1
1151	182	1
1151	924	1
1151	506	1
1151	35	1
1151	426	1
1151	13	1
1152	1572	1
1152	1635	1
1152	1322	1
1152	65	1
1152	1429	1
1152	506	1
1153	1034	1
1153	168	1
1153	1481	1
1153	65	1
1153	935	1
1153	35	1
1153	995	1
1153	1506	1
1153	1945	1
1153	1718	1
1153	1617	1
1153	916	1
1153	1598	1
1153	908	1
1154	1034	1
1154	1635	1
1154	1481	1
1154	1322	1
1154	65	1
1154	35	1
1154	2057	1
1154	13	1
1155	21	1
1155	1945	1
1155	1718	1
1156	857	1
1156	1267	1
1156	21	1
1156	1945	1
1157	1481	1
1157	956	1
1157	2055	1
1157	1793	1
1157	327	1
1157	35	1
1157	893	1
1157	2057	1
1157	13	1
1158	1668	1
1159	1668	1
1160	1481	1
1160	1322	1
1160	35	1
1160	1323	1
1160	908	1
1160	1184	1
1161	1966	1
1161	50	1
1161	2054	1
1161	424	1
1161	401	1
1162	1572	1
1162	1718	1
1162	1365	1
1162	426	1
1163	494	1
1163	873	1
1163	2057	1
1164	1635	1
1164	1481	1
1164	1250	1
1164	59	1
1164	1865	1
1164	1945	1
1164	494	1
1164	908	1
1164	247	1
1164	307	1
1164	1184	1
1165	1481	1
1165	35	1
1165	1323	1
1165	1365	1
1165	1184	1
1165	13	1
1165	1856	1
1166	1252	1
1166	1258	1
1166	908	1
1167	1481	1
1167	35	1
1167	1365	1
1167	908	1
1167	1184	1
1168	1585	1
1168	1322	1
1168	1039	1
1168	20	1
1168	35	1
1168	414	1
1168	1718	1
1168	501	1
1169	1996	1
1169	222	1
1169	33	1
1169	1322	1
1169	187	1
1169	446	1
1169	1039	1
1169	189	1
1169	687	1
1169	1265	1
1169	659	1
1169	1024	1
1169	892	1
1169	1945	1
1169	1718	1
1169	1365	1
1169	137	1
1169	916	1
1169	13	1
1170	1572	1
1170	1322	1
1170	1307	1
1170	1066	1
1170	790	1
1170	65	1
1170	1258	1
1170	1242	1
1170	1908	1
1170	964	1
1170	1126	1
1170	1429	1
1170	924	1
1170	506	1
1170	35	1
1170	1090	1
1170	1718	1
1170	930	1
1170	873	1
1170	1323	1
1170	1365	1
1170	1771	1
1170	916	1
1170	591	1
1170	1598	1
1170	247	1
1170	1856	1
1171	1137	1
1171	1481	1
1171	1258	1
1171	35	1
1171	1323	1
1171	1365	1
1171	1203	1
1171	13	1
1172	1585	1
1172	369	1
1172	240	1
1172	1635	1
1172	1322	1
1172	956	1
1172	1066	1
1172	964	1
1172	1771	1
1172	812	1
1172	908	1
1172	247	1
1172	1803	1
1172	1184	1
1173	1585	1
1173	1042	1
1173	547	1
1173	1481	1
1173	1322	1
1173	1307	1
1173	1668	1
1173	65	1
1173	120	1
1173	935	1
1173	414	1
1173	1945	1
1173	494	1
1173	251	1
1173	1264	1
1173	103	1
1173	1644	1
1174	1572	1
1174	1034	1
1174	1585	1
1174	1020	1
1174	1318	1
1174	1322	1
1174	30	1
1174	21	1
1174	1304	1
1174	434	1
1174	65	1
1174	1242	1
1174	1364	1
1174	679	1
1174	1682	1
1174	924	1
1174	1179	1
1174	35	1
1174	922	1
1174	1256	1
1174	1024	1
1174	466	1
1174	1718	1
1174	1347	1
1174	1997	1
1174	2057	1
1174	1264	1
1174	298	1
1174	1551	1
1174	145	1
1174	1528	1
1174	1644	1
1174	908	1
1174	888	1
1174	1737	1
1174	1269	1
1175	1258	1
1175	1323	1
1175	908	1
1176	1481	1
1176	1322	1
1176	908	1
1177	1252	1
1177	1322	1
1177	1284	1
1177	908	1
1178	1481	1
1178	1252	1
1178	908	1
1179	547	1
1179	1481	1
1179	1322	1
1179	35	1
1180	1258	1
1180	35	1
1180	1365	1
1180	307	1
1180	1184	1
1181	1481	1
1181	1322	1
1181	908	1
1182	908	1
1183	908	1
1184	1481	1
1184	1322	1
1184	908	1
1185	1258	1
1185	35	1
1185	908	1
1186	1481	1
1186	1284	1
1186	1718	1
1186	2057	1
1186	908	1
1187	1284	1
1187	1024	1
1187	2057	1
1188	1050	1
1188	1403	1
1188	319	1
1188	376	1
1188	1481	1
1188	931	1
1188	896	1
1188	483	1
1188	2073	1
1188	500	1
1188	1882	1
1188	1457	1
1188	800	1
1188	1669	1
1188	1898	1
1188	395	1
1188	733	1
1188	1048	1
1188	804	1
1188	306	1
1188	1797	1
1188	1865	1
1188	1289	1
1188	1233	1
1188	291	1
1188	1769	1
1188	251	1
1188	47	1
1188	1438	1
1188	264	1
1189	33	1
1189	1812	1
1189	21	1
1190	937	1
1190	21	1
1190	1718	1
1191	1783	1
1191	491	1
1191	405	1
1191	788	1
1191	480	1
1191	1258	1
1191	1790	1
1191	694	1
1191	7	1
1191	1125	1
1191	1404	1
1191	1941	1
1191	35	1
1191	1747	1
1191	494	1
1191	1750	1
1191	1365	1
1191	2060	1
1191	812	1
1191	908	1
1191	1630	1
1191	307	1
1191	1011	1
1192	21	1
1192	1666	1
1192	1718	1
1193	364	1
1193	319	1
1193	33	1
1193	1307	1
1193	1812	1
1193	21	1
1193	1105	1
1193	1775	1
1193	1274	1
1193	1718	1
1193	1838	1
1194	364	1
1194	1307	1
1194	1267	1
1194	1812	1
1194	21	1
1194	858	1
1194	65	1
1194	1174	1
1194	317	1
1194	327	1
1194	1141	1
1194	1758	1
1194	856	1
1194	34	1
1194	916	1
1194	1352	1
1194	13	1
1195	1267	1
1195	317	1
1195	1989	1
1195	1758	1
1195	1877	1
1196	1966	1
1196	368	1
1196	285	1
1196	586	1
1196	846	1
1196	1733	1
1196	516	1
1196	638	1
1196	168	1
1196	310	1
1196	1403	1
1196	319	1
1196	318	1
1196	841	1
1196	1019	1
1196	1318	1
1196	537	1
1196	1040	1
1196	1123	1
1196	1548	1
1196	2050	1
1196	845	1
1196	33	1
1196	991	1
1196	1376	1
1196	483	1
1196	2051	1
1196	30	1
1196	1827	1
1196	787	1
1196	662	1
1196	629	1
1196	189	1
1196	309	1
1196	1592	1
1196	1863	1
1196	147	1
1196	1174	1
1196	1223	1
1196	1920	1
1196	640	1
1196	603	1
1196	711	1
1196	1960	1
1196	1627	1
1196	1832	1
1196	1666	1
1196	1166	1
1196	1637	1
1196	45	1
1196	160	1
1196	1454	1
1196	312	1
1196	221	1
1196	796	1
1196	1869	1
1196	1275	1
1196	254	1
1196	911	1
1196	1297	1
1196	935	1
1196	1951	1
1196	1253	1
1196	246	1
1196	924	1
1196	681	1
1196	1586	1
1196	730	1
1196	673	1
1196	1244	1
1196	705	1
1196	1015	1
1196	1212	1
1196	2053	1
1196	1743	1
1196	415	1
1196	892	1
1196	643	1
1196	756	1
1196	1425	1
1196	422	1
1196	1688	1
1196	229	1
1196	1452	1
1196	1895	1
1196	1120	1
1196	2019	1
1196	1321	1
1196	916	1
1196	729	1
1196	234	1
1196	383	1
1196	1100	1
1196	1161	1
1196	832	1
1196	10	1
1196	103	1
1196	1193	1
1196	670	1
1196	1557	1
1196	409	1
1196	750	1
1196	13	1
1196	1974	1
1197	213	1
1197	33	1
1197	956	1
1197	1887	1
1197	1039	1
1197	548	1
1197	1174	1
1197	35	1
1197	1865	1
1197	892	1
1197	873	1
1197	424	1
1197	13	1
1198	1572	1
1198	1481	1
1198	33	1
1198	1322	1
1198	1668	1
1198	945	1
1198	924	1
1198	35	1
1198	1718	1
1198	1365	1
1199	21	1
1199	1949	1
1199	945	1
1199	679	1
1199	19	1
1199	924	1
1199	35	1
1199	1718	1
1199	452	1
1200	1322	1
1200	808	1
1200	945	1
1200	2004	1
1200	709	1
1200	1718	1
1200	1365	1
1200	1012	1
1200	1071	1
1201	1106	1
1201	33	1
1201	2055	1
1201	1793	1
1201	85	1
1201	392	1
1201	35	1
1201	1718	1
1201	873	1
1201	832	1
1201	424	1
1201	642	1
1202	501	1
1203	1267	1
1203	956	1
1203	858	1
1203	548	1
1203	317	1
1203	873	1
1204	1004	1
1204	327	1
1204	35	1
1204	381	1
1204	1192	1
1204	13	1
1205	1585	1
1205	1481	1
1205	1004	1
1205	327	1
1206	610	1
1207	1407	1
1208	1635	1
1208	956	1
1208	2079	1
1208	1066	1
1208	355	1
1208	35	1
1208	1718	1
1208	1620	1
1209	1137	1
1209	1585	1
1209	1174	1
1209	935	1
1209	1065	1
1209	1718	1
1209	873	1
1209	1365	1
1209	1644	1
1209	247	1
1209	1856	1
1210	1585	1
1211	501	1
1212	1572	1
1212	799	1
1212	1481	1
1212	1967	1
1212	1156	1
1212	1322	1
1212	1612	1
1212	30	1
1212	275	1
1212	1300	1
1212	2036	1
1212	1037	1
1212	539	1
1212	1739	1
1212	1574	1
1212	302	1
1212	65	1
1212	1174	1
1212	1727	1
1212	355	1
1212	622	1
1212	706	1
1212	511	1
1212	1941	1
1212	2017	1
1212	1340	1
1212	696	1
1212	709	1
1212	1486	1
1212	1718	1
1212	930	1
1212	251	1
1212	1365	1
1212	1236	1
1212	1598	1
1212	1644	1
1212	596	1
1212	1411	1
1212	124	1
1212	381	1
1212	807	1
1212	13	1
1213	1666	1
1213	610	1
1214	1614	1
1214	618	1
1214	610	1
1214	1486	1
1215	1772	1
1215	377	1
1215	1996	1
1215	1481	1
1215	1177	1
1215	33	1
1215	1307	1
1215	1441	1
1215	1499	1
1215	189	1
1215	1610	1
1215	65	1
1215	1174	1
1215	1247	1
1215	1908	1
1215	1250	1
1215	935	1
1215	1400	1
1215	886	1
1215	709	1
1215	282	1
1215	414	1
1215	1945	1
1215	1718	1
1215	251	1
1215	1120	1
1215	298	1
1215	2049	1
1215	1644	1
1215	642	1
1215	1619	1
1216	649	1
1216	610	1
1217	1441	1
1217	1668	1
1217	1923	1
1217	160	1
1217	659	1
1217	1718	1
1218	1163	1
1218	547	1
1218	85	1
1218	1945	1
1219	2021	1
1219	1775	1
1220	1572	1
1220	1342	1
1220	218	1
1220	1310	1
1220	118	1
1220	711	1
1220	1832	1
1220	1479	1
1220	1869	1
1220	17	1
1220	1048	1
1220	1595	1
1220	1718	1
1221	1707	1
1221	1174	1
1221	1775	1
1221	1301	1
1221	618	1
1221	916	1
1222	1572	1
1222	33	1
1222	1468	1
1222	35	1
1222	1718	1
1222	2057	1
1222	642	1
1223	610	1
1224	610	1
1225	618	1
1225	610	1
1226	618	1
1226	610	1
1227	610	1
1228	618	1
1228	610	1
1228	650	1
1229	1572	1
1229	168	1
1229	924	1
1229	35	1
1229	1945	1
1229	2057	1
1229	1644	1
1229	307	1
1229	1192	1
1230	1346	1
1230	1481	1
1230	2021	1
1230	434	1
1230	964	1
1230	1790	1
1230	1206	1
1230	1125	1
1230	2069	1
1230	1598	1
1230	908	1
1231	1668	1
1231	1718	1
1232	1360	1
1232	643	1
1233	319	1
1233	1307	1
1233	1373	1
1233	1105	1
1233	2036	1
1233	189	1
1233	1666	1
1233	659	1
1233	486	1
1233	643	1
1233	1945	1
1233	916	1
1234	1585	1
1234	2057	1
1235	1585	1
1236	1307	1
1236	687	1
1236	120	1
1236	1666	1
1236	1274	1
1236	1945	1
1236	1718	1
1236	137	1
1236	2057	1
1237	1585	1
1237	1668	1
1237	35	1
1237	1718	1
1237	2057	1
1238	1707	1
1238	618	1
1238	610	1
1238	87	1
1239	319	1
1239	1707	1
1239	610	1
1239	650	1
1239	1718	1
1240	2021	1
1240	610	1
1240	650	1
1240	87	1
1241	2005	1
1241	1682	1
1242	610	1
1243	1668	1
1243	35	1
1244	1887	1
1244	1179	1
1244	1718	1
1245	1572	1
1245	1481	1
1245	506	1
1245	1718	1
1245	1365	1
1246	1572	1
1246	1481	1
1246	1318	1
1246	702	1
1246	33	1
1246	1534	1
1246	2079	1
1246	148	1
1246	480	1
1246	65	1
1246	1790	1
1246	1682	1
1246	506	1
1246	35	1
1246	892	1
1246	1718	1
1246	2057	1
1246	1620	1
1246	2069	1
1246	247	1
1247	1572	1
1247	1481	1
1247	148	1
1247	35	1
1247	1718	1
1247	2057	1
1248	1481	1
1248	35	1
1248	1718	1
1248	1365	1
1248	426	1
1249	1481	1
1249	1929	1
1249	687	1
1249	924	1
1249	1326	1
1249	35	1
1249	1718	1
1249	1365	1
1249	916	1
1249	2057	1
1249	814	1
1250	1790	1
1250	506	1
1250	1718	1
1250	426	1
1250	2057	1
1250	56	1
1251	1682	1
1251	1718	1
1251	1365	1
1251	2057	1
1252	1682	1
1252	506	1
1252	1997	1
1252	2057	1
1253	937	1
1253	319	1
1253	956	1
1253	1174	1
1253	687	1
1253	85	1
1253	1274	1
1253	1718	1
1253	916	1
1253	358	1
1253	1825	1
1253	13	1
1254	1966	1
1254	1572	1
1254	937	1
1254	1538	1
1254	319	1
1254	1040	1
1254	33	1
1254	2079	1
1254	205	1
1254	2055	1
1254	1539	1
1254	181	1
1254	1174	1
1254	1014	1
1254	85	1
1254	1666	1
1254	785	1
1254	1348	1
1254	1869	1
1254	113	1
1254	2054	1
1254	1987	1
1254	659	1
1254	709	1
1254	1743	1
1254	756	1
1254	494	1
1254	1718	1
1254	607	1
1254	1130	1
1254	2019	1
1254	916	1
1254	832	1
1254	1687	1
1254	424	1
1254	13	1
1254	1097	1
1255	1966	1
1255	1733	1
1255	540	1
1255	937	1
1255	1414	1
1255	1962	1
1255	1163	1
1255	1538	1
1255	319	1
1255	688	1
1255	33	1
1255	1494	1
1255	1391	1
1255	857	1
1255	2055	1
1255	1887	1
1255	1539	1
1255	189	1
1255	1469	1
1255	1589	1
1255	1247	1
1255	85	1
1255	1666	1
1255	400	1
1255	160	1
1255	327	1
1255	4	1
1255	1869	1
1255	1345	1
1255	1297	1
1255	2054	1
1255	659	1
1255	924	1
1255	59	1
1255	1048	1
1255	1260	1
1255	673	1
1255	709	1
1255	1743	1
1255	1503	1
1255	892	1
1255	1945	1
1255	1718	1
1255	1544	1
1255	1375	1
1255	873	1
1255	1120	1
1255	1721	1
1255	916	1
1255	966	1
1255	424	1
1255	101	1
1255	1619	1
1255	1950	1
1255	13	1
1256	1040	1
1256	1666	1
1256	1718	1
1256	873	1
1256	916	1
1256	832	1
1257	1106	1
1257	402	1
1257	1353	1
1257	1887	1
1257	1775	1
1257	1179	1
1257	1503	1
1257	1718	1
1257	873	1
1257	832	1
1257	124	1
1258	1040	1
1258	802	1
1258	924	1
1258	709	1
1258	1945	1
1258	873	1
1258	832	1
1258	424	1
1259	659	1
1259	1718	1
1259	873	1
1259	832	1
1260	937	1
1260	1353	1
1260	65	1
1260	1775	1
1260	1666	1
1260	327	1
1260	1945	1
1260	1718	1
1260	873	1
1261	319	1
1261	33	1
1261	1945	1
1262	402	1
1262	21	1
1262	687	1
1262	59	1
1262	1945	1
1262	1718	1
1262	916	1
1263	1777	1
1263	1730	1
1263	1733	1
1263	2005	1
1263	937	1
1263	1962	1
1263	213	1
1263	374	1
1263	531	1
1263	1582	1
1263	737	1
1263	21	1
1263	2055	1
1263	1888	1
1263	65	1
1263	1589	1
1263	687	1
1263	85	1
1263	1357	1
1263	1265	1
1263	1818	1
1263	236	1
1263	1869	1
1263	1358	1
1263	1794	1
1263	659	1
1263	455	1
1263	924	1
1263	59	1
1263	1773	1
1263	673	1
1263	2029	1
1263	709	1
1263	1817	1
1263	1743	1
1263	1945	1
1263	756	1
1263	494	1
1263	1718	1
1263	1425	1
1263	398	1
1263	1120	1
1263	2019	1
1263	916	1
1263	591	1
1263	1696	1
1263	807	1
1263	1097	1
1264	1156	1
1264	1307	1
1264	21	1
1264	1105	1
1264	1304	1
1264	687	1
1264	195	1
1264	1141	1
1264	35	1
1264	922	1
1264	1090	1
1264	1718	1
1264	916	1
1264	1838	1
1264	779	1
1265	1718	1
1266	21	1
1266	1718	1
1266	429	1
1266	873	1
1267	402	1
1267	21	1
1267	687	1
1267	1775	1
1267	429	1
1268	402	1
1268	1304	1
1268	1775	1
1268	1718	1
1269	1304	1
1269	1718	1
1269	429	1
1270	1342	1
1270	1792	1
1270	1296	1
1270	580	1
1270	33	1
1270	934	1
1270	1465	1
1270	1879	1
1270	2009	1
1270	1014	1
1270	1818	1
1270	935	1
1270	1102	1
1270	659	1
1270	924	1
1270	1260	1
1270	1162	1
1270	1743	1
1270	1945	1
1270	494	1
1270	560	1
1270	1641	1
1270	607	1
1270	2019	1
1270	2003	1
1271	754	1
1272	259	1
1272	788	1
1272	1514	1
1272	2057	1
1273	1220	1
1273	1849	1
1273	610	1
1273	1436	1
1274	1572	1
1274	1034	1
1274	924	1
1274	1718	1
1274	1365	1
1274	426	1
1274	2057	1
1275	1572	1
1275	1585	1
1275	1322	1
1275	1668	1
1275	35	1
1275	1718	1
1275	2057	1
1276	1572	1
1276	1668	1
1276	189	1
1276	924	1
1276	35	1
1276	1365	1
1276	13	1
1277	1481	1
1277	1668	1
1277	20	1
1277	1718	1
1278	1572	1
1278	1034	1
1278	21	1
1278	327	1
1278	35	1
1278	1365	1
1279	1572	1
1279	1034	1
1279	1668	1
1279	924	1
1279	1179	1
1279	426	1
1280	1668	1
1280	1718	1
1280	1365	1
1281	1572	1
1281	1481	1
1281	1668	1
1281	35	1
1281	1718	1
1281	1644	1
1282	1034	1
1282	547	1
1282	1538	1
1282	377	1
1282	364	1
1282	1481	1
1282	1704	1
1282	278	1
1282	33	1
1282	496	1
1282	1235	1
1282	993	1
1282	956	1
1282	2055	1
1282	1039	1
1282	189	1
1282	1653	1
1282	451	1
1282	322	1
1282	881	1
1282	1775	1
1282	2064	1
1282	1793	1
1282	85	1
1282	945	1
1282	1805	1
1282	1716	1
1282	1250	1
1282	1350	1
1282	1141	1
1282	886	1
1282	924	1
1282	1048	1
1282	122	1
1282	35	1
1282	1867	1
1282	892	1
1282	2012	1
1282	1718	1
1282	251	1
1282	1365	1
1282	916	1
1282	591	1
1282	145	1
1282	424	1
1282	642	1
1282	773	1
1282	13	1
1282	593	1
1283	1966	1
1283	259	1
1283	33	1
1283	1671	1
1283	52	1
1283	1743	1
1284	367	1
1284	1962	1
1284	645	1
1284	1163	1
1284	259	1
1284	1156	1
1284	33	1
1284	900	1
1284	1812	1
1284	1105	1
1284	65	1
1284	274	1
1284	659	1
1284	35	1
1284	1260	1
1284	52	1
1284	709	1
1284	1058	1
1284	2012	1
1284	1718	1
1284	2040	1
1284	578	1
1284	234	1
1284	637	1
1284	424	1
1284	1947	1
1284	1176	1
1284	1619	1
1285	367	1
1285	1966	1
1285	1572	1
1285	1310	1
1285	1474	1
1285	353	1
1285	33	1
1285	1044	1
1285	205	1
1285	1739	1
1285	2055	1
1285	446	1
1285	1460	1
1285	1490	1
1285	1260	1
1285	52	1
1285	1058	1
1285	1945	1
1285	137	1
1285	101	1
1286	1962	1
1286	2046	1
1286	259	1
1286	33	1
1286	446	1
1286	1460	1
1286	687	1
1286	1260	1
1286	52	1
1286	494	1
1286	578	1
1286	731	1
1287	1572	1
1287	1124	1
1287	52	1
1288	754	1
1289	754	1
1290	754	1
1291	754	1
1291	1179	1
1291	34	1
1292	35	1
1292	696	1
1292	709	1
1292	1718	1
1292	1365	1
1292	426	1
1292	1644	1
1293	1668	1
1293	65	1
1293	924	1
1293	35	1
1293	709	1
1293	1365	1
1293	1644	1
1294	1585	1
1294	1322	1
1295	1572	1
1295	924	1
1295	35	1
1295	709	1
1295	1718	1
1296	937	1
1296	547	1
1296	1718	1
1296	2057	1
1297	1481	1
1297	1322	1
1297	65	1
1297	1429	1
1297	1682	1
1297	924	1
1297	35	1
1297	1365	1
1297	426	1
1298	1572	1
1298	1322	1
1298	808	1
1298	1066	1
1298	1727	1
1298	1265	1
1298	1790	1
1298	1682	1
1298	2017	1
1298	1718	1
1298	255	1
1298	1365	1
1298	426	1
1298	2057	1
1299	2057	1
1300	1481	1
1300	35	1
1300	1718	1
1300	1365	1
1301	1481	1
1301	1668	1
1301	1718	1
1301	1365	1
1302	1668	1
1302	35	1
1302	1718	1
1302	1365	1
1303	1668	1
1303	35	1
1303	1718	1
1303	1365	1
1303	426	1
1304	1572	1
1304	1668	1
1304	35	1
1305	1668	1
1305	1718	1
1305	1365	1
1306	1572	1
1306	21	1
1306	709	1
1306	1718	1
1306	1365	1
1307	1572	1
1307	1481	1
1307	1718	1
1307	1365	1
1308	1572	1
1308	35	1
1308	1718	1
1308	1365	1
1309	1572	1
1309	1481	1
1309	993	1
1309	1668	1
1309	35	1
1309	202	1
1309	1365	1
1309	2057	1
1310	1572	1
1310	1481	1
1310	924	1
1310	506	1
1310	1718	1
1311	1572	1
1311	1179	1
1311	1718	1
1312	1572	1
1312	1635	1
1312	1534	1
1312	35	1
1312	1718	1
1312	1644	1
1312	247	1
1312	307	1
1313	1572	1
1313	278	1
1313	945	1
1313	924	1
1313	59	1
1313	35	1
1313	1718	1
1313	2057	1
1314	1572	1
1314	1534	1
1314	1718	1
1314	1528	1
1314	1644	1
1314	247	1
1314	307	1
1315	1034	1
1315	1585	1
1315	30	1
1315	20	1
1315	1682	1
1315	924	1
1315	35	1
1315	1091	1
1315	709	1
1315	426	1
1315	2057	1
1315	1436	1
1316	1585	1
1316	924	1
1316	35	1
1316	1718	1
1316	1365	1
1317	924	1
1317	35	1
1317	1718	1
1317	1365	1
1317	426	1
1318	1572	1
1318	1265	1
1318	35	1
1318	1365	1
1318	669	1
1319	1572	1
1319	1034	1
1319	1668	1
1319	1718	1
1319	1365	1
1320	1572	1
1320	1668	1
1320	1247	1
1320	924	1
1320	709	1
1321	1034	1
1321	1668	1
1321	327	1
1321	1179	1
1321	35	1
1321	1365	1
1321	426	1
1321	2057	1
1322	1481	1
1322	21	1
1322	1668	1
1322	1718	1
1322	426	1
1323	1572	1
1323	72	1
1323	1481	1
1323	1967	1
1323	252	1
1323	1534	1
1323	30	1
1323	21	1
1323	189	1
1323	709	1
1323	1365	1
1323	426	1
1323	1644	1
1323	175	1
1324	72	1
1324	1481	1
1324	1704	1
1324	1961	1
1324	1322	1
1324	1929	1
1324	1534	1
1324	379	1
1324	808	1
1324	1668	1
1324	189	1
1324	1775	1
1324	945	1
1324	327	1
1324	924	1
1324	1179	1
1324	414	1
1324	1718	1
1324	1365	1
1324	426	1
1324	452	1
1324	1551	1
1324	1436	1
1324	175	1
1324	13	1
1325	1572	1
1325	1481	1
1325	1365	1
1325	426	1
1325	1644	1
1326	1034	1
1326	1481	1
1326	252	1
1326	327	1
1326	924	1
1326	35	1
1326	1718	1
1326	1365	1
1326	1551	1
1327	1572	1
1327	1481	1
1327	1775	1
1327	659	1
1327	1365	1
1327	426	1
1327	1644	1
1327	247	1
1328	1481	1
1328	1718	1
1328	2057	1
1329	1572	1
1329	1481	1
1329	189	1
1329	1265	1
1329	1682	1
1329	659	1
1329	1718	1
1329	2057	1
1330	1961	1
1330	1318	1
1330	702	1
1330	1668	1
1330	189	1
1330	1250	1
1330	1682	1
1330	35	1
1330	696	1
1330	709	1
1330	1718	1
1330	591	1
1331	1034	1
1331	1481	1
1331	1322	1
1331	1668	1
1331	1247	1
1331	1429	1
1331	1682	1
1331	1941	1
1331	1179	1
1331	709	1
1331	426	1
1332	1481	1
1332	1322	1
1332	1534	1
1332	21	1
1332	1668	1
1332	65	1
1332	935	1
1332	1150	1
1332	414	1
1332	1718	1
1332	384	1
1332	2057	1
1332	1551	1
1332	812	1
1332	13	1
1333	610	1
1334	1572	1
1334	1668	1
1334	35	1
1334	1718	1
1335	1635	1
1335	1174	1
1335	1775	1
1335	1666	1
1335	1865	1
1335	1718	1
1335	873	1
1335	1644	1
1336	1572	1
1336	1481	1
1336	1704	1
1336	702	1
1336	1044	1
1336	1441	1
1336	1668	1
1336	65	1
1336	317	1
1336	1522	1
1336	924	1
1336	506	1
1336	35	1
1336	2048	1
1336	1973	1
1336	1365	1
1336	247	1
1336	877	1
1337	1034	1
1337	1481	1
1337	659	1
1337	35	1
1337	1718	1
1338	1572	1
1338	1585	1
1338	1481	1
1338	30	1
1338	1775	1
1338	355	1
1338	506	1
1338	35	1
1338	1718	1
1339	1034	1
1339	1962	1
1339	1481	1
1339	702	1
1339	1235	1
1339	30	1
1339	446	1
1339	65	1
1339	1666	1
1339	924	1
1339	2048	1
1339	1718	1
1339	1365	1
1339	426	1
1339	247	1
1340	1572	1
1340	1668	1
1340	659	1
1340	35	1
1340	1718	1
1340	1365	1
1341	1572	1
1341	21	1
1341	2057	1
1342	506	1
1342	2057	1
1343	1585	1
1343	1812	1
1343	21	1
1343	1718	1
1343	2057	1
1344	1572	1
1344	1481	1
1344	30	1
1344	1121	1
1344	317	1
1344	1048	1
1344	1002	1
1344	35	1
1344	414	1
1344	1088	1
1344	1365	1
1344	1551	1
1344	1644	1
1345	1572	1
1345	1481	1
1345	35	1
1345	1718	1
1345	1644	1
1346	1966	1
1346	1472	1
1346	1572	1
1346	1538	1
1346	319	1
1346	118	1
1346	575	1
1346	1313	1
1346	33	1
1346	260	1
1346	1307	1
1346	2055	1
1346	1887	1
1346	65	1
1346	687	1
1346	1078	1
1346	1775	1
1346	711	1
1346	1364	1
1346	114	1
1346	136	1
1346	1350	1
1346	659	1
1346	35	1
1346	1260	1
1346	673	1
1346	1008	1
1346	709	1
1346	1817	1
1346	1503	1
1346	892	1
1346	1514	1
1346	1544	1
1346	1641	1
1346	1425	1
1346	1120	1
1346	1600	1
1346	916	1
1346	1787	1
1346	832	1
1346	103	1
1346	424	1
1346	175	1
1346	1169	1
1346	1619	1
1346	1352	1
1346	13	1
1347	1572	1
1347	1481	1
1347	1967	1
1347	1534	1
1347	924	1
1347	35	1
1347	1718	1
1347	1973	1
1347	1644	1
1347	908	1
1347	13	1
1348	1572	1
1348	1812	1
1348	1668	1
1348	1174	1
1348	1775	1
1348	85	1
1348	1666	1
1348	643	1
1348	1718	1
1348	1365	1
1348	1644	1
1348	1101	1
1349	1572	1
1349	168	1
1349	1481	1
1349	434	1
1349	1258	1
1349	1364	1
1349	924	1
1349	35	1
1349	1747	1
1349	1982	1
1349	167	1
1349	247	1
1349	307	1
1350	1572	1
1350	1481	1
1350	924	1
1350	466	1
1350	1718	1
1351	1585	1
1351	1481	1
1352	1137	1
1352	1481	1
1352	1252	1
1352	1258	1
1352	964	1
1352	924	1
1352	1718	1
1352	247	1
1352	307	1
1353	1572	1
1353	1481	1
1353	1364	1
1353	1682	1
1354	1481	1
1354	908	1
1354	888	1
1355	1572	1
1355	1635	1
1355	1481	1
1355	1967	1
1355	702	1
1355	1165	1
1355	1174	1
1355	1682	1
1355	924	1
1355	35	1
1355	466	1
1355	1718	1
1356	1585	1
1356	1174	1
1356	1718	1
1356	2057	1
1357	1585	1
1357	1481	1
1358	1137	1
1358	997	1
1358	168	1
1358	1252	1
1358	434	1
1358	1364	1
1358	1522	1
1358	941	1
1358	466	1
1358	840	1
1358	908	1
1358	307	1
1359	1137	1
1359	1258	1
1359	247	1
1360	1635	1
1360	1174	1
1360	1775	1
1360	643	1
1360	1718	1
1360	1375	1
1360	1721	1
1360	1436	1
1360	1352	1
1361	1572	1
1361	711	1
1361	1627	1
1361	643	1
1361	1718	1
1361	1721	1
1361	13	1
1362	643	1
1363	1572	1
1363	937	1
1363	404	1
1363	1163	1
1363	1635	1
1363	33	1
1363	1165	1
1363	1468	1
1363	1866	1
1363	1887	1
1363	189	1
1363	65	1
1363	451	1
1363	687	1
1363	1953	1
1363	1022	1
1363	160	1
1363	1682	1
1363	659	1
1363	1756	1
1363	59	1
1363	35	1
1363	1945	1
1363	494	1
1363	1365	1
1363	1389	1
1363	598	1
1363	916	1
1363	2057	1
1363	703	1
1363	424	1
1363	642	1
1363	908	1
1363	307	1
1363	1619	1
1363	13	1
1364	1572	1
1364	1761	1
1364	1318	1
1364	702	1
1364	33	1
1364	1391	1
1364	1534	1
1364	1866	1
1364	1668	1
1364	1066	1
1364	480	1
1364	324	1
1364	1174	1
1364	1790	1
1364	1682	1
1364	659	1
1364	828	1
1364	1522	1
1364	1756	1
1364	924	1
1364	506	1
1364	1179	1
1364	651	1
1364	466	1
1364	1945	1
1364	86	1
1364	1375	1
1364	916	1
1364	2057	1
1364	1528	1
1364	424	1
1364	1136	1
1364	888	1
1364	267	1
1364	814	1
1364	13	1
1365	1572	1
1365	1635	1
1365	1481	1
1365	1522	1
1365	924	1
1365	1718	1
1365	2057	1
1365	888	1
1365	13	1
1366	1572	1
1366	1481	1
1366	1322	1
1366	1668	1
1366	327	1
1366	924	1
1366	1620	1
1367	1572	1
1367	168	1
1367	1481	1
1367	1668	1
1367	1174	1
1367	317	1
1367	924	1
1367	1718	1
1367	873	1
1368	1572	1
1368	1034	1
1368	168	1
1368	702	1
1368	1307	1
1368	21	1
1368	65	1
1368	1775	1
1368	370	1
1368	1522	1
1368	1941	1
1368	924	1
1368	1973	1
1368	1365	1
1368	426	1
1368	103	1
1368	888	1
1369	937	1
1369	1783	1
1369	1481	1
1369	1391	1
1369	189	1
1369	1247	1
1369	659	1
1369	1522	1
1369	2017	1
1369	35	1
1369	696	1
1369	1945	1
1369	494	1
1369	930	1
1369	1871	1
1369	916	1
1369	1083	1
1369	908	1
1369	13	1
1370	1635	1
1370	1481	1
1370	65	1
1370	370	1
1370	924	1
1370	2017	1
1370	1048	1
1370	35	1
1370	1365	1
1370	1528	1
1370	247	1
1370	13	1
1371	1034	1
1371	1761	1
1371	547	1
1371	168	1
1371	1481	1
1371	174	1
1371	65	1
1371	687	1
1371	1775	1
1371	1364	1
1371	2001	1
1371	1622	1
1371	1141	1
1371	1404	1
1371	1506	1
1371	1367	1
1371	1945	1
1371	1718	1
1371	1120	1
1371	916	1
1371	1598	1
1371	307	1
1371	1011	1
1372	1572	1
1372	1761	1
1372	1668	1
1372	35	1
1372	1365	1
1373	1572	1
1373	1034	1
1373	1761	1
1373	1481	1
1373	33	1
1373	1322	1
1373	1307	1
1373	2055	1
1373	1887	1
1373	1668	1
1373	1775	1
1373	1793	1
1373	659	1
1373	924	1
1373	709	1
1373	494	1
1373	1718	1
1373	916	1
1373	424	1
1373	101	1
1374	1034	1
1374	1635	1
1374	1668	1
1374	924	1
1374	59	1
1374	35	1
1374	1718	1
1374	1365	1
1375	1572	1
1375	1761	1
1375	1481	1
1375	1967	1
1375	702	1
1375	1307	1
1375	1534	1
1375	1596	1
1375	1775	1
1375	1522	1
1375	35	1
1375	1945	1
1375	1718	1
1375	1365	1
1375	908	1
1375	267	1
1375	198	1
1376	1572	1
1376	1034	1
1376	1996	1
1376	1967	1
1376	702	1
1376	1004	1
1376	21	1
1376	1668	1
1376	65	1
1376	1174	1
1376	659	1
1376	1941	1
1376	924	1
1376	35	1
1376	414	1
1376	426	1
1376	1528	1
1376	13	1
1377	1572	1
1377	1034	1
1377	1481	1
1377	1534	1
1377	21	1
1377	1174	1
1377	1775	1
1377	35	1
1377	696	1
1377	1365	1
1377	13	1
1378	367	1
1378	1034	1
1378	547	1
1378	1635	1
1378	1967	1
1378	1534	1
1378	2055	1
1378	1668	1
1378	160	1
1378	1522	1
1378	35	1
1378	696	1
1378	2012	1
1378	1718	1
1378	1973	1
1378	1365	1
1378	916	1
1378	2057	1
1378	1644	1
1378	167	1
1378	888	1
1378	267	1
1378	101	1
1379	1761	1
1379	168	1
1379	1481	1
1379	1534	1
1379	802	1
1379	924	1
1379	59	1
1379	1048	1
1379	1718	1
1379	916	1
1379	167	1
1379	908	1
1379	888	1
1379	13	1
1380	367	1
1380	1572	1
1380	1034	1
1380	1761	1
1380	1635	1
1380	1481	1
1380	1441	1
1380	1668	1
1380	1247	1
1380	506	1
1380	35	1
1380	1367	1
1380	1945	1
1380	1375	1
1380	1365	1
1380	2057	1
1380	888	1
1381	2005	1
1381	937	1
1381	1163	1
1381	547	1
1381	1538	1
1381	168	1
1381	126	1
1381	1635	1
1381	1407	1
1381	33	1
1381	1322	1
1381	1307	1
1381	252	1
1381	1534	1
1381	21	1
1381	1441	1
1381	1866	1
1381	1668	1
1381	1066	1
1381	480	1
1381	65	1
1381	1078	1
1381	1701	1
1381	1793	1
1381	1247	1
1381	1666	1
1381	1364	1
1381	1989	1
1381	1760	1
1381	62	1
1381	1682	1
1381	935	1
1381	136	1
1381	659	1
1381	855	1
1381	924	1
1381	2017	1
1381	59	1
1381	1048	1
1381	506	1
1381	1179	1
1381	186	1
1381	696	1
1381	1865	1
1381	414	1
1381	1945	1
1381	494	1
1381	1718	1
1381	1375	1
1381	1365	1
1381	1997	1
1381	1120	1
1381	426	1
1381	2057	1
1381	1119	1
1381	1620	1
1381	358	1
1381	424	1
1381	642	1
1381	247	1
1381	13	1
1382	1572	1
1382	1761	1
1382	1481	1
1382	1534	1
1382	1668	1
1382	65	1
1382	85	1
1382	1522	1
1382	696	1
1382	414	1
1382	1718	1
1382	1365	1
1382	2057	1
1382	888	1
1382	267	1
1382	1192	1
1382	13	1
1383	65	1
1383	1945	1
1383	1718	1
1384	618	1
1384	610	1
1385	610	1
1386	610	1
1386	1718	1
1387	1572	1
1387	1481	1
1387	1666	1
1387	924	1
1387	1718	1
1387	426	1
1388	1265	1
1388	1186	1
1389	1572	1
1389	1481	1
1389	1718	1
1389	1365	1
1389	1982	1
1389	1644	1
1390	1962	1
1390	1668	1
1390	1247	1
1390	85	1
1390	1274	1
1390	59	1
1390	1179	1
1390	709	1
1390	1289	1
1390	494	1
1390	251	1
1391	1572	1
1391	1228	1
1391	1265	1
1391	924	1
1391	1865	1
1391	426	1
1392	1668	1
1393	1668	1
1394	1481	1
1394	1793	1
1394	1682	1
1394	1365	1
1394	307	1
1395	1572	1
1395	937	1
1395	1635	1
1395	1481	1
1395	33	1
1395	1322	1
1395	252	1
1395	1534	1
1395	1039	1
1395	1577	1
1395	802	1
1395	1775	1
1395	1250	1
1395	659	1
1395	296	1
1395	924	1
1395	59	1
1395	709	1
1395	1865	1
1395	1186	1
1395	1945	1
1395	1718	1
1395	267	1
1395	1192	1
1396	547	1
1396	168	1
1396	1635	1
1396	1481	1
1396	1322	1
1396	21	1
1396	1866	1
1396	1066	1
1396	1429	1
1396	1941	1
1396	1179	1
1396	35	1
1396	1945	1
1396	1718	1
1396	2057	1
1396	167	1
1396	888	1
1396	13	1
1397	1572	1
1397	1481	1
1397	1668	1
1397	65	1
1397	1718	1
1397	1365	1
1398	1761	1
1398	547	1
1398	168	1
1398	1635	1
1398	1481	1
1398	1322	1
1398	174	1
1398	1866	1
1398	1066	1
1398	65	1
1398	317	1
1398	327	1
1398	7	1
1398	1682	1
1398	935	1
1398	1622	1
1398	2017	1
1398	35	1
1398	414	1
1398	494	1
1398	1375	1
1398	1120	1
1398	916	1
1398	2057	1
1398	1598	1
1398	1644	1
1398	167	1
1398	247	1
1398	888	1
1398	13	1
1399	1572	1
1399	1481	1
1399	35	1
1399	1718	1
1399	2057	1
1400	1034	1
1400	1481	1
1400	21	1
1400	1668	1
1400	65	1
1400	35	1
1400	1718	1
1400	13	1
1401	1481	1
1401	1322	1
1401	30	1
1401	1668	1
1401	317	1
1401	1682	1
1401	1522	1
1401	924	1
1401	466	1
1401	1945	1
1401	1718	1
1401	1365	1
1401	247	1
1401	888	1
1401	13	1
1402	1572	1
1402	1761	1
1402	168	1
1402	1635	1
1402	1481	1
1402	21	1
1402	1866	1
1402	480	1
1402	65	1
1402	1429	1
1402	935	1
1402	1179	1
1402	35	1
1402	414	1
1402	1365	1
1402	916	1
1402	1528	1
1402	247	1
1402	888	1
1402	267	1
1402	13	1
1403	1761	1
1403	1481	1
1403	1322	1
1403	30	1
1403	21	1
1403	1668	1
1403	65	1
1403	317	1
1403	1247	1
1403	964	1
1403	1429	1
1403	1682	1
1403	1522	1
1403	924	1
1403	1065	1
1403	466	1
1403	1945	1
1403	1365	1
1403	426	1
1403	916	1
1403	591	1
1403	2057	1
1403	1436	1
1403	247	1
1403	888	1
1404	1572	1
1404	1034	1
1404	1635	1
1404	1322	1
1404	21	1
1404	1066	1
1404	65	1
1404	1682	1
1404	35	1
1404	1718	1
1405	1034	1
1405	1585	1
1405	168	1
1405	474	1
1405	1635	1
1405	1481	1
1405	33	1
1405	30	1
1405	21	1
1405	780	1
1405	1487	1
1405	2055	1
1405	20	1
1405	1775	1
1405	1790	1
1405	1364	1
1405	1429	1
1405	7	1
1405	1682	1
1405	935	1
1405	503	1
1405	506	1
1405	35	1
1405	990	1
1405	1747	1
1405	941	1
1405	466	1
1405	86	1
1405	1375	1
1405	930	1
1405	1426	1
1405	1365	1
1405	1120	1
1405	2069	1
1405	1436	1
1405	247	1
1405	267	1
1405	1447	1
1405	13	1
1406	1034	1
1406	1163	1
1406	547	1
1406	1177	1
1406	33	1
1406	1307	1
1406	182	1
1406	174	1
1406	1887	1
1406	1668	1
1406	189	1
1406	480	1
1406	65	1
1406	317	1
1406	687	1
1406	1793	1
1406	964	1
1406	1364	1
1406	59	1
1406	186	1
1406	696	1
1406	1747	1
1406	1945	1
1406	494	1
1406	1718	1
1406	1375	1
1406	930	1
1406	1185	1
1406	1120	1
1406	916	1
1406	425	1
1406	908	1
1406	2078	1
1406	888	1
1406	13	1
1407	1572	1
1407	547	1
1407	65	1
1407	964	1
1407	935	1
1407	35	1
1407	1718	1
1407	908	1
1408	1481	1
1408	1989	1
1408	35	1
1408	1718	1
1408	1620	1
1409	1635	1
1409	1481	1
1409	30	1
1409	1668	1
1409	924	1
1409	506	1
1409	35	1
1409	414	1
1409	1718	1
1409	916	1
1409	1498	1
1409	1192	1
1410	1481	1
1410	1718	1
1410	2057	1
1411	924	1
1411	1365	1
1411	2057	1
1412	1033	1
1413	924	1
1413	35	1
1413	1718	1
1413	2057	1
1414	1572	1
1414	1034	1
1414	1481	1
1414	33	1
1414	1322	1
1414	65	1
1414	964	1
1414	1522	1
1414	924	1
1414	1945	1
1414	1718	1
1414	873	1
1414	598	1
1414	703	1
1414	908	1
1414	888	1
1415	1635	1
1415	1481	1
1415	702	1
1415	1307	1
1415	857	1
1415	1534	1
1415	21	1
1415	1668	1
1415	65	1
1415	1775	1
1415	1666	1
1415	1429	1
1415	1141	1
1415	924	1
1415	1289	1
1415	1945	1
1415	494	1
1415	1718	1
1415	873	1
1415	1365	1
1415	1120	1
1415	888	1
1416	1572	1
1416	1034	1
1416	1635	1
1416	1481	1
1416	33	1
1416	1322	1
1416	788	1
1416	1066	1
1416	480	1
1416	1174	1
1416	1301	1
1416	355	1
1416	1790	1
1416	1364	1
1416	327	1
1416	1682	1
1416	1522	1
1416	924	1
1416	59	1
1416	1179	1
1416	35	1
1416	1945	1
1416	494	1
1416	1718	1
1416	1365	1
1416	1120	1
1416	2057	1
1416	1528	1
1416	812	1
1416	1644	1
1416	908	1
1416	13	1
1417	1572	1
1417	547	1
1417	1996	1
1417	1668	1
1417	1179	1
1417	35	1
1417	414	1
1417	1945	1
1417	1718	1
1417	1365	1
1418	1572	1
1418	1322	1
1418	1668	1
1418	506	1
1418	414	1
1419	1572	1
1419	547	1
1419	21	1
1419	1718	1
1419	1365	1
1419	384	1
1419	1436	1
1420	1668	1
1420	924	1
1420	506	1
1420	35	1
1420	414	1
1421	1572	1
1421	1322	1
1421	924	1
1421	35	1
1421	1365	1
1422	1572	1
1422	1034	1
1422	547	1
1422	924	1
1422	414	1
1422	1718	1
1422	1365	1
1423	1572	1
1423	168	1
1423	1635	1
1423	21	1
1423	2055	1
1423	1668	1
1423	480	1
1423	65	1
1423	317	1
1423	1775	1
1423	924	1
1423	506	1
1423	1179	1
1423	35	1
1423	1120	1
1423	13	1
1424	1572	1
1424	547	1
1424	168	1
1424	1635	1
1424	1481	1
1424	1177	1
1424	1322	1
1424	30	1
1424	21	1
1424	2055	1
1424	65	1
1424	1775	1
1424	1429	1
1424	1605	1
1424	1522	1
1424	1718	1
1424	2057	1
1424	1436	1
1424	1644	1
1424	101	1
1425	1572	1
1425	1635	1
1425	1322	1
1425	21	1
1425	65	1
1425	924	1
1425	35	1
1425	2057	1
1426	1572	1
1426	168	1
1426	1635	1
1426	1481	1
1426	1318	1
1426	33	1
1426	1307	1
1426	21	1
1426	2021	1
1426	1866	1
1426	1668	1
1426	480	1
1426	1174	1
1426	1682	1
1426	1605	1
1426	1179	1
1426	1747	1
1426	466	1
1426	1718	1
1426	251	1
1426	1365	1
1426	916	1
1426	2057	1
1426	888	1
1426	267	1
1426	101	1
1426	283	1
1426	13	1
1427	1572	1
1427	547	1
1427	168	1
1427	1783	1
1427	1346	1
1427	1481	1
1427	1322	1
1427	30	1
1427	2079	1
1427	174	1
1427	1866	1
1427	1668	1
1427	1727	1
1427	317	1
1427	355	1
1427	1790	1
1427	1429	1
1427	872	1
1427	1802	1
1427	7	1
1427	2001	1
1427	935	1
1427	1622	1
1427	1756	1
1427	2017	1
1427	186	1
1427	35	1
1427	1065	1
1427	1152	1
1427	1747	1
1427	941	1
1427	1718	1
1427	86	1
1427	1375	1
1427	255	1
1427	930	1
1427	1365	1
1427	2069	1
1427	1598	1
1427	1528	1
1427	1232	1
1427	1436	1
1427	1192	1
1428	1572	1
1428	1635	1
1428	1481	1
1428	21	1
1428	1668	1
1428	65	1
1428	1775	1
1428	964	1
1428	1429	1
1428	1179	1
1428	1945	1
1428	1718	1
1428	916	1
1428	1644	1
1428	908	1
1429	65	1
1429	924	1
1429	35	1
1429	1718	1
1430	1034	1
1430	1481	1
1430	1322	1
1430	1668	1
1430	35	1
1431	1034	1
1431	547	1
1431	30	1
1431	174	1
1431	1866	1
1431	1668	1
1431	1066	1
1431	480	1
1431	1666	1
1431	1429	1
1431	1682	1
1431	924	1
1431	506	1
1431	35	1
1431	1945	1
1431	1375	1
1431	1120	1
1431	1598	1
1431	1436	1
1431	247	1
1431	13	1
1432	1572	1
1432	1481	1
1432	1322	1
1432	1668	1
1432	1718	1
1432	1365	1
1433	1572	1
1433	1034	1
1433	240	1
1433	1783	1
1433	1481	1
1433	2072	1
1433	1322	1
1433	1534	1
1433	1039	1
1433	1066	1
1433	480	1
1433	1301	1
1433	1953	1
1433	1666	1
1433	1429	1
1433	694	1
1433	659	1
1433	1404	1
1433	1522	1
1433	1756	1
1433	1941	1
1433	924	1
1433	2017	1
1433	506	1
1433	35	1
1433	696	1
1433	1506	1
1433	1945	1
1433	1375	1
1433	930	1
1433	1185	1
1433	1365	1
1433	1771	1
1433	1120	1
1433	1744	1
1433	916	1
1433	425	1
1433	167	1
1433	908	1
1433	888	1
1433	1447	1
1433	668	1
1433	807	1
1433	407	1
1434	1572	1
1434	1034	1
1434	1761	1
1434	1346	1
1434	1635	1
1434	1322	1
1434	1534	1
1434	30	1
1434	21	1
1434	2021	1
1434	174	1
1434	1039	1
1434	65	1
1434	20	1
1434	1666	1
1434	1364	1
1434	1429	1
1434	694	1
1434	2001	1
1434	1522	1
1434	696	1
1434	414	1
1434	494	1
1434	1375	1
1434	930	1
1434	1426	1
1434	1365	1
1434	2069	1
1434	1598	1
1434	1528	1
1434	1436	1
1434	581	1
1434	908	1
1434	888	1
1434	267	1
1434	407	1
1434	13	1
1435	367	1
1435	1572	1
1435	937	1
1435	547	1
1435	168	1
1435	1783	1
1435	1346	1
1435	1635	1
1435	1481	1
1435	1177	1
1435	1318	1
1435	1307	1
1435	182	1
1435	1165	1
1435	1812	1
1435	21	1
1435	2079	1
1435	2021	1
1435	174	1
1435	1866	1
1435	1066	1
1435	65	1
1435	1596	1
1435	1775	1
1435	1287	1
1435	1666	1
1435	964	1
1435	1790	1
1435	1364	1
1435	327	1
1435	1802	1
1435	2001	1
1435	1522	1
1435	1941	1
1435	139	1
1435	924	1
1435	2017	1
1435	506	1
1435	186	1
1435	35	1
1435	1152	1
1435	1506	1
1435	941	1
1435	414	1
1435	1718	1
1435	1365	1
1435	56	1
1435	1598	1
1435	1436	1
1435	167	1
1435	1136	1
1435	2078	1
1435	888	1
1435	267	1
1435	1160	1
1435	198	1
1435	1057	1
1435	307	1
1435	668	1
1435	1192	1
1435	1079	1
1435	13	1
1436	1322	1
1436	1066	1
1436	65	1
1436	1775	1
1436	924	1
1436	506	1
1436	1718	1
1436	1365	1
1436	1120	1
1436	424	1
1436	888	1
1437	1034	1
1437	1761	1
1437	547	1
1437	168	1
1437	1481	1
1437	1967	1
1437	1534	1
1437	21	1
1437	1066	1
1437	480	1
1437	2008	1
1437	687	1
1437	1287	1
1437	964	1
1437	1429	1
1437	136	1
1437	1522	1
1437	924	1
1437	2017	1
1437	1179	1
1437	1945	1
1437	1718	1
1437	930	1
1437	1426	1
1437	1185	1
1437	1771	1
1437	2057	1
1437	1598	1
1437	908	1
1437	888	1
1437	307	1
1437	1447	1
1437	13	1
1438	1572	1
1438	1322	1
1438	1682	1
1438	506	1
1438	1718	1
1438	908	1
1439	1572	1
1439	168	1
1439	1481	1
1439	1177	1
1439	2079	1
1439	1668	1
1439	1066	1
1439	480	1
1439	65	1
1439	1775	1
1439	355	1
1439	1666	1
1439	1364	1
1439	924	1
1439	696	1
1439	1747	1
1439	941	1
1439	1945	1
1439	1718	1
1439	1120	1
1439	916	1
1439	908	1
1439	888	1
1439	970	1
1439	13	1
1440	2046	1
1440	1481	1
1440	1165	1
1440	1039	1
1440	65	1
1440	1666	1
1440	1622	1
1440	1522	1
1440	924	1
1440	35	1
1440	1945	1
1440	1718	1
1440	1365	1
1440	1771	1
1440	916	1
1440	2057	1
1440	167	1
1440	888	1
1441	1572	1
1441	1034	1
1441	2021	1
1441	35	1
1441	1945	1
1441	1718	1
1441	1365	1
1442	1572	1
1442	1034	1
1442	1481	1
1442	2021	1
1442	65	1
1442	924	1
1442	35	1
1442	1718	1
1442	1365	1
1442	2057	1
1443	1572	1
1443	1481	1
1443	964	1
1443	924	1
1443	35	1
1443	1718	1
1443	2057	1
1443	908	1
1444	1034	1
1444	168	1
1444	1635	1
1444	1481	1
1444	30	1
1444	21	1
1444	788	1
1444	480	1
1444	65	1
1444	1364	1
1444	1682	1
1444	1756	1
1444	924	1
1444	35	1
1444	414	1
1444	1718	1
1444	2057	1
1444	1598	1
1444	425	1
1444	307	1
1445	1572	1
1445	1481	1
1445	1322	1
1445	788	1
1445	35	1
1445	908	1
1446	1572	1
1446	1034	1
1446	547	1
1446	1481	1
1446	1322	1
1446	1307	1
1446	21	1
1446	2055	1
1446	1066	1
1446	1775	1
1446	1247	1
1446	964	1
1446	935	1
1446	1141	1
1446	1691	1
1446	506	1
1446	1179	1
1446	35	1
1446	1718	1
1446	1375	1
1446	1120	1
1446	916	1
1446	2057	1
1446	888	1
1446	13	1
1447	1034	1
1447	1761	1
1447	168	1
1447	1783	1
1447	1635	1
1447	1322	1
1447	2079	1
1447	1668	1
1447	1066	1
1447	480	1
1447	20	1
1447	528	1
1447	1775	1
1447	355	1
1447	1287	1
1447	964	1
1447	1364	1
1447	1138	1
1447	2001	1
1447	1657	1
1447	1522	1
1447	1941	1
1447	506	1
1447	1179	1
1447	186	1
1447	35	1
1447	696	1
1447	1747	1
1447	414	1
1447	1945	1
1447	1375	1
1447	873	1
1447	1120	1
1447	2057	1
1447	2069	1
1447	167	1
1447	908	1
1447	888	1
1447	1352	1
1448	547	1
1448	240	1
1448	168	1
1448	1783	1
1448	1635	1
1448	33	1
1448	1534	1
1448	21	1
1448	174	1
1448	1668	1
1448	1066	1
1448	65	1
1448	1790	1
1448	1429	1
1448	2001	1
1448	935	1
1448	1622	1
1448	1404	1
1448	924	1
1448	506	1
1448	35	1
1448	696	1
1448	494	1
1448	1718	1
1448	930	1
1448	1365	1
1448	384	1
1448	916	1
1448	1598	1
1448	425	1
1448	908	1
1448	307	1
1449	1034	1
1449	1481	1
1449	65	1
1449	1941	1
1449	924	1
1449	35	1
1449	494	1
1449	908	1
1449	307	1
1450	1572	1
1450	1034	1
1450	547	1
1450	168	1
1450	1635	1
1450	1481	1
1450	1322	1
1450	30	1
1450	21	1
1450	480	1
1450	1775	1
1450	964	1
1450	1662	1
1450	1364	1
1450	1429	1
1450	924	1
1450	2017	1
1450	506	1
1450	1179	1
1450	1065	1
1450	696	1
1450	1375	1
1450	1426	1
1450	1365	1
1450	916	1
1450	812	1
1450	1436	1
1450	888	1
1450	307	1
1450	13	1
1451	1572	1
1451	1775	1
1451	2057	1
1451	13	1
1452	1572	1
1452	1034	1
1452	1177	1
1452	1322	1
1452	1534	1
1452	30	1
1452	21	1
1452	1866	1
1452	1066	1
1452	65	1
1452	355	1
1452	1287	1
1452	964	1
1452	1364	1
1452	1429	1
1452	1138	1
1452	1941	1
1452	924	1
1452	2017	1
1452	1179	1
1452	1065	1
1452	696	1
1452	941	1
1452	1718	1
1452	1375	1
1452	930	1
1452	119	1
1452	916	1
1452	424	1
1452	1436	1
1452	167	1
1452	908	1
1452	1192	1
1452	13	1
1453	1572	1
1453	65	1
1453	964	1
1453	1522	1
1453	924	1
1453	1365	1
1453	2057	1
1453	908	1
1453	888	1
1453	307	1
1454	1572	1
1454	1034	1
1454	1481	1
1454	355	1
1454	2001	1
1454	506	1
1454	35	1
1454	1718	1
1454	1120	1
1454	916	1
1455	1034	1
1455	1307	1
1455	857	1
1455	182	1
1455	2021	1
1455	1775	1
1455	1666	1
1455	964	1
1455	1790	1
1455	1364	1
1455	2001	1
1455	659	1
1455	1404	1
1455	924	1
1455	2017	1
1455	1506	1
1455	1945	1
1455	494	1
1455	1718	1
1455	930	1
1455	1365	1
1455	1598	1
1455	1436	1
1455	167	1
1455	908	1
1455	13	1
1456	1572	1
1456	1783	1
1456	1481	1
1456	182	1
1456	1534	1
1456	174	1
1456	1066	1
1456	694	1
1456	1506	1
1456	1718	1
1456	930	1
1456	1120	1
1456	908	1
1457	1034	1
1457	547	1
1457	1783	1
1457	1481	1
1457	1322	1
1457	1534	1
1457	1066	1
1457	480	1
1457	964	1
1457	2001	1
1457	1622	1
1457	924	1
1457	506	1
1457	35	1
1457	1945	1
1457	1718	1
1457	1120	1
1457	916	1
1457	2069	1
1457	1598	1
1458	1572	1
1458	1034	1
1458	168	1
1458	1783	1
1458	1481	1
1458	1318	1
1458	702	1
1458	1322	1
1458	1066	1
1458	65	1
1458	317	1
1458	1775	1
1458	355	1
1458	1790	1
1458	1364	1
1458	1429	1
1458	1522	1
1458	924	1
1458	2017	1
1458	1179	1
1458	696	1
1458	1747	1
1458	1375	1
1458	1120	1
1458	916	1
1458	1598	1
1458	1436	1
1458	247	1
1458	888	1
1458	13	1
1459	1635	1
1459	1481	1
1459	21	1
1459	1429	1
1459	924	1
1459	1152	1
1460	1034	1
1460	168	1
1460	1635	1
1460	1177	1
1460	1322	1
1460	1066	1
1460	65	1
1460	1287	1
1460	1429	1
1460	1522	1
1460	1941	1
1460	924	1
1460	506	1
1460	1718	1
1460	1365	1
1460	2057	1
1460	13	1
1461	168	1
1461	1481	1
1461	30	1
1461	21	1
1461	1668	1
1461	65	1
1461	924	1
1461	506	1
1461	1718	1
1461	1365	1
1461	2057	1
1462	1733	1
1462	1034	1
1462	1761	1
1462	1156	1
1462	30	1
1462	1668	1
1462	20	1
1462	509	1
1462	1429	1
1462	659	1
1462	1522	1
1462	1941	1
1462	1718	1
1462	1551	1
1462	1644	1
1462	167	1
1462	888	1
1462	13	1
1463	1034	1
1463	1761	1
1463	1481	1
1463	1534	1
1463	1668	1
1463	924	1
1464	1572	1
1464	1481	1
1464	174	1
1464	65	1
1464	160	1
1464	1718	1
1464	916	1
1465	1572	1
1465	1635	1
1465	1481	1
1465	1429	1
1465	935	1
1466	1034	1
1466	1481	1
1466	65	1
1466	1522	1
1466	1941	1
1466	924	1
1466	892	1
1466	1620	1
1466	908	1
1466	888	1
1466	13	1
1467	1572	1
1467	1034	1
1467	168	1
1467	1481	1
1467	1322	1
1467	30	1
1467	35	1
1467	1718	1
1467	1365	1
1468	1572	1
1468	1481	1
1468	35	1
1468	2057	1
1468	13	1
1469	1572	1
1469	1481	1
1469	1718	1
1469	426	1
1469	13	1
1470	1572	1
1470	1481	1
1470	1322	1
1470	1668	1
1470	65	1
1470	924	1
1470	1718	1
1470	1365	1
1470	2057	1
1471	1718	1
1471	2057	1
1472	1572	1
1472	1034	1
1472	1761	1
1472	33	1
1472	1039	1
1472	964	1
1472	160	1
1472	924	1
1472	35	1
1472	1718	1
1472	873	1
1472	1365	1
1472	1120	1
1472	13	1
1472	593	1
1473	367	1
1473	1572	1
1473	354	1
1473	547	1
1473	1538	1
1473	33	1
1473	1307	1
1473	496	1
1473	939	1
1473	1887	1
1473	65	1
1473	136	1
1473	1605	1
1473	924	1
1473	59	1
1473	625	1
1473	1024	1
1473	1945	1
1473	1718	1
1473	873	1
1473	598	1
1473	591	1
1473	175	1
1474	924	1
1474	1718	1
1474	1365	1
1474	2057	1
1475	2057	1
1476	1572	1
1476	547	1
1476	168	1
1476	924	1
1476	35	1
1476	1718	1
1476	1365	1
1476	2057	1
1476	1620	1
1477	1718	1
1477	2057	1
1478	1812	1
1478	1816	1
1478	2055	1
1478	1668	1
1478	317	1
1478	1247	1
1478	1605	1
1478	35	1
1479	1572	1
1479	21	1
1479	1668	1
1479	65	1
1479	1718	1
1479	1365	1
1479	2057	1
1480	1966	1
1480	368	1
1480	2005	1
1480	1414	1
1480	1538	1
1480	319	1
1480	1296	1
1480	323	1
1480	259	1
1480	2050	1
1480	1568	1
1480	737	1
1480	1729	1
1480	2055	1
1480	309	1
1480	1672	1
1480	17	1
1480	1868	1
1480	27	1
1480	924	1
1480	52	1
1480	1434	1
1480	1945	1
1480	756	1
1480	422	1
1480	437	1
1480	1687	1
1480	103	1
1480	13	1
1481	754	1
1482	1368	1
1482	85	1
1482	754	1
1483	1106	1
1483	85	1
1483	53	1
1483	2070	1
1484	1777	1
1484	2005	1
1484	1342	1
1484	1577	1
1484	754	1
1485	33	1
1485	85	1
1485	754	1
1485	696	1
1485	1718	1
1486	2005	1
1486	754	1
1486	1179	1
1486	1718	1
1487	1633	1
1487	929	1
1487	33	1
1487	847	1
1487	1382	1
1487	532	1
1487	1862	1
1487	1370	1
1487	1174	1
1487	1775	1
1487	85	1
1487	1666	1
1487	1274	1
1487	1207	1
1487	1211	1
1487	828	1
1487	1179	1
1487	1664	1
1487	696	1
1487	1718	1
1487	389	1
1487	443	1
1487	519	1
1487	298	1
1487	145	1
1487	880	1
1487	557	1
1487	1432	1
1488	1572	1
1488	899	1
1488	379	1
1488	1932	1
1488	1668	1
1488	1243	1
1488	370	1
1488	945	1
1488	1666	1
1488	1784	1
1488	160	1
1488	327	1
1488	924	1
1488	1081	1
1488	1599	1
1488	873	1
1488	426	1
1488	1907	1
1488	103	1
1488	1644	1
1489	1633	1
1489	611	1
1489	1247	1
1489	327	1
1489	2012	1
1489	101	1
1490	1572	1
1490	1034	1
1490	1635	1
1490	65	1
1490	1258	1
1490	924	1
1490	35	1
1491	1572	1
1491	1034	1
1491	168	1
1491	1783	1
1491	1307	1
1491	65	1
1491	1775	1
1491	964	1
1491	1404	1
1491	1941	1
1491	1747	1
1491	1365	1
1491	167	1
1491	307	1
1491	13	1
1492	1572	1
1492	1034	1
1492	168	1
1492	1481	1
1492	924	1
1492	1718	1
1492	1365	1
1492	2057	1
1493	924	1
1493	35	1
1493	1718	1
1493	2057	1
1494	1572	1
1494	1034	1
1494	764	1
1494	1481	1
1494	1039	1
1494	480	1
1494	65	1
1494	1682	1
1494	2017	1
1494	1179	1
1494	696	1
1494	1718	1
1494	2057	1
1494	267	1
1494	13	1
1495	1572	1
1495	1481	1
1495	35	1
1495	1945	1
1495	908	1
1496	1572	1
1496	1034	1
1496	547	1
1496	168	1
1496	1783	1
1496	2072	1
1496	1322	1
1496	174	1
1496	65	1
1496	584	1
1496	355	1
1496	1793	1
1496	964	1
1496	2001	1
1496	907	1
1496	924	1
1496	35	1
1496	696	1
1496	995	1
1496	1375	1
1496	1365	1
1496	1120	1
1496	2057	1
1496	1598	1
1496	908	1
1496	307	1
1496	1447	1
1496	1011	1
1496	13	1
1497	2057	1
1498	1034	1
1498	168	1
1498	1481	1
1498	35	1
1498	1945	1
1498	1718	1
1498	1365	1
1499	1572	1
1499	65	1
1499	659	1
1499	35	1
1499	1718	1
1499	1365	1
1499	908	1
1500	1635	1
1500	1481	1
1500	1258	1
1500	964	1
1500	935	1
1500	1522	1
1500	1941	1
1500	908	1
1500	307	1
1501	1034	1
1501	1481	1
1501	35	1
1501	1718	1
1502	1572	1
1502	404	1
1502	1635	1
1502	1481	1
1502	1177	1
1502	1318	1
1502	1165	1
1502	1534	1
1502	687	1
1502	1522	1
1502	1941	1
1502	924	1
1502	35	1
1502	585	1
1502	1718	1
1502	1426	1
1502	598	1
1502	479	1
1502	1620	1
1502	888	1
1502	267	1
1502	1160	1
1502	198	1
1502	307	1
1503	1572	1
1503	1481	1
1503	2001	1
1503	924	1
1503	35	1
1503	908	1
1504	1572	1
1504	1034	1
1504	168	1
1504	1783	1
1504	1481	1
1504	1177	1
1504	2072	1
1504	182	1
1504	2079	1
1504	65	1
1504	687	1
1504	1775	1
1504	355	1
1504	1287	1
1504	1941	1
1504	924	1
1504	35	1
1504	995	1
1504	1945	1
1504	1771	1
1504	1120	1
1504	1598	1
1504	908	1
1504	1660	1
1505	1572	1
1505	1034	1
1505	924	1
1505	1365	1
1505	908	1
1506	1572	1
1506	1034	1
1506	1635	1
1506	1481	1
1506	2072	1
1506	879	1
1506	1066	1
1506	964	1
1506	1790	1
1506	1140	1
1506	2001	1
1506	1622	1
1506	924	1
1506	35	1
1506	995	1
1506	1747	1
1506	1718	1
1506	930	1
1506	598	1
1506	2069	1
1506	56	1
1506	1598	1
1506	307	1
1507	1034	1
1507	1258	1
1507	35	1
1507	1718	1
1507	908	1
1508	1572	1
1508	1034	1
1508	547	1
1508	1775	1
1508	659	1
1508	35	1
1508	1718	1
1508	908	1
1508	307	1
1509	1572	1
1509	1034	1
1509	369	1
1509	240	1
1509	168	1
1509	364	1
1509	1055	1
1509	1783	1
1509	1346	1
1509	1635	1
1509	216	1
1509	1318	1
1509	1967	1
1509	278	1
1509	1353	1
1509	182	1
1509	1676	1
1509	1713	1
1509	1534	1
1509	715	1
1509	174	1
1509	446	1
1509	1574	1
1509	879	1
1509	1066	1
1509	746	1
1509	1281	1
1509	434	1
1509	65	1
1509	97	1
1509	687	1
1509	1194	1
1509	1775	1
1509	584	1
1509	1287	1
1509	1242	1
1509	1666	1
1509	564	1
1509	1790	1
1509	1429	1
1509	2056	1
1509	694	1
1509	1453	1
1509	2024	1
1509	7	1
1509	2001	1
1509	1157	1
1509	1532	1
1509	1206	1
1509	1141	1
1509	855	1
1509	1522	1
1509	907	1
1509	924	1
1509	2017	1
1509	506	1
1509	186	1
1509	35	1
1509	551	1
1509	696	1
1509	995	1
1509	1168	1
1509	1506	1
1509	1747	1
1509	941	1
1509	1063	1
1509	482	1
1509	1945	1
1509	1718	1
1509	1375	1
1509	930	1
1509	854	1
1509	1860	1
1509	1323	1
1509	1365	1
1509	1771	1
1509	876	1
1509	1744	1
1509	2069	1
1509	1598	1
1509	1982	1
1509	771	1
1509	1436	1
1509	908	1
1509	888	1
1509	267	1
1509	1660	1
1509	198	1
1509	1447	1
1509	1927	1
1509	545	1
1509	668	1
1509	1184	1
1509	13	1
1510	35	1
1510	1718	1
1510	1365	1
1510	908	1
1511	1034	1
1511	168	1
1511	1481	1
1511	278	1
1511	65	1
1511	687	1
1511	1775	1
1511	1666	1
1511	924	1
1511	2017	1
1511	1506	1
1511	1945	1
1511	930	1
1511	1771	1
1511	1120	1
1511	1598	1
1511	307	1
1512	1572	1
1512	1034	1
1512	240	1
1512	1783	1
1512	1481	1
1512	1318	1
1512	278	1
1512	1713	1
1512	1534	1
1512	174	1
1512	1066	1
1512	480	1
1512	434	1
1512	687	1
1512	584	1
1512	355	1
1512	1258	1
1512	1666	1
1512	1364	1
1512	694	1
1512	2043	1
1512	2001	1
1512	1157	1
1512	935	1
1512	907	1
1512	506	1
1512	995	1
1512	1747	1
1512	930	1
1512	873	1
1512	1120	1
1512	1744	1
1512	56	1
1512	1598	1
1512	812	1
1512	167	1
1512	908	1
1512	888	1
1512	307	1
1512	1011	1
1512	1184	1
1513	1034	1
1513	1718	1
1513	771	1
1514	35	1
1514	1718	1
1514	1365	1
1514	307	1
1515	1034	1
1515	369	1
1515	1258	1
1515	964	1
1515	2001	1
1515	924	1
1515	598	1
1515	908	1
1515	13	1
1516	1034	1
1516	1481	1
1516	35	1
1516	1718	1
1516	908	1
1517	1572	1
1517	1034	1
1517	1761	1
1517	1258	1
1517	924	1
1517	35	1
1518	1572	1
1518	1481	1
1518	65	1
1518	1258	1
1518	924	1
1518	186	1
1518	35	1
1518	1747	1
1518	1718	1
1518	1365	1
1518	2069	1
1519	1034	1
1519	1481	1
1519	1258	1
1519	964	1
1519	35	1
1519	466	1
1519	598	1
1519	307	1
1520	1572	1
1520	1481	1
1520	924	1
1520	35	1
1520	1718	1
1520	1365	1
1520	1598	1
1521	1635	1
1521	1307	1
1521	21	1
1521	1668	1
1521	791	1
1521	65	1
1521	1174	1
1521	687	1
1521	1682	1
1521	659	1
1521	1179	1
1521	35	1
1521	1945	1
1521	1718	1
1521	598	1
1521	426	1
1521	2057	1
1522	1481	1
1522	35	1
1522	1945	1
1522	1718	1
1522	916	1
1523	1572	1
1523	1034	1
1523	547	1
1523	168	1
1523	1635	1
1523	1481	1
1523	1775	1
1523	924	1
1523	35	1
1523	494	1
1523	1365	1
1523	426	1
1523	2057	1
1523	167	1
1524	1572	1
1524	1772	1
1524	168	1
1524	1635	1
1524	1481	1
1524	21	1
1524	2055	1
1524	148	1
1524	65	1
1524	1596	1
1524	1775	1
1524	1258	1
1524	1793	1
1524	327	1
1524	935	1
1524	1622	1
1524	855	1
1524	924	1
1524	1179	1
1524	35	1
1524	696	1
1524	1439	1
1524	1024	1
1524	1945	1
1524	1718	1
1524	86	1
1524	930	1
1524	1120	1
1524	2057	1
1524	908	1
1524	888	1
1524	267	1
1524	668	1
1524	13	1
1525	1572	1
1525	1481	1
1525	65	1
1525	1258	1
1525	1522	1
1525	35	1
1525	1718	1
1525	908	1
1526	1572	1
1526	369	1
1526	547	1
1526	240	1
1526	1481	1
1526	2072	1
1526	33	1
1526	1307	1
1526	2079	1
1526	1066	1
1526	65	1
1526	1174	1
1526	1258	1
1526	1364	1
1526	186	1
1526	1945	1
1526	1405	1
1526	1718	1
1526	1365	1
1526	1771	1
1526	1120	1
1526	598	1
1526	307	1
1526	13	1
1527	240	1
1527	584	1
1527	659	1
1527	924	1
1527	35	1
1527	1945	1
1527	1120	1
1527	598	1
1527	908	1
1527	888	1
1527	13	1
1528	1572	1
1528	1258	1
1528	35	1
1528	1718	1
1528	908	1
1529	1572	1
1529	168	1
1529	1481	1
1529	935	1
1529	35	1
1529	1718	1
1530	1481	1
1530	908	1
1531	1572	1
1531	1163	1
1531	319	1
1531	1723	1
1531	33	1
1531	1582	1
1531	379	1
1531	309	1
1531	177	1
1531	1869	1
1531	2054	1
1531	924	1
1531	1260	1
1531	52	1
1531	1210	1
1531	1743	1
1531	643	1
1531	756	1
1531	494	1
1531	560	1
1531	1375	1
1531	517	1
1531	229	1
1531	398	1
1531	2019	1
1531	916	1
1531	1409	1
1531	103	1
1531	424	1
1532	1633	1
1532	402	1
1532	1163	1
1532	319	1
1532	1494	1
1532	1887	1
1532	611	1
1532	85	1
1532	1805	1
1532	327	1
1532	610	1
1532	1350	1
1532	740	1
1532	1412	1
1532	1299	1
1532	282	1
1532	1718	1
1532	827	1
1532	1436	1
1532	444	1
1532	1825	1
1533	1106	1
1533	319	1
1533	85	1
1533	1666	1
1533	3	1
1533	513	1
1533	436	1
1533	1894	1
1533	659	1
1533	1718	1
1534	1318	1
1534	1668	1
1534	1174	1
1534	317	1
1534	935	1
1534	659	1
1534	35	1
1534	1718	1
1534	426	1
1534	2057	1
1534	13	1
1535	1777	1
1535	1572	1
1535	1034	1
1535	1962	1
1535	1342	1
1535	319	1
1535	1496	1
1535	737	1
1535	427	1
1535	2055	1
1535	189	1
1535	309	1
1535	382	1
1535	65	1
1535	1174	1
1535	1589	1
1535	42	1
1535	1666	1
1535	1022	1
1535	526	1
1535	862	1
1535	293	1
1535	59	1
1535	1048	1
1535	1773	1
1535	35	1
1535	1191	1
1535	1260	1
1535	673	1
1535	1299	1
1535	696	1
1535	1334	1
1535	795	1
1535	643	1
1535	1945	1
1535	1718	1
1535	1425	1
1535	1120	1
1535	1687	1
1535	2067	1
1535	527	1
1536	367	1
1536	1538	1
1536	1307	1
1536	1668	1
1536	1375	1
1536	703	1
1536	1838	1
1536	642	1
1536	1619	1
1537	1572	1
1537	1034	1
1537	364	1
1537	1481	1
1537	1704	1
1537	1318	1
1537	1967	1
1537	702	1
1537	1407	1
1537	1044	1
1537	1307	1
1537	1235	1
1537	30	1
1537	719	1
1537	1668	1
1537	189	1
1537	148	1
1537	65	1
1537	1174	1
1537	317	1
1537	327	1
1537	1682	1
1537	935	1
1537	659	1
1537	924	1
1537	506	1
1537	1179	1
1537	35	1
1537	1367	1
1537	1945	1
1537	2057	1
1537	1528	1
1537	103	1
1537	424	1
1537	1644	1
1537	773	1
1537	124	1
1537	13	1
1538	1342	1
1538	1667	1
1539	1481	1
1539	1322	1
1539	1391	1
1539	924	1
1539	1048	1
1539	35	1
1539	873	1
1539	1120	1
1540	1481	1
1540	1048	1
1540	35	1
1540	1718	1
1540	873	1
1540	1352	1
1541	1481	1
1541	1718	1
1541	873	1
1541	2057	1
1542	2057	1
1543	1718	1
1543	873	1
1543	2057	1
1544	1034	1
1544	402	1
1544	1481	1
1544	33	1
1544	1307	1
1544	1812	1
1544	410	1
1544	881	1
1544	1775	1
1544	1793	1
1544	59	1
1544	35	1
1544	1945	1
1544	1718	1
1544	1365	1
1544	916	1
1544	2057	1
1544	424	1
1544	1352	1
1544	13	1
1545	1718	1
1546	1322	1
1546	35	1
1546	1945	1
1546	1718	1
1546	2057	1
1547	1572	1
1547	937	1
1547	1481	1
1547	1040	1
1547	956	1
1547	850	1
1547	490	1
1547	160	1
1547	659	1
1547	363	1
1547	35	1
1547	709	1
1547	1945	1
1547	893	1
1547	854	1
1547	873	1
1547	1973	1
1547	701	1
1547	1332	1
1547	103	1
1547	175	1
1547	1352	1
1547	13	1
1548	327	1
1548	1718	1
1548	1365	1
1548	2057	1
1549	1322	1
1549	35	1
1549	1718	1
1549	2057	1
1550	35	1
1550	1718	1
1550	2057	1
1551	1481	1
1551	1322	1
1551	788	1
1551	1682	1
1551	1945	1
1551	873	1
1551	2057	1
1551	307	1
1552	1572	1
1552	924	1
1552	1718	1
1552	2057	1
1553	1322	1
1553	35	1
1553	1718	1
1554	1572	1
1554	1956	1
1554	2005	1
1554	712	1
1554	547	1
1554	377	1
1554	870	1
1554	1996	1
1554	1783	1
1554	216	1
1554	1353	1
1554	2050	1
1554	1189	1
1554	33	1
1554	1307	1
1554	1812	1
1554	1713	1
1554	1534	1
1554	30	1
1554	21	1
1554	1373	1
1554	161	1
1554	1066	1
1554	189	1
1554	148	1
1554	480	1
1554	986	1
1554	947	1
1554	1610	1
1554	65	1
1554	1174	1
1554	829	1
1554	1727	1
1554	687	1
1554	1793	1
1554	1247	1
1554	85	1
1554	964	1
1554	1033	1
1554	1805	1
1554	2034	1
1554	1364	1
1554	1429	1
1554	1802	1
1554	304	1
1554	201	1
1554	2001	1
1554	1206	1
1554	408	1
1554	1682	1
1554	610	1
1554	140	1
1554	659	1
1554	1141	1
1554	828	1
1554	860	1
1554	1404	1
1554	924	1
1554	681	1
1554	2017	1
1554	506	1
1554	186	1
1554	35	1
1554	1260	1
1554	178	1
1554	761	1
1554	995	1
1554	1797	1
1554	1865	1
1554	2012	1
1554	1063	1
1554	1718	1
1554	255	1
1554	930	1
1554	119	1
1554	1914	1
1554	873	1
1554	1937	1
1554	1774	1
1554	1185	1
1554	1365	1
1554	2057	1
1554	1620	1
1554	572	1
1554	1598	1
1554	358	1
1554	703	1
1554	1012	1
1554	424	1
1554	642	1
1554	596	1
1554	1927	1
1554	2015	1
1554	545	1
1554	1011	1
1554	1269	1
1554	970	1
1554	380	1
1554	13	1
1555	1718	1
1555	2057	1
1556	1322	1
1556	35	1
1556	1718	1
1556	2057	1
1557	1322	1
1557	1718	1
1557	2057	1
1558	65	1
1558	1775	1
1558	924	1
1558	35	1
1558	1718	1
1558	2057	1
1559	1322	1
1559	35	1
1559	1718	1
1559	2057	1
1560	1322	1
1560	35	1
1560	1718	1
1560	2057	1
1561	1322	1
1561	35	1
1561	1718	1
1561	2057	1
1562	1322	1
1562	35	1
1562	1718	1
1563	35	1
1563	1718	1
1563	2057	1
1564	1322	1
1564	35	1
1564	1718	1
1564	2057	1
1565	1322	1
1565	35	1
1565	1718	1
1565	2057	1
1566	1322	1
1566	35	1
1566	1718	1
1566	2057	1
1567	1322	1
1567	35	1
1567	1718	1
1567	2057	1
1568	1322	1
1568	35	1
1568	1718	1
1568	2057	1
1569	1322	1
1569	35	1
1569	1718	1
1569	2057	1
1570	1322	1
1570	35	1
1570	1718	1
1570	2057	1
1571	1322	1
1571	1718	1
1571	2057	1
1572	1635	1
1572	1481	1
1572	1322	1
1572	65	1
1572	1364	1
1572	1989	1
1572	59	1
1572	35	1
1572	1375	1
1572	873	1
1572	1120	1
1572	2057	1
1572	307	1
1573	1966	1
1573	1034	1
1573	547	1
1573	168	1
1573	1996	1
1573	1783	1
1573	1635	1
1573	1481	1
1573	33	1
1573	619	1
1573	1307	1
1573	1534	1
1573	1866	1
1573	1668	1
1573	65	1
1573	1727	1
1573	1908	1
1573	964	1
1573	1033	1
1573	1429	1
1573	1802	1
1573	860	1
1573	1404	1
1573	924	1
1573	1797	1
1573	1747	1
1573	119	1
1573	873	1
1573	1120	1
1573	56	1
1573	1982	1
1573	307	1
1573	13	1
1574	1033	1
1575	1572	1
1575	480	1
1575	65	1
1575	35	1
1575	908	1
1576	956	1
1576	687	1
1576	1666	1
1576	1989	1
1576	1157	1
1576	1682	1
1576	659	1
1576	1758	1
1576	35	1
1576	1090	1
1576	1718	1
1576	873	1
1576	916	1
1576	703	1
1577	1572	1
1577	1534	1
1577	136	1
1577	924	1
1577	2057	1
1578	35	1
1578	2057	1
1579	1322	1
1579	1718	1
1579	2057	1
1580	1322	1
1580	1718	1
1580	2057	1
1581	1322	1
1581	1718	1
1581	2057	1
1582	1718	1
1582	2057	1
1583	1322	1
1583	1718	1
1583	2057	1
1584	1322	1
1584	1718	1
1584	2057	1
1585	1322	1
1585	1718	1
1585	2057	1
1586	1718	1
1586	2057	1
1587	1322	1
1587	1718	1
1587	2057	1
1588	1322	1
1588	1718	1
1588	2057	1
1589	1322	1
1589	1718	1
1590	1718	1
1590	2057	1
1591	1322	1
1591	1718	1
1591	2057	1
1592	1322	1
1592	1718	1
1592	2057	1
1593	1322	1
1593	1718	1
1593	2057	1
1594	1322	1
1594	2057	1
1595	1322	1
1595	1718	1
1595	2057	1
1596	1322	1
1596	1718	1
1596	2057	1
1597	1322	1
1597	1718	1
1597	2057	1
1598	1322	1
1598	1718	1
1598	2057	1
1599	1322	1
1599	1718	1
1600	1322	1
1600	2057	1
1601	1322	1
1601	1718	1
1602	1718	1
1602	2057	1
1603	956	1
1603	788	1
1603	120	1
1603	1666	1
1603	1157	1
1603	1682	1
1603	1758	1
1603	1090	1
1603	1718	1
1603	873	1
1604	1718	1
1604	2057	1
1605	1322	1
1605	1718	1
1605	2057	1
1606	1322	1
1606	1718	1
1606	2057	1
1607	1322	1
1607	1718	1
1608	1322	1
1608	1718	1
1608	2057	1
1609	1322	1
1609	1718	1
1609	2057	1
1610	1718	1
1610	2057	1
1611	1718	1
1611	2057	1
1612	1481	1
1612	35	1
1612	1973	1
1613	1481	1
1613	35	1
1613	2057	1
1614	1572	1
1614	1174	1
1614	924	1
1614	35	1
1614	414	1
1614	2057	1
1614	1644	1
1615	367	1
1615	1572	1
1615	1034	1
1615	168	1
1615	1534	1
1615	1668	1
1615	747	1
1615	1174	1
1615	2028	1
1615	327	1
1615	1989	1
1615	924	1
1615	59	1
1615	696	1
1615	414	1
1615	1945	1
1615	1365	1
1615	1982	1
1615	167	1
1615	642	1
1616	1668	1
1617	367	1
1617	1572	1
1617	2005	1
1617	354	1
1617	1163	1
1617	319	1
1617	111	1
1617	270	1
1617	1413	1
1617	1307	1
1617	1235	1
1617	1300	1
1617	2055	1
1617	490	1
1617	189	1
1617	1174	1
1617	1247	1
1617	85	1
1617	1666	1
1617	2034	1
1617	160	1
1617	327	1
1617	653	1
1617	1250	1
1617	659	1
1617	1141	1
1617	924	1
1617	542	1
1617	35	1
1617	709	1
1617	782	1
1617	2012	1
1617	1945	1
1617	1381	1
1617	1718	1
1617	266	1
1617	873	1
1617	424	1
1617	101	1
1617	807	1
1618	1322	1
1618	2057	1
1619	1668	1
1619	924	1
1619	1718	1
1620	1572	1
1620	1137	1
1620	1585	1
1620	547	1
1620	168	1
1620	1318	1
1620	65	1
1620	1258	1
1620	1790	1
1620	1747	1
1620	1945	1
1620	1718	1
1620	1365	1
1620	167	1
1620	888	1
1620	267	1
1620	307	1
1621	1572	1
1621	1481	1
1621	1718	1
1622	35	1
1622	2057	1
1623	1481	1
1623	2057	1
1624	1572	1
1624	35	1
1624	1718	1
1624	2057	1
1625	1572	1
1625	997	1
1625	1481	1
1625	1095	1
1625	1666	1
1625	1718	1
1625	598	1
1625	2057	1
1626	1572	1
1626	547	1
1626	1055	1
1626	1346	1
1626	1481	1
1626	480	1
1626	65	1
1626	1258	1
1626	85	1
1626	1790	1
1626	1622	1
1626	924	1
1626	494	1
1626	1718	1
1626	86	1
1626	1323	1
1626	384	1
1626	1997	1
1626	56	1
1626	908	1
1626	307	1
1626	668	1
1626	461	1
1626	1184	1
1626	970	1
1627	1572	1
1627	1137	1
1627	1585	1
1627	964	1
1627	935	1
1627	924	1
1627	1718	1
1627	908	1
1628	1572	1
1628	1034	1
1628	1481	1
1628	65	1
1628	964	1
1628	35	1
1628	1365	1
1628	1997	1
1629	1572	1
1629	1772	1
1629	547	1
1629	1481	1
1629	1668	1
1629	65	1
1629	1790	1
1629	1157	1
1629	935	1
1629	506	1
1629	466	1
1629	1997	1
1629	1689	1
1629	771	1
1629	888	1
1630	1137	1
1630	997	1
1630	1322	1
1630	65	1
1630	964	1
1630	327	1
1630	935	1
1630	924	1
1630	1365	1
1630	1997	1
1630	598	1
1631	1585	1
1631	168	1
1631	1481	1
1631	65	1
1631	964	1
1631	924	1
1631	2017	1
1631	506	1
1631	2057	1
1631	908	1
1631	247	1
1631	888	1
1632	1137	1
1632	1585	1
1632	65	1
1632	1790	1
1632	935	1
1632	924	1
1632	35	1
1632	1365	1
1632	2057	1
1632	908	1
1633	1572	1
1633	1346	1
1633	1481	1
1633	924	1
1633	255	1
1634	1481	1
1634	1682	1
1634	908	1
1635	1572	1
1635	1585	1
1635	1322	1
1635	924	1
1635	1718	1
1635	1365	1
1636	1572	1
1636	1137	1
1636	1682	1
1636	935	1
1636	924	1
1636	1718	1
1636	1982	1
1636	908	1
1636	386	1
1637	1034	1
1637	1585	1
1637	547	1
1637	1165	1
1637	65	1
1637	1718	1
1637	1365	1
1637	384	1
1637	426	1
1637	1689	1
1638	1481	1
1638	993	1
1638	65	1
1638	964	1
1638	35	1
1638	1718	1
1638	1365	1
1638	2057	1
1638	908	1
1639	1572	1
1639	1585	1
1639	924	1
1639	35	1
1639	2057	1
1640	1572	1
1640	475	1
1640	579	1
1640	1258	1
1640	964	1
1640	924	1
1640	2017	1
1640	35	1
1640	1718	1
1640	1323	1
1640	598	1
1640	908	1
1641	1772	1
1641	1481	1
1641	1258	1
1641	964	1
1641	35	1
1641	1365	1
1641	1997	1
1641	908	1
1642	1718	1
1642	2057	1
1643	1572	1
1643	1585	1
1643	35	1
1643	1718	1
1644	1481	1
1644	1682	1
1644	924	1
1644	466	1
1644	1718	1
1644	1365	1
1645	1572	1
1645	1585	1
1645	1481	1
1645	35	1
1646	1572	1
1646	1481	1
1646	1322	1
1646	1666	1
1646	964	1
1646	679	1
1646	924	1
1646	696	1
1646	1718	1
1646	1365	1
1646	598	1
1646	2057	1
1646	908	1
1646	307	1
1647	1572	1
1647	1481	1
1647	964	1
1647	35	1
1647	1365	1
1647	908	1
1648	1137	1
1648	1481	1
1648	434	1
1648	1596	1
1648	964	1
1648	924	1
1648	1718	1
1648	1120	1
1648	908	1
1648	888	1
1648	773	1
1648	13	1
1649	1572	1
1649	1861	1
1649	168	1
1649	1318	1
1649	1967	1
1649	278	1
1649	1307	1
1649	21	1
1649	434	1
1649	65	1
1649	1596	1
1649	1775	1
1649	1166	1
1649	327	1
1649	82	1
1649	935	1
1649	659	1
1649	924	1
1649	1179	1
1649	1365	1
1649	1120	1
1649	916	1
1649	2057	1
1649	908	1
1649	888	1
1649	267	1
1649	198	1
1649	13	1
1650	1137	1
1650	1034	1
1650	1585	1
1650	481	1
1650	547	1
1650	1055	1
1650	1346	1
1650	1481	1
1650	1322	1
1650	2079	1
1650	539	1
1650	174	1
1650	848	1
1650	1668	1
1650	744	1
1650	1066	1
1650	480	1
1650	65	1
1650	1142	1
1650	1727	1
1650	687	1
1650	1775	1
1650	355	1
1650	1287	1
1650	964	1
1650	564	1
1650	1790	1
1650	1126	1
1650	1364	1
1650	1429	1
1650	1140	1
1650	146	1
1650	2043	1
1650	1206	1
1650	828	1
1650	1756	1
1650	924	1
1650	2017	1
1650	506	1
1650	2038	1
1650	589	1
1650	552	1
1650	477	1
1650	1168	1
1650	1718	1
1650	930	1
1650	119	1
1650	749	1
1650	1997	1
1650	1120	1
1650	426	1
1650	916	1
1650	56	1
1650	425	1
1650	771	1
1650	1836	1
1650	1205	1
1650	1436	1
1650	307	1
1650	1927	1
1650	1011	1
1650	386	1
1651	1585	1
1651	35	1
1651	1365	1
1652	1585	1
1652	1682	1
1652	35	1
1652	1718	1
1652	2057	1
1653	1481	1
1653	35	1
1653	1718	1
1654	1572	1
1654	1585	1
1654	1481	1
1654	494	1
1654	1718	1
1655	1572	1
1655	1585	1
1655	35	1
1656	1481	1
1656	35	1
1656	1718	1
1656	2057	1
1657	1481	1
1657	2057	1
1658	1718	1
1658	908	1
1659	1718	1
1660	1572	1
1660	168	1
1660	1783	1
1660	1481	1
1660	1713	1
1660	65	1
1660	1364	1
1660	2001	1
1660	935	1
1660	1404	1
1660	924	1
1660	2017	1
1660	2038	1
1660	35	1
1660	255	1
1660	930	1
1660	1365	1
1660	384	1
1660	1997	1
1660	1598	1
1660	1689	1
1660	0	1
1660	908	1
1660	228	1
1660	668	1
1661	1481	1
1661	35	1
1661	1718	1
1662	1481	1
1662	2057	1
1663	1572	1
1663	964	1
1663	924	1
1663	35	1
1663	1365	1
1663	1120	1
1663	908	1
1664	1585	1
1665	1572	1
1665	1481	1
1665	35	1
1665	1718	1
1666	2057	1
1667	1682	1
1667	1718	1
1668	1481	1
1668	35	1
1668	2057	1
1669	1572	1
1669	1481	1
1669	1718	1
1669	908	1
1670	1572	1
1670	1772	1
1670	547	1
1670	168	1
1670	964	1
1670	1206	1
1670	855	1
1670	924	1
1670	35	1
1670	696	1
1670	771	1
1670	13	1
1671	1572	1
1671	1585	1
1671	1481	1
1671	35	1
1672	1572	1
1672	1481	1
1672	1682	1
1672	598	1
1672	1620	1
1673	1481	1
1673	35	1
1673	1718	1
1673	2057	1
1674	1585	1
1674	1322	1
1674	120	1
1674	2057	1
1675	1481	1
1675	1322	1
1675	1682	1
1675	35	1
1675	1365	1
1675	2057	1
1676	1322	1
1676	2057	1
1677	1572	1
1677	1585	1
1677	1793	1
1677	35	1
1677	1945	1
1677	1718	1
1677	2057	1
1677	908	1
1678	168	1
1678	2079	1
1678	1706	1
1678	924	1
1678	1718	1
1679	1572	1
1679	1585	1
1679	1322	1
1679	1668	1
1679	65	1
1679	924	1
1679	696	1
1679	1365	1
1679	2057	1
1679	307	1
1680	1585	1
1680	1481	1
1680	687	1
1680	1166	1
1680	57	1
1681	1718	1
1681	2057	1
1682	1572	1
1682	35	1
1682	1718	1
1682	2057	1
1683	1572	1
1683	1585	1
1683	1322	1
1683	35	1
1683	2057	1
1684	1585	1
1684	1481	1
1684	1322	1
1684	65	1
1684	964	1
1684	1790	1
1684	924	1
1684	35	1
1684	930	1
1684	1365	1
1684	1997	1
1684	307	1
1685	1572	1
1685	1481	1
1685	420	1
1685	924	1
1685	35	1
1685	1718	1
1685	2057	1
1685	1644	1
1685	908	1
1686	35	1
1686	1718	1
1686	2057	1
1687	1572	1
1687	1137	1
1687	1934	1
1687	547	1
1687	168	1
1687	319	1
1687	1783	1
1687	1346	1
1687	1481	1
1687	1307	1
1687	687	1
1687	1953	1
1687	964	1
1687	1790	1
1687	1364	1
1687	1140	1
1687	476	1
1687	2043	1
1687	1622	1
1687	1941	1
1687	924	1
1687	2017	1
1687	1537	1
1687	628	1
1687	1168	1
1687	1506	1
1687	494	1
1687	1718	1
1687	1365	1
1687	384	1
1687	1120	1
1687	916	1
1687	2069	1
1687	1598	1
1687	167	1
1687	908	1
1687	307	1
1687	1011	1
1687	13	1
1688	1585	1
1688	1481	1
1688	964	1
1688	1682	1
1688	1718	1
1688	930	1
1688	1365	1
1688	1997	1
1688	1120	1
1688	2057	1
1688	908	1
1688	888	1
1689	1572	1
1689	1481	1
1689	1793	1
1689	35	1
1689	1718	1
1689	1375	1
1689	1644	1
1690	1572	1
1690	1346	1
1690	434	1
1690	65	1
1690	964	1
1690	1790	1
1690	2001	1
1690	1622	1
1690	628	1
1690	1747	1
1690	1120	1
1690	1598	1
1690	908	1
1690	970	1
1691	1572	1
1691	168	1
1691	1055	1
1691	1783	1
1691	1481	1
1691	1094	1
1691	964	1
1691	1790	1
1691	1206	1
1691	1622	1
1691	696	1
1691	1945	1
1691	1718	1
1691	1365	1
1691	1997	1
1691	916	1
1691	2057	1
1691	56	1
1691	908	1
1691	307	1
1691	13	1
1692	1572	1
1692	1034	1
1692	168	1
1692	764	1
1692	1481	1
1692	1318	1
1692	1322	1
1692	1534	1
1692	1668	1
1692	1596	1
1692	1953	1
1692	1364	1
1692	924	1
1692	1415	1
1692	1718	1
1692	1365	1
1692	1997	1
1692	916	1
1692	2057	1
1692	1620	1
1692	888	1
1693	182	1
1693	1775	1
1693	980	1
1693	924	1
1693	35	1
1693	1120	1
1693	2057	1
1693	908	1
1694	547	1
1694	168	1
1694	1635	1
1694	1481	1
1694	2072	1
1694	480	1
1694	65	1
1694	935	1
1694	924	1
1694	35	1
1694	1168	1
1694	916	1
1694	908	1
1694	888	1
1694	13	1
1695	1585	1
1695	1481	1
1695	924	1
1695	35	1
1696	1572	1
1696	1481	1
1696	924	1
1696	1718	1
1696	1120	1
1696	908	1
1697	189	1
1697	65	1
1697	1124	1
1697	1095	1
1697	964	1
1697	1033	1
1697	35	1
1697	1945	1
1697	1718	1
1697	1997	1
1697	2057	1
1697	424	1
1697	908	1
1698	1585	1
1698	997	1
1698	240	1
1698	168	1
1698	1481	1
1698	1318	1
1698	1353	1
1698	1044	1
1698	2055	1
1698	1574	1
1698	148	1
1698	65	1
1698	1775	1
1698	120	1
1698	1793	1
1698	964	1
1698	1859	1
1698	1790	1
1698	160	1
1698	1140	1
1698	327	1
1698	412	1
1698	2001	1
1698	706	1
1698	1682	1
1698	1141	1
1698	924	1
1698	2017	1
1698	59	1
1698	1048	1
1698	209	1
1698	878	1
1698	696	1
1698	709	1
1698	1024	1
1698	1747	1
1698	1945	1
1698	873	1
1698	251	1
1698	916	1
1698	591	1
1698	1236	1
1698	2069	1
1698	1598	1
1698	771	1
1698	424	1
1698	1436	1
1698	167	1
1698	247	1
1698	1411	1
1698	307	1
1698	970	1
1698	13	1
1699	1572	1
1699	1585	1
1699	1481	1
1699	65	1
1699	1775	1
1699	1718	1
1699	1120	1
1699	2057	1
1699	908	1
1700	367	1
1700	1572	1
1700	1034	1
1700	1585	1
1700	240	1
1700	1322	1
1700	182	1
1700	2079	1
1700	2055	1
1700	1066	1
1700	65	1
1700	964	1
1700	924	1
1700	1179	1
1700	35	1
1700	709	1
1700	1415	1
1700	1365	1
1700	384	1
1700	1997	1
1700	598	1
1700	1411	1
1700	1447	1
1701	369	1
1701	547	1
1701	1481	1
1701	1322	1
1701	1258	1
1701	924	1
1701	1718	1
1701	2057	1
1701	386	1
1702	1572	1
1702	1585	1
1702	997	1
1702	168	1
1702	1307	1
1702	1165	1
1702	1812	1
1702	434	1
1702	355	1
1702	1364	1
1702	412	1
1702	935	1
1702	1141	1
1702	924	1
1702	506	1
1702	696	1
1702	482	1
1702	1945	1
1702	873	1
1702	1365	1
1702	1120	1
1702	2057	1
1702	1446	1
1702	908	1
1702	1136	1
1702	888	1
1702	267	1
1702	307	1
1702	1192	1
1702	13	1
1703	1481	1
1703	1706	1
1703	924	1
1703	35	1
1703	1365	1
1703	916	1
1703	1620	1
1704	1572	1
1704	1481	1
1704	1534	1
1704	1893	1
1704	65	1
1704	355	1
1704	1790	1
1704	1157	1
1704	935	1
1704	1622	1
1704	1404	1
1704	924	1
1704	2017	1
1704	506	1
1704	35	1
1704	628	1
1704	1747	1
1704	1718	1
1704	1771	1
1704	1120	1
1704	916	1
1704	779	1
1705	1481	1
1705	1718	1
1705	908	1
1706	964	1
1706	703	1
1706	908	1
1707	1572	1
1707	964	1
1707	1682	1
1707	924	1
1707	1718	1
1707	2057	1
1708	1585	1
1708	1481	1
1708	1322	1
1709	1572	1
1709	65	1
1709	1364	1
1709	1206	1
1709	35	1
1709	1718	1
1709	56	1
1709	908	1
1710	1322	1
1710	1718	1
1710	2057	1
1711	610	1
1711	650	1
1712	1775	1
1712	1666	1
1712	395	1
1712	650	1
1712	1718	1
1713	610	1
1714	610	1
1715	610	1
1716	610	1
1717	610	1
1718	402	1
1718	120	1
1718	610	1
1719	402	1
1719	120	1
1719	610	1
1719	1718	1
1719	873	1
1720	402	1
1720	120	1
1720	610	1
1720	35	1
1721	610	1
1721	35	1
1722	402	1
1722	120	1
1722	610	1
1723	402	1
1723	120	1
1723	610	1
1723	35	1
1724	120	1
1724	610	1
1725	120	1
1725	35	1
1726	1300	1
1726	120	1
1726	610	1
1726	1718	1
1727	1044	1
1727	1300	1
1727	1718	1
1727	873	1
1728	402	1
1728	120	1
1728	610	1
1728	35	1
1729	402	1
1729	120	1
1729	610	1
1729	35	1
1730	610	1
1730	35	1
1731	120	1
1731	610	1
1731	35	1
1732	120	1
1732	610	1
1732	35	1
1733	402	1
1733	120	1
1733	610	1
1733	35	1
1734	1966	1
1734	2005	1
1734	1106	1
1734	662	1
1734	65	1
1734	754	1
1734	1297	1
1734	336	1
1734	644	1
1734	35	1
1734	165	1
1734	276	1
1734	654	1
1734	1425	1
1734	108	1
1734	1416	1
1735	319	1
1735	764	1
1735	278	1
1735	1127	1
1735	1044	1
1735	1307	1
1735	85	1
1735	1666	1
1735	1141	1
1735	457	1
1736	1174	1
1736	1470	1
1736	610	1
1737	168	1
1737	319	1
1737	1174	1
1737	861	1
1737	610	1
1737	1941	1
1737	888	1
1737	1504	1
1737	112	1
1738	168	1
1738	861	1
1738	610	1
1738	457	1
1738	167	1
1738	888	1
1739	168	1
1739	1382	1
1739	1094	1
1739	861	1
1739	1470	1
1739	610	1
1739	1941	1
1739	1326	1
1739	1718	1
1739	1748	1
1739	457	1
1739	1493	1
1739	123	1
1739	397	1
1739	888	1
1739	1160	1
1739	311	1
1740	168	1
1740	1094	1
1740	550	1
1740	1470	1
1740	610	1
1740	457	1
1740	167	1
1740	1504	1
1741	457	1
1741	167	1
1741	888	1
1742	367	1
1742	278	1
1742	548	1
1742	189	1
1742	687	1
1742	1141	1
1742	1867	1
1742	892	1
1742	1945	1
1742	251	1
1742	2059	1
1742	703	1
1743	367	1
1743	278	1
1743	1044	1
1743	1816	1
1743	2055	1
1743	548	1
1743	189	1
1743	451	1
1743	687	1
1743	1805	1
1743	1459	1
1743	1867	1
1743	892	1
1743	1945	1
1743	2059	1
1743	1464	1
1743	703	1
1744	1593	1
1744	610	1
1745	937	1
1745	547	1
1745	33	1
1745	1307	1
1745	610	1
1745	828	1
1745	924	1
1745	1179	1
1745	35	1
1745	1718	1
1745	426	1
1745	424	1
1746	1572	1
1746	1733	1
1746	1034	1
1746	1346	1
1746	1496	1
1746	33	1
1746	1322	1
1746	1929	1
1746	1181	1
1746	1165	1
1746	791	1
1746	1121	1
1746	1094	1
1746	1174	1
1746	687	1
1746	1852	1
1746	1265	1
1746	1784	1
1746	160	1
1746	327	1
1746	436	1
1746	649	1
1746	296	1
1746	924	1
1746	59	1
1746	35	1
1746	696	1
1746	1865	1
1746	1506	1
1746	1747	1
1746	1599	1
1746	1945	1
1746	1486	1
1746	56	1
1746	1907	1
1746	103	1
1746	424	1
1746	1644	1
1746	459	1
1746	13	1
1747	488	1
1747	611	1
1747	1775	1
1747	1265	1
1747	610	1
1747	13	1
1748	937	1
1748	488	1
1748	1775	1
1748	1593	1
1748	327	1
1748	659	1
1748	1718	1
1748	873	1
1748	13	1
1749	1775	1
1749	1666	1
1749	395	1
1750	240	1
1750	2079	1
1750	858	1
1750	355	1
1750	85	1
1750	1666	1
1750	327	1
1750	1989	1
1750	610	1
1750	35	1
1750	856	1
1750	1945	1
1750	1090	1
1750	1718	1
1750	873	1
1750	916	1
1750	5	1
1750	1984	1
1751	2021	1
1751	120	1
1751	1666	1
1751	160	1
1751	610	1
1751	482	1
1751	650	1
1751	1718	1
1752	962	1
1752	1707	1
1752	2021	1
1753	33	1
1753	687	1
1753	327	1
1753	35	1
1753	1945	1
1753	1718	1
1753	895	1
1753	916	1
1753	701	1
1753	1607	1
1753	424	1
1753	13	1
1754	1307	1
1754	1105	1
1754	610	1
1754	1718	1
1755	1034	1
1755	1267	1
1755	610	1
1755	35	1
1756	610	1
1756	650	1
1757	2021	1
1757	610	1
1757	395	1
1757	650	1
1758	216	1
1758	1353	1
1758	2021	1
1758	968	1
1758	1775	1
1758	923	1
1758	1952	1
1758	650	1
1758	1520	1
1758	522	1
1758	596	1
1758	124	1
1759	26	1
1759	937	1
1759	1761	1
1759	1342	1
1759	118	1
1759	537	1
1759	33	1
1759	1929	1
1759	2051	1
1759	1235	1
1759	1539	1
1759	189	1
1759	1121	1
1759	1577	1
1759	226	1
1759	181	1
1759	314	1
1759	206	1
1759	687	1
1759	160	1
1759	935	1
1759	659	1
1759	1141	1
1759	59	1
1759	1048	1
1759	1766	1
1759	1402	1
1759	696	1
1759	709	1
1759	1415	1
1759	2012	1
1759	1945	1
1759	1425	1
1759	384	1
1759	1120	1
1759	1321	1
1759	358	1
1759	1930	1
1759	1083	1
1759	840	1
1759	175	1
1759	814	1
1759	1149	1
1759	230	1
1760	1668	1
1760	1682	1
1760	1024	1
1760	2057	1
1761	1572	1
1761	1555	1
1761	1635	1
1761	1307	1
1761	1534	1
1761	30	1
1761	324	1
1761	65	1
1761	1706	1
1761	1265	1
1761	1666	1
1761	484	1
1761	35	1
1761	651	1
1761	414	1
1761	466	1
1761	1945	1
1761	1718	1
1761	1375	1
1761	1088	1
1761	1997	1
1761	2057	1
1761	1551	1
1761	1528	1
1761	582	1
1761	1803	1
1761	1192	1
1762	1322	1
1762	324	1
1762	65	1
1762	1718	1
1762	2057	1
1763	1966	1
1763	1034	1
1763	1962	1
1763	547	1
1763	319	1
1763	1996	1
1763	1481	1
1763	1654	1
1763	33	1
1763	21	1
1763	1668	1
1763	309	1
1763	1577	1
1763	65	1
1763	1174	1
1763	1775	1
1763	120	1
1763	1247	1
1763	711	1
1763	1666	1
1763	1662	1
1763	2077	1
1763	327	1
1763	659	1
1763	35	1
1763	1865	1
1763	1120	1
1763	1721	1
1763	298	1
1763	234	1
1763	1352	1
1763	13	1
1764	1966	1
1764	1572	1
1764	924	1
1764	832	1
1765	1966	1
1765	1538	1
1765	1174	1
1765	832	1
1765	267	1
1766	1572	1
1766	1481	1
1766	924	1
1766	1718	1
1767	65	1
1767	2057	1
1768	167	1
1768	908	1
1769	167	1
1769	908	1
1769	888	1
1770	1572	1
1770	1481	1
1770	924	1
1770	1179	1
1770	35	1
1770	1365	1
1771	1572	1
1771	1481	1
1771	1322	1
1771	1668	1
1771	35	1
1771	1718	1
1771	2057	1
1772	952	1
1772	335	1
1772	1163	1
1772	541	1
1772	364	1
1772	33	1
1772	1676	1
1772	1887	1
1772	885	1
1772	1484	1
1772	85	1
1772	53	1
1772	1330	1
1772	1364	1
1772	416	1
1772	610	1
1772	890	1
1772	659	1
1772	1898	1
1772	88	1
1772	1561	1
1772	1718	1
1772	1389	1
1772	2068	1
1772	668	1
1773	1572	1
1773	956	1
1773	808	1
1773	1039	1
1773	1440	1
1773	1645	1
1773	1758	1
1773	924	1
1773	892	1
1773	501	1
1773	591	1
1774	1481	1
1774	1668	1
1774	924	1
1774	1718	1
1775	1668	1
1775	632	1
1775	1718	1
1776	1265	1
1776	924	1
1776	1179	1
1776	35	1
1776	1024	1
1776	2057	1
1777	1572	1
1777	1024	1
1777	1718	1
1777	2057	1
1777	1644	1
1778	1481	1
1778	924	1
1778	1718	1
1778	2057	1
1779	956	1
1779	2057	1
1779	1982	1
1780	1572	1
1780	35	1
1780	1024	1
1780	1718	1
1781	1572	1
1781	35	1
1781	1718	1
1781	2057	1
1782	1481	1
1782	1318	1
1782	1307	1
1782	924	1
1782	35	1
1783	2057	1
1784	1481	1
1784	35	1
1784	1718	1
1784	2057	1
1784	1644	1
1785	1572	1
1785	1481	1
1785	33	1
1785	1307	1
1785	506	1
1785	1718	1
1786	1585	1
1786	1033	1
1786	1718	1
1786	1099	1
1786	426	1
1786	1551	1
1786	1528	1
1786	1644	1
1787	1481	1
1787	1141	1
1787	1758	1
1787	924	1
1787	506	1
1787	35	1
1787	1718	1
1787	1528	1
1787	13	1
1788	1481	1
1788	1407	1
1788	1322	1
1788	30	1
1788	1105	1
1788	370	1
1788	35	1
1788	941	1
1788	1718	1
1788	916	1
1788	2057	1
1788	13	1
1789	1572	1
1789	1481	1
1789	1668	1
1789	327	1
1789	35	1
1789	1718	1
1789	1268	1
1790	547	1
1790	1675	1
1790	148	1
1790	65	1
1790	2028	1
1790	924	1
1790	506	1
1790	35	1
1790	414	1
1790	1099	1
1790	779	1
1790	1644	1
1790	380	1
1791	1407	1
1792	1312	1
1792	33	1
1792	1718	1
1793	1572	1
1793	1322	1
1793	506	1
1793	35	1
1793	1024	1
1793	1718	1
1793	2057	1
1793	380	1
1794	1585	1
1794	1322	1
1794	1982	1
1795	1718	1
1795	2057	1
1796	1481	1
1796	1718	1
1796	2057	1
1797	1572	1
1797	1322	1
1797	1307	1
1797	1468	1
1797	189	1
1797	1174	1
1797	1033	1
1797	436	1
1797	659	1
1797	1024	1
1797	1945	1
1797	251	1
1797	916	1
1797	2057	1
1798	1481	1
1798	414	1
1798	2057	1
1799	367	1
1799	900	1
1799	939	1
1799	450	1
1799	160	1
1799	659	1
1799	924	1
1799	892	1
1799	1718	1
1799	873	1
1799	703	1
1799	642	1
